ubc_number,mine,tsf,owner_company,country,latitude,longitude,status,construction_year,current_tailings_storage,planned_storage_5_years,hazard_categorization,source,link
831,Cerro Vanguardia,CVSA TSF,AngloGold Ashanti,Argentina,-48.390306,-68.236936,Active,1998.0,14800000.0,22310000.0,"High, High C",Global Tailing Dam [https://www.grida.no/publications/472],https://thevault.exchange/?get_group_doc=143/1560011239-AngloGoldAshantiMineTailingsDisclosurecertifiedbytheChairmanandChiefExecutiveOfficer.pdf
791,Aguilar Mine,"Cola 6 (North)
",Glencore,Argentina,-23.203611,-65.6125,Inactive,2007.0,6000000.0,6000000.0,High,Global Tailing Dam [https://www.grida.no/publications/472],https://www.glencore.com/dam/jcr:58e3d8ff-97c1-422f-8d31-dd2fee89fcc3/Glencore_TSFs_190614.pdf
792,Aguilar Mine,"Cola 7 (South)
",Glencore,Argentina,-23.210556,-65.606389,Active,2015.0,1500000.0,3500000.0,High,Global Tailing Dam [https://www.grida.no/publications/472],https://www.glencore.com/dam/jcr:58e3d8ff-97c1-422f-8d31-dd2fee89fcc3/Glencore_TSFs_190614.pdf
793,Aguilar Mine,Colas 4 (East),Glencore,Argentina,-23.192161,-65.6205,Closed,1965.0,14500000.0,14500000.0,Low,Global Tailing Dam [https://www.grida.no/publications/472],https://www.glencore.com/dam/jcr:58e3d8ff-97c1-422f-8d31-dd2fee89fcc3/Glencore_TSFs_190614.pdf
794,Aguilar Mine,Colas 5 (East),Glencore,Argentina,-23.197222,-65.625556,Closed,1995.0,4700000.0,4700000.0,Low,Global Tailing Dam [https://www.grida.no/publications/472],https://www.glencore.com/dam/jcr:58e3d8ff-97c1-422f-8d31-dd2fee89fcc3/Glencore_TSFs_190614.pdf
688,Minera Alumbrera,TSF (Presa de Relaves de ANTAMINA),Glencore,Argentina,-27.331944,-66.563889,Inactive,1998.0,450000000.0,450000000.0,Very High,Global Tailing Dam [https://www.grida.no/publications/472],https://www.glencore.com/dam/jcr:58e3d8ff-97c1-422f-8d31-dd2fee89fcc3/Glencore_TSFs_190614.pdf
1433,San Jose Mine,Presa de Relaves No. 1,Hochschild Mining,Argentina,-46.665505,-70.298298,Closed,2007.0,1500000.0,1500000.0,Low,Global Tailing Dam [https://www.grida.no/publications/472],http://www.hochschildmining.com/resources/1459/HOC%20-%20TSF%20Data%20170619%20rev.pdf
1434,San Jose Mine,Presa de Relaves No. 2,Hochschild Mining,Argentina,-46.665505,-70.298298,Active,2007.0,114000.0,158000.0,Low,Global Tailing Dam [https://www.grida.no/publications/472],http://www.hochschildmining.com/resources/1459/HOC%20-%20TSF%20Data%20170619%20rev.pdf
1435,San Jose Mine,Presa de Relaves No. 3,Hochschild Mining,Argentina,-46.665505,-70.298298,Active,2015.0,1500000.0,2250000.0,Low,Global Tailing Dam [https://www.grida.no/publications/472],http://www.hochschildmining.com/resources/1459/HOC%20-%20TSF%20Data%20170619%20rev.pdf
1674,San Jose,"San Jose Mine 2, Santa Cruz, Argentina",McEwen Mining,Argentina,-46.665406,-70.298496,Active,2007.0,3100000.0,3900000.0,Low,Global Tailing Dam [https://www.grida.no/publications/472],https://s21.q4cdn.com/390685383/files/doc_downloads/2019/McEwen-Mining-Tailings-Safety-Disclosure-Table.pdf
1917,Mina Cerro Negro,TSF 1,Newmont Goldcorp,Argentina,-46.8706,-70.1963,Active,2014.0,4300000.0,13000000.0,Significant,Global Tailing Dam [https://www.grida.no/publications/472],https://www.newmontgoldcorp.com/document/church-of-england-tailings-management/
1918,Alumbrera,Alumbrera TMS Embankment,Newmont Goldcorp,Argentina,-27.3319,-66.5639,Inactive Care and Maintenance,1988.0,450000000.0,,Very High,Global Tailing Dam [https://www.grida.no/publications/472],https://www.newmontgoldcorp.com/document/church-of-england-tailings-management/
1442,Manantial Espejo,Manantial Espejo,Pan American Silver,Argentina,-48.77,-69.49,Active,2008.0,5800000.0,7200000.0,Significant,Global Tailing Dam [https://www.grida.no/publications/472],https://panamericansilver.com/sustainabilityreport2018/wp-content/uploads/2019/06/PAAS-Tailings-Facility-Factsheet-2019-Final.pdf
1770,Mina Pirquitas S.A. ,Pirquitas Tailings Dam,SGO Mining,Argentina,-22.696692,-66.488256,Inactive,2009.0,8800000.0,8800000.0,High ,Global Tailing Dam [https://www.grida.no/publications/472],http://www.ssrmining.com/_resources/2019-08-30-SSR-Mining-Response-Letter-re-Investor-Mining-&-Tailings-Safety-Initiative.pdf
1511,Mina Pirquitas,Mina Pirquitas S.A. - Pirquitas Tailings Dam,SGO Mining,Argentina,-22.696692,-66.488256,Inactive,2009.0,8800000.0,,High,Global Tailing Dam [https://www.grida.no/publications/472],http://www.ssrmining.com/_resources/2019-08-30-SSR-Mining-Response-Letter-re-Investor-Mining-&-Tailings-Safety-Initiative.pdf
1242,Cerro Moro,Dique de Colas,Yamana Gold,Argentina,-48.133858,-66.647189,Active,2018.0,290000.0,1800000.0,Low,Global Tailing Dam [https://www.grida.no/publications/472],https://s22.q4cdn.com/899716706/files/doc_downloads/2019/06/Tailings-Safety-Disclosure-Data.pdf
500,Hedges,Hedges Tailing storage facility (TSF),Alcoa,Australia,-32.794,116.334,Closed,1988.0,32000000.0,32000000.0,Significant,Global Tailing Dam [https://www.grida.no/publications/472],https://www.alcoa.com/sustainability/en/pdf/impoundments-introduction.pdf
472,Kwinana,RSA A,Alcoa,Australia,-32.212,115.789,Closed,1964.0,1600000.0,1600000.0,Low,Global Tailing Dam [https://www.grida.no/publications/472],https://www.alcoa.com/sustainability/en/pdf/impoundments-introduction.pdf
473,Kwinana,RSA B,Alcoa,Australia,-32.213,115.793,Closed,1967.0,3000000.0,3000000.0,Low,Global Tailing Dam [https://www.grida.no/publications/472],https://www.alcoa.com/sustainability/en/pdf/impoundments-introduction.pdf
474,Kwinana,RSA C,Alcoa,Australia,-32.218,115.793,Closed,1970.0,5500000.0,5500000.0,Low,Global Tailing Dam [https://www.grida.no/publications/472],https://www.alcoa.com/sustainability/en/pdf/impoundments-introduction.pdf
475,Kwinana,RSA F,Alcoa,Australia,-32.202,115.829,Inactive,1972.0,71900000.0,71900000.0,Significant,Global Tailing Dam [https://www.grida.no/publications/472],https://www.alcoa.com/sustainability/en/pdf/impoundments-introduction.pdf
476,Kwinana,RSA H,Alcoa,Australia,-32.194,115.827,Active,1984.0,11900000.0,28600000.0,High,Global Tailing Dam [https://www.grida.no/publications/472],https://www.alcoa.com/sustainability/en/pdf/impoundments-introduction.pdf
477,Kwinana,RSA J,Alcoa,Australia,-32.194,115.818,Active,1993.0,18000000.0,28600000.0,Significant,Global Tailing Dam [https://www.grida.no/publications/472],https://www.alcoa.com/sustainability/en/pdf/impoundments-introduction.pdf
478,Kwinana,RSA K,Alcoa,Australia,-32.2,115.818,Active,2000.0,7200000.0,28600000.0,Significant,Global Tailing Dam [https://www.grida.no/publications/472],https://www.alcoa.com/sustainability/en/pdf/impoundments-introduction.pdf
479,Kwinana,RSA L,Alcoa,Australia,-32.205,115.817,Active,2004.0,5300000.0,28600000.0,Significant,Global Tailing Dam [https://www.grida.no/publications/472],https://www.alcoa.com/sustainability/en/pdf/impoundments-introduction.pdf
480,Kwinana,RSA N,Alcoa,Australia,-32.207,115.81,Active,2014.0,3700000.0,28600000.0,Low,Global Tailing Dam [https://www.grida.no/publications/472],https://www.alcoa.com/sustainability/en/pdf/impoundments-introduction.pdf
481,Pinjarra,Pilot Drainable (DAR ),Alcoa,Australia,-32.648,115.928,Active,1980.0,1700000.0,24444444.44,Significant,Global Tailing Dam [https://www.grida.no/publications/472],https://www.alcoa.com/sustainability/en/pdf/impoundments-introduction.pdf
482,Pinjarra,RSA 1,Alcoa,Australia,-32.641,115.933,Active,1972.0,14700000.0,24444444.44,Significant,Global Tailing Dam [https://www.grida.no/publications/472],https://www.alcoa.com/sustainability/en/pdf/impoundments-introduction.pdf
489,Pinjarra,RSA 10,Alcoa,Australia,-32.619,115.928,Active,2015.0,5000000.0,24444444.44,Significant,Global Tailing Dam [https://www.grida.no/publications/472],https://www.alcoa.com/sustainability/en/pdf/impoundments-introduction.pdf
483,Pinjarra,RSA 2,Alcoa,Australia,-32.641,115.923,Active,1976.0,61200000.0,24444444.44,High,Global Tailing Dam [https://www.grida.no/publications/472],https://www.alcoa.com/sustainability/en/pdf/impoundments-introduction.pdf
484,Pinjarra,RSA 3,Alcoa,Australia,-32.632,115.923,Active,1983.0,32200000.0,24444444.44,High,Global Tailing Dam [https://www.grida.no/publications/472],https://www.alcoa.com/sustainability/en/pdf/impoundments-introduction.pdf
485,Pinjarra,RSA 4,Alcoa,Australia,-32.643,115.915,Active,1987.0,23800000.0,24444444.44,High,Global Tailing Dam [https://www.grida.no/publications/472],https://www.alcoa.com/sustainability/en/pdf/impoundments-introduction.pdf
486,Pinjarra,RSA 5,Alcoa,Australia,-32.628,115.915,Active,1992.0,26300000.0,24444444.44,High,Global Tailing Dam [https://www.grida.no/publications/472],https://www.alcoa.com/sustainability/en/pdf/impoundments-introduction.pdf
487,Pinjarra,RSA 6,Alcoa,Australia,-32.627,115.923,Active,1994.0,17100000.0,24444444.44,Significant,Global Tailing Dam [https://www.grida.no/publications/472],https://www.alcoa.com/sustainability/en/pdf/impoundments-introduction.pdf
488,Pinjarra,RSA 9,Alcoa,Australia,-32.629,115.94,Active,2007.0,8000000.0,24444444.44,Significant,Global Tailing Dam [https://www.grida.no/publications/472],https://www.alcoa.com/sustainability/en/pdf/impoundments-introduction.pdf
490,Wagerup,RSA 1,Alcoa,Australia,-32.91,115.885,Active,1985.0,7500000.0,12111111.11,Significant,Global Tailing Dam [https://www.grida.no/publications/472],https://www.alcoa.com/sustainability/en/pdf/impoundments-introduction.pdf
491,Wagerup,RSA 2,Alcoa,Australia,-32.909,115.88,Active,1985.0,10300000.0,12111111.11,Significant,Global Tailing Dam [https://www.grida.no/publications/472],https://www.alcoa.com/sustainability/en/pdf/impoundments-introduction.pdf
492,Wagerup,RSA 3,Alcoa,Australia,-32.914,115.881,Active,1992.0,23600000.0,12111111.0,Significant,Global Tailing Dam [https://www.grida.no/publications/472],https://www.alcoa.com/sustainability/en/pdf/impoundments-introduction.pdf
493,Wagerup,RSA 4,Alcoa,Australia,-32.912,115.876,Active,1993.0,13700000.0,12111111.11,Significant,Global Tailing Dam [https://www.grida.no/publications/472],https://www.alcoa.com/sustainability/en/pdf/impoundments-introduction.pdf
494,Wagerup,RSA 5,Alcoa,Australia,-32.906,115.876,Active,1994.0,6200000.0,12111111.11,Significant,Global Tailing Dam [https://www.grida.no/publications/472],https://www.alcoa.com/sustainability/en/pdf/impoundments-introduction.pdf
495,Wagerup,RSA 6,Alcoa,Australia,-32.902,115.881,Active,1993.0,15200000.0,12111111.11,Significant,Global Tailing Dam [https://www.grida.no/publications/472],https://www.alcoa.com/sustainability/en/pdf/impoundments-introduction.pdf
496,Wagerup,RSA 7,Alcoa,Australia,-32.898,115.876,Active,2002.0,5200000.0,12111111.11,Significant,Global Tailing Dam [https://www.grida.no/publications/472],https://www.alcoa.com/sustainability/en/pdf/impoundments-introduction.pdf
497,Wagerup,RSA 8,Alcoa,Australia,-32.897,115.884,Active,2007.0,5900000.0,12111111.11,Significant,Global Tailing Dam [https://www.grida.no/publications/472],https://www.alcoa.com/sustainability/en/pdf/impoundments-introduction.pdf
498,Wagerup,RSA 9,Alcoa,Australia,-32.907,115.868,Active,2014.0,2400000.0,12111111.11,Significant,Global Tailing Dam [https://www.grida.no/publications/472],https://www.alcoa.com/sustainability/en/pdf/impoundments-introduction.pdf
499,Wagerup,Sand Lake,Alcoa,Australia,-32.906,115.885,Active,1985.0,2800000.0,,Significant,Global Tailing Dam [https://www.grida.no/publications/472],https://www.alcoa.com/sustainability/en/pdf/impoundments-introduction.pdf
54,Capcoal,Capcoal /Old Tailings Dam,Anglo American,Australia,-24.563,150.051,Closed,1980.0,0.0,0.0,NA,Global Tailing Dam [https://www.grida.no/publications/472],https://www.angloamerican.com/sustainability/tailings-summary/tailings-database?page=5
48,Capcoal,Capcoal / Pit B1 Tailings Dam,Anglo American,Australia,-22.962,148.552,Inactive,2005.0,30000.0,30000.0,Significant / Moderate,Global Tailing Dam [https://www.grida.no/publications/472],https://www.angloamerican.com/sustainability/tailings-summary/tailings-database?page=5
49,Capcoal,Capcoal / Pit B2 Tailings Dam,Anglo American,Australia,-22.95,148.556,Inactive,2005.0,550000.0,550000.0,Significant / Moderate,Global Tailing Dam [https://www.grida.no/publications/472],https://www.angloamerican.com/sustainability/tailings-summary/tailings-database?page=5
47,Capcoal,Capcoal / Pit C Tailings Dam,Anglo American,Australia,-22.922,148.57,Active,2013.0,5120000.0,0.0,Significant / Moderate,Global Tailing Dam [https://www.grida.no/publications/472],https://www.angloamerican.com/sustainability/tailings-summary/tailings-database?page=5
50,Capcoal,Capcoal / Pit D Tailings Dam North,Anglo American,Australia,-22.888,148.566,Inactive,2009.0,695000.0,695000.0,Significant / Moderate,Global Tailing Dam [https://www.grida.no/publications/472],https://www.angloamerican.com/sustainability/tailings-summary/tailings-database?page=5
51,Capcoal,Capcoal / Pit D Tailings Dam South,Anglo American,Australia,-22.888,148.566,Inactive,2009.0,3204000.0,3204000.0,Significant / Moderate,Global Tailing Dam [https://www.grida.no/publications/472],https://www.angloamerican.com/sustainability/tailings-summary/tailings-database?page=5
52,Capcoal,"Capcoal / Pit OF
Mine affected water",Anglo American,Australia,-22.965,148.56,Inactive,2019.0,0.0,7414000.0,Significant / Moderate,Global Tailing Dam [https://www.grida.no/publications/472],https://www.angloamerican.com/sustainability/tailings-summary/tailings-database?page=5
58,Dawson,Dawson 1B South TSF,Anglo American,Australia,-24.567529,149.965317,Inactive,1995.0,1070000.0,1070000.0,Low / High,Global Tailing Dam [https://www.grida.no/publications/472],https://www.angloamerican.com/sustainability/tailings-summary/tailings-database?page=5
56,Dawson,Dawson 2A TSF,Anglo American,Australia,-24.55,150.038,Inactive,2003.0,2111000.0,2111000.0,Low / Moderate,Global Tailing Dam [https://www.grida.no/publications/472],https://www.angloamerican.com/sustainability/tailings-summary/tailings-database?page=5
57,Dawson,Dawson Nth Cell 1 TSF,Anglo American,Australia,-24.507,150.059,Inactive,2010.0,121000.0,121000.0,Low / Insignificant,Global Tailing Dam [https://www.grida.no/publications/472],https://www.angloamerican.com/sustainability/tailings-summary/tailings-database?page=5
55,Dawson,Dawson Nth TSF Cell 2,Anglo American,Australia,-24.606,149.975535,Inactive,2011.0,1800000.0,1800000.0,Low/Minor,Global Tailing Dam [https://www.grida.no/publications/472],https://www.angloamerican.com/sustainability/tailings-summary/tailings-database?page=5
53,Dawson,Dawson Nth TSF Cell 3,Anglo American,Australia,-22.888,148.566,Active,2015.0,710000.0,1024000.0,Low/Moderate,Global Tailing Dam [https://www.grida.no/publications/472],https://www.angloamerican.com/sustainability/tailings-summary/tailings-database?page=5
59,Dawson,Dawson Pit 2D TSF,Anglo American,Australia,-24.556,150.055,Inactive,2002.0,855000.0,855000.0,Low / Minor,Global Tailing Dam [https://www.grida.no/publications/472],https://www.angloamerican.com/sustainability/tailings-summary/tailings-database?page=5
46,Moranbah,Moranbah North Mine   Co-Disposal Area / CDA,Anglo American,Australia,-21.872,147.948,Active,1998.0,15500000.0,33455000.0,Significant/High,Global Tailing Dam [https://www.grida.no/publications/472],https://www.angloamerican.com/sustainability/tailings-summary/tailings-database?page=5
159,GEMCO,TSF10,Anglo American,Australia,-13.988167,136.432483,Inactive,2010.0,2200000.0,2200000.0,Significant,Global Tailing Dam [https://www.grida.no/publications/472],https://www.angloamerican.com/sustainability/tailings-summary/tailings-database?page=5
160,GEMCO,TSF11,Anglo American,Australia,-13.996367,136.44885,Active,2013.0,10700000.0,11750000.0,High A,Global Tailing Dam [https://www.grida.no/publications/472],https://www.angloamerican.com/sustainability/tailings-summary/tailings-database?page=5
161,GEMCO,TSF13,Anglo American,Australia,-14.0134,136.4486,Active,2018.0,2700000.0,13800000.0,High C,Global Tailing Dam [https://www.grida.no/publications/472],https://www.angloamerican.com/sustainability/tailings-summary/tailings-database?page=5
162,GEMCO,TSF14,Anglo American,Australia,-13.994767,136.43,Active,2014.0,4200000.0,4700000.0,Significant,Global Tailing Dam [https://www.grida.no/publications/472],https://www.angloamerican.com/sustainability/tailings-summary/tailings-database?page=5
163,GEMCO,TSF16,Anglo American,Australia,-13.998683,136.43625,Active,2016.0,2800000.0,4900000.0,Significant,Global Tailing Dam [https://www.grida.no/publications/472],https://www.angloamerican.com/sustainability/tailings-summary/tailings-database?page=5
155,GEMCO,TSF5,Anglo American,Australia,-13.97455,136.433967,Inactive,1972.0,5000000.0,5000000.0,Significant,Global Tailing Dam [https://www.grida.no/publications/472],https://www.angloamerican.com/sustainability/tailings-summary/tailings-database?page=5
156,GEMCO,TSF6,Anglo American,Australia,-13.979717,136.43365,Inactive,1999.0,1200000.0,1200000.0,Significant,Global Tailing Dam [https://www.grida.no/publications/472],https://www.angloamerican.com/sustainability/tailings-summary/tailings-database?page=5
157,GEMCO,TSF7,Anglo American,Australia,-13.976733,136.427933,Inactive,1999.0,6600000.0,6600000.0,Significant,Global Tailing Dam [https://www.grida.no/publications/472],https://www.angloamerican.com/sustainability/tailings-summary/tailings-database?page=5
158,GEMCO,TSF8,Anglo American,Australia,-13.992717,136.438517,Inactive,2007.0,2400000.0,2400000.0,Low,Global Tailing Dam [https://www.grida.no/publications/472],https://www.angloamerican.com/sustainability/tailings-summary/tailings-database?page=5
172,Jellinbah Mine,Max Pit Tailings Facility,Anglo American,Australia,-23.381944,148.933333,Active,2003.0,2302000.0,2556000.0,"Low, Significant",Global Tailing Dam [https://www.grida.no/publications/472],https://www.angloamerican.com/sustainability/tailings-summary/tailings-database?page=5
169,Lake Vermont Mine,CDA1,Anglo American,Australia,-22.456389,148.401389,Inactive,2008.0,7450000.0,7600000.0,"Low, Significant",Global Tailing Dam [https://www.grida.no/publications/472],https://www.angloamerican.com/sustainability/tailings-summary/tailings-database?page=5
170,Lake Vermont Mine,CDA2,Anglo American,Australia,-22.448611,148.401667,Active,2012.0,7450000.0,11000000.0,"Low, Significant",Global Tailing Dam [https://www.grida.no/publications/472],https://www.angloamerican.com/sustainability/tailings-summary/tailings-database?page=5
171,Lake Vermont Mine,CDA3,Anglo American,Australia,-22.456389,148.394444,Active,2017.0,2030000.0,10000000.0,"Low, Significant",Global Tailing Dam [https://www.grida.no/publications/472],https://www.angloamerican.com/sustainability/tailings-summary/tailings-database?page=5
166,Temco,Fume dam 1,Anglo American,Australia,-41.133267,146.844167,Inactive,1989.0,110000.0,110000.0,Not classified,Global Tailing Dam [https://www.grida.no/publications/472],https://www.angloamerican.com/sustainability/tailings-summary/tailings-database?page=5
167,Temco,Fume dam 2,Anglo American,Australia,-41.134433,146.845267,Inactive,1998.0,70000.0,70000.0,Not classified,Global Tailing Dam [https://www.grida.no/publications/472],https://www.angloamerican.com/sustainability/tailings-summary/tailings-database?page=5
168,Temco,Fume dam 3,Anglo American,Australia,-41.133883,146.84755,Active,2002.0,140000.0,140000.0,Significant,Global Tailing Dam [https://www.grida.no/publications/472],https://www.angloamerican.com/sustainability/tailings-summary/tailings-database?page=5
851,Sunrise Dam,CTD TSF,AngloGold Ashanti,Australia,-29.112942,122.458217,Active,1999.0,40200000.0,54241000.0,Low,Global Tailing Dam [https://www.grida.no/publications/472],https://thevault.exchange/?get_group_doc=143/1560011239-AngloGoldAshantiMineTailingsDisclosurecertifiedbytheChairmanandChiefExecutiveOfficer.pdf
852,Sunrise Dam,TSF 1,AngloGold Ashanti,Australia,-29.07765,122.446578,Inactive Care and Maintenance,1997.0,5900000.0,5900000.0,Low,Global Tailing Dam [https://www.grida.no/publications/472],https://thevault.exchange/?get_group_doc=143/1560011239-AngloGoldAshantiMineTailingsDisclosurecertifiedbytheChairmanandChiefExecutiveOfficer.pdf
853,Tropicana,Tropicana TSF,AngloGold Ashanti,Australia,-29.232408,124.552639,Active,2013.0,28500000.0,89300000.0,High C,Global Tailing Dam [https://www.grida.no/publications/472],https://thevault.exchange/?get_group_doc=143/1560011239-AngloGoldAshantiMineTailingsDisclosurecertifiedbytheChairmanandChiefExecutiveOfficer.pdf
216,KCGM,Croesus,Barrick Gold Corporation,Australia,-30.752291,121.499765,Inactive Care and Maintenance,1973.0,4250000.0,4250000.0,Unknown,Global Tailing Dam [https://www.grida.no/publications/472],https://barrick.q4cdn.com/788666289/files/doc_downloads/2019/06/Letter-to-the-CoE-plus-inventory.pdf
208,KCGM,Fimiston I,Barrick Gold Corporation,Australia,-30.746707,121.508969,Active,1988.0,42000000.0,50000000.0,High,Global Tailing Dam [https://www.grida.no/publications/472],https://barrick.q4cdn.com/788666289/files/doc_downloads/2019/06/Letter-to-the-CoE-plus-inventory.pdf
209,KCGM,Fimiston II,Barrick Gold Corporation,Australia,-30.751359,121.546371,Active,1991.0,119000000.0,135000000.0,High,Global Tailing Dam [https://www.grida.no/publications/472],https://barrick.q4cdn.com/788666289/files/doc_downloads/2019/06/Letter-to-the-CoE-plus-inventory.pdf
211,KCGM,Gidji I,Barrick Gold Corporation,Australia,-30.58317,121.453803,Inactive Care and Maintenance,1989.0,3000000.0,3000000.0,Low,Global Tailing Dam [https://www.grida.no/publications/472],https://barrick.q4cdn.com/788666289/files/doc_downloads/2019/06/Letter-to-the-CoE-plus-inventory.pdf
212,KCGM,Gidji II,Barrick Gold Corporation,Australia,-30.58317,121.453803,Active,2012.0,1000000.0,2000000.0,Low,Global Tailing Dam [https://www.grida.no/publications/472],https://barrick.q4cdn.com/788666289/files/doc_downloads/2019/06/Letter-to-the-CoE-plus-inventory.pdf
210,KCGM,Kaltails,Barrick Gold Corporation,Australia,-30.798458,121.563501,Active,2011.0,82000000.0,98000000.0,High,Global Tailing Dam [https://www.grida.no/publications/472],https://barrick.q4cdn.com/788666289/files/doc_downloads/2019/06/Letter-to-the-CoE-plus-inventory.pdf
214,KCGM,Mt. Percy,Barrick Gold Corporation,Australia,-30.718556,121.487728,Inactive Care and Maintenance,1985.0,8400000.0,8400000.0,Unknown,Global Tailing Dam [https://www.grida.no/publications/472],https://barrick.q4cdn.com/788666289/files/doc_downloads/2019/06/Letter-to-the-CoE-plus-inventory.pdf
213,KCGM,Mullingar,Barrick Gold Corporation,Australia,-30.729694,121.471046,Inactive Care and Maintenance,,81600.0,81600.0,Unknown,Global Tailing Dam [https://www.grida.no/publications/472],https://barrick.q4cdn.com/788666289/files/doc_downloads/2019/06/Letter-to-the-CoE-plus-inventory.pdf
217,KCGM,Old Croesus,Barrick Gold Corporation,Australia,-30.759984,121.497266,Inactive Care and Maintenance,1965.0,2120000.0,2120000.0,Unknown,Global Tailing Dam [https://www.grida.no/publications/472],https://barrick.q4cdn.com/788666289/files/doc_downloads/2019/06/Letter-to-the-CoE-plus-inventory.pdf
215,KCGM,Paringa,Barrick Gold Corporation,Australia,-30.757052,121.523793,Inactive Care and Maintenance,1982.0,836000.0,836000.0,Unknown,Global Tailing Dam [https://www.grida.no/publications/472],https://barrick.q4cdn.com/788666289/files/doc_downloads/2019/06/Letter-to-the-CoE-plus-inventory.pdf
639,Beenup,MDSA,BHP Group,Australia,-34.225166,115.262928,Closed,1997.0,100000.0,100000.0,Low,Global Tailing Dam [https://www.grida.no/publications/472],https://www.bhp.com/-/media/documents/environment/2019/190607_coe.pdf?la=en
619,Blackwater,Laleham TSF,BHP Group,Australia,-23.943,148.823,Closed,1991.0,3000000.0,3000000.0,Low,Global Tailing Dam [https://www.grida.no/publications/472],https://www.bhp.com/-/media/documents/environment/2019/190607_coe.pdf?la=en
620,Blackwater,NCPP Tailings Dam,BHP Group,Australia,-23.739,148.787,Active,1969.0,35000000.0,38300000.0,High C,Global Tailing Dam [https://www.grida.no/publications/472],https://www.bhp.com/-/media/documents/environment/2019/190607_coe.pdf?la=en
621,Blackwater,Ramp 72,BHP Group,Australia,-23.924,148.809,Inactive,2001.0,3000000.0,3000000.0,Significant,Global Tailing Dam [https://www.grida.no/publications/472],https://www.bhp.com/-/media/documents/environment/2019/190607_coe.pdf?la=en
622,Blackwater,Ramp 74,BHP Group,Australia,-23.945,148.834,Inactive,2001.0,5000000.0,5000000.0,Low,Global Tailing Dam [https://www.grida.no/publications/472],https://www.bhp.com/-/media/documents/environment/2019/190607_coe.pdf?la=en
623,Goonyella Riverside Mine,GS1,BHP Group,Australia,-21.804,147.949,Active,1970.0,40000000.0,43400000.0,High C,Global Tailing Dam [https://www.grida.no/publications/472],https://www.bhp.com/-/media/documents/environment/2019/190607_coe.pdf?la=en
624,Goonyella Riverside Mine,RS1,BHP Group,Australia,-21.743,147.946,Active,1982.0,25000000.0,27800000.0,High B,Global Tailing Dam [https://www.grida.no/publications/472],https://www.bhp.com/-/media/documents/environment/2019/190607_coe.pdf?la=en
579,Kambalda,Kambalda TSF,BHP Group,Australia,-31.170604,121.688347,Inactive,1973.0,25900000.0,30400000.0,Significant,Global Tailing Dam [https://www.grida.no/publications/472],https://www.bhp.com/-/media/documents/environment/2019/190607_coe.pdf?la=en
580,Kwinana,Baldivis TSF,BHP Group,Australia,-32.289041,115.806297,Inactive,1970.0,800000.0,800000.0,Category 2,Global Tailing Dam [https://www.grida.no/publications/472],https://www.bhp.com/-/media/documents/environment/2019/190607_coe.pdf?la=en
581,Leinster,Leinster TSF 1,BHP Group,Australia,-27.80918,120.696149,Inactive,1978.0,2000000.0,2000000.0,Low,Global Tailing Dam [https://www.grida.no/publications/472],https://www.bhp.com/-/media/documents/environment/2019/190607_coe.pdf?la=en
582,Leinster,Leinster TSF 2/3,BHP Group,Australia,-27.78905,120.70633,Active,1992.0,40100000.0,47700000.0,High B,Global Tailing Dam [https://www.grida.no/publications/472],https://www.bhp.com/-/media/documents/environment/2019/190607_coe.pdf?la=en
578,Mt Arthur Mine,Mt Arthur Tailings Storage Facility - Stage 1,BHP Group,Australia,-32.36142,150.8969,Active,2013.0,8900000.0,20400000.0,Significant,Global Tailing Dam [https://www.grida.no/publications/472],https://www.bhp.com/-/media/documents/environment/2019/190607_coe.pdf?la=en
583,Mt Keith,CDTSF,BHP Group,Australia,-27.255301,120.596133,Active,1996.0,169000000.0,205000000.0,Significant,Global Tailing Dam [https://www.grida.no/publications/472],https://www.bhp.com/-/media/documents/environment/2019/190607_coe.pdf?la=en
625,Norwich Park,Old Tailings Dam,BHP Group,Australia,-22.768,148.471,Inactive,1977.0,10000000.0,10000000.0,Low,Global Tailing Dam [https://www.grida.no/publications/472],https://www.bhp.com/-/media/documents/environment/2019/190607_coe.pdf?la=en
626,Norwich Park,Ramp 5,BHP Group,Australia,-22.765,148.487,Inactive,2000.0,10000000.0,10000000.0,Significant,Global Tailing Dam [https://www.grida.no/publications/472],https://www.bhp.com/-/media/documents/environment/2019/190607_coe.pdf?la=en
640,NPI,Boodarie TSF,BHP Group,Australia,-20.3806,118.5239,Inactive,1997.0,600000.0,600000.0,Low,Global Tailing Dam [https://www.grida.no/publications/472],https://www.bhp.com/-/media/documents/environment/2019/190607_coe.pdf?la=en
616,Olympic Dam,TSF 1-3,BHP Group,Australia,-30.439,136.84,Inactive,1988.0,50000000.0,50000000.0,Extreme,Global Tailing Dam [https://www.grida.no/publications/472],https://www.bhp.com/-/media/documents/environment/2019/190607_coe.pdf?la=en
617,Olympic Dam,TSF4,BHP Group,Australia,-30.444,136.828,Active,1999.0,55000000.0,65000000.0,Extreme,Global Tailing Dam [https://www.grida.no/publications/472],https://www.bhp.com/-/media/documents/environment/2019/190607_coe.pdf?la=en
618,Olympic Dam,TSF5,BHP Group,Australia,-30.412,136.832,Active,2011.0,37000000.0,53000000.0,Extreme,Global Tailing Dam [https://www.grida.no/publications/472],https://www.bhp.com/-/media/documents/environment/2019/190607_coe.pdf?la=en
627,Peak Downs,Airfield Tailings Dam,BHP Group,Australia,-22.255,148.169,Inactive,1999.0,4500000.0,4500000.0,Low,Global Tailing Dam [https://www.grida.no/publications/472],https://www.bhp.com/-/media/documents/environment/2019/190607_coe.pdf?la=en
628,Peak Downs,Old Tailings Dam,BHP Group,Australia,-22.264,148.172,Inactive,1973.0,25000000.0,25000000.0,Significant,Global Tailing Dam [https://www.grida.no/publications/472],https://www.bhp.com/-/media/documents/environment/2019/190607_coe.pdf?la=en
629,Peak Downs,Ramp 2N TSF,BHP Group,Australia,-22.245,148.181,Inactive,2002.0,1500000.0,1500000.0,Low,Global Tailing Dam [https://www.grida.no/publications/472],https://www.bhp.com/-/media/documents/environment/2019/190607_coe.pdf?la=en
630,Peak Downs,Ramp 6S TSF,BHP Group,Australia,-22.305,148.209,Inactive,2007.0,800000.0,800000.0,Low,Global Tailing Dam [https://www.grida.no/publications/472],https://www.bhp.com/-/media/documents/environment/2019/190607_coe.pdf?la=en
631,Peak Downs,Ramp 7S TSF,BHP Group,Australia,-22.303,148.219,Active,2008.0,8500000.0,14000000.0,Significant,Global Tailing Dam [https://www.grida.no/publications/472],https://www.bhp.com/-/media/documents/environment/2019/190607_coe.pdf?la=en
641,Port Hedland,Finucane Island TSF,BHP Group,Australia,-20.30084,118.5588,Inactive,1987.0,2400000.0,2400000.0,Significant,Global Tailing Dam [https://www.grida.no/publications/472],https://www.bhp.com/-/media/documents/environment/2019/190607_coe.pdf?la=en
632,Saraji,Ramp 2/3 TSF,BHP Group,Australia,-22.376,148.276,Active,2002.0,20000000.0,25500000.0,Significant,Global Tailing Dam [https://www.grida.no/publications/472],https://www.bhp.com/-/media/documents/environment/2019/190607_coe.pdf?la=en
633,Saraji,Ramp 6 TSF,BHP Group,Australia,-22.402,148.292,Inactive,1998.0,1000000.0,1000000.0,Low,Global Tailing Dam [https://www.grida.no/publications/472],https://www.bhp.com/-/media/documents/environment/2019/190607_coe.pdf?la=en
634,Saraji,TSF No. 2,BHP Group,Australia,-22.406,148.284,Inactive,1979.0,3000000.0,3000000.0,Low,Global Tailing Dam [https://www.grida.no/publications/472],https://www.bhp.com/-/media/documents/environment/2019/190607_coe.pdf?la=en
635,Saraji,TSF No. 3,BHP Group,Australia,-22.4,148.275,Closed,1981.0,5000000.0,5000000.0,Low,Global Tailing Dam [https://www.grida.no/publications/472],https://www.bhp.com/-/media/documents/environment/2019/190607_coe.pdf?la=en
636,Saraji,TSF No. 4,BHP Group,Australia,-22.399,148.282,Closed,1984.0,10000000.0,10000000.0,Low,Global Tailing Dam [https://www.grida.no/publications/472],https://www.bhp.com/-/media/documents/environment/2019/190607_coe.pdf?la=en
637,South Walker Creek,Bidgerley Tailings Dam,BHP Group,Australia,-21.791405,148.499321,Active,2002.0,8100000.0,10700000.0,Significant,Global Tailing Dam [https://www.grida.no/publications/472],https://www.bhp.com/-/media/documents/environment/2019/190607_coe.pdf?la=en
638,South Walker Creek,Old Tailings Dam,BHP Group,Australia,-21.781,148.483,Inactive,1996.0,1400000.0,1400000.0,Low,Global Tailing Dam [https://www.grida.no/publications/472],https://www.bhp.com/-/media/documents/environment/2019/190607_coe.pdf?la=en
642,Whaleback,Whaleback TSF,BHP Group,Australia,-23.38653,119.6759,Active,1985.0,23000000.0,28000000.0,Extreme,Global Tailing Dam [https://www.grida.no/publications/472],https://www.bhp.com/-/media/documents/environment/2019/190607_coe.pdf?la=en
1948,,Cell 1,Evolution,Australia,-30.762197,121.239708,Active,2014.0,3200000.0,3700000.0,Significant,Global Tailing Dam [https://www.grida.no/publications/472],https://evolutionmining.com.au/wp-content/uploads/2020/04/EVN-CofE-tailing-disclosure-2020_LT.pdf
1949,,Cell 2,Evolution,Australia,-30.762069,121.234986,Active,2014.0,3400000.0,4600000.0,Significant,Global Tailing Dam [https://www.grida.no/publications/472],https://evolutionmining.com.au/wp-content/uploads/2020/04/EVN-CofE-tailing-disclosure-2020_LT.pdf
1941,,IWL,Evolution,Australia,-33.640833,147.375,Construction,2019.0,0.0,79000000.0,Significant,Global Tailing Dam [https://www.grida.no/publications/472],https://evolutionmining.com.au/wp-content/uploads/2020/04/EVN-CofE-tailing-disclosure-2020_LT.pdf
1947,,Mt.Rawdon TSF,Evolution,Australia,-25.26225,151.755325,Active,2000.0,61000000.0,73000000.0,High,Global Tailing Dam [https://www.grida.no/publications/472],https://evolutionmining.com.au/wp-content/uploads/2020/04/EVN-CofE-tailing-disclosure-2020_LT.pdf
1939,,NTSF,Evolution,Australia,-33.635247,147.366753,Active,2005.0,30600000.0,35500000.0,Significant,Global Tailing Dam [https://www.grida.no/publications/472],https://evolutionmining.com.au/wp-content/uploads/2020/04/EVN-CofE-tailing-disclosure-2020_LT.pdf
1940,,STSF,Evolution,Australia,-33.648708,147.368806,Active,2006.0,29900000.0,29900000.0,Significant,Global Tailing Dam [https://www.grida.no/publications/472],https://evolutionmining.com.au/wp-content/uploads/2020/04/EVN-CofE-tailing-disclosure-2020_LT.pdf
1946,,Tailings Storage Facility Mt Carlton,Evolution,Australia,-20.262617,147.568256,Active,2012.0,4000000.0,6850000.0,Significant,Global Tailing Dam [https://www.grida.no/publications/472],https://evolutionmining.com.au/wp-content/uploads/2020/04/EVN-CofE-tailing-disclosure-2020_LT.pdf
1945,,TD1TD2,Evolution,Australia,-25.294558,150.241514,Closed,1982.0,355000.0,355000.0,Low,Global Tailing Dam [https://www.grida.no/publications/472],https://evolutionmining.com.au/wp-content/uploads/2020/04/EVN-CofE-tailing-disclosure-2020_LT.pdf
1944,,TD3,Evolution,Australia,-25.286397,150.294558,Closed,1987.0,840000.0,840000.0,Low,Global Tailing Dam [https://www.grida.no/publications/472],https://evolutionmining.com.au/wp-content/uploads/2020/04/EVN-CofE-tailing-disclosure-2020_LT.pdf
1942,,TD4,Evolution,Australia,-25.273103,150.28525,Active,1990.0,3560000.0,3900000.0,Significant,Global Tailing Dam [https://www.grida.no/publications/472],https://evolutionmining.com.au/wp-content/uploads/2020/04/EVN-CofE-tailing-disclosure-2020_LT.pdf
1943,,TSF1,Evolution,Australia,-25.290664,150.282417,Active,2004.0,3300000.0,3780000.0,Significant,Global Tailing Dam [https://www.grida.no/publications/472],https://evolutionmining.com.au/wp-content/uploads/2020/04/EVN-CofE-tailing-disclosure-2020_LT.pdf
2025,N/A,Ravensthorpe Nickel Operation TSF,First Quantum Minerals,Australia,-33.689214,120.392475,Active,2006.0,74800000.0,97700000.0,Category 1 - Extreme,Global Tailing Dam [https://www.grida.no/publications/472],https://s24.q4cdn.com/821689673/files/doc_downloads/tailings-management/Tailings-Dam-Management-Disclosure-Request-April-2020-FINAL.xlsx
1498,Iron Bridge,TSF 1,Fortescue Metals Group,Australia,-21.2,119.05,Inactive Care and Maintenance,2015.0,300000.0,,Low,Global Tailing Dam [https://www.grida.no/publications/472],https://www.fmgl.com.au/docs/default-source/environmental-publications/fortescue-tailings-storage-facilities-register.pdf?sfvrsn=78800166_7
1501,Christmas Creek,Flinders TSF,Fortescue Metals Group,Australia,-22.381559,119.713867,Active,2016.0,10900000.0,47100000.0,Very Low,Global Tailing Dam [https://www.grida.no/publications/472],https://www.fmgl.com.au/docs/default-source/environmental-publications/fortescue-tailings-storage-facilities-register.pdf?sfvrsn=78800166_7
1499,Christmas Creek, Vasse TSF,Fortescue Metals Group,Australia,-22.3,119.73,Inactive,2011.0,14000000.0,,Very Low,Global Tailing Dam [https://www.grida.no/publications/472],https://www.fmgl.com.au/docs/default-source/environmental-publications/fortescue-tailings-storage-facilities-register.pdf?sfvrsn=78800166_7
1500,Christmas Creek,Windich TSF,Fortescue Metals Group,Australia,-22.3,119.78,Inactive,2012.0,6600000.0,,Low,Global Tailing Dam [https://www.grida.no/publications/472],https://www.fmgl.com.au/docs/default-source/environmental-publications/fortescue-tailings-storage-facilities-register.pdf?sfvrsn=78800166_7
1497,Cloud Break, Brampton TSF,Fortescue Metals Group,Australia,-22.321118,119.363807,Active,2012.0,21300000.0,27000000.0,Very Low,Global Tailing Dam [https://www.grida.no/publications/472],https://www.fmgl.com.au/docs/default-source/environmental-publications/fortescue-tailings-storage-facilities-register.pdf?sfvrsn=78800166_7
1495,Cloud Break,Daydram TSF,Fortescue Metals Group,Australia,-22.3,119.39,Closed,2009.0,1500000.0,,Very Low,Global Tailing Dam [https://www.grida.no/publications/472],https://www.fmgl.com.au/docs/default-source/environmental-publications/fortescue-tailings-storage-facilities-register.pdf?sfvrsn=78800166_7
1494,Cloud Break,Hamilton TSF,Fortescue Metals Group,Australia,-22.3,119.42,Closed,2010.0,900000.0,,Very Low,Global Tailing Dam [https://www.grida.no/publications/472],https://www.fmgl.com.au/docs/default-source/environmental-publications/fortescue-tailings-storage-facilities-register.pdf?sfvrsn=78800166_7
1496,Cloud Break,Hook TSF,Fortescue Metals Group,Australia,-22.3,119.38,Inactive,2010.0,2000000.0,,Very Low,Global Tailing Dam [https://www.grida.no/publications/472],https://www.fmgl.com.au/docs/default-source/environmental-publications/fortescue-tailings-storage-facilities-register.pdf?sfvrsn=78800166_7
1502,Solomon,TSF 1,Fortescue Metals Group,Australia,-22.128363,117.886104,Active,2013.0,16800000.0,40000000.0,Low,Global Tailing Dam [https://www.grida.no/publications/472],https://www.fmgl.com.au/docs/default-source/environmental-publications/fortescue-tailings-storage-facilities-register.pdf?sfvrsn=78800166_7
681,CSA Mine,Southern Tailings Storage Facility (South Embankment),Glencore,Australia,-31.411111,145.821111,Active,1965.0,10600000.0,13000000.0,Significant,Global Tailing Dam [https://www.grida.no/publications/472],https://www.glencore.com/dam/jcr:58e3d8ff-97c1-422f-8d31-dd2fee89fcc3/Glencore_TSFs_190614.pdf
686,Ernest Henry Mine,North Cell (North Wall),Glencore,Australia,-20.444167,140.731111,Active,2004.0,25000000.0,129000000.0,Significant,Global Tailing Dam [https://www.grida.no/publications/472],https://www.glencore.com/dam/jcr:58e3d8ff-97c1-422f-8d31-dd2fee89fcc3/Glencore_TSFs_190614.pdf
687,Ernest Henry Mine,South Cell South Wall,Glencore,Australia,-20.460278,140.731944,Active,1998.0,65000000.0,110000000.0,Significant,Global Tailing Dam [https://www.grida.no/publications/472],https://www.glencore.com/dam/jcr:58e3d8ff-97c1-422f-8d31-dd2fee89fcc3/Glencore_TSFs_190614.pdf
663,Hail Creek Coal mine,Hail Creek TSF 1 (Ring Dyke),Glencore,Australia,-21.496944,148.380833,Active,2010.0,5500000.0,11400000.0,Significant,Global Tailing Dam [https://www.grida.no/publications/472],https://www.glencore.com/dam/jcr:58e3d8ff-97c1-422f-8d31-dd2fee89fcc3/Glencore_TSFs_190614.pdf
770,McArthur River Mine,Tailings Storage Facility (Perimeter Embankment),Glencore,Australia,-16.416111,136.0625,Active,1995.0,22000000.0,35000000.0,High C,Global Tailing Dam [https://www.grida.no/publications/472],https://www.glencore.com/dam/jcr:58e3d8ff-97c1-422f-8d31-dd2fee89fcc3/Glencore_TSFs_190614.pdf
769,George Fisher Mine,GFM TSF (Main Dam),Glencore,Australia,-20.559167,139.464722,Inactive,1989.0,3000000.0,3000000.0,Significant,Global Tailing Dam [https://www.grida.no/publications/472],https://www.glencore.com/dam/jcr:58e3d8ff-97c1-422f-8d31-dd2fee89fcc3/Glencore_TSFs_190614.pdf
682,Mt Isa Mine,"TD 1/2, (NA)",Glencore,Australia,-20.719444,139.481389,Closed,1958.0,,,Very Low,Global Tailing Dam [https://www.grida.no/publications/472],https://www.glencore.com/dam/jcr:58e3d8ff-97c1-422f-8d31-dd2fee89fcc3/Glencore_TSFs_190614.pdf
683,Mt Isa Mine,"TD 4, (NA)",Glencore,Australia,-20.725833,139.466944,Closed,1958.0,,,Very Low,Global Tailing Dam [https://www.grida.no/publications/472],https://www.glencore.com/dam/jcr:58e3d8ff-97c1-422f-8d31-dd2fee89fcc3/Glencore_TSFs_190614.pdf
684,Mt Isa Mine,"TD 5, (TD 5W, 5/7E, 5/7W, 5W/N, 5W/NW)",Glencore,Australia,-20.721944,139.453333,Active,1958.0,2100000.0,1500000.0,High C,Global Tailing Dam [https://www.grida.no/publications/472],https://www.glencore.com/dam/jcr:58e3d8ff-97c1-422f-8d31-dd2fee89fcc3/Glencore_TSFs_190614.pdf
685,Mt Isa Mine,"TD 7/8, TD 8, Kennedy's Wall, Saddle Dam 1,4, Saddle Dam 3, TD 7W",Glencore,Australia,-20.774167,139.458333,Active,1970.0,375000000.0,415000000.0,High A,Global Tailing Dam [https://www.grida.no/publications/472],https://www.glencore.com/dam/jcr:58e3d8ff-97c1-422f-8d31-dd2fee89fcc3/Glencore_TSFs_190614.pdf
748,Murrin Murrin Mine,Paddock TSF - North (North Dam),Glencore,Australia,-28.769014,121.917506,Inactive,1998.0,17800000.0,17800000.0,High,Global Tailing Dam [https://www.grida.no/publications/472],https://www.glencore.com/dam/jcr:58e3d8ff-97c1-422f-8d31-dd2fee89fcc3/Glencore_TSFs_190614.pdf
749,Murrin Murrin Mine,Paddock TSF - South (South Dam),Glencore,Australia,-28.75815,121.908517,Inactive,1998.0,18000000.0,18000000.0,High,Global Tailing Dam [https://www.grida.no/publications/472],https://www.glencore.com/dam/jcr:58e3d8ff-97c1-422f-8d31-dd2fee89fcc3/Glencore_TSFs_190614.pdf
661,Oaky Creek Coal Mine,Oaky Creek TSF (East Embankment),Glencore,Australia,-23.073056,148.476111,Inactive,1988.0,5000000.0,5000000.0,Significant,Global Tailing Dam [https://www.grida.no/publications/472],https://www.glencore.com/dam/jcr:58e3d8ff-97c1-422f-8d31-dd2fee89fcc3/Glencore_TSFs_190614.pdf
662,Oaky Creek Coal Mine,Oaky Creek TSF South Embankment,Glencore,Australia,-23.077222,148.473333,Inactive,1988.0,5000000.0,5000000.0,Significant,Global Tailing Dam [https://www.grida.no/publications/472],https://www.glencore.com/dam/jcr:58e3d8ff-97c1-422f-8d31-dd2fee89fcc3/Glencore_TSFs_190614.pdf
658,West Wallsend Colliery,MCPP - TSF -North Saddle Dam,Glencore,Australia,-32.946944,151.594444,Inactive,1983.0,5400000.0,5400000.0,Significant,Global Tailing Dam [https://www.grida.no/publications/472],https://www.glencore.com/dam/jcr:58e3d8ff-97c1-422f-8d31-dd2fee89fcc3/Glencore_TSFs_190614.pdf
659,United Wambo Open Cut Coal Mine,TSF (TD 1),Glencore,Australia,-32.560278,150.990278,Inactive,2003.0,100000.0,100000.0,Significant,Global Tailing Dam [https://www.grida.no/publications/472],https://www.glencore.com/dam/jcr:58e3d8ff-97c1-422f-8d31-dd2fee89fcc3/Glencore_TSFs_190614.pdf
660,United Wambo Open Cut Coal Mine,TSF (TD 2),Glencore,Australia,-32.558889,150.992778,Inactive,2008.0,685000.0,685000.0,Significant,Global Tailing Dam [https://www.grida.no/publications/472],https://www.glencore.com/dam/jcr:58e3d8ff-97c1-422f-8d31-dd2fee89fcc3/Glencore_TSFs_190614.pdf
1000,Agnew,Agnew Redeemer,Gold Fields,Australia,-28.062694,120.483917,Inactive,2004.0,10500000.0,10500000.0,Low,Global Tailing Dam [https://www.grida.no/publications/472],https://www.goldfields.com/pdf/media/media-release/gold-fields-tsf-document-june-2019-new.pdf
1001,Agnew,Agnew Songvang,Gold Fields,Australia,-28.141194,120.461361,Active,2017.0,750000.0,4350000.0,Low,Global Tailing Dam [https://www.grida.no/publications/472],https://www.goldfields.com/pdf/media/media-release/gold-fields-tsf-document-june-2019-new.pdf
998,Agnew,Agnew TSF 1,Gold Fields,Australia,-28.007972,120.500606,Closed,1986.0,245000.0,245000.0,Low,Global Tailing Dam [https://www.grida.no/publications/472],https://www.goldfields.com/pdf/media/media-release/gold-fields-tsf-document-june-2019-new.pdf
999,Agnew,Agnew TSF 2,Gold Fields,Australia,-28.012639,120.496361,Re-mining,1991.0,14200000.0,10000000.0,Low,Global Tailing Dam [https://www.grida.no/publications/472],https://www.goldfields.com/pdf/media/media-release/gold-fields-tsf-document-june-2019-new.pdf
1007,Granny Smith,Granny Smith Cell 1,Gold Fields,Australia,-28.822911,122.409983,Inactive,1987.0,24769000.0,25500000.0,High B,Global Tailing Dam [https://www.grida.no/publications/472],https://www.goldfields.com/pdf/media/media-release/gold-fields-tsf-document-june-2019-new.pdf
1008,Granny Smith,Granny Smith Cell 2,Gold Fields,Australia,-28.818297,122.415222,Re-mining,1987.0,24290000.0,24290000.0,High B,Global Tailing Dam [https://www.grida.no/publications/472],https://www.goldfields.com/pdf/media/media-release/gold-fields-tsf-document-june-2019-new.pdf
1009,Granny Smith,Granny Smith Cell 3,Gold Fields,Australia,-28.827383,122.402617,Active,2000.0,9872000.0,17000000.0,High C,Global Tailing Dam [https://www.grida.no/publications/472],https://www.goldfields.com/pdf/media/media-release/gold-fields-tsf-document-june-2019-new.pdf
1010,Gruyere IWL,Gruyere IWL TSF,Gold Fields,Australia,-27.982383,123.869072,Construction,2019.0,0.0,22000000.0,High C,Global Tailing Dam [https://www.grida.no/publications/472],https://www.goldfields.com/pdf/media/media-release/gold-fields-tsf-document-june-2019-new.pdf
1015,Lawlers,Lawlers CI TSF,Gold Fields,Australia,-28.083511,120.552286,Closed,2006.0,670000.0,670000.0,low,Global Tailing Dam [https://www.grida.no/publications/472],https://www.goldfields.com/pdf/media/media-release/gold-fields-tsf-document-june-2019-new.pdf
1013,Lawlers,Lawlers GEP TSF,Gold Fields,Australia,-28.078944,120.538333,Closed,2004.0,1281409.0,1281409.0,NA,Global Tailing Dam [https://www.grida.no/publications/472],https://www.goldfields.com/pdf/media/media-release/gold-fields-tsf-document-june-2019-new.pdf
1016,Lawlers,Lawlers HPI TSF,Gold Fields,Australia,-28.084439,120.558667,Closed,2001.0,971951.0,971951.0,Low,Global Tailing Dam [https://www.grida.no/publications/472],https://www.goldfields.com/pdf/media/media-release/gold-fields-tsf-document-june-2019-new.pdf
1014,Lawlers,Lawlers LEP TSF,Gold Fields,Australia,-28.078833,120.543222,Closed,2004.0,1216794.0,1216794.0,NA,Global Tailing Dam [https://www.grida.no/publications/472],https://www.goldfields.com/pdf/media/media-release/gold-fields-tsf-document-june-2019-new.pdf
1011,Lawlers,Lawlers TSF 1,Gold Fields,Australia,-28.076253,120.540558,Closed,1985.0,511066.0,511066.0,Low,Global Tailing Dam [https://www.grida.no/publications/472],https://www.goldfields.com/pdf/media/media-release/gold-fields-tsf-document-june-2019-new.pdf
1012,Lawlers,Lawlers TSF 2,Gold Fields,Australia,-28.083208,120.536378,Closed,1988.0,4800000.0,4800000.0,Low,Global Tailing Dam [https://www.grida.no/publications/472],https://www.goldfields.com/pdf/media/media-release/gold-fields-tsf-document-june-2019-new.pdf
1017,Lawlers,Lawlers TSF 3,Gold Fields,Australia,-28.080961,120.543644,Closed,2008.0,2500000.0,2500000.0,Low,Global Tailing Dam [https://www.grida.no/publications/472],https://www.goldfields.com/pdf/media/media-release/gold-fields-tsf-document-june-2019-new.pdf
1018,Lawlers,Lepanto TD5A,Gold Fields,Australia,16.898919,120.767214,Active,1993.0,12800000.0,14300000.0,Extreme,Global Tailing Dam [https://www.grida.no/publications/472],https://www.goldfields.com/pdf/media/media-release/gold-fields-tsf-document-june-2019-new.pdf
1024,St. Ives,St. Ives Leviathan,Gold Fields,Australia,-31.327222,121.771944,Active,2016.0,6810000.0,21476667.0,Low,Global Tailing Dam [https://www.grida.no/publications/472],https://www.goldfields.com/pdf/media/media-release/gold-fields-tsf-document-june-2019-new.pdf
1023,St. Ives,St. Ives North Orchin,Gold Fields,Australia,-31.3175,121.758333,Inactive Care and Maintenance,2010.0,6900000.0,6900000.0,Low,Global Tailing Dam [https://www.grida.no/publications/472],https://www.goldfields.com/pdf/media/media-release/gold-fields-tsf-document-june-2019-new.pdf
1019,St. Ives,St. Ives TSF 1,Gold Fields,Australia,-31.378611,121.793611,Re-mining,1987.0,12000000.0,8000000.0,Low,Global Tailing Dam [https://www.grida.no/publications/472],https://www.goldfields.com/pdf/media/media-release/gold-fields-tsf-document-june-2019-new.pdf
1020,St. Ives,St. Ives TSF 2,Gold Fields,Australia,-31.386111,121.797222,Inactive Care and Maintenance,1994.0,8800000.0,8800000.0,Low,Global Tailing Dam [https://www.grida.no/publications/472],https://www.goldfields.com/pdf/media/media-release/gold-fields-tsf-document-june-2019-new.pdf
1021,St. Ives,St. Ives TSF 3,Gold Fields,Australia,-31.380278,121.784167,Inactive Care and Maintenance,2003.0,17400000.0,17400000.0,Low,Global Tailing Dam [https://www.grida.no/publications/472],https://www.goldfields.com/pdf/media/media-release/gold-fields-tsf-document-june-2019-new.pdf
1022,St. Ives,St. Ives TSF 4,Gold Fields,Australia,-31.333056,121.729722,Inactive,2012.0,8130000.0,8130000.0,Low,Global Tailing Dam [https://www.grida.no/publications/472],https://www.goldfields.com/pdf/media/media-release/gold-fields-tsf-document-june-2019-new.pdf
938,Cataby,Cataby,Iluka Resources,Australia,-30.75,115.75,Active,2019.0,900000.0,20400000.0,Very Low,Global Tailing Dam [https://www.grida.no/publications/472],https://www.iluka.com/getattachment/941d66bc-f997-43b6-a30c-2fa76e4a6c7c/iluka-tailings-management-overview.aspx
937,Jacinth,Jacinth,Iluka Resources,Australia,-30.907,132.22,Active,2018.0,2000000.0,4500000.0,High,Global Tailing Dam [https://www.grida.no/publications/472],https://www.iluka.com/getattachment/941d66bc-f997-43b6-a30c-2fa76e4a6c7c/iluka-tailings-management-overview.aspx
939,Narngulu,Narngulu,Iluka Resources,Australia,-28.82,114.67,Active,1986.0,,,Significant,Global Tailing Dam [https://www.grida.no/publications/472],https://www.iluka.com/getattachment/941d66bc-f997-43b6-a30c-2fa76e4a6c7c/iluka-tailings-management-overview.aspx
940,North Capel,North Capel,Iluka Resources,Australia,-33.51,115.6,Active,1991.0,2500000.0,5000000.0,Significant,Global Tailing Dam [https://www.grida.no/publications/472],https://www.iluka.com/getattachment/941d66bc-f997-43b6-a30c-2fa76e4a6c7c/iluka-tailings-management-overview.aspx
1515,Tropicana,Tropicana TSF,Independence Group,Australia,-29.232408,124.55277,Active,2013.0,28500000.0,89300000.0,High,Global Tailing Dam [https://www.grida.no/publications/472],https://www.igo.com.au/site/PDF/2784_2/20190613igotailingsdamdisclosurecoverletterv10
1512,Long OK,Long OK TSF,Independence Group,Australia,-31.186989,121.685968,Closed,1965.0,75000.0,75000.0,Unknown,Global Tailing Dam [https://www.grida.no/publications/472],https://www.igo.com.au/site/PDF/2784_2/20190613igotailingsdamdisclosurecoverletterv10
1513,Long South Kambalda,Long South Kambalda TSF,Independence Group,Australia,-31.183229,121.682546,Closed,1965.0,300000.0,300000.0,Unknown,Global Tailing Dam [https://www.grida.no/publications/472],https://www.igo.com.au/site/PDF/2784_2/20190613igotailingsdamdisclosurecoverletterv10
1514,NOVA,Nova TSF,Independence Group,Australia,-31.826496,123.176961,Active,2016.0,1150000.0,3380000.0,High,Global Tailing Dam [https://www.grida.no/publications/472],https://www.igo.com.au/site/PDF/2784_2/20190613igotailingsdamdisclosurecoverletterv10
1702,Fosterville Gold Mine,TSF1 Surface cells: 1),Kirkland Lake Gold,Australia,-36.685895,144.504635,Active,2005.0,5478544.0,6400000.0,Major,Global Tailing Dam [https://www.grida.no/publications/472],https://s23.q4cdn.com/685814098/files/doc_downloads/technical_reports/2019/Tailings-disclosure.pdf
1703,Fosterville Gold Mine,TSF2 (In-Pit),Kirkland Lake Gold,Australia,-36.692,144.494,Active,2010.0,3435600.0,3435600.0,Moderate,Global Tailing Dam [https://www.grida.no/publications/472],https://s23.q4cdn.com/685814098/files/doc_downloads/technical_reports/2019/Tailings-disclosure.pdf
1704,Fosterville Gold Mine,"TSF3 (In-Pit) 




",Kirkland Lake Gold,Australia,-36.687,144.51,Active,2013.0,870000.0,870000.0,Moderate,Global Tailing Dam [https://www.grida.no/publications/472],https://s23.q4cdn.com/685814098/files/doc_downloads/technical_reports/2019/Tailings-disclosure.pdf
1705,Fosterville Gold Mine,TSF4 Surface Cell: 1,Kirkland Lake Gold,Australia,-36.693,144.5,Active,2015.0,109894.0,2720000.0,Major,Global Tailing Dam [https://www.grida.no/publications/472],https://s23.q4cdn.com/685814098/files/doc_downloads/technical_reports/2019/Tailings-disclosure.pdf
1555,Mt weld,Mt Weld TSF1,Lynas Corp,Australia,-28.865664,122.524672,Active,2011.0,420000.0,500000.0,Significant,Global Tailing Dam [https://www.grida.no/publications/472],https://www.lynascorp.com/wp-content/uploads/2019/07/Investor-Mining-and-Tailings-Initiative-Lynas-June-2019-rev-4-Final.pdf
1556,Mt weld,Mt Weld TSF2,Lynas Corp,Australia,-28.865647,122.528981,Active,2016.0,310000.0,600000.0,Significant,Global Tailing Dam [https://www.grida.no/publications/472],https://www.lynascorp.com/wp-content/uploads/2019/07/Investor-Mining-and-Tailings-Initiative-Lynas-June-2019-rev-4-Final.pdf
1557,Mt weld,Mt Weld TSF3,Lynas Corp,Australia,-28.861819,122.527864,Active,2018.0,150000.0,1400000.0,High C,Global Tailing Dam [https://www.grida.no/publications/472],https://www.lynascorp.com/wp-content/uploads/2019/07/Investor-Mining-and-Tailings-Initiative-Lynas-June-2019-rev-4-Final.pdf
932,Wodgina,Wodgina TSF1,Mineral Resources,Australia,-21.18138,118.67333,Closed,,,,Low,Global Tailing Dam [https://www.grida.no/publications/472],https://s3-ap-southeast-2.amazonaws.com/assets.mineralresources.com.au/app/uploads/2020/01/13105846/Tailings-Safety-Disclosure-Response-2020.pdf
933,Wodgina,Wodgina TSF2,Mineral Resources,Australia,-21.18083,118.67944,Closed,,,,Low,Global Tailing Dam [https://www.grida.no/publications/472],https://s3-ap-southeast-2.amazonaws.com/assets.mineralresources.com.au/app/uploads/2020/01/13105846/Tailings-Safety-Disclosure-Response-2020.pdf
934,Wodgina,Wodgina TSF3,Mineral Resources,Australia,-21.187777,118.663888,Closed,,10380365.0,10380365.0,Low,Global Tailing Dam [https://www.grida.no/publications/472],https://s3-ap-southeast-2.amazonaws.com/assets.mineralresources.com.au/app/uploads/2020/01/13105846/Tailings-Safety-Disclosure-Response-2020.pdf
935,Wodgina,Wodgina TSF3E,Mineral Resources,Australia,-21.184153,118.664897,Active,2019.0,218588.0,2000000.0,Low,Global Tailing Dam [https://www.grida.no/publications/472],https://s3-ap-southeast-2.amazonaws.com/assets.mineralresources.com.au/app/uploads/2020/01/13105846/Tailings-Safety-Disclosure-Response-2020.pdf
936,Mt Marion,Mt Marion GCB,Mineral Resources,Australia,-31.08083,121.4325,Active,2016.0,1900000.0,7500000.0,Low,Global Tailing Dam [https://www.grida.no/publications/472],https://s3-ap-southeast-2.amazonaws.com/assets.mineralresources.com.au/app/uploads/2020/01/13105846/Tailings-Safety-Disclosure-Response-2020.pdf
948,Rosebery,Rosebery 2/5 Dam,MMG,Australia,-41.786389,145.542222,Active,2018.0,2500000.0,4200000.0,High C,Global Tailing Dam [https://www.grida.no/publications/472],https://www.mmg.com/wp-content/uploads/2019/12/MMG_Mine_Tailings_Storage_Facilities.pdf
947,Rosebery Bobadil Dam,Rosebery Bobadil Dam,MMG,Australia,-41.750833,145.513056,Inactive Care and Maintenance,1974.0,22900000.0,24400000.0,High C,Global Tailing Dam [https://www.grida.no/publications/472],https://www.mmg.com/wp-content/uploads/2019/12/MMG_Mine_Tailings_Storage_Facilities.pdf
949,Dugald River,Dugald River TSF1,MMG,Australia,-20.223889,140.129167,Active,2018.0,36600000.0,36600000.0,High C,Global Tailing Dam [https://www.grida.no/publications/472],https://www.mmg.com/wp-content/uploads/2019/12/MMG_Mine_Tailings_Storage_Facilities.pdf
1038,Cadia,NTSF,Newcrest Mining,Australia,-33.497558,149.005111,Inactive Care and Maintenance,1998.0,180000000.0,180000000.0,Significant,Global Tailing Dam [https://www.grida.no/publications/472],https://www.newcrest.com/sites/default/files/2019-10/Newcrest_Tailings%20Safety%20Response.pdf
1040,Cadia,Open Pit,Newcrest Mining,Australia,-33.456822,148.998178,Active,2018.0,13500000.0,88500000.0,N/A,Global Tailing Dam [https://www.grida.no/publications/472],https://www.newcrest.com/sites/default/files/2019-10/Newcrest_Tailings%20Safety%20Response.pdf
1039,Cadia,STSF,Newcrest Mining,Australia,-33.514531,148.999011,Active,2001.0,95000000.0,125000000.0,High B,Global Tailing Dam [https://www.grida.no/publications/472],https://www.newcrest.com/sites/default/files/2019-10/Newcrest_Tailings%20Safety%20Response.pdf
1042,Telfer,TSF 1-3,Newcrest Mining,Australia,-21.702236,122.203147,Inactive Care and Maintenance,1990.0,,,No Data,Global Tailing Dam [https://www.grida.no/publications/472],https://www.newcrest.com/sites/default/files/2019-10/Newcrest_Tailings%20Safety%20Response.pdf
1043,Telfer,TSF 4,Newcrest Mining,Australia,-21.702236,122.203147,Inactive Care and Maintenance,1990.0,1200000.0,1200000.0,Low,Global Tailing Dam [https://www.grida.no/publications/472],https://www.newcrest.com/sites/default/files/2019-10/Newcrest_Tailings%20Safety%20Response.pdf
1044,Telfer,TSF 5,Newcrest Mining,Australia,-21.702236,122.203147,Inactive Care and Maintenance,1990.0,6200000.0,6200000.0,Low,Global Tailing Dam [https://www.grida.no/publications/472],https://www.newcrest.com/sites/default/files/2019-10/Newcrest_Tailings%20Safety%20Response.pdf
1045,Telfer,TSF 6,Newcrest Mining,Australia,-21.702236,122.203147,Inactive Care and Maintenance,1990.0,5400000.0,5400000.0,Low,Global Tailing Dam [https://www.grida.no/publications/472],https://www.newcrest.com/sites/default/files/2019-10/Newcrest_Tailings%20Safety%20Response.pdf
1041,Telfer,TSF 7,Newcrest Mining,Australia,-21.759536,122.237408,Active,2004.0,194260000.0,250000000.0,High C,Global Tailing Dam [https://www.grida.no/publications/472],https://www.newcrest.com/sites/default/files/2019-10/Newcrest_Tailings%20Safety%20Response.pdf
1832,KCGM,Croesus,Newmont Goldcorp,Australia,-30.752291,121.499765,Inactive Care and Maintenance,1973.0,4250000.0,,Unknown,Global Tailing Dam [https://www.grida.no/publications/472],https://www.newmontgoldcorp.com/document/church-of-england-tailings-management/
1824,KCGM,Fimiston I,Newmont Goldcorp,Australia,-30.746707,121.508969,Active,1988.0,42000000.0,63000000.0,High B,Global Tailing Dam [https://www.grida.no/publications/472],https://www.newmontgoldcorp.com/document/church-of-england-tailings-management/
1825,KCGM,Fimiston II,Newmont Goldcorp,Australia,-30.751359,121.546371,Active,1991.0,120000000.0,151000000.0,High C,Global Tailing Dam [https://www.grida.no/publications/472],https://www.newmontgoldcorp.com/document/church-of-england-tailings-management/
1827,KCGM,Gidji I,Newmont Goldcorp,Australia,-30.58317,121.453803,Inactive Care and Maintenance,1989.0,3000000.0,3000000.0,Low,Global Tailing Dam [https://www.grida.no/publications/472],https://www.newmontgoldcorp.com/document/church-of-england-tailings-management/
1828,KCGM,Gidji II,Newmont Goldcorp,Australia,-30.58317,121.453803,Active,2012.0,1000000.0,2000000.0,Low,Global Tailing Dam [https://www.grida.no/publications/472],https://www.newmontgoldcorp.com/document/church-of-england-tailings-management/
1826,KCGM,Kaltails,Newmont Goldcorp,Australia,-30.798458,121.563501,Active,2011.0,82000000.0,90000000.0,High C,Global Tailing Dam [https://www.grida.no/publications/472],https://www.newmontgoldcorp.com/document/church-of-england-tailings-management/
1830,KCGM,Mt. Percy,Newmont Goldcorp,Australia,-30.718556,121.487728,Inactive Care and Maintenance,1985.0,8400000.0,,Unknown  ,Global Tailing Dam [https://www.grida.no/publications/472],https://www.newmontgoldcorp.com/document/church-of-england-tailings-management/
1829,KCGM,Mullingar,Newmont Goldcorp,Australia,-30.729694,121.471046,Inactive Care and Maintenance,,100000.0,,Unknown  ,Global Tailing Dam [https://www.grida.no/publications/472],https://www.newmontgoldcorp.com/document/church-of-england-tailings-management/
1833,KCGM,Old Croesus,Newmont Goldcorp,Australia,-30.759984,121.497266,Inactive Care and Maintenance,1960.0,2120000.0,,Unknown,Global Tailing Dam [https://www.grida.no/publications/472],https://www.newmontgoldcorp.com/document/church-of-england-tailings-management/
1831,KCGM,Paringa,Newmont Goldcorp,Australia,-30.757052,121.523793,Inactive Care and Maintenance,1982.0,836000.0,,Unknown,Global Tailing Dam [https://www.grida.no/publications/472],https://www.newmontgoldcorp.com/document/church-of-england-tailings-management/
1843,Mt. Leyshon,New Northern Tailings Dam,Newmont Goldcorp,Australia,-20.2929,146.2788,Reclaimed  ,1998.0,14000000.0,,Low,Global Tailing Dam [https://www.grida.no/publications/472],https://www.newmontgoldcorp.com/document/church-of-england-tailings-management/
1842,Mt. Leyshon,Old Northern Tailings Dam,Newmont Goldcorp,Australia,-20.2929,146.2788,Reclaimed  ,1988.0,11400000.0,,Low,Global Tailing Dam [https://www.grida.no/publications/472],https://www.newmontgoldcorp.com/document/church-of-england-tailings-management/
1841,Mt. Leyshon,Southern Tailings Dam,Newmont Goldcorp,Australia,-20.2929,146.2788,Reclaimed  ,1995.0,6600000.0,,Low,Global Tailing Dam [https://www.grida.no/publications/472],https://www.newmontgoldcorp.com/document/church-of-england-tailings-management/
1840,Tanami,Bullakitchie (GTD07),Newmont Goldcorp,Australia,-20.537194,130.317088,Rehabilitated,1996.0,0.0,,N/A,Global Tailing Dam [https://www.grida.no/publications/472],https://www.newmontgoldcorp.com/document/church-of-england-tailings-management/
1839,Tanami,Bunkers (GTD06),Newmont Goldcorp,Australia,-20.550019,130.323108,Rehabilitated,2007.0,400000.0,,Significant,Global Tailing Dam [https://www.grida.no/publications/472],https://www.newmontgoldcorp.com/document/church-of-england-tailings-management/
1836,Tanami,GTD01/02,Newmont Goldcorp,Australia,-20.545191,130.311066,Inactive/Opened for harvesting,1986.0,6000000.0,4500000.0,Significant,Global Tailing Dam [https://www.grida.no/publications/472],https://www.newmontgoldcorp.com/document/church-of-england-tailings-management/
1835,Tanami,GTDO3,Newmont Goldcorp,Australia,-20.550019,130.323108,Inactive Care and Maintenance,1999.0,7000000.0,,Significant,Global Tailing Dam [https://www.grida.no/publications/472],https://www.newmontgoldcorp.com/document/church-of-england-tailings-management/
1834,Tanami,GTDO8,Newmont Goldcorp,Australia,-20.533501,130.294334,Active,2012.0,7000000.0,17000000.0,Significant,Global Tailing Dam [https://www.grida.no/publications/472],https://www.newmontgoldcorp.com/document/church-of-england-tailings-management/
1838,Tanami,Quorn (GTD05),Newmont Goldcorp,Australia,-20.538379,130.294877,Inactive Care and Maintenance,2003.0,4000000.0,,Significant,Global Tailing Dam [https://www.grida.no/publications/472],https://www.newmontgoldcorp.com/document/church-of-england-tailings-management/
1837,Tanami,Shoe (GTD04),Newmont Goldcorp,Australia,-20.534006,130.307306,Active,2000.0,1000000.0,1000000.0,Significant,Global Tailing Dam [https://www.grida.no/publications/472],https://www.newmontgoldcorp.com/document/church-of-england-tailings-management/
1823,Boddington,R4 Residue Disposal Area,Newmont Goldcorp,Australia,-32.70984,116.380865,Inactive Care and Maintenance,1987.0,40000000.0,40000000.0,High B,Global Tailing Dam [https://www.grida.no/publications/472],https://www.newmontgoldcorp.com/document/church-of-england-tailings-management/
1822,Boddington,Residue Disposal Area,Newmont Goldcorp,Australia,-32.695925,116.365559,Active,2009.0,217000000.0,400000000.0,High C,Global Tailing Dam [https://www.grida.no/publications/472],https://www.newmontgoldcorp.com/document/church-of-england-tailings-management/
931,Sheahan-Grants Mine,Sheahan-Grants In-Pit TSF,OceanaGold,Australia,-33.623058,148.990364,Closed,1992.0,771850.0,771850.0,NA,Global Tailing Dam [https://www.grida.no/publications/472],https://www.oceanagold.com/sustainability/environment/tailings-management/
930,Sheahan-Grants Mine,Sheahan-Grants TSF,OceanaGold,Australia,-33.629242,148.997792,Closed,1987.0,1744450.0,1744450.0,NA,Global Tailing Dam [https://www.grida.no/publications/472],https://www.oceanagold.com/sustainability/environment/tailings-management/
1775,Garden Well,GWTSF1,Regis Resources,Australia,-27.894444,122.373889,Active,2011.0,23000000.0,38000000.0,High,Global Tailing Dam [https://www.grida.no/publications/472],https://www.regisresources.com.au/Environment/dam-and-tailings-management.html
1776,Garden Well,GWTSF2,Regis Resources,Australia,-27.904167,122.370556,Inactive,2018.0,5000000.0,11000000.0,Medium,Global Tailing Dam [https://www.grida.no/publications/472],https://www.regisresources.com.au/Environment/dam-and-tailings-management.html
2070,Moolart Well Gold Mine,BANTSF1,Regis Resources,Australia,-27.966,122.316,Decommissioned,1990.0,700000.0,700000.0,Low,Global Tailing Dam [https://www.grida.no/publications/472],www.regisresources.com.au
2067,Moolart Well Gold Mine,GWTSF1,Regis Resources,Australia,-27.894,122.374,Inactive,2012.0,24300000.0,39000000.0,High,Global Tailing Dam [https://www.grida.no/publications/472],www.regisresources.com.au
2068,Moolart Well Gold Mine,GWTSF2,Regis Resources,Australia,-27.904,122.371,Inactive,2018.0,5000000.0,11000000.0,Medium,Global Tailing Dam [https://www.grida.no/publications/472],www.regisresources.com.au
2069,Moolart Well Gold Mine,GWTSF3,Regis Resources,Australia,-27.924,122.38,Active,2020.0,0.0,32000000.0,Medium,Global Tailing Dam [https://www.grida.no/publications/472],www.regisresources.com.au
2065,Moolart Well Gold Mine,MWTSF1,Regis Resources,Australia,-27.589,122.36,Closed,2010.0,22000000.0,23000000.0,Medium,Global Tailing Dam [https://www.grida.no/publications/472],www.regisresources.com.au
1774,Moolart Well Gold Mine,MWTSF1,Regis Resources,Australia,-27.588889,122.361389,Active,2010.0,22000000.0,23000000.0,Medium,Global Tailing Dam [https://www.grida.no/publications/472],https://www.regisresources.com.au/Environment/dam-and-tailings-management.html
2066,Moolart Well Gold Mine,MWTSF2,Regis Resources,Australia,-27.619,122.346,Active,2019.0,1000000.0,8800000.0,Low,Global Tailing Dam [https://www.grida.no/publications/472],www.regisresources.com.au
1777,Baneygo,BANTSF1,Regis Resources,Australia,-27.966111,122.316111,Closed,1990.0,700000.0,700000.0,Low,Global Tailing Dam [https://www.grida.no/publications/472],https://www.regisresources.com.au/Environment/dam-and-tailings-management.html
376,Ranger,Pit 1 TSF,Rio Tinto,Australia,-12.69066,132.9161,Closed,1996.0,18500000.0,18500000.0,Very Low,Global Tailing Dam [https://www.grida.no/publications/472],https://www.riotinto.com/sustainability/environment/tailings
377,Ranger,Pit 3 TSF,Rio Tinto,Australia,-12.67528,132.91892,Active,2015.0,18542000.0,31538000.0,High B,Global Tailing Dam [https://www.grida.no/publications/472],https://www.riotinto.com/sustainability/environment/tailings
378,Ranger,TSF,Rio Tinto,Australia,-12.69026,132.90168,Inactive,1980.0,12999000.0,0.0,High B,Global Tailing Dam [https://www.grida.no/publications/472],https://www.riotinto.com/sustainability/environment/tailings
382,Gove,Northern Ponds,Rio Tinto,Australia,-12.18981,136.71969,Closed,1972.0,4710000.0,4710000.0,Low,Global Tailing Dam [https://www.grida.no/publications/472],https://www.riotinto.com/sustainability/environment/tailings
436,Queensland Alumina Limited,Ash Pond 1,Rio Tinto,Australia,-23.86514,151.28357,Closed,1970.0,840000.0,840000.0,Very Low,Global Tailing Dam [https://www.grida.no/publications/472],https://www.riotinto.com/sustainability/environment/tailings
437,Queensland Alumina Limited,Ash Pond 2,Rio Tinto,Australia,-23.85695,151.28255,Closed,1970.0,960000.0,960000.0,Low,Global Tailing Dam [https://www.grida.no/publications/472],https://www.riotinto.com/sustainability/environment/tailings
438,Queensland Alumina Limited,Ash Pond 3,Rio Tinto,Australia,-23.85548,151.28686,Closed,1970.0,1080000.0,1080000.0,Low,Global Tailing Dam [https://www.grida.no/publications/472],https://www.riotinto.com/sustainability/environment/tailings
439,Queensland Alumina Limited,Ash Pond 4,Rio Tinto,Australia,-23.8765,151.29657,Active,1978.0,4800000.0,6000000.0,Significant,Global Tailing Dam [https://www.grida.no/publications/472],https://www.riotinto.com/sustainability/environment/tailings
440,Queensland Alumina Limited,Mineral Waste Disposal Facility,Rio Tinto,Australia,-23.87271,151.2939,Active,1967.0,429000.0,509000.0,Very Low,Global Tailing Dam [https://www.grida.no/publications/472],https://www.riotinto.com/sustainability/environment/tailings
441,Queensland Alumina Limited,Red Mud Dam 1,Rio Tinto,Australia,-23.91739,151.32311,Active,1967.0,35200000.0,45000000.0,Significant,Global Tailing Dam [https://www.grida.no/publications/472],https://www.riotinto.com/sustainability/environment/tailings
442,Queensland Alumina Limited,Red Mud Dam 2,Rio Tinto,Australia,-23.93845,151.32111,Active,1975.0,100000000.0,110000000.0,High B,Global Tailing Dam [https://www.grida.no/publications/472],https://www.riotinto.com/sustainability/environment/tailings
345,Argyle,AK1 TSF,Rio Tinto,Australia,-16.71172,128.41963,Active,1991.0,57000000.0,61300000.0,High C,Global Tailing Dam [https://www.grida.no/publications/472],https://www.riotinto.com/sustainability/environment/tailings
346,Argyle,Alluvials TSF ATD 1,Rio Tinto,Australia,-16.65782,128.45753,Closed,1985.0,0.0,0.0,N/A,Global Tailing Dam [https://www.grida.no/publications/472],https://www.riotinto.com/sustainability/environment/tailings
347,Argyle,Alluvials TSF ATD 2,Rio Tinto,Australia,-16.65674,128.45984,Closed,1985.0,0.0,0.0,N/A,Global Tailing Dam [https://www.grida.no/publications/472],https://www.riotinto.com/sustainability/environment/tailings
348,Argyle,Alluvials TSF ATD 3,Rio Tinto,Australia,-16.65407,128.45932,Inactive,1985.0,450000.0,450000.0,Very low,Global Tailing Dam [https://www.grida.no/publications/472],https://www.riotinto.com/sustainability/environment/tailings
349,Argyle,Alluvials TSF ATD 4,Rio Tinto,Australia,-16.6647,128.44812,Inactive,1994.0,3900000.0,3900000.0,Very low,Global Tailing Dam [https://www.grida.no/publications/472],https://www.riotinto.com/sustainability/environment/tailings
350,Argyle,Alluvials TSF ATD 5,Rio Tinto,Australia,-16.65579,128.4895,Inactive,1995.0,7000000.0,7000000.0,Very low,Global Tailing Dam [https://www.grida.no/publications/472],https://www.riotinto.com/sustainability/environment/tailings
351,Bell Bay Smelter,Red Mud Dam,Rio Tinto,Australia,-41.12451,146.87901,Inactive,1955.0,670000.0,670000.0,Low,Global Tailing Dam [https://www.grida.no/publications/472],https://www.riotinto.com/sustainability/environment/tailings
383,Gove,Pond 2,Rio Tinto,Australia,-12.1931,136.71359,Inactive,1972.0,400000.0,400000.0,High C,Global Tailing Dam [https://www.grida.no/publications/472],https://www.riotinto.com/sustainability/environment/tailings
384,Gove,Pond 3,Rio Tinto,Australia,-12.19446,136.72209,Closed,1980.0,9600000.0,9600000.0,High C,Global Tailing Dam [https://www.grida.no/publications/472],https://www.riotinto.com/sustainability/environment/tailings
385,Gove,Pond 4,Rio Tinto,Australia,-12.19848,136.72995,Closed,1977.0,10330000.0,10330000.0,Significant,Global Tailing Dam [https://www.grida.no/publications/472],https://www.riotinto.com/sustainability/environment/tailings
386,Gove,Pond 5,Rio Tinto,Australia,-12.2063,136.72572,Inactive,1981.0,23030000.0,23030000.0,Significant,Global Tailing Dam [https://www.grida.no/publications/472],https://www.riotinto.com/sustainability/environment/tailings
387,Gove,Pond 6,Rio Tinto,Australia,-12.20084,136.73899,Inactive,1991.0,2180000.0,2180000.0,High B,Global Tailing Dam [https://www.grida.no/publications/472],https://www.riotinto.com/sustainability/environment/tailings
391,Hope Downs 4,DSP in-pit WFSF,Rio Tinto,Australia,-23.14979,119.56939,Active,2017.0,1500000.0,3000000.0,Very low,Global Tailing Dam [https://www.grida.no/publications/472],https://www.riotinto.com/sustainability/environment/tailings
392,Hope Downs 4,WFSF Stage 2,Rio Tinto,Australia,-23.13124,119.58704,Active,2013.0,3300000.0,5000000.0,Significant,Global Tailing Dam [https://www.grida.no/publications/472],https://www.riotinto.com/sustainability/environment/tailings
398,Marandoo,WFSF,Rio Tinto,Australia,-22.63443,118.10099,Active,2013.0,7200000.0,8200000.0,High C,Global Tailing Dam [https://www.grida.no/publications/472],https://www.riotinto.com/sustainability/environment/tailings
400,Mesa J,TSF1,Rio Tinto,Australia,-21.74257,116.25916,Inactive,1998.0,14000000.0,14000000.0,Low,Global Tailing Dam [https://www.grida.no/publications/472],https://www.riotinto.com/sustainability/environment/tailings
401,Mesa J,TSF2.5,Rio Tinto,Australia,-21.76412,116.2525,Closed,2008.0,840000.0,840000.0,Very Low,Global Tailing Dam [https://www.grida.no/publications/472],https://www.riotinto.com/sustainability/environment/tailings
402,Mesa J,TSF3,Rio Tinto,Australia,-21.73704,116.24503,Inactive,2009.0,6620000.0,6620000.0,Very Low,Global Tailing Dam [https://www.grida.no/publications/472],https://www.riotinto.com/sustainability/environment/tailings
403,Mesa J,TSF4 (TSF2),Rio Tinto,Australia,-21.75912,116.24496,Active,2004.0,17000000.0,24100000.0,High C,Global Tailing Dam [https://www.grida.no/publications/472],https://www.riotinto.com/sustainability/environment/tailings
404,Mesa J,TSF5 (TSF3 South),Rio Tinto,Australia,-21.7412,116.23862,Active,2009.0,14689000.0,22380000.0,High C,Global Tailing Dam [https://www.grida.no/publications/472],https://www.riotinto.com/sustainability/environment/tailings
430,Nammuldi,NBWT WFSF,Rio Tinto,Australia,-22.38009,117.33783,Active,2014.0,15400000.0,29950000.0,Significant,Global Tailing Dam [https://www.grida.no/publications/472],https://www.riotinto.com/sustainability/environment/tailings
433,Paraburdoo,TSF1,Rio Tinto,Australia,-23.26194,117.62384,Active,1994.0,31620000.0,34830870.0,Significant,Global Tailing Dam [https://www.grida.no/publications/472],https://www.riotinto.com/sustainability/environment/tailings
454,Tom Price,TSF1,Rio Tinto,Australia,-22.71664,117.80191,Inactive,1979.0,3500000.0,3500000.0,Very Low,Global Tailing Dam [https://www.grida.no/publications/472],https://www.riotinto.com/sustainability/environment/tailings
455,Tom Price,TSF2A,Rio Tinto,Australia,-22.72349,117.80393,Active,1992.0,21000000.0,23000000.0,High C,Global Tailing Dam [https://www.grida.no/publications/472],https://www.riotinto.com/sustainability/environment/tailings
458,Weipa,Andoom TSF,Rio Tinto,Australia,-12.52302,141.84215,Active,2003.0,62000000.0,98500000.0,High C,Global Tailing Dam [https://www.grida.no/publications/472],https://www.riotinto.com/sustainability/environment/tailings
459,Weipa,East Weipa Emergency TSF,Rio Tinto,Australia,-12.66507,141.87952,Inactive,1993.0,800000.0,800000.0,High C,Global Tailing Dam [https://www.grida.no/publications/472],https://www.riotinto.com/sustainability/environment/tailings
460,Weipa,East Weipa TSF1 and 2 (EW1 & 2),Rio Tinto,Australia,-12.66802,141.89163,Inactive,1994.0,11500000.0,11500000.0,Low,Global Tailing Dam [https://www.grida.no/publications/472],https://www.riotinto.com/sustainability/environment/tailings
461,Weipa,East Weipa TSF4 (EW4),Rio Tinto,Australia,-12.65124,141.86974,Active,1970.0,82000000.0,87000000.0,High A,Global Tailing Dam [https://www.grida.no/publications/472],https://www.riotinto.com/sustainability/environment/tailings
463,Weipa,G2 Dam,Rio Tinto,Australia,-12.66241,141.84233,Closed,1978.0,1500000.0,1500000.0,Very Low,Global Tailing Dam [https://www.grida.no/publications/472],https://www.riotinto.com/sustainability/environment/tailings
462,Weipa,G & X Dam,Rio Tinto,Australia,-12.65528,141.85232,Closed,1978.0,1100000.0,1100000.0,Very Low,Global Tailing Dam [https://www.grida.no/publications/472],https://www.riotinto.com/sustainability/environment/tailings
464,Weipa,Torro TSF,Rio Tinto,Australia,-12.99423,141.61315,Active,2018.0,2500000.0,45000000.0,High C,Global Tailing Dam [https://www.grida.no/publications/472],https://www.riotinto.com/sustainability/environment/tailings
465,Weipa,West Weipa TSF2 Dam (including G1 Dam),Rio Tinto,Australia,-12.6499,141.84887,Inactive,1978.0,15000000.0,17470000.0,Significant,Global Tailing Dam [https://www.grida.no/publications/472],https://www.riotinto.com/sustainability/environment/tailings
467,Yandicoogina,WFC1,Rio Tinto,Australia,-22.7667,119.22004,Inactive,2005.0,10714290.0,10714290.0,Very Low,Global Tailing Dam [https://www.grida.no/publications/472],https://www.riotinto.com/sustainability/environment/tailings
468,Yandicoogina,WFC2/4,Rio Tinto,Australia,-22.75407,119.22877,Active,2011.0,7305360.0,7800000.0,High C,Global Tailing Dam [https://www.grida.no/publications/472],https://www.riotinto.com/sustainability/environment/tailings
469,Yandicoogina,WFC3,Rio Tinto,Australia,-22.81468,119.25733,Inactive,2015.0,4062860.0,4062860.0,High C,Global Tailing Dam [https://www.grida.no/publications/472],https://www.riotinto.com/sustainability/environment/tailings
470,Yandicoogina,WFC3A,Rio Tinto,Australia,-22.81011,119.2598,Active,2017.0,5524570.0,6270000.0,High C,Global Tailing Dam [https://www.grida.no/publications/472],https://www.riotinto.com/sustainability/environment/tailings
471,Yarwun,RMA1,Rio Tinto,Australia,-23.86659,151.07449,Active,2005.0,14700000.0,32500000.0,High B,Global Tailing Dam [https://www.grida.no/publications/472],https://www.riotinto.com/sustainability/environment/tailings
1467,DeGrussa Copper Mine,DeGrussa Copper Mine TSF,Sandfire Resources,Australia,-25.536633,119.315194,Active,2012.0,3040000.0,6280000.0,Medium,Global Tailing Dam [https://www.grida.no/publications/472],https://www.sandfire.com.au/site/PDF/2463_0/tailingsmanagement
1663,Bannockburn Gold Mine,"Bannockburn  - Cells
1, 2 & 3",Saracen Mineral,Australia,-28.448564,120.904381,Closed,1993.0,6100000.0,,N/A,Global Tailing Dam [https://www.grida.no/publications/472],https://www.saracen.com.au/files/1715/6472/6752/TSF_Disclosure_Statement_2019.pdf
1664,Carosue Dam Gold Mine,Carosue Dam - Luvironza In-Pit,Saracen Mineral,Australia,-30.107053,122.344856,Inactive Care and Maintenance,2012.0,4500000.0,4500000.0,Included in CDO Assessment,Global Tailing Dam [https://www.grida.no/publications/472],https://www.saracen.com.au/files/1715/6472/6752/TSF_Disclosure_Statement_2019.pdf
1661,Carosue Dam Gold Mine,"Carosue Dam
Operations - Cells 1,
2 & 3",Saracen Mineral,Australia,-30.138069,122.343244,Active,2000.0,21000000.0,35000000.0,"Significant Category 1,",Global Tailing Dam [https://www.grida.no/publications/472],https://www.saracen.com.au/files/1715/6472/6752/TSF_Disclosure_Statement_2019.pdf
1662,Thunderbox Gold Mine,"Thunderbox - Cells
A, B",Saracen Mineral,Australia,-28.189986,121.018828,Active,2002.0,14000000.0,28000000.0,"Significant Category 1, Significant ANCOLD",Global Tailing Dam [https://www.grida.no/publications/472],https://www.saracen.com.au/files/1715/6472/6752/TSF_Disclosure_Statement_2019.pdf
1187,GEMCO,TSF10,South32,Australia,-13.988167,136.432483,Inactive,2010.0,2200000.0,2200000.0,Significant,Global Tailing Dam [https://www.grida.no/publications/472],https://www.south32.net/docs/default-source/all-financial-results/reports-and-presentations/south32-tailings-storage-facilities-management-2019.pdf?sfvrsn=4ced3a98_12
1188,GEMCO,TSF11,South32,Australia,-13.996367,136.44885,Active,2013.0,10700000.0,11750000.0,High A,Global Tailing Dam [https://www.grida.no/publications/472],https://www.south32.net/docs/default-source/all-financial-results/reports-and-presentations/south32-tailings-storage-facilities-management-2019.pdf?sfvrsn=4ced3a98_12
1189,GEMCO,TSF13,South32,Australia,-14.0134,136.4486,Active,2018.0,2700000.0,13800000.0,High C,Global Tailing Dam [https://www.grida.no/publications/472],https://www.south32.net/docs/default-source/all-financial-results/reports-and-presentations/south32-tailings-storage-facilities-management-2019.pdf?sfvrsn=4ced3a98_12
1190,GEMCO,TSF14,South32,Australia,-13.994767,136.43,Active,2014.0,4200000.0,4700000.0,Significant,Global Tailing Dam [https://www.grida.no/publications/472],https://www.south32.net/docs/default-source/all-financial-results/reports-and-presentations/south32-tailings-storage-facilities-management-2019.pdf?sfvrsn=4ced3a98_12
1191,GEMCO,TSF16,South32,Australia,-13.998683,136.43625,Active,2016.0,2800000.0,4900000.0,Significant,Global Tailing Dam [https://www.grida.no/publications/472],https://www.south32.net/docs/default-source/all-financial-results/reports-and-presentations/south32-tailings-storage-facilities-management-2019.pdf?sfvrsn=4ced3a98_12
1183,GEMCO,TSF5,South32,Australia,-13.97455,136.433967,Inactive,1972.0,5000000.0,5000000.0,Significant,Global Tailing Dam [https://www.grida.no/publications/472],https://www.south32.net/docs/default-source/all-financial-results/reports-and-presentations/south32-tailings-storage-facilities-management-2019.pdf?sfvrsn=4ced3a98_12
1184,GEMCO,TSF6,South32,Australia,-13.979717,136.43365,Inactive,1999.0,1200000.0,1200000.0,Significant,Global Tailing Dam [https://www.grida.no/publications/472],https://www.south32.net/docs/default-source/all-financial-results/reports-and-presentations/south32-tailings-storage-facilities-management-2019.pdf?sfvrsn=4ced3a98_12
1185,GEMCO,TSF7,South32,Australia,-13.976733,136.427933,Inactive,1999.0,6600000.0,6600000.0,Significant,Global Tailing Dam [https://www.grida.no/publications/472],https://www.south32.net/docs/default-source/all-financial-results/reports-and-presentations/south32-tailings-storage-facilities-management-2019.pdf?sfvrsn=4ced3a98_12
1186,GEMCO,TSF8,South32,Australia,-13.992717,136.438517,Inactive,2007.0,2400000.0,2400000.0,Low,Global Tailing Dam [https://www.grida.no/publications/472],https://www.south32.net/docs/default-source/all-financial-results/reports-and-presentations/south32-tailings-storage-facilities-management-2019.pdf?sfvrsn=4ced3a98_12
1177,Cannington,Cannington TSF,South32,Australia,-21.84945,140.906117,Active,1997.0,13540000.0,16740000.0,High C,Global Tailing Dam [https://www.grida.no/publications/472],https://www.south32.net/docs/default-source/all-financial-results/reports-and-presentations/south32-tailings-storage-facilities-management-2019.pdf?sfvrsn=4ced3a98_12
1195,West Cliff,West Cliff Emplacement Area (Stages 1 - 4),South32,Australia,-34.221933,150.817167,Active,1975.0,,22000000.0,Not applicable,Global Tailing Dam [https://www.grida.no/publications/472],https://www.south32.net/docs/default-source/all-financial-results/reports-and-presentations/south32-tailings-storage-facilities-management-2019.pdf?sfvrsn=4ced3a98_12
1169,Worsley,BRDA 1,South32,Australia,-33.2222,116.081417,Closed,1983.0,10000000.0,10000000.0,Low,Global Tailing Dam [https://www.grida.no/publications/472],https://www.south32.net/docs/default-source/all-financial-results/reports-and-presentations/south32-tailings-storage-facilities-management-2019.pdf?sfvrsn=4ced3a98_12
1170,Worsley,BRDA 2,South32,Australia,-33.219333,116.072833,Active,1987.0,13000000.0,13400000.0,High B,Global Tailing Dam [https://www.grida.no/publications/472],https://www.south32.net/docs/default-source/all-financial-results/reports-and-presentations/south32-tailings-storage-facilities-management-2019.pdf?sfvrsn=4ced3a98_12
1171,Worsley,BRDA 4,South32,Australia,-33.223,116.064283,Active,1994.0,35000000.0,41500000.0,High B,Global Tailing Dam [https://www.grida.no/publications/472],https://www.south32.net/docs/default-source/all-financial-results/reports-and-presentations/south32-tailings-storage-facilities-management-2019.pdf?sfvrsn=4ced3a98_12
1172,Worsley,BRDA 4X,South32,Australia,-33.210433,116.0633,Active,2002.0,20000000.0,30000000.0,High B,Global Tailing Dam [https://www.grida.no/publications/472],https://www.south32.net/docs/default-source/all-financial-results/reports-and-presentations/south32-tailings-storage-facilities-management-2019.pdf?sfvrsn=4ced3a98_12
1173,Worsley,BRDA 5,South32,Australia,-33.245217,116.050617,Active,1994.0,85000000.0,99100000.0,High B,Global Tailing Dam [https://www.grida.no/publications/472],https://www.south32.net/docs/default-source/all-financial-results/reports-and-presentations/south32-tailings-storage-facilities-management-2019.pdf?sfvrsn=4ced3a98_12
1174,Worsley,.SEP 1,South32,Australia,-33.23055,116.081733,Active,2017.0,100000.0,200000.0,Low,Global Tailing Dam [https://www.grida.no/publications/472],https://www.south32.net/docs/default-source/all-financial-results/reports-and-presentations/south32-tailings-storage-facilities-management-2019.pdf?sfvrsn=4ced3a98_12
1175,Worsley,SEP 2A,South32,Australia,-33.2266,116.081267,Inactive,1987.0,0.0,0.0,Low,Global Tailing Dam [https://www.grida.no/publications/472],https://www.south32.net/docs/default-source/all-financial-results/reports-and-presentations/south32-tailings-storage-facilities-management-2019.pdf?sfvrsn=4ced3a98_12
1176,Worsley,.SEP3,South32,Australia,-33.229,116.08005,Active,1984.0,300000.0,500000.0,Low,Global Tailing Dam [https://www.grida.no/publications/472],https://www.south32.net/docs/default-source/all-financial-results/reports-and-presentations/south32-tailings-storage-facilities-management-2019.pdf?sfvrsn=4ced3a98_12
1192,Temco,Fume dam 1,South32,Australia,-41.133267,146.844167,Inactive,1989.0,110000.0,110000.0,Not classified,Global Tailing Dam [https://www.grida.no/publications/472],https://www.south32.net/docs/default-source/all-financial-results/reports-and-presentations/south32-tailings-storage-facilities-management-2019.pdf?sfvrsn=4ced3a98_12
1193,Temco,Fume dam 2,South32,Australia,-41.134433,146.845267,Inactive,1998.0,70000.0,70000.0,Not classified,Global Tailing Dam [https://www.grida.no/publications/472],https://www.south32.net/docs/default-source/all-financial-results/reports-and-presentations/south32-tailings-storage-facilities-management-2019.pdf?sfvrsn=4ced3a98_12
1194,Temco,Fume dam 3,South32,Australia,-41.133883,146.84755,Active,2002.0,140000.0,160000.0,Significant,Global Tailing Dam [https://www.grida.no/publications/472],https://www.south32.net/docs/default-source/all-financial-results/reports-and-presentations/south32-tailings-storage-facilities-management-2019.pdf?sfvrsn=4ced3a98_12
1717,Plutonic Gold Mine,"Brooke Pit TSF
(BPTSF)",Superior Gold,Australia,-25.324171,119.508497,Rehabilitated,2011.0,118680.0,118680.0,Very Low,Global Tailing Dam [https://www.grida.no/publications/472],https://www.superior-gold.com/site/assets/files/2040/superior-gold-tsf-management.pdf
1714,Plutonic Gold Mine,Callop Pit (CalPTSF),Superior Gold,Australia,-25.306116,119.504004,Rehabilitated,2006.0,794880.0,794880.0,Very Low,Global Tailing Dam [https://www.grida.no/publications/472],https://www.superior-gold.com/site/assets/files/2040/superior-gold-tsf-management.pdf
1712,Plutonic Gold Mine,Catfish Pit (CPTSF),Superior Gold,Australia,-25.317207,119.495048,Rehabilitated,2004.0,2497800.0,2497800.0,Very Low,Global Tailing Dam [https://www.grida.no/publications/472],https://www.superior-gold.com/site/assets/files/2040/superior-gold-tsf-management.pdf
1716,Plutonic Gold Mine,"Cut Throat Pit
(CTPTSF)",Superior Gold,Australia,-25.322362,119.508201,Rehabilitated,2011.0,725880.0,725880.0,Very Low,Global Tailing Dam [https://www.grida.no/publications/472],https://www.superior-gold.com/site/assets/files/2040/superior-gold-tsf-management.pdf
1713,Plutonic Gold Mine,Dogfish Pit (DPTSF),Superior Gold,Australia,-25.315875,119.500641,Rehabilitated,2005.0,1462800.0,1462800.0,Very Low,Global Tailing Dam [https://www.grida.no/publications/472],https://www.superior-gold.com/site/assets/files/2040/superior-gold-tsf-management.pdf
1711,Plutonic Gold Mine,"Perch North
TSF(PNTSF)",Superior Gold,Australia,-25.319927,119.487905,Rehabilitated,2003.0,369840.0,369840.0,Very Low,Global Tailing Dam [https://www.grida.no/publications/472],https://www.superior-gold.com/site/assets/files/2040/superior-gold-tsf-management.pdf
1709,Plutonic Gold Mine,"Perch Pit TSF
(PPTSF)",Superior Gold,Australia,-25.322689,119.487365,Rehabilitated,2000.0,9660000.0,9660000.0,Very Low,Global Tailing Dam [https://www.grida.no/publications/472],https://www.superior-gold.com/site/assets/files/2040/superior-gold-tsf-management.pdf
1710,Plutonic Gold Mine,"Perch West Pit TSF
(PWTSF)",Superior Gold,Australia,-25.322725,119.4825,Rehabilitated,2003.0,1204740.0,1204740.0,Very Low,Global Tailing Dam [https://www.grida.no/publications/472],https://www.superior-gold.com/site/assets/files/2040/superior-gold-tsf-management.pdf
1718,Plutonic Gold Mine,"Piranah Pit TSF
(PirTSF)",Superior Gold,Australia,-25.327306,119.518343,Rehabilitated,2010.0,1587000.0,1587000.0,Very Low,Global Tailing Dam [https://www.grida.no/publications/472],https://www.superior-gold.com/site/assets/files/2040/superior-gold-tsf-management.pdf
1715,Plutonic Gold Mine,"Rainbow Pit
(RPTSF)",Superior Gold,Australia,-25.319767,119.507463,Rehabilitated,2012.0,3215400.0,3215400.0,Very Low,Global Tailing Dam [https://www.grida.no/publications/472],https://www.superior-gold.com/site/assets/files/2040/superior-gold-tsf-management.pdf
1706,Plutonic Gold Mine,TSF#1,Superior Gold,Australia,-25.31331,119.456724,Rehabilitated,1990.0,17250000.0,17250000.0,Very Low,Global Tailing Dam [https://www.grida.no/publications/472],https://www.superior-gold.com/site/assets/files/2040/superior-gold-tsf-management.pdf
1707,Plutonic Gold Mine,TSF#2,Superior Gold,Australia,-25.309525,119.462373,Active,1995.0,16284000.0,16284000.0,Very Low,Global Tailing Dam [https://www.grida.no/publications/472],https://www.superior-gold.com/site/assets/files/2040/superior-gold-tsf-management.pdf
1708,Plutonic Gold Mine,TSF#3,Superior Gold,Australia,-25.314077,119.455713,Active,1999.0,15180000.0,15180000.0,Very Low,Global Tailing Dam [https://www.grida.no/publications/472],https://www.superior-gold.com/site/assets/files/2040/superior-gold-tsf-management.pdf
1736,CMT,Princess Creek TSF,Vedanta Resources,Australia,-42.101306,145.513306,Inactive,1996.0,25700000.0,33300000.0,Category A,Global Tailing Dam [https://www.grida.no/publications/472],https://www.vedantaresources.com/FactSheet/Sustainable%20Tailings.pdf
1671,Cosmos Mine,Cosmos TSF,Western Areas,Australia,-27.58,120.58,Inactive Care and Maintenance,2000.0,1370000.0,1940000.0,Significant,Global Tailing Dam [https://www.grida.no/publications/472],https://www.westernareas.com.au/wp-content/uploads/2019/09/Information-Sheet-TSF.pdf
1670,Forrestania Mine,Cosmic Boy TSF,Western Areas,Australia,-32.58,119.75,Active,2009.0,2800000.0,3300000.0,Significant,Global Tailing Dam [https://www.grida.no/publications/472],https://www.westernareas.com.au/wp-content/uploads/2019/09/Information-Sheet-TSF.pdf
777,Bolivar Mine,Bolivar (Antiguo),Glencore,Bolivia,-18.469444,-66.862222,Inactive,1995.0,1800000.0,1800000.0,Significant,Global Tailing Dam [https://www.grida.no/publications/472],https://www.glencore.com/dam/jcr:58e3d8ff-97c1-422f-8d31-dd2fee89fcc3/Glencore_TSFs_190614.pdf
778,Bolivar Mine,Bolivar (Queaqueani),Glencore,Bolivia,-18.465,-66.873611,Active,2006.0,2600000.0,5500000.0,Extreme,Global Tailing Dam [https://www.grida.no/publications/472],https://www.glencore.com/dam/jcr:58e3d8ff-97c1-422f-8d31-dd2fee89fcc3/Glencore_TSFs_190614.pdf
779,Don Diego Mine,"Don Diego 1,2,3",Glencore,Bolivia,-19.5,-65.599722,Inactive,1978.0,400000.0,400000.0,Low,Global Tailing Dam [https://www.grida.no/publications/472],https://www.glencore.com/dam/jcr:58e3d8ff-97c1-422f-8d31-dd2fee89fcc3/Glencore_TSFs_190614.pdf
780,Don Diego Mine,Don Diego (Chilimoco),Glencore,Bolivia,-19.511111,-65.610278,Active,2003.0,1900000.0,3650000.0,Extreme,Global Tailing Dam [https://www.grida.no/publications/472],https://www.glencore.com/dam/jcr:58e3d8ff-97c1-422f-8d31-dd2fee89fcc3/Glencore_TSFs_190614.pdf
781,Don Diego Mine,Don Diego (Yana Khasa),Glencore,Bolivia,-19.496111,-65.598056,Inactive,1993.0,1600000.0,1600000.0,High,Global Tailing Dam [https://www.grida.no/publications/472],https://www.glencore.com/dam/jcr:58e3d8ff-97c1-422f-8d31-dd2fee89fcc3/Glencore_TSFs_190614.pdf
782,Porco Mine,Porco (Dique 1),Glencore,Bolivia,-19.775,-65.976667,Inactive,1978.0,740000.0,740000.0,Significant,Global Tailing Dam [https://www.grida.no/publications/472],https://www.glencore.com/dam/jcr:58e3d8ff-97c1-422f-8d31-dd2fee89fcc3/Glencore_TSFs_190614.pdf
783,Porco Mine,Porco (Dique 2),Glencore,Bolivia,-19.774142,-66.978325,Inactive,1978.0,190000.0,190000.0,Significant,Global Tailing Dam [https://www.grida.no/publications/472],https://www.glencore.com/dam/jcr:58e3d8ff-97c1-422f-8d31-dd2fee89fcc3/Glencore_TSFs_190614.pdf
784,Porco Mine,Porco (Dique 3),Glencore,Bolivia,-19.776442,-65.976367,Inactive,1978.0,90000.0,90000.0,Significant,Global Tailing Dam [https://www.grida.no/publications/472],https://www.glencore.com/dam/jcr:58e3d8ff-97c1-422f-8d31-dd2fee89fcc3/Glencore_TSFs_190614.pdf
785,Porco Mine,Porco (Dique 4),Glencore,Bolivia,-19.776308,-66.973733,Inactive,1982.0,250000.0,250000.0,Significant,Global Tailing Dam [https://www.grida.no/publications/472],https://www.glencore.com/dam/jcr:58e3d8ff-97c1-422f-8d31-dd2fee89fcc3/Glencore_TSFs_190614.pdf
786,Porco Mine,Porco (Dique 5),Glencore,Bolivia,-19.77605,-66.971014,Inactive,1987.0,130000.0,130000.0,Significant,Global Tailing Dam [https://www.grida.no/publications/472],https://www.glencore.com/dam/jcr:58e3d8ff-97c1-422f-8d31-dd2fee89fcc3/Glencore_TSFs_190614.pdf
787,Porco Mine,Porco (Dique A),Glencore,Bolivia,-19.789444,-65.982778,Inactive,1991.0,250000.0,250000.0,Significant,Global Tailing Dam [https://www.grida.no/publications/472],https://www.glencore.com/dam/jcr:58e3d8ff-97c1-422f-8d31-dd2fee89fcc3/Glencore_TSFs_190614.pdf
788,Porco Mine,Porco (Dique B),Glencore,Bolivia,-19.786389,-65.983056,Inactive,1993.0,290000.0,290000.0,Significant,Global Tailing Dam [https://www.grida.no/publications/472],https://www.glencore.com/dam/jcr:58e3d8ff-97c1-422f-8d31-dd2fee89fcc3/Glencore_TSFs_190614.pdf
789,Porco Mine,Porco (Dique C),Glencore,Bolivia,-19.786389,-65.983056,Inactive,1996.0,1000000.0,1000000.0,Low,Global Tailing Dam [https://www.grida.no/publications/472],https://www.glencore.com/dam/jcr:58e3d8ff-97c1-422f-8d31-dd2fee89fcc3/Glencore_TSFs_190614.pdf
790,Porco Mine,Porco (Dique D),Glencore,Bolivia,-19.782778,-66.007778,Active,1998.0,5200000.0,8530000.0,Extreme,Global Tailing Dam [https://www.grida.no/publications/472],https://www.glencore.com/dam/jcr:58e3d8ff-97c1-422f-8d31-dd2fee89fcc3/Glencore_TSFs_190614.pdf
1441,San Vicente,San Vicente,Pan American Silver,Bolivia,-21.27,-66.33,Active,2008.0,2200000.0,3400000.0,Significant,Global Tailing Dam [https://www.grida.no/publications/472],https://panamericansilver.com/sustainabilityreport2018/wp-content/uploads/2019/06/PAAS-Tailings-Facility-Factsheet-2019-Final.pdf
1414,Omarska,Gradina Lake TSF,ArcelorMittal,Bosnia,44.846706,16.910936,Inactive,1985.0,8000000.0,8000000.0,Extreme,Global Tailing Dam [https://www.grida.no/publications/472],https://drive.google.com/file/d/1Pj-UZaWctl9i0lKc4XpjybSoT9CN74tb/view
1415,Omarska,Jezero TSF,ArcelorMittal,Bosnia,44.867731,16.875692,Active,2015.0,25400000.0,,Very High,Global Tailing Dam [https://www.grida.no/publications/472],https://drive.google.com/file/d/1Pj-UZaWctl9i0lKc4XpjybSoT9CN74tb/view
130,Damtshaa,Damtshaa CRD,Anglo American,Botswana,-21.310278,25.541944,Active,2002.0,12000000.0,5200000.0,High,Global Tailing Dam [https://www.grida.no/publications/472],https://www.angloamerican.com/sustainability/tailings-summary/tailings-database?page=5
124,Damtshaa,Damtshaa FRD,Anglo American,Botswana,-21.306858,25.547167,Active,2002.0,4100000.0,5900000.0,High,Global Tailing Dam [https://www.grida.no/publications/472],https://www.angloamerican.com/sustainability/tailings-summary/tailings-database?page=5
125,Jwaneng,Jwaneng FRD 1 5,Anglo American,Botswana,-24.540556,24.68,Inactive,1981.0,49100000.0,49100000.0,High,Global Tailing Dam [https://www.grida.no/publications/472],https://www.angloamerican.com/sustainability/tailings-summary/tailings-database?page=5
126,Jwaneng,Jwaneng FRD 7,Anglo American,Botswana,-24.527222,24.664722,Active,1998.0,35800000.0,48600000.0,Major,Global Tailing Dam [https://www.grida.no/publications/472],https://www.angloamerican.com/sustainability/tailings-summary/tailings-database?page=5
127,Jwaneng,Jwaneng FRD 8,Anglo American,Botswana,-24.552222,24.667778,Active,2003.0,35800000.0,48000000.0,Major,Global Tailing Dam [https://www.grida.no/publications/472],https://www.angloamerican.com/sustainability/tailings-summary/tailings-database?page=5
128,Jwaneng,Jwaneng JMP CRD,Anglo American,Botswana,-24.551389,24.703056,Active,2014.0,300000.0,3600000.0,High,Global Tailing Dam [https://www.grida.no/publications/472],https://www.angloamerican.com/sustainability/tailings-summary/tailings-database?page=5
129,Jwaneng,Jwaneng RP CRD,Anglo American,Botswana,-24.566667,24.688889,Active,1982.0,37500000.0,23400000.0,High,Global Tailing Dam [https://www.grida.no/publications/472],https://www.angloamerican.com/sustainability/tailings-summary/tailings-database?page=5
123,Lethlakane,Lethlakane Slimes dams,Anglo American,Botswana,-21.505293,25.696985,Active,1976.0,19700000.0,28100000.0,Moderate,Global Tailing Dam [https://www.grida.no/publications/472],https://www.angloamerican.com/sustainability/tailings-summary/tailings-database?page=5
131,Letlhakane,Letlhakane -LTP CRD,Anglo American,Botswana,-21.512222,25.694444,Active,2016.0,5000000.0,12500000.0,High,Global Tailing Dam [https://www.grida.no/publications/472],https://www.angloamerican.com/sustainability/tailings-summary/tailings-database?page=5
122,Orapa,Orapa FRD 4,Anglo American,Botswana,-21.296039,25.379076,Active,2019.0,96300.0,28600000.0,Major,Global Tailing Dam [https://www.grida.no/publications/472],https://www.angloamerican.com/sustainability/tailings-summary/tailings-database?page=5
132,Orapa,Orapa Plant 1 CRD,Anglo American,Botswana,-21.302778,25.402778,Active,1971.0,52400000.0,18600000.0,Major,Global Tailing Dam [https://www.grida.no/publications/472],https://www.angloamerican.com/sustainability/tailings-summary/tailings-database?page=5
119,Orapa,"Orapa Plant 1 Old Slimes dams (A, B, C, D paddocks)",Anglo American,Botswana,-21.296039,25.379076,Active,1971.0,28800000.0,28900000.0,Minor,Global Tailing Dam [https://www.grida.no/publications/472],https://www.angloamerican.com/sustainability/tailings-summary/tailings-database?page=5
133,Orapa,Orapa Plant 2 CRD,Anglo American,Botswana,-21.301111,25.398056,Active,2000.0,11900000.0,18000000.0,High,Global Tailing Dam [https://www.grida.no/publications/472],https://www.angloamerican.com/sustainability/tailings-summary/tailings-database?page=5
120,Orapa,Orapa Plant 2 FRD 1,Anglo American,Botswana,-21.296039,25.379076,Inactive,1998.0,17600000.0,17600000.0,Major,Global Tailing Dam [https://www.grida.no/publications/472],https://www.angloamerican.com/sustainability/tailings-summary/tailings-database?page=5
121,Orapa,Orapa Plant 2 FRD 2,Anglo American,Botswana,-21.296039,25.379076,Inactive,2004.0,93100000.0,93100000.0,Major,Global Tailing Dam [https://www.grida.no/publications/472],https://www.angloamerican.com/sustainability/tailings-summary/tailings-database?page=5
501,Alumar,Interface 2/3 (23Ha),Alcoa,Brazil,-2.727,-44.313,Inactive,2016.0,1000000.0,1000000.0,Significant,Global Tailing Dam [https://www.grida.no/publications/472],https://www.alcoa.com/sustainability/en/pdf/impoundments-introduction.pdf
502,Alumar,RSA 1,Alcoa,Brazil,-2.73,-44.317,Closed,1984.0,2400000.0,2400000.0,Low,Global Tailing Dam [https://www.grida.no/publications/472],https://www.alcoa.com/sustainability/en/pdf/impoundments-introduction.pdf
503,Alumar,RSA 2,Alcoa,Brazil,-2.726,-44.315,Closed,1990.0,5138000.0,5138000.0,Significant,Global Tailing Dam [https://www.grida.no/publications/472],https://www.alcoa.com/sustainability/en/pdf/impoundments-introduction.pdf
504,Alumar,RSA 3,Alcoa,Brazil,-2.728,-44.312,Closed,1997.0,6100000.0,6100000.0,Significant,Global Tailing Dam [https://www.grida.no/publications/472],https://www.alcoa.com/sustainability/en/pdf/impoundments-introduction.pdf
505,Alumar,RSA 4,Alcoa,Brazil,-2.724,-44.307,Inactive,2005.0,8300000.0,8300000.0,High,Global Tailing Dam [https://www.grida.no/publications/472],https://www.alcoa.com/sustainability/en/pdf/impoundments-introduction.pdf
506,Alumar,RSA 5,Alcoa,Brazil,-2.718,-44.303,Inactive,2011.0,11000000.0,11000000.0,Significant,Global Tailing Dam [https://www.grida.no/publications/472],https://www.alcoa.com/sustainability/en/pdf/impoundments-introduction.pdf
507,Alumar,RSA 6,Alcoa,Brazil,-2.726,-44.302,Active,2017.0,5050000.0,5100000.0,Very High,Global Tailing Dam [https://www.grida.no/publications/472],https://www.alcoa.com/sustainability/en/pdf/impoundments-introduction.pdf
508,Alumar,RSA 7,Alcoa,Brazil,-2.723,-44.298,Active,2019.0,3460000.0,4000000.0,High,Global Tailing Dam [https://www.grida.no/publications/472],https://www.alcoa.com/sustainability/en/pdf/impoundments-introduction.pdf
538,Pocos,Cell1 (17Ha),Alcoa,Brazil,-21.854,-46.582,Active,2011.0,588557.0,3683333.333,Very High,Global Tailing Dam [https://www.grida.no/publications/472],https://www.alcoa.com/sustainability/en/pdf/impoundments-introduction.pdf
539,Pocos,Cell2 (13Ha),Alcoa,Brazil,-21.854,-46.581,Active,2014.0,941690.0,3683333.333,Very High,Global Tailing Dam [https://www.grida.no/publications/472],https://www.alcoa.com/sustainability/en/pdf/impoundments-introduction.pdf
540,Pocos,Cell3 (11Ha),Alcoa,Brazil,-21.858,-46.577,Active,2015.0,407000.0,3683333.333,Very High,Global Tailing Dam [https://www.grida.no/publications/472],https://www.alcoa.com/sustainability/en/pdf/impoundments-introduction.pdf
541,Pocos,RSA 1,Alcoa,Brazil,-21.858,-46.577,Inactive,1970.0,682000.0,682000.0,Significant,Global Tailing Dam [https://www.grida.no/publications/472],https://www.alcoa.com/sustainability/en/pdf/impoundments-introduction.pdf
542,Pocos,RSA 3,Alcoa,Brazil,-21.854,-46.581,Inactive,1980.0,1800000.0,1800000.0,Very High,Global Tailing Dam [https://www.grida.no/publications/472],https://www.alcoa.com/sustainability/en/pdf/impoundments-introduction.pdf
543,Pocos,RSA 4,Alcoa,Brazil,-21.851,-46.586,Inactive,1990.0,898000.0,898000.0,Significant,Global Tailing Dam [https://www.grida.no/publications/472],https://www.alcoa.com/sustainability/en/pdf/impoundments-introduction.pdf
544,Pocos,RSA 5,Alcoa,Brazil,-21.856,-46.585,Inactive,1994.0,1225000.0,1225000.0,Significant,Global Tailing Dam [https://www.grida.no/publications/472],https://www.alcoa.com/sustainability/en/pdf/impoundments-introduction.pdf
545,Pocos,RSA 6,Alcoa,Brazil,-21.862,-46.579,Inactive,1998.0,405000.0,405000.0,Significant,Global Tailing Dam [https://www.grida.no/publications/472],https://www.alcoa.com/sustainability/en/pdf/impoundments-introduction.pdf
546,Pocos,RSA 6A,Alcoa,Brazil,-21.861,-46.582,Inactive,2000.0,1050000.0,1050000.0,Significant,Global Tailing Dam [https://www.grida.no/publications/472],https://www.alcoa.com/sustainability/en/pdf/impoundments-introduction.pdf
547,Pocos,RSA 7,Alcoa,Brazil,-21.864,-46.578,Inactive,2003.0,1922000.0,1922000.0,Significant,Global Tailing Dam [https://www.grida.no/publications/472],https://www.alcoa.com/sustainability/en/pdf/impoundments-introduction.pdf
548,Pocos,RSA 8,Alcoa,Brazil,-21.862,-46.586,Inactive,2008.0,1510000.0,1510000.0,High,Global Tailing Dam [https://www.grida.no/publications/472],https://www.alcoa.com/sustainability/en/pdf/impoundments-introduction.pdf
509,Juruti,LD1 - Disposal Pond 1,Alcoa,Brazil,-2.5,-56.17,Inactive,2011.0,2800000.0,2800000.0,Medium,Global Tailing Dam [https://www.grida.no/publications/472],https://www.alcoa.com/sustainability/en/pdf/impoundments-introduction.pdf
510,Juruti,LD2 - Disposal Pond 2,Alcoa,Brazil,-2.497,-56.172,Inactive,2011.0,2900000.0,2900000.0,Medium,Global Tailing Dam [https://www.grida.no/publications/472],https://www.alcoa.com/sustainability/en/pdf/impoundments-introduction.pdf
511,Juruti,LD3 - Disposal Pond 3,Alcoa,Brazil,-2.495,-56.18,Active,2014.0,5470000.0,5520000.0,Medium,Global Tailing Dam [https://www.grida.no/publications/472],https://www.alcoa.com/sustainability/en/pdf/impoundments-introduction.pdf
512,Juruti,LD4 - Disposal Pond 4,Alcoa,Brazil,-2.484,-56.182,Active,2017.0,2320000.0,2360000.0,Low,Global Tailing Dam [https://www.grida.no/publications/472],https://www.alcoa.com/sustainability/en/pdf/impoundments-introduction.pdf
513,Juruti,LD5 - Disposal Pond 5,Alcoa,Brazil,-2.488,-56.193,Active,2019.0,50000.0,3450000.0,Low,Global Tailing Dam [https://www.grida.no/publications/472],https://www.alcoa.com/sustainability/en/pdf/impoundments-introduction.pdf
514,Juruti,LE - Thickening Pond,Alcoa,Brazil,-2.502,-56.174,Active,2009.0,4200000.0,4200000.0,Medium,Global Tailing Dam [https://www.grida.no/publications/472],https://www.alcoa.com/sustainability/en/pdf/impoundments-introduction.pdf
515,MRN,SP-01,Alcoa,Brazil,-1.683,-56.418,Inactive,1989.0,2360000.0,2900000.0,High,Global Tailing Dam [https://www.grida.no/publications/472],https://www.alcoa.com/sustainability/en/pdf/impoundments-introduction.pdf
521,MRN,SP-06,Alcoa,Brazil,-1.677,-56.425,Inactive,1999.0,360995.0,500000.0,High,Global Tailing Dam [https://www.grida.no/publications/472],https://www.alcoa.com/sustainability/en/pdf/impoundments-introduction.pdf
525,MRN,SP-08,Alcoa,Brazil,-1.673,-56.452,Active,2004.0,13208849.0,14740000.0,High,Global Tailing Dam [https://www.grida.no/publications/472],https://www.alcoa.com/sustainability/en/pdf/impoundments-introduction.pdf
526,MRN,SP-09,Alcoa,Brazil,-1.674,-56.461,Active,2005.0,8784264.0,11160000.0,High,Global Tailing Dam [https://www.grida.no/publications/472],https://www.alcoa.com/sustainability/en/pdf/impoundments-introduction.pdf
528,MRN,SP-10,Alcoa,Brazil,-1.683,-56.453,Active,2007.0,7635622.0,8300000.0,High,Global Tailing Dam [https://www.grida.no/publications/472],https://www.alcoa.com/sustainability/en/pdf/impoundments-introduction.pdf
529,MRN,SP-11,Alcoa,Brazil,-1.683,-56.462,Active,2008.0,6973841.0,7800000.0,HIgh,Global Tailing Dam [https://www.grida.no/publications/472],https://www.alcoa.com/sustainability/en/pdf/impoundments-introduction.pdf
530,MRN,SP-12,Alcoa,Brazil,-1.686,-56.469,Active,2009.0,5142315.0,6000000.0,Medium,Global Tailing Dam [https://www.grida.no/publications/472],https://www.alcoa.com/sustainability/en/pdf/impoundments-introduction.pdf
531,MRN,SP-13,Alcoa,Brazil,-1.694,-56.467,Active,2010.0,2107976.0,3200000.0,Medium,Global Tailing Dam [https://www.grida.no/publications/472],https://www.alcoa.com/sustainability/en/pdf/impoundments-introduction.pdf
532,MRN,SP-14,Alcoa,Brazil,-1.699,-56.47,Active,2011.0,3183475.0,3750000.0,Medium,Global Tailing Dam [https://www.grida.no/publications/472],https://www.alcoa.com/sustainability/en/pdf/impoundments-introduction.pdf
533,MRN,SP-15,Alcoa,Brazil,-1.699,-56.475,Active,2013.0,3888543.0,5900000.0,Medium,Global Tailing Dam [https://www.grida.no/publications/472],https://www.alcoa.com/sustainability/en/pdf/impoundments-introduction.pdf
534,MRN,SP-16,Alcoa,Brazil,-1.687,-56.479,Active,2017.0,3488192.0,9500000.0,High,Global Tailing Dam [https://www.grida.no/publications/472],https://www.alcoa.com/sustainability/en/pdf/impoundments-introduction.pdf
535,MRN,SP-19,Alcoa,Brazil,-1.681,-56.468,Active,2019.0,728881.0,1720000.0,High,Global Tailing Dam [https://www.grida.no/publications/472],https://www.alcoa.com/sustainability/en/pdf/impoundments-introduction.pdf
516,MRN,SP-2/3,Alcoa,Brazil,-1.684,-56.403,Inactive,1990.0,6358035.0,7450000.0,High,Global Tailing Dam [https://www.grida.no/publications/472],https://www.alcoa.com/sustainability/en/pdf/impoundments-introduction.pdf
517,MRN,SP-4N,Alcoa,Brazil,-1.685,-56.427,Inactive,1995.0,6955000.0,7600000.0,High,Global Tailing Dam [https://www.grida.no/publications/472],https://www.alcoa.com/sustainability/en/pdf/impoundments-introduction.pdf
518,MRN,SP-4S,Alcoa,Brazil,-1.691,-56.427,Inactive,1995.0,5567000.0,6100000.0,Medium,Global Tailing Dam [https://www.grida.no/publications/472],https://www.alcoa.com/sustainability/en/pdf/impoundments-introduction.pdf
519,MRN,SP-5L,Alcoa,Brazil,-1.683,-56.437,Inactive,1997.0,6431510.0,7100000.0,Medium,Global Tailing Dam [https://www.grida.no/publications/472],https://www.alcoa.com/sustainability/en/pdf/impoundments-introduction.pdf
520,MRN,SP-5O,Alcoa,Brazil,-1.684,-56.445,Inactive,1997.0,8364069.0,8700000.0,Medium,Global Tailing Dam [https://www.grida.no/publications/472],https://www.alcoa.com/sustainability/en/pdf/impoundments-introduction.pdf
522,MRN,SP-7A,Alcoa,Brazil,-1.672,-56.434,Inactive,2001.0,3764696.0,4200000.0,Medium,Global Tailing Dam [https://www.grida.no/publications/472],https://www.alcoa.com/sustainability/en/pdf/impoundments-introduction.pdf
523,MRN,SP-7B,Alcoa,Brazil,-1.67,-56.44,Inactive,2002.0,6144140.0,6690000.0,Medium,Global Tailing Dam [https://www.grida.no/publications/472],https://www.alcoa.com/sustainability/en/pdf/impoundments-introduction.pdf
524,MRN,SP-7C,Alcoa,Brazil,-1.669,-56.445,Inactive,2003.0,8293330.0,9040000.0,Medium,Global Tailing Dam [https://www.grida.no/publications/472],https://www.alcoa.com/sustainability/en/pdf/impoundments-introduction.pdf
527,MRN,SP-9A,Alcoa,Brazil,-1.668,-56.462,Active,2006.0,2166306.0,2440000.0,Medium,Global Tailing Dam [https://www.grida.no/publications/472],https://www.alcoa.com/sustainability/en/pdf/impoundments-introduction.pdf
536,MRN,TP-01,Alcoa,Brazil,-1.683,-56.411,Inactive,1988.0,3480000.0,5000000.0,High,Global Tailing Dam [https://www.grida.no/publications/472],https://www.alcoa.com/sustainability/en/pdf/impoundments-introduction.pdf
537,MRN,TP-02,Alcoa,Brazil,-1.676,-56.437,Active,2002.0,5470000.0,8500000.0,High,Global Tailing Dam [https://www.grida.no/publications/472],https://www.alcoa.com/sustainability/en/pdf/impoundments-introduction.pdf
1422,Tailing Volte Grande,Tailing Volte Grande 1,AMG Mining,Brazil,-21.086111,-44.587472,Inactive Care and Maintenance,2001.0,658.0,0.0,High,Global Tailing Dam [https://www.grida.no/publications/472],https://sustainability.amg-nv.com/images/AMG_MiningTailingsDisclosureTable.pdf
1423,Tailing Volte Grande,Tailing Volte Grande 2,AMG Mining,Brazil,-21.088278,-44.58825,Inactive Care and Maintenance,2012.0,1258000.0,0.0,High,Global Tailing Dam [https://www.grida.no/publications/472],https://sustainability.amg-nv.com/images/AMG_MiningTailingsDisclosureTable.pdf
1424,Tailing Volte Grande,Tailing Volte Grande 3,AMG Mining,Brazil,-21.075556,-44.590056,Active,2018.0,264000.0,511000.0,Medium,Global Tailing Dam [https://www.grida.no/publications/472],https://sustainability.amg-nv.com/images/AMG_MiningTailingsDisclosureTable.pdf
73,Barro Alto,Slag Pile No. 1,Anglo American,Brazil,-15.089444,-48.338056,Active,2009.0,7400000.0,1260000.0,High,Global Tailing Dam [https://www.grida.no/publications/472],https://www.angloamerican.com/sustainability/tailings-summary/tailings-database?page=5
68,Codemin,Codemin: Dust Reservoir No 1,Anglo American,Brazil,-14.149444,-48.341944,Active,1982.0,487891.0,500000.0,Low,Global Tailing Dam [https://www.grida.no/publications/472],https://www.angloamerican.com/sustainability/tailings-summary/tailings-database?page=5
69,Codemin,Codemin: Dust Reservoir No 3,Anglo American,Brazil,-14.147222,-48.341944,Active,1982.0,128596.0,130000.0,Low,Global Tailing Dam [https://www.grida.no/publications/472],https://www.angloamerican.com/sustainability/tailings-summary/tailings-database?page=5
70,Codemin,Codemin: Dust Reservoir No 3,Anglo American,Brazil,-14.153611,-48.343333,Active,1990.0,43445.0,43000.0,Low,Global Tailing Dam [https://www.grida.no/publications/472],https://www.angloamerican.com/sustainability/tailings-summary/tailings-database?page=5
71,Codemin,Codemin: Slag Pile No. 1,Anglo American,Brazil,-14.151111,-48.345556,Inactive,1975.0,3500000.0,0.0,Moderate,Global Tailing Dam [https://www.grida.no/publications/472],https://www.angloamerican.com/sustainability/tailings-summary/tailings-database?page=5
72,Codemin,Codemin: Slag Pile No. 2,Anglo American,Brazil,-14.157222,-48.343333,Active,2002.0,3800000.0,2000000.0,High,Global Tailing Dam [https://www.grida.no/publications/472],https://www.angloamerican.com/sustainability/tailings-summary/tailings-database?page=5
67,Minas Rio,Serro da Sapo Tailings Dam,Anglo American,Brazil,-18.860833,-43.404722,Active,2014.0,43000000.0,135000000.0,Major,Global Tailing Dam [https://www.grida.no/publications/472],https://www.angloamerican.com/sustainability/tailings-summary/tailings-database?page=5
832,Corrego do Sitio,CdS II TSF,AngloGold Ashanti,Brazil,-19.983086,-43.472092,Active,1986.0,8600000.0,9670000.0,High,Global Tailing Dam [https://www.grida.no/publications/472],https://thevault.exchange/?get_group_doc=143/1560011239-AngloGoldAshantiMineTailingsDisclosurecertifiedbytheChairmanandChiefExecutiveOfficer.pdf
833,Corrego do Sitio,Fines Dam,AngloGold Ashanti,Brazil,-20.0191,-43.493858,Active,1987.0,260000.0,260000.0,High,Global Tailing Dam [https://www.grida.no/publications/472],https://thevault.exchange/?get_group_doc=143/1560011239-AngloGoldAshantiMineTailingsDisclosurecertifiedbytheChairmanandChiefExecutiveOfficer.pdf
834,Cuiaba,Cuiaba TSF,AngloGold Ashanti,Brazil,-19.869003,-43.726694,Active,2006.0,7610000.0,10000000.0,High,Global Tailing Dam [https://www.grida.no/publications/472],https://thevault.exchange/?get_group_doc=143/1560011239-AngloGoldAshantiMineTailingsDisclosurecertifiedbytheChairmanandChiefExecutiveOfficer.pdf
835,Cuiaba,Open Pit Backfill,AngloGold Ashanti,Brazil,-19.864328,-43.746994,Active,2008.0,1400000.0,2700000.0,High,Global Tailing Dam [https://www.grida.no/publications/472],https://thevault.exchange/?get_group_doc=143/1560011239-AngloGoldAshantiMineTailingsDisclosurecertifiedbytheChairmanandChiefExecutiveOfficer.pdf
836,Queiroz,Calcinados,AngloGold Ashanti,Brazil,-19.961906,-43.839564,Active,1986.0,2970000.0,3205000.0,High,Global Tailing Dam [https://www.grida.no/publications/472],https://thevault.exchange/?get_group_doc=143/1560011239-AngloGoldAshantiMineTailingsDisclosurecertifiedbytheChairmanandChiefExecutiveOfficer.pdf
837,Queiroz,Cocoruto,AngloGold Ashanti,Brazil,-19.974481,-43.831208,Active,1983.0,4240000.0,4240000.0,High,Global Tailing Dam [https://www.grida.no/publications/472],https://thevault.exchange/?get_group_doc=143/1560011239-AngloGoldAshantiMineTailingsDisclosurecertifiedbytheChairmanandChiefExecutiveOfficer.pdf
838,Queiroz,Rapaunha,AngloGold Ashanti,Brazil,-19.965033,-43.84335,Active,1983.0,13700000.0,13700000.0,High,Global Tailing Dam [https://www.grida.no/publications/472],https://thevault.exchange/?get_group_doc=143/1560011239-AngloGoldAshantiMineTailingsDisclosurecertifiedbytheChairmanandChiefExecutiveOfficer.pdf
839,Mina Serra Grande,MSG TSF,AngloGold Ashanti,Brazil,-14.561789,-49.957942,Active,1990.0,14100000.0,20300000.0,High,Global Tailing Dam [https://www.grida.no/publications/472],https://thevault.exchange/?get_group_doc=143/1560011239-AngloGoldAshantiMineTailingsDisclosurecertifiedbytheChairmanandChiefExecutiveOfficer.pdf
1399,Serra Azul,Serra Azul Dry Stack,ArcelorMittal,Brazil,-20.138083,-44.40203,Active,2012.0,3080000.0,1000000.0,Class 2 Low,Global Tailing Dam [https://www.grida.no/publications/472],https://drive.google.com/file/d/1Pj-UZaWctl9i0lKc4XpjybSoT9CN74tb/view
1400,Serra Azul,Serra Azul In Pit,ArcelorMittal,Brazil,-20.130803,-44.402878,Active,2015.0,500000.0,,N/A,Global Tailing Dam [https://www.grida.no/publications/472],https://drive.google.com/file/d/1Pj-UZaWctl9i0lKc4XpjybSoT9CN74tb/view
1398,Serra Azul,Serra Azul TSF,ArcelorMittal,Brazil,-20.137873,-44.395068,Closed,1987.0,5800000.0,5800000.0,Class 3 High,Global Tailing Dam [https://www.grida.no/publications/472],https://drive.google.com/file/d/1Pj-UZaWctl9i0lKc4XpjybSoT9CN74tb/view
650,Samarco-Germano,Main Dam,BHP Group,Brazil,-20.21811,-43.465195,Inactive,1977.0,129600000.0,129600000.0,High,Global Tailing Dam [https://www.grida.no/publications/472],https://www.bhp.com/-/media/documents/environment/2019/190607_coe.pdf?la=en
651,Samarco-Germano,Pit Dam,BHP Group,Brazil,-20.193637,-43.491281,Inactive,2001.0,16600000.0,16600000.0,High,Global Tailing Dam [https://www.grida.no/publications/472],https://www.bhp.com/-/media/documents/environment/2019/190607_coe.pdf?la=en
1675,Aurizona Gold Mine,Vene Tailings Storage Facility,Equinox Gold,Brazil,-1.302269,-45.761897,Active,2010.0,5127605.0,25286991.0,Very High,Global Tailing Dam [https://www.grida.no/publications/472],https://www.equinoxgold.com/_resources/investors/TSF%20Disclosure.pdf
1529,MCSA Mining Complex,Historic Tailings Dam,ERO COPPER,Brazil,-9.851139,-39.826583,Rehabilitated,1980.0,45400000.0,0.0, Medium,Global Tailing Dam [https://www.grida.no/publications/472],https://www.erocopper.com/site/assets/files/5177/ero_copper_tailings_management_table_vf.pdf
1531,MCSA Mining Complex,R22 Open Pit,ERO COPPER,Brazil,-9.852937,-39.871314,Closed,2011.0,2316736.0,0.0,Low,Global Tailing Dam [https://www.grida.no/publications/472],https://www.erocopper.com/site/assets/files/5177/ero_copper_tailings_management_table_vf.pdf
1530,MCSA Mining Complex,South Pilar Open Pit,ERO COPPER,Brazil,-9.874717,-39.870499,Active,2012.0,670827.0,3280000.0,Low,Global Tailing Dam [https://www.grida.no/publications/472],https://www.erocopper.com/site/assets/files/5177/ero_copper_tailings_management_table_vf.pdf
1528,MCSA Mining Complex,Tailings Co-Disposal,ERO COPPER,Brazil,-9.855353,-39.865111,Active,2015.0,5588893.0,2200000.0,Low,Global Tailing Dam [https://www.grida.no/publications/472],https://www.erocopper.com/site/assets/files/5177/ero_copper_tailings_management_table_vf.pdf
1533,NX Gold Mining Complex,Inert Tailings Dam - pond 2,ERO COPPER,Brazil,-14.638944,-52.498611,Active,2012.0,89500.0,360000.0,low,Global Tailing Dam [https://www.grida.no/publications/472],https://www.erocopper.com/site/assets/files/5177/ero_copper_tailings_management_table_vf.pdf
1534,NX Gold Mining Complex,Inert Tailings Dam Pond 3,ERO COPPER,Brazil,-14.638944,-52.498611,Active,2012.0,0.0,360000.0,Low,Global Tailing Dam [https://www.grida.no/publications/472],https://www.erocopper.com/site/assets/files/5177/ero_copper_tailings_management_table_vf.pdf
1532,NX Gold Mining Complex,Non-Inert Tailings Dam pond 1,ERO COPPER,Brazil,-14.64075,-52.496944,Active,2012.0,277659.0,16000.0,Medium,Global Tailing Dam [https://www.grida.no/publications/472],https://www.erocopper.com/site/assets/files/5177/ero_copper_tailings_management_table_vf.pdf
1470,MRN,MRN - SP-01,Hydro,Brazil,-1.683217,-56.417983,Inactive,1989.0,2360000.0,2900000.0,High,Global Tailing Dam [https://www.grida.no/publications/472],https://www.hydro.com/Document/Index?name=Paragominas-June2019.xlsx&id=73086
1476,MRN,MRN - SP-06,Hydro,Brazil,-1.677467,-56.42485,Inactive,1999.0,360995.0,500000.0,High,Global Tailing Dam [https://www.grida.no/publications/472],https://www.hydro.com/Document/Index?name=Paragominas-June2019.xlsx&id=73086
1480,MRN,MRN - SP-08,Hydro,Brazil,-1.673133,-56.452567,Active,2004.0,13208849.0,14740000.0,High,Global Tailing Dam [https://www.grida.no/publications/472],https://www.hydro.com/Document/Index?name=Paragominas-June2019.xlsx&id=73086
1481,MRN,MRN - SP-09,Hydro,Brazil,-1.674583,-56.460983,Active,2005.0,8784264.0,11160000.0,High,Global Tailing Dam [https://www.grida.no/publications/472],https://www.hydro.com/Document/Index?name=Paragominas-June2019.xlsx&id=73086
1483,MRN,MRN - SP-10,Hydro,Brazil,-1.68325,-56.452983,Active,2007.0,7635622.0,8300000.0,High,Global Tailing Dam [https://www.grida.no/publications/472],https://www.hydro.com/Document/Index?name=Paragominas-June2019.xlsx&id=73086
1484,MRN,MRN - SP-11,Hydro,Brazil,-1.683133,-56.462717,Active,2008.0,6973841.0,7800000.0,High,Global Tailing Dam [https://www.grida.no/publications/472],https://www.hydro.com/Document/Index?name=Paragominas-June2019.xlsx&id=73086
1485,MRN,MRN - SP-12,Hydro,Brazil,-1.686483,-56.469067,Active,2009.0,5142315.0,6000000.0,Medium,Global Tailing Dam [https://www.grida.no/publications/472],https://www.hydro.com/Document/Index?name=Paragominas-June2019.xlsx&id=73086
1486,MRN,MRN - SP-13,Hydro,Brazil,-1.69405,-56.467833,Active,2010.0,2107976.0,3200000.0,Medium,Global Tailing Dam [https://www.grida.no/publications/472],https://www.hydro.com/Document/Index?name=Paragominas-June2019.xlsx&id=73086
1487,MRN,MRN - SP-14,Hydro,Brazil,-1.699183,-56.470183,Active,2011.0,3183475.0,3750000.0,Medium,Global Tailing Dam [https://www.grida.no/publications/472],https://www.hydro.com/Document/Index?name=Paragominas-June2019.xlsx&id=73086
1488,MRN,MRN - SP-15,Hydro,Brazil,-1.699167,-56.475033,Active,2013.0,3888543.0,5900000.0,Medium,Global Tailing Dam [https://www.grida.no/publications/472],https://www.hydro.com/Document/Index?name=Paragominas-June2019.xlsx&id=73086
1489,MRN,MRN - SP-16,Hydro,Brazil,-1.68735,-56.479617,Active,2017.0,3488192.0,9500000.0,High,Global Tailing Dam [https://www.grida.no/publications/472],https://www.hydro.com/Document/Index?name=Paragominas-June2019.xlsx&id=73086
1490,MRN,MRN - SP-19,Hydro,Brazil,-1.681783,-56.468767,Active,2019.0,728881.0,1720000.0,High,Global Tailing Dam [https://www.grida.no/publications/472],https://www.hydro.com/Document/Index?name=Paragominas-June2019.xlsx&id=73086
1471,MRN,MRN - SP-2/3,Hydro,Brazil,-1.68445,-56.4038,Inactive,1990.0,6358035.0,7450000.0,High,Global Tailing Dam [https://www.grida.no/publications/472],https://www.hydro.com/Document/Index?name=Paragominas-June2019.xlsx&id=73086
1472,MRN,MRN - SP-4N,Hydro,Brazil,-1.68515,-56.426833,Inactive,1995.0,6955000.0,7600000.0,High,Global Tailing Dam [https://www.grida.no/publications/472],https://www.hydro.com/Document/Index?name=Paragominas-June2019.xlsx&id=73086
1473,MRN,MRN - SP-4S,Hydro,Brazil,-1.691483,-56.427433,Inactive,1995.0,5567000.0,6100000.0,Medium,Global Tailing Dam [https://www.grida.no/publications/472],https://www.hydro.com/Document/Index?name=Paragominas-June2019.xlsx&id=73086
1474,MRN,MRN - SP-5L,Hydro,Brazil,-1.683483,-56.437533,Inactive,1997.0,6431510.0,7100000.0,High,Global Tailing Dam [https://www.grida.no/publications/472],https://www.hydro.com/Document/Index?name=Paragominas-June2019.xlsx&id=73086
1475,MRN,MRN - SP-5O,Hydro,Brazil,-1.68465,-56.444883,Inactive,1997.0,8364069.0,8700000.0,High,Global Tailing Dam [https://www.grida.no/publications/472],https://www.hydro.com/Document/Index?name=Paragominas-June2019.xlsx&id=73086
1477,MRN,MRN - SP-7A,Hydro,Brazil,-1.67215,-56.434317,Inactive,2001.0,3764696.0,4200000.0,Medium,Global Tailing Dam [https://www.grida.no/publications/472],https://www.hydro.com/Document/Index?name=Paragominas-June2019.xlsx&id=73086
1478,MRN,MRN - SP-7B,Hydro,Brazil,-1.670083,-56.4401,Inactive,2002.0,6144140.0,6690000.0,Medium,Global Tailing Dam [https://www.grida.no/publications/472],https://www.hydro.com/Document/Index?name=Paragominas-June2019.xlsx&id=73086
1479,MRN,MRN - SP-7C,Hydro,Brazil,-1.66985,-56.445067,Inactive,2003.0,8293330.0,9040000.0,Medium,Global Tailing Dam [https://www.grida.no/publications/472],https://www.hydro.com/Document/Index?name=Paragominas-June2019.xlsx&id=73086
1482,MRN,MRN - SP-9A,Hydro,Brazil,-1.66825,-56.462083,Active,2006.0,2166306.0,2440000.0,Medium,Global Tailing Dam [https://www.grida.no/publications/472],https://www.hydro.com/Document/Index?name=Paragominas-June2019.xlsx&id=73086
1491,MRN,MRN - TP-01,Hydro,Brazil,-1.683417,-56.410983,Inactive,1988.0,3480000.0,5000000.0,High,Global Tailing Dam [https://www.grida.no/publications/472],https://www.hydro.com/Document/Index?name=Paragominas-June2019.xlsx&id=73086
1492,MRN,MRN - TP-02,Hydro,Brazil,-1.676467,-56.437867,Active,2002.0,5470000.0,8500000.0,High,Global Tailing Dam [https://www.grida.no/publications/472],https://www.hydro.com/Document/Index?name=Paragominas-June2019.xlsx&id=73086
1468,Mineracao Paragominas, -B1 Dam,Hydro,Brazil,-3.265274,-47.753102,Active,2006.0,45300000.0,51500000.0,High,Global Tailing Dam [https://www.grida.no/publications/472],https://www.hydro.com/Document/Index?name=Paragominas-June2019.xlsx&id=73086
1469,Mineracao Paragominas,Dam RP 1,Hydro,Brazil,-3.264844,-47.721172,Active,2017.0,4800000.0,18800000.0,High,Global Tailing Dam [https://www.grida.no/publications/472],https://www.hydro.com/Document/Index?name=Paragominas-June2019.xlsx&id=73086
2887,Barcarena Plant,1A,Imerys,Brazil,-1.573381,-48.750691,Rehabilitated,1996.0,903007.0,1000000.0,"Medium, High, Class A",Global Tailing Dam [https://www.grida.no/publications/472],
2888,Barcarena Plant,1B,Imerys,Brazil,-1.573232,-48.752867,Rehabilitated,1996.0,295.0,300000.0,"Medium, High, Class A",Global Tailing Dam [https://www.grida.no/publications/472],
2889,Barcarena Plant,2,Imerys,Brazil,-1.574608,-48.756241,Rehabilitated,2001.0,1374638.0,1375000.0,"Medium, High, Class A",Global Tailing Dam [https://www.grida.no/publications/472],
2890,Barcarena Plant,3,Imerys,Brazil,-1.571755,-48.756973,Active,2006.0,760.0,760000.0,"Low, High, Class A",Global Tailing Dam [https://www.grida.no/publications/472],
2891,Barcarena Plant,4,Imerys,Brazil,-1.576538,-48.754533,Closed,2008.0,200000.0,200000.0,Low,Global Tailing Dam [https://www.grida.no/publications/472],
2892,Barcarena Plant,5A,Imerys,Brazil,-1.581166,-48.75139,Water Storage,2007.0,577277.0,,"Low, High, Class A",Global Tailing Dam [https://www.grida.no/publications/472],
2893,Barcarena Plant,5B,Imerys,Brazil,-1.581288,-48.749743,Water Storage,2007.0,278404.0,,"Low, High, Class A",Global Tailing Dam [https://www.grida.no/publications/472],
2894,Barcarena Plant,5C,Imerys,Brazil,-1.583597,-48.74985,Water Storage,2011.0,92357.0,,"Low, High, Class A",Global Tailing Dam [https://www.grida.no/publications/472],
2895,Barcarena Plant,6A,Imerys,Brazil,-1.582803,-48.745316,Active,2015.0,500.0,,"Low, High, Class A",Global Tailing Dam [https://www.grida.no/publications/472],
2897,Barcarena Plant,6B,Imerys,Brazil,-1.57938,-48.745924,Active,2019.0,940.0,,"Low, High, Class A",Global Tailing Dam [https://www.grida.no/publications/472],
2896,Barcarena Plant,Emergency Basin,Imerys,Brazil,-1.581499,-48.74554,Active,2015.0,130.0,,"Low, High, Class A",Global Tailing Dam [https://www.grida.no/publications/472],
2885,Barcerena Port,Port Impound B1,Imerys,Brazil,-1.577911,-48.775491,Closed,1995.0,135000.0,150000.0,Low,Global Tailing Dam [https://www.grida.no/publications/472],
2886,Barcerena Port,Port Impound B4,Imerys,Brazil,-1.580681,-48.773088,Closed,1996.0,102500.0,102500.0,Low,Global Tailing Dam [https://www.grida.no/publications/472],
2881,PPSA Mine,Impound B1,Imerys,Brazil,-2.833987,-47.908869,Closed,1995.0,300.0,300.0,Low,Global Tailing Dam [https://www.grida.no/publications/472],
2882,PPSA Mine,Impound B2,Imerys,Brazil,-2.824755,-47.877613,Closed,1996.0,250000.0,250000.0,Low,Global Tailing Dam [https://www.grida.no/publications/472],
2883,PPSA Mine,Impound BCA,Imerys,Brazil,-2.821371,-47.906896,Closed,1996.0,200.0,200.0,Low,Global Tailing Dam [https://www.grida.no/publications/472],
2884,PPSA Mine,Impound R4,Imerys,Brazil,-2.82361,-47.892423,Closed,2002.0,3090000.0,3100000.0,Low,Global Tailing Dam [https://www.grida.no/publications/472],
2878,RCC Mine,Corpo B,Imerys,Brazil,-2.398412,-47.831897,Inactive,2002.0,,,N/A,Global Tailing Dam [https://www.grida.no/publications/472],
2879,RCC Mine,Corpo C,Imerys,Brazil,-2.401875,-47.833741,Active,2005.0,,,N/A,Global Tailing Dam [https://www.grida.no/publications/472],
2880,RCC Mine,Corpo E,Imerys,Brazil,-2.376139,-47.850988,Active,2008.0,,,N/A,Global Tailing Dam [https://www.grida.no/publications/472],
1565,Paracatu gold mine,Paracatu Eustáquio TSF,Kinross Gold Corporation,Brazil,-17.155,-46.906,Active,2012.0,242000000.0,500000000.0,Extreme,Global Tailing Dam [https://www.grida.no/publications/472],https://s2.q4cdn.com/496390694/files/doc_downloads/2020/Kinross-Tailings-Management-Report-Website-Jan-2020.pdf
1566,Paracatu gold mine,Paracatu Santo Antônio TSF,Kinross Gold Corporation,Brazil,-17.151,-46.856,Inactive Care and Maintenance,1987.0,399000000.0,399000000.0,Extreme,Global Tailing Dam [https://www.grida.no/publications/472],https://s2.q4cdn.com/496390694/files/doc_downloads/2020/Kinross-Tailings-Management-Report-Website-Jan-2020.pdf
1567,Paracatu gold mine,Paracatu Specific Tank 12,Kinross Gold Corporation,Brazil,-17.18,-46.88,Active,2016.0,1700000.0,4200000.0,N/A,Global Tailing Dam [https://www.grida.no/publications/472],https://s2.q4cdn.com/496390694/files/doc_downloads/2020/Kinross-Tailings-Management-Report-Website-Jan-2020.pdf
1338,Chapada,Chapada Tailings Facility,Lundin Mining,Brazil,-14.217829,-49.403713,Active,2007.0,185000000.0,270000000.0,Class B,Global Tailing Dam [https://www.grida.no/publications/472],https://www.lundinmining.com/site/assets/files/3607/190705_-_lun_-_tailings_summary_and_fact_sheet.pdf
344,Alumar,Interface 2/3 (23Ha),Rio Tinto,Brazil,-2.727,-44.313,Inactive,2016.0,1000000.0,1000000.0,Significant,Global Tailing Dam [https://www.grida.no/publications/472],https://www.riotinto.com/sustainability/environment/tailings
337,Alumar,RSA 1,Rio Tinto,Brazil,-2.73,-44.317,Closed,1984.0,2400000.0,2400000.0,Low,Global Tailing Dam [https://www.grida.no/publications/472],https://www.riotinto.com/sustainability/environment/tailings
338,Alumar,RSA 2,Rio Tinto,Brazil,-2.726,-44.315,Closed,1990.0,5100000.0,5100000.0,Significant,Global Tailing Dam [https://www.grida.no/publications/472],https://www.riotinto.com/sustainability/environment/tailings
339,Alumar,RSA 3,Rio Tinto,Brazil,-2.728,-44.312,Closed,1997.0,6100000.0,6100000.0,Significant,Global Tailing Dam [https://www.grida.no/publications/472],https://www.riotinto.com/sustainability/environment/tailings
340,Alumar,RSA 4,Rio Tinto,Brazil,-2.724,-44.307,Inactive,2005.0,8300000.0,8300000.0,High,Global Tailing Dam [https://www.grida.no/publications/472],https://www.riotinto.com/sustainability/environment/tailings
341,Alumar,RSA 5,Rio Tinto,Brazil,-2.718,-44.303,Inactive,2011.0,11000000.0,11000000.0,Significant,Global Tailing Dam [https://www.grida.no/publications/472],https://www.riotinto.com/sustainability/environment/tailings
342,Alumar,RSA 6,Rio Tinto,Brazil,-2.726,-44.302,Active,2017.0,5100000.0,5100000.0,Very High,Global Tailing Dam [https://www.grida.no/publications/472],https://www.riotinto.com/sustainability/environment/tailings
343,Alumar,RSA 7,Rio Tinto,Brazil,-2.723,-44.298,Active,2019.0,3500000.0,4000000.0,High,Global Tailing Dam [https://www.grida.no/publications/472],https://www.riotinto.com/sustainability/environment/tailings
405,Mineracao Rio do Norte (MRN),SP-1,Rio Tinto,Brazil,-1.68322,-56.41798,Inactive,1989.0,2360000.0,2900000.0,High,Global Tailing Dam [https://www.grida.no/publications/472],https://www.riotinto.com/sustainability/environment/tailings
406,Mineracao Rio do Norte (MRN),SP-10,Rio Tinto,Brazil,-1.68325,-56.45298,Active,2007.0,7635622.0,8300000.0,High,Global Tailing Dam [https://www.grida.no/publications/472],https://www.riotinto.com/sustainability/environment/tailings
407,Mineracao Rio do Norte (MRN),SP-11,Rio Tinto,Brazil,-1.68313,-56.46272,Active,2008.0,6973841.0,7800000.0,High,Global Tailing Dam [https://www.grida.no/publications/472],https://www.riotinto.com/sustainability/environment/tailings
408,Mineracao Rio do Norte (MRN),SP-12,Rio Tinto,Brazil,-1.68648,-56.46907,Active,2009.0,5142315.0,6000000.0,Medium,Global Tailing Dam [https://www.grida.no/publications/472],https://www.riotinto.com/sustainability/environment/tailings
409,Mineracao Rio do Norte (MRN),SP-13,Rio Tinto,Brazil,-1.69405,-56.46783,Active,2010.0,2107976.0,3200000.0,Medium,Global Tailing Dam [https://www.grida.no/publications/472],https://www.riotinto.com/sustainability/environment/tailings
410,Mineracao Rio do Norte (MRN),SP-14,Rio Tinto,Brazil,-1.69918,-56.47018,Active,2011.0,3183475.0,3750000.0,Medium,Global Tailing Dam [https://www.grida.no/publications/472],https://www.riotinto.com/sustainability/environment/tailings
411,Mineracao Rio do Norte (MRN),SP-15,Rio Tinto,Brazil,-1.69917,-56.47503,Active,2013.0,3888543.0,5900000.0,Medium,Global Tailing Dam [https://www.grida.no/publications/472],https://www.riotinto.com/sustainability/environment/tailings
412,Mineracao Rio do Norte (MRN),SP-16,Rio Tinto,Brazil,-1.68735,-56.47962,Active,2017.0,3488192.0,9500000.0,High,Global Tailing Dam [https://www.grida.no/publications/472],https://www.riotinto.com/sustainability/environment/tailings
413,Mineracao Rio do Norte (MRN),SP-19,Rio Tinto,Brazil,-1.68178,-56.46877,Active,2019.0,728881.0,1720000.0,High,Global Tailing Dam [https://www.grida.no/publications/472],https://www.riotinto.com/sustainability/environment/tailings
414,Mineracao Rio do Norte (MRN),SP-2/3,Rio Tinto,Brazil,-1.68445,-56.4038,Inactive,1990.0,6358035.0,7450000.0,High,Global Tailing Dam [https://www.grida.no/publications/472],https://www.riotinto.com/sustainability/environment/tailings
415,Mineracao Rio do Norte (MRN),SP-4N,Rio Tinto,Brazil,-1.68515,-56.42683,Inactive,1995.0,6955000.0,7600000.0,High,Global Tailing Dam [https://www.grida.no/publications/472],https://www.riotinto.com/sustainability/environment/tailings
416,Mineracao Rio do Norte (MRN),SP-4S,Rio Tinto,Brazil,-1.69148,-56.42743,Inactive,1995.0,5567000.0,6100000.0,Medium,Global Tailing Dam [https://www.grida.no/publications/472],https://www.riotinto.com/sustainability/environment/tailings
417,Mineracao Rio do Norte (MRN),SP-5L,Rio Tinto,Brazil,-1.68348,-56.43753,Inactive,1997.0,6431510.0,7100000.0,High,Global Tailing Dam [https://www.grida.no/publications/472],https://www.riotinto.com/sustainability/environment/tailings
418,Mineracao Rio do Norte (MRN),SP-5O,Rio Tinto,Brazil,-1.68465,-56.44488,Inactive,1997.0,8364069.0,8700000.0,High,Global Tailing Dam [https://www.grida.no/publications/472],https://www.riotinto.com/sustainability/environment/tailings
419,Mineracao Rio do Norte (MRN),SP-6,Rio Tinto,Brazil,-1.67747,-56.42485,Inactive,1999.0,360995.0,500000.0,High,Global Tailing Dam [https://www.grida.no/publications/472],https://www.riotinto.com/sustainability/environment/tailings
420,Mineracao Rio do Norte (MRN),SP-7A,Rio Tinto,Brazil,-1.67215,-56.43432,Inactive,2001.0,3764696.0,4200000.0,Medium,Global Tailing Dam [https://www.grida.no/publications/472],https://www.riotinto.com/sustainability/environment/tailings
421,Mineracao Rio do Norte (MRN),SP-7B,Rio Tinto,Brazil,-1.67008,-56.4401,Inactive,2002.0,6144140.0,6690000.0,Medium,Global Tailing Dam [https://www.grida.no/publications/472],https://www.riotinto.com/sustainability/environment/tailings
422,Mineracao Rio do Norte (MRN),SP-7C,Rio Tinto,Brazil,-1.66985,-56.44507,Inactive,2003.0,8293330.0,9040000.0,Medium,Global Tailing Dam [https://www.grida.no/publications/472],https://www.riotinto.com/sustainability/environment/tailings
423,Mineracao Rio do Norte (MRN),SP-8,Rio Tinto,Brazil,-1.67313,-56.45257,Active,2004.0,13208849.0,14740000.0,High,Global Tailing Dam [https://www.grida.no/publications/472],https://www.riotinto.com/sustainability/environment/tailings
424,Mineracao Rio do Norte (MRN),SP-9,Rio Tinto,Brazil,-1.67458,-56.46098,Active,2005.0,8784264.0,11160000.0,High,Global Tailing Dam [https://www.grida.no/publications/472],https://www.riotinto.com/sustainability/environment/tailings
425,Mineracao Rio do Norte (MRN),SP-9A,Rio Tinto,Brazil,-1.66825,-56.46208,Active,2006.0,2166306.0,2440000.0,Medium,Global Tailing Dam [https://www.grida.no/publications/472],https://www.riotinto.com/sustainability/environment/tailings
426,Mineracao Rio do Norte (MRN),TP1,Rio Tinto,Brazil,-1.68342,-56.41098,Inactive,1988.0,3480000.0,5000000.0,High,Global Tailing Dam [https://www.grida.no/publications/472],https://www.riotinto.com/sustainability/environment/tailings
427,Mineracao Rio do Norte (MRN),TP2,Rio Tinto,Brazil,-1.67647,-56.43787,Active,2002.0,5470000.0,8500000.0,High,Global Tailing Dam [https://www.grida.no/publications/472],https://www.riotinto.com/sustainability/environment/tailings
1067,Palito Mine Complex,TSF pond 14,Serabi Gold,Brazil,-6.325133,-55.788001,Rehabilitated,2003.0,,,N/A,Global Tailing Dam [https://www.grida.no/publications/472],https://www.serabigold.com/projects/tailings-management-facilities/
1068,Palito Mine Complex,TSF pond 15,Serabi Gold,Brazil,-6.325324,-55.78448,Rehabilitated,2003.0,,,N/A,Global Tailing Dam [https://www.grida.no/publications/472],https://www.serabigold.com/projects/tailings-management-facilities/
1065,Palito Mine Complex,TSF pond 16,Serabi Gold,Brazil,-6.32085,-55.790761,Active,2003.0,300000.0,300000.0,Low,Global Tailing Dam [https://www.grida.no/publications/472],https://www.serabigold.com/projects/tailings-management-facilities/
1066,Palito Mine Complex,TSF pond 17,Serabi Gold,Brazil,-6.323135,-55.787906,Active,2003.0,300000.0,300000.0,Low,Global Tailing Dam [https://www.grida.no/publications/472],https://www.serabigold.com/projects/tailings-management-facilities/
1236,Alumar,Interface 2/3,South32,Brazil,-2.727,-44.313,Inactive,2016.0,1000000.0,1000000.0,Significant,Global Tailing Dam [https://www.grida.no/publications/472],https://www.south32.net/docs/default-source/all-financial-results/reports-and-presentations/south32-tailings-storage-facilities-management-2019.pdf?sfvrsn=4ced3a98_12
1229,Alumar,RSA 1,South32,Brazil,-2.73,-44.317,Closed,1984.0,2400000.0,2400000.0,Low,Global Tailing Dam [https://www.grida.no/publications/472],https://www.south32.net/docs/default-source/all-financial-results/reports-and-presentations/south32-tailings-storage-facilities-management-2019.pdf?sfvrsn=4ced3a98_12
1230,Alumar,RSA 2,South32,Brazil,-2.726,-44.315,Closed,1990.0,5100000.0,5100000.0,Significant,Global Tailing Dam [https://www.grida.no/publications/472],https://www.south32.net/docs/default-source/all-financial-results/reports-and-presentations/south32-tailings-storage-facilities-management-2019.pdf?sfvrsn=4ced3a98_12
1231,Alumar,RSA 3,South32,Brazil,-2.728,-44.312,Closed,1997.0,6100000.0,6100000.0,Significant,Global Tailing Dam [https://www.grida.no/publications/472],https://www.south32.net/docs/default-source/all-financial-results/reports-and-presentations/south32-tailings-storage-facilities-management-2019.pdf?sfvrsn=4ced3a98_12
1232,Alumar,RSA 4,South32,Brazil,-2.724,-44.307,Inactive,2005.0,8300000.0,8300000.0,High,Global Tailing Dam [https://www.grida.no/publications/472],https://www.south32.net/docs/default-source/all-financial-results/reports-and-presentations/south32-tailings-storage-facilities-management-2019.pdf?sfvrsn=4ced3a98_12
1233,Alumar,RSA 5,South32,Brazil,-2.718,-44.303,Inactive,2011.0,11000000.0,11000000.0,Significant,Global Tailing Dam [https://www.grida.no/publications/472],https://www.south32.net/docs/default-source/all-financial-results/reports-and-presentations/south32-tailings-storage-facilities-management-2019.pdf?sfvrsn=4ced3a98_12
1234,Alumar,RSA 6,South32,Brazil,-2.726,-44.302,Active,2017.0,5100000.0,5100000.0,Very High,Global Tailing Dam [https://www.grida.no/publications/472],https://www.south32.net/docs/default-source/all-financial-results/reports-and-presentations/south32-tailings-storage-facilities-management-2019.pdf?sfvrsn=4ced3a98_12
1235,Alumar,RSA 7,South32,Brazil,-2.723,-44.298,Active,2019.0,3500000.0,4000000.0,High,Global Tailing Dam [https://www.grida.no/publications/472],https://www.south32.net/docs/default-source/all-financial-results/reports-and-presentations/south32-tailings-storage-facilities-management-2019.pdf?sfvrsn=4ced3a98_12
1206,MRN,MRN - SP-01,South32,Brazil,-1.683217,-56.417983,Inactive,1989.0,2360000.0,2900000.0,High,Global Tailing Dam [https://www.grida.no/publications/472],https://www.south32.net/docs/default-source/all-financial-results/reports-and-presentations/south32-tailings-storage-facilities-management-2019.pdf?sfvrsn=4ced3a98_12
1212,MRN,MRN - SP-06,South32,Brazil,-1.677467,-56.42485,Inactive,1999.0,360000.0,500000.0,High,Global Tailing Dam [https://www.grida.no/publications/472],https://www.south32.net/docs/default-source/all-financial-results/reports-and-presentations/south32-tailings-storage-facilities-management-2019.pdf?sfvrsn=4ced3a98_12
1216,MRN,MRN - SP-08,South32,Brazil,-1.673133,-56.452567,Active,2004.0,13210000.0,14740000.0,High,Global Tailing Dam [https://www.grida.no/publications/472],https://www.south32.net/docs/default-source/all-financial-results/reports-and-presentations/south32-tailings-storage-facilities-management-2019.pdf?sfvrsn=4ced3a98_12
1217,MRN,MRN - SP-09,South32,Brazil,-1.674583,-56.460983,Active,2005.0,8780000.0,11160000.0,High,Global Tailing Dam [https://www.grida.no/publications/472],https://www.south32.net/docs/default-source/all-financial-results/reports-and-presentations/south32-tailings-storage-facilities-management-2019.pdf?sfvrsn=4ced3a98_12
1219,MRN,MRN - SP-10,South32,Brazil,-1.68325,-56.452983,Active,2007.0,7640000.0,8300000.0,High,Global Tailing Dam [https://www.grida.no/publications/472],https://www.south32.net/docs/default-source/all-financial-results/reports-and-presentations/south32-tailings-storage-facilities-management-2019.pdf?sfvrsn=4ced3a98_12
1220,MRN,MRN - SP-11,South32,Brazil,-1.683133,-56.462717,Active,2008.0,6970000.0,7800000.0,High,Global Tailing Dam [https://www.grida.no/publications/472],https://www.south32.net/docs/default-source/all-financial-results/reports-and-presentations/south32-tailings-storage-facilities-management-2019.pdf?sfvrsn=4ced3a98_12
1221,MRN,MRN - SP-12,South32,Brazil,-1.686483,-56.469067,Active,2009.0,5140000.0,6000000.0,Medium,Global Tailing Dam [https://www.grida.no/publications/472],https://www.south32.net/docs/default-source/all-financial-results/reports-and-presentations/south32-tailings-storage-facilities-management-2019.pdf?sfvrsn=4ced3a98_12
1222,MRN,MRN - SP-13,South32,Brazil,-1.69405,-56.467833,Active,2010.0,2110000.0,3200000.0,Medium,Global Tailing Dam [https://www.grida.no/publications/472],https://www.south32.net/docs/default-source/all-financial-results/reports-and-presentations/south32-tailings-storage-facilities-management-2019.pdf?sfvrsn=4ced3a98_12
1223,MRN,MRN - SP-14,South32,Brazil,-1.699183,-56.470183,Active,2011.0,3180000.0,3750000.0,Medium,Global Tailing Dam [https://www.grida.no/publications/472],https://www.south32.net/docs/default-source/all-financial-results/reports-and-presentations/south32-tailings-storage-facilities-management-2019.pdf?sfvrsn=4ced3a98_12
1224,MRN,MRN - SP-15,South32,Brazil,-1.699167,-56.475033,Active,2013.0,3890000.0,5900000.0,Medium,Global Tailing Dam [https://www.grida.no/publications/472],https://www.south32.net/docs/default-source/all-financial-results/reports-and-presentations/south32-tailings-storage-facilities-management-2019.pdf?sfvrsn=4ced3a98_12
1225,MRN,MRN - SP-16,South32,Brazil,-1.68735,-56.479617,Active,2017.0,3490000.0,9500000.0,High,Global Tailing Dam [https://www.grida.no/publications/472],https://www.south32.net/docs/default-source/all-financial-results/reports-and-presentations/south32-tailings-storage-facilities-management-2019.pdf?sfvrsn=4ced3a98_12
1226,MRN,MRN - SP-19,South32,Brazil,-1.681783,-56.468767,Active,2019.0,730000.0,1720000.0,High,Global Tailing Dam [https://www.grida.no/publications/472],https://www.south32.net/docs/default-source/all-financial-results/reports-and-presentations/south32-tailings-storage-facilities-management-2019.pdf?sfvrsn=4ced3a98_12
1207,MRN,MRN - SP-2/3,South32,Brazil,-1.68445,-56.4038,Inactive,1990.0,6360000.0,7450000.0,High,Global Tailing Dam [https://www.grida.no/publications/472],https://www.south32.net/docs/default-source/all-financial-results/reports-and-presentations/south32-tailings-storage-facilities-management-2019.pdf?sfvrsn=4ced3a98_12
1208,MRN,MRN - SP-4N,South32,Brazil,-1.68515,-56.426833,Inactive,1995.0,6960000.0,7600000.0,High,Global Tailing Dam [https://www.grida.no/publications/472],https://www.south32.net/docs/default-source/all-financial-results/reports-and-presentations/south32-tailings-storage-facilities-management-2019.pdf?sfvrsn=4ced3a98_12
1209,MRN,MRN - SP-4S,South32,Brazil,-1.691483,-56.427433,Inactive,1995.0,5570000.0,6100000.0,Medium,Global Tailing Dam [https://www.grida.no/publications/472],https://www.south32.net/docs/default-source/all-financial-results/reports-and-presentations/south32-tailings-storage-facilities-management-2019.pdf?sfvrsn=4ced3a98_12
1210,MRN,MRN - SP-5L,South32,Brazil,-1.683483,-56.437533,Inactive,1997.0,6430000.0,7100000.0,High,Global Tailing Dam [https://www.grida.no/publications/472],https://www.south32.net/docs/default-source/all-financial-results/reports-and-presentations/south32-tailings-storage-facilities-management-2019.pdf?sfvrsn=4ced3a98_12
1211,MRN,MRN - SP-5O,South32,Brazil,-1.68465,-56.444883,Inactive,1997.0,8360000.0,8700000.0,High,Global Tailing Dam [https://www.grida.no/publications/472],https://www.south32.net/docs/default-source/all-financial-results/reports-and-presentations/south32-tailings-storage-facilities-management-2019.pdf?sfvrsn=4ced3a98_12
1213,MRN,MRN - SP-7A,South32,Brazil,-1.67215,-56.434317,Inactive,2001.0,3760000.0,4200000.0,Medium,Global Tailing Dam [https://www.grida.no/publications/472],https://www.south32.net/docs/default-source/all-financial-results/reports-and-presentations/south32-tailings-storage-facilities-management-2019.pdf?sfvrsn=4ced3a98_12
1214,MRN,MRN - SP-7B,South32,Brazil,-1.670083,-56.4401,Inactive,2002.0,6140000.0,6690000.0,Medium,Global Tailing Dam [https://www.grida.no/publications/472],https://www.south32.net/docs/default-source/all-financial-results/reports-and-presentations/south32-tailings-storage-facilities-management-2019.pdf?sfvrsn=4ced3a98_12
1215,MRN,MRN - SP-7C,South32,Brazil,-1.66985,-56.445067,Inactive,2003.0,8290000.0,9040000.0,Medium,Global Tailing Dam [https://www.grida.no/publications/472],https://www.south32.net/docs/default-source/all-financial-results/reports-and-presentations/south32-tailings-storage-facilities-management-2019.pdf?sfvrsn=4ced3a98_12
1218,MRN,MRN - SP-9A,South32,Brazil,-1.66825,-56.462083,Active,2006.0,2170000.0,2440000.0,Medium,Global Tailing Dam [https://www.grida.no/publications/472],https://www.south32.net/docs/default-source/all-financial-results/reports-and-presentations/south32-tailings-storage-facilities-management-2019.pdf?sfvrsn=4ced3a98_12
1227,MRN,MRN - TP-01,South32,Brazil,-1.683417,-56.410983,Inactive,1988.0,3480000.0,5000000.0,High,Global Tailing Dam [https://www.grida.no/publications/472],https://www.south32.net/docs/default-source/all-financial-results/reports-and-presentations/south32-tailings-storage-facilities-management-2019.pdf?sfvrsn=4ced3a98_12
1228,MRN,MRN - TP-02,South32,Brazil,-1.676467,-56.437867,Active,2002.0,5470000.0,8500000.0,High,Global Tailing Dam [https://www.grida.no/publications/472],https://www.south32.net/docs/default-source/all-financial-results/reports-and-presentations/south32-tailings-storage-facilities-management-2019.pdf?sfvrsn=4ced3a98_12
890,Araxa,Araxa B1/B4,The Mosaic Company,Brazil,-19.633894,-46.996814,Inactive Care and Maintenance,1976.0,24000000.0,24000000.0,High,Global Tailing Dam [https://www.grida.no/publications/472],http://investors.mosaicco.com
891,Araxa,Araxá B2,The Mosaic Company,Brazil,-19.641597,-46.974292,Inactive Care and Maintenance,1987.0,600000.0,12000000.0,High,Global Tailing Dam [https://www.grida.no/publications/472],http://investors.mosaicco.com
892,Araxa,Araxá B5,The Mosaic Company,Brazil,-19.616039,-47.021417,Active,1987.0,46000000.0,66000000.0,High,Global Tailing Dam [https://www.grida.no/publications/472],http://investors.mosaicco.com
893,Araxa,Araxa B6,The Mosaic Company,Brazil,-19.613417,-47.009975,Construction,2018.0,0.0,45000000.0,High,Global Tailing Dam [https://www.grida.no/publications/472],http://investors.mosaicco.com
887,Cajati,Cajati B1,The Mosaic Company,Brazil,-24.699864,-48.112508,Active,1973.0,4700000.0,5700000.0,High,Global Tailing Dam [https://www.grida.no/publications/472],http://investors.mosaicco.com
888,Cajati,Cajati B12,The Mosaic Company,Brazil,-24.718983,-48.095425,Active,1987.0,3200000.0,3500000.0,High,Global Tailing Dam [https://www.grida.no/publications/472],http://investors.mosaicco.com
889,Cajati,Cajati B2,The Mosaic Company,Brazil,-24.69315,-48.118478,Active,1973.0,29000000.0,30000000.0,High,Global Tailing Dam [https://www.grida.no/publications/472],http://investors.mosaicco.com
895,Catalao,Catalão BM,The Mosaic Company,Brazil,-18.113694,-47.784042,Inactive Care and Maintenance,1982.0,1500000.0,,Medium,Global Tailing Dam [https://www.grida.no/publications/472],http://investors.mosaicco.com
894,Catalao,Catalão BR,The Mosaic Company,Brazil,-18.105497,-47.779675,Active,1982.0,32500000.0,42500000.0,High,Global Tailing Dam [https://www.grida.no/publications/472],http://investors.mosaicco.com
898,Patos de Minas,Patos de Minas A,The Mosaic Company,Brazil,-18.379322,-46.92645,Inactive Care and Maintenance,1977.0,631000.0,631000.0,Medium,Global Tailing Dam [https://www.grida.no/publications/472],http://investors.mosaicco.com
899,Patos de Minas,Patos de Minas B,The Mosaic Company,Brazil,-18.380683,-46.927536,Inactive Care and Maintenance,1975.0,3260000.0,3260000.0,High,Global Tailing Dam [https://www.grida.no/publications/472],http://investors.mosaicco.com
896,Tapira,Tapira BL-1,The Mosaic Company,Brazil,-19.842606,-46.865617,Inactive Care and Maintenance,1978.0,170000000.0,210000000.0,High,Global Tailing Dam [https://www.grida.no/publications/472],http://investors.mosaicco.com
897,Tapira,Tapira BR,The Mosaic Company,Brazil,-19.838831,-46.833661,Active,1982.0,80000000.0,174000000.0,High,Global Tailing Dam [https://www.grida.no/publications/472],http://investors.mosaicco.com
1132,MRN,MRN - SP-01,Vale,Brazil,-1.683217,-56.417983,Inactive,1989.0,2360000.0,2900000.0,High,Global Tailing Dam [https://www.grida.no/publications/472],http://www.vale.com/EN/investors/information-market/presentations-webcast/PresentationsWebcastsDocs/Cover%20Letter_consolidated_i.pdf
1138,MRN,MRN - SP-06,Vale,Brazil,-1.677467,-56.42485,Inactive,1999.0,360000.0,500000.0,High,Global Tailing Dam [https://www.grida.no/publications/472],http://www.vale.com/EN/investors/information-market/presentations-webcast/PresentationsWebcastsDocs/Cover%20Letter_consolidated_i.pdf
1142,MRN,MRN - SP-08,Vale,Brazil,-1.673133,-56.452567,Active,2004.0,13210000.0,14740000.0,High,Global Tailing Dam [https://www.grida.no/publications/472],http://www.vale.com/EN/investors/information-market/presentations-webcast/PresentationsWebcastsDocs/Cover%20Letter_consolidated_i.pdf
1143,MRN,MRN - SP-09,Vale,Brazil,-1.674583,-56.460983,Active,2005.0,8780000.0,11160000.0,High,Global Tailing Dam [https://www.grida.no/publications/472],http://www.vale.com/EN/investors/information-market/presentations-webcast/PresentationsWebcastsDocs/Cover%20Letter_consolidated_i.pdf
1145,MRN,MRN - SP-10,Vale,Brazil,-1.68325,-56.452983,Active,2007.0,7640000.0,8300000.0,High,Global Tailing Dam [https://www.grida.no/publications/472],http://www.vale.com/EN/investors/information-market/presentations-webcast/PresentationsWebcastsDocs/Cover%20Letter_consolidated_i.pdf
1146,MRN,MRN - SP-11,Vale,Brazil,-1.683133,-56.462717,Active,2008.0,6970000.0,7800000.0,High,Global Tailing Dam [https://www.grida.no/publications/472],http://www.vale.com/EN/investors/information-market/presentations-webcast/PresentationsWebcastsDocs/Cover%20Letter_consolidated_i.pdf
1147,MRN,MRN - SP-12,Vale,Brazil,-1.686483,-56.469067,Active,2009.0,5140000.0,6000000.0,Medium,Global Tailing Dam [https://www.grida.no/publications/472],http://www.vale.com/EN/investors/information-market/presentations-webcast/PresentationsWebcastsDocs/Cover%20Letter_consolidated_i.pdf
1148,MRN,MRN - SP-13,Vale,Brazil,-1.69405,-56.467833,Active,2010.0,2110000.0,3200000.0,Medium,Global Tailing Dam [https://www.grida.no/publications/472],http://www.vale.com/EN/investors/information-market/presentations-webcast/PresentationsWebcastsDocs/Cover%20Letter_consolidated_i.pdf
1149,MRN,MRN - SP-14,Vale,Brazil,-1.699183,-56.470183,Active,2011.0,3180000.0,3750000.0,Medium,Global Tailing Dam [https://www.grida.no/publications/472],http://www.vale.com/EN/investors/information-market/presentations-webcast/PresentationsWebcastsDocs/Cover%20Letter_consolidated_i.pdf
1150,MRN,MRN - SP-15,Vale,Brazil,-1.699167,-56.475033,Active,2013.0,3890000.0,5900000.0,Medium,Global Tailing Dam [https://www.grida.no/publications/472],http://www.vale.com/EN/investors/information-market/presentations-webcast/PresentationsWebcastsDocs/Cover%20Letter_consolidated_i.pdf
1151,MRN,MRN - SP-16,Vale,Brazil,-1.68735,-56.479617,Active,2017.0,3490000.0,9500000.0,High,Global Tailing Dam [https://www.grida.no/publications/472],http://www.vale.com/EN/investors/information-market/presentations-webcast/PresentationsWebcastsDocs/Cover%20Letter_consolidated_i.pdf
1152,MRN,MRN - SP-19,Vale,Brazil,-1.681783,-56.468767,Active,2019.0,730000.0,1720000.0,High,Global Tailing Dam [https://www.grida.no/publications/472],http://www.vale.com/EN/investors/information-market/presentations-webcast/PresentationsWebcastsDocs/Cover%20Letter_consolidated_i.pdf
1133,MRN,MRN - SP-2/3,Vale,Brazil,-1.68445,-56.4038,Inactive,1990.0,6360000.0,7450000.0,High,Global Tailing Dam [https://www.grida.no/publications/472],http://www.vale.com/EN/investors/information-market/presentations-webcast/PresentationsWebcastsDocs/Cover%20Letter_consolidated_i.pdf
1134,MRN,MRN - SP-4N,Vale,Brazil,-1.68515,-56.426833,Inactive,1995.0,6960000.0,7600000.0,High,Global Tailing Dam [https://www.grida.no/publications/472],http://www.vale.com/EN/investors/information-market/presentations-webcast/PresentationsWebcastsDocs/Cover%20Letter_consolidated_i.pdf
1135,MRN,MRN - SP-4S,Vale,Brazil,-1.691483,-56.427433,Inactive,1995.0,5570000.0,6100000.0,Medium,Global Tailing Dam [https://www.grida.no/publications/472],http://www.vale.com/EN/investors/information-market/presentations-webcast/PresentationsWebcastsDocs/Cover%20Letter_consolidated_i.pdf
1136,MRN,MRN - SP-5L,Vale,Brazil,-1.683483,-56.437533,Inactive,1997.0,6430000.0,7100000.0,High,Global Tailing Dam [https://www.grida.no/publications/472],http://www.vale.com/EN/investors/information-market/presentations-webcast/PresentationsWebcastsDocs/Cover%20Letter_consolidated_i.pdf
1137,MRN,MRN - SP-5O,Vale,Brazil,-1.68465,-56.444883,Inactive,1997.0,8360000.0,8700000.0,High,Global Tailing Dam [https://www.grida.no/publications/472],http://www.vale.com/EN/investors/information-market/presentations-webcast/PresentationsWebcastsDocs/Cover%20Letter_consolidated_i.pdf
1139,MRN,MRN - SP-7A,Vale,Brazil,-1.67215,-56.434317,Inactive,2001.0,3760000.0,4200000.0,Medium,Global Tailing Dam [https://www.grida.no/publications/472],http://www.vale.com/EN/investors/information-market/presentations-webcast/PresentationsWebcastsDocs/Cover%20Letter_consolidated_i.pdf
1140,MRN,MRN - SP-7B,Vale,Brazil,-1.670083,-56.4401,Inactive,2002.0,6140000.0,6690000.0,Medium,Global Tailing Dam [https://www.grida.no/publications/472],http://www.vale.com/EN/investors/information-market/presentations-webcast/PresentationsWebcastsDocs/Cover%20Letter_consolidated_i.pdf
1141,MRN,MRN - SP-7C,Vale,Brazil,-1.66985,-56.445067,Inactive,2003.0,8290000.0,9040000.0,Medium,Global Tailing Dam [https://www.grida.no/publications/472],http://www.vale.com/EN/investors/information-market/presentations-webcast/PresentationsWebcastsDocs/Cover%20Letter_consolidated_i.pdf
1144,MRN,MRN - SP-9A,Vale,Brazil,-1.66825,-56.462083,Active,2006.0,2170000.0,2440000.0,Medium,Global Tailing Dam [https://www.grida.no/publications/472],http://www.vale.com/EN/investors/information-market/presentations-webcast/PresentationsWebcastsDocs/Cover%20Letter_consolidated_i.pdf
1153,MRN,MRN - TP-01,Vale,Brazil,-1.683417,-56.410983,Inactive,1988.0,3480000.0,5000000.0,High,Global Tailing Dam [https://www.grida.no/publications/472],http://www.vale.com/EN/investors/information-market/presentations-webcast/PresentationsWebcastsDocs/Cover%20Letter_consolidated_i.pdf
1154,MRN,MRN - TP-02,Vale,Brazil,-1.676467,-56.437867,Active,2002.0,5470000.0,8500000.0,High,Global Tailing Dam [https://www.grida.no/publications/472],http://www.vale.com/EN/investors/information-market/presentations-webcast/PresentationsWebcastsDocs/Cover%20Letter_consolidated_i.pdf
1130,Germano,Germano Main Dam,Vale,Brazil,-20.21811,-43.465195,Inactive,1977.0,129600000.0,129600000.0,High,Global Tailing Dam [https://www.grida.no/publications/472],http://www.vale.com/EN/investors/information-market/presentations-webcast/PresentationsWebcastsDocs/Cover%20Letter_consolidated_i.pdf
1131,Germano,Germano Pit Dam,Vale,Brazil,-20.193637,-43.491281,Inactive,2001.0,16600000.0,16600000.0,High,Global Tailing Dam [https://www.grida.no/publications/472],http://www.vale.com/EN/investors/information-market/presentations-webcast/PresentationsWebcastsDocs/Cover%20Letter_consolidated_i.pdf
1069,Aboboras,Fernandinho,Vale,Brazil,-20.18332,-43.859515,Inactive Care and Maintenance,2006.0,1020000.0,1020000.0,Low,Global Tailing Dam [https://www.grida.no/publications/472],http://www.vale.com/EN/investors/information-market/presentations-webcast/PresentationsWebcastsDocs/Cover%20Letter_consolidated_i.pdf
1070,Aboboras,Vargem Grande,Vale,Brazil,-20.181878,-43.867009,Inactive Care and Maintenance,2001.0,9500000.0,9500000.0,High,Global Tailing Dam [https://www.grida.no/publications/472],http://www.vale.com/EN/investors/information-market/presentations-webcast/PresentationsWebcastsDocs/Cover%20Letter_consolidated_i.pdf
1072,Agua Limpa,5 - MAC System,Vale,Brazil,-19.977087,-43.893003,Inactive Care and Maintenance,1989.0,13720000.0,13720000.0,High,Global Tailing Dam [https://www.grida.no/publications/472],http://www.vale.com/EN/investors/information-market/presentations-webcast/PresentationsWebcastsDocs/Cover%20Letter_consolidated_i.pdf
1071,Agua Limpa,Diogo,Vale,Brazil,-19.929942,-43.196194,Active,1993.0,6570000.0,9570000.0,High,Global Tailing Dam [https://www.grida.no/publications/472],http://www.vale.com/EN/investors/information-market/presentations-webcast/PresentationsWebcastsDocs/Cover%20Letter_consolidated_i.pdf
1073,Alegria,Campo Grande,Vale,Brazil,-20.176068,-43.487317,Inactive Care and Maintenance,1998.0,22980000.0,22980000.0,High,Global Tailing Dam [https://www.grida.no/publications/472],http://www.vale.com/EN/investors/information-market/presentations-webcast/PresentationsWebcastsDocs/Cover%20Letter_consolidated_i.pdf
1074,Brucutu,Norte/Laranjeira s,Vale,Brazil,-19.847915,-43.421438,Active,2016.0,16550000.0,50000000.0,High,Global Tailing Dam [https://www.grida.no/publications/472],http://www.vale.com/EN/investors/information-market/presentations-webcast/PresentationsWebcastsDocs/Cover%20Letter_consolidated_i.pdf
1075,Brucutu,Sul (Córrego do Canal),Vale,Brazil,-19.883975,-43.38568,Active,1999.0,53740000.0,63740000.0,High,Global Tailing Dam [https://www.grida.no/publications/472],http://www.vale.com/EN/investors/information-market/presentations-webcast/PresentationsWebcastsDocs/Cover%20Letter_consolidated_i.pdf
1076,Brucutu,Torto,Vale,Brazil,-19.851575,-43.413685,Construction,2019.0,0.0,16000000.0,,Global Tailing Dam [https://www.grida.no/publications/472],http://www.vale.com/EN/investors/information-market/presentations-webcast/PresentationsWebcastsDocs/Cover%20Letter_consolidated_i.pdf
1077,Capitao do Mato,Peneirinha,Vale,Brazil,-20.110615,-43.963614,Inactive Care and Maintenance,,430000.0,430000.0,Medium,Global Tailing Dam [https://www.grida.no/publications/472],http://www.vale.com/EN/investors/information-market/presentations-webcast/PresentationsWebcastsDocs/Cover%20Letter_consolidated_i.pdf
1078,Caue,Pontal System,Vale,Brazil,-19.625463,-43.182944,Inactive Care and Maintenance,1972.0,226960000.0,226960000.0,High,Global Tailing Dam [https://www.grida.no/publications/472],http://www.vale.com/EN/investors/information-market/presentations-webcast/PresentationsWebcastsDocs/Cover%20Letter_consolidated_i.pdf
1079,Conceicao,Conceição,Vale,Brazil,-19.647591,-43.274146,Active,1977.0,38060000.0,41060000.0,High,Global Tailing Dam [https://www.grida.no/publications/472],http://www.vale.com/EN/investors/information-market/presentations-webcast/PresentationsWebcastsDocs/Cover%20Letter_consolidated_i.pdf
1080,Conceicao,Itabiruçu,Vale,Brazil,-19.685378,-43.286226,Active,1981.0,131700000.0,196200000.0,High,Global Tailing Dam [https://www.grida.no/publications/472],http://www.vale.com/EN/investors/information-market/presentations-webcast/PresentationsWebcastsDocs/Cover%20Letter_consolidated_i.pdf
1081,Conceicao,Rio do Peixe System,Vale,Brazil,-19.674226,-43.23642,Active,1977.0,13800000.0,13800000.0,High,Global Tailing Dam [https://www.grida.no/publications/472],http://www.vale.com/EN/investors/information-market/presentations-webcast/PresentationsWebcastsDocs/Cover%20Letter_consolidated_i.pdf
1082,Corrego do Feijao,VI,Vale,Brazil,-20.104298,-44.119671,Inactive Care and Maintenance,1998.0,700000.0,700000.0,High,Global Tailing Dam [https://www.grida.no/publications/472],http://www.vale.com/EN/investors/information-market/presentations-webcast/PresentationsWebcastsDocs/Cover%20Letter_consolidated_i.pdf
1083,Corrego do Meio,Galego,Vale,Brazil,-19.857202,-43.804528,Inactive Care and Maintenance,1992.0,1260000.0,1260000.0,High,Global Tailing Dam [https://www.grida.no/publications/472],http://www.vale.com/EN/investors/information-market/presentations-webcast/PresentationsWebcastsDocs/Cover%20Letter_consolidated_i.pdf
1084,Fabrica,Forquilha I,Vale,Brazil,-20.406063,-43.855737,Inactive Care and Maintenance,1978.0,12040000.0,12040000.0,High,Global Tailing Dam [https://www.grida.no/publications/472],http://www.vale.com/EN/investors/information-market/presentations-webcast/PresentationsWebcastsDocs/Cover%20Letter_consolidated_i.pdf
1085,Fabrica,Forquilha II,Vale,Brazil,-20.408278,-43.851811,Inactive Care and Maintenance,1988.0,20860000.0,20860000.0,High,Global Tailing Dam [https://www.grida.no/publications/472],http://www.vale.com/EN/investors/information-market/presentations-webcast/PresentationsWebcastsDocs/Cover%20Letter_consolidated_i.pdf
1086,Fabrica,Forquilha III,Vale,Brazil,-20.410942,-43.83663,Inactive Care and Maintenance,2000.0,23140000.0,23140000.0,High,Global Tailing Dam [https://www.grida.no/publications/472],http://www.vale.com/EN/investors/information-market/presentations-webcast/PresentationsWebcastsDocs/Cover%20Letter_consolidated_i.pdf
1088,Fabrica,Forquilha IV,Vale,Brazil,-20.394796,-43.851556,Inactive Care and Maintenance,2014.0,4310000.0,12000000.0,High,Global Tailing Dam [https://www.grida.no/publications/472],http://www.vale.com/EN/investors/information-market/presentations-webcast/PresentationsWebcastsDocs/Cover%20Letter_consolidated_i.pdf
1089,Fabrica,Forquilha V,Vale,Brazil,-20.39488,-43.839693,Construction,2019.0,0.0,3000000.0,High,Global Tailing Dam [https://www.grida.no/publications/472],http://www.vale.com/EN/investors/information-market/presentations-webcast/PresentationsWebcastsDocs/Cover%20Letter_consolidated_i.pdf
1087,Fabrica,Grupo,Vale,Brazil,-20.414798,-43.865151,Inactive Care and Maintenance,1971.0,800000.0,800000.0,High,Global Tailing Dam [https://www.grida.no/publications/472],http://www.vale.com/EN/investors/information-market/presentations-webcast/PresentationsWebcastsDocs/Cover%20Letter_consolidated_i.pdf
1090,Gongo Soco,Sul Superior,Vale,Brazil,-19.970176,-43.596867,Inactive Care and Maintenance,,6020000.0,6020000.0,High,Global Tailing Dam [https://www.grida.no/publications/472],http://www.vale.com/EN/investors/information-market/presentations-webcast/PresentationsWebcastsDocs/Cover%20Letter_consolidated_i.pdf
1112,Igarape Bahia,Pondes de Rejeitos,Vale,Brazil,-6.028972,-50.580083,Inactive Care and Maintenance,1989.0,12000000.0,12000000.0,Medium,Global Tailing Dam [https://www.grida.no/publications/472],http://www.vale.com/EN/investors/information-market/presentations-webcast/PresentationsWebcastsDocs/Cover%20Letter_consolidated_i.pdf
1094,Manganes Azul,1 Kalunga,Vale,Brazil,-6.112529,-50.308309,Active,1987.0,1660000.0,1660000.0,Medium,Global Tailing Dam [https://www.grida.no/publications/472],http://www.vale.com/EN/investors/information-market/presentations-webcast/PresentationsWebcastsDocs/Cover%20Letter_consolidated_i.pdf
1091,Manganes Azul,2 Kalunga,Vale,Brazil,-6.118713,-50.305265,Inactive Care and Maintenance,1990.0,720000.0,720000.0,Medium,Global Tailing Dam [https://www.grida.no/publications/472],http://www.vale.com/EN/investors/information-market/presentations-webcast/PresentationsWebcastsDocs/Cover%20Letter_consolidated_i.pdf
1092,Manganes Azul,3 Kalunga,Vale,Brazil,-6.120066,-50.302444,Inactive Care and Maintenance,1990.0,1970000.0,1970000.0,Low,Global Tailing Dam [https://www.grida.no/publications/472],http://www.vale.com/EN/investors/information-market/presentations-webcast/PresentationsWebcastsDocs/Cover%20Letter_consolidated_i.pdf
1093,Manganes Azul,Azul,Vale,Brazil,-6.078161,-50.291473,Active,1996.0,13000000.0,13000000.0,High,Global Tailing Dam [https://www.grida.no/publications/472],http://www.vale.com/EN/investors/information-market/presentations-webcast/PresentationsWebcastsDocs/Cover%20Letter_consolidated_i.pdf
1095,Mar Azul,B3/B5,Vale,Brazil,-20.049122,-43.954696,Inactive Care and Maintenance,,2700000.0,2700000.0,High,Global Tailing Dam [https://www.grida.no/publications/472],http://www.vale.com/EN/investors/information-market/presentations-webcast/PresentationsWebcastsDocs/Cover%20Letter_consolidated_i.pdf
1096,Mutuca,5 - Mutuca,Vale,Brazil,-20.026226,-43.942562,Active,1989.0,11000000.0,11000000.0,High,Global Tailing Dam [https://www.grida.no/publications/472],http://www.vale.com/EN/investors/information-market/presentations-webcast/PresentationsWebcastsDocs/Cover%20Letter_consolidated_i.pdf
1098,Pico,Maravilhas I,Vale,Brazil,-20.224925,-43.873226,Inactive Care and Maintenance,1987.0,2710000.0,2710000.0,Medium,Global Tailing Dam [https://www.grida.no/publications/472],http://www.vale.com/EN/investors/information-market/presentations-webcast/PresentationsWebcastsDocs/Cover%20Letter_consolidated_i.pdf
1097,Pico,Maravilhas II,Vale,Brazil,-20.214436,-43.891707,Inactive Care and Maintenance,1996.0,94980000.0,100000000.0,High,Global Tailing Dam [https://www.grida.no/publications/472],http://www.vale.com/EN/investors/information-market/presentations-webcast/PresentationsWebcastsDocs/Cover%20Letter_consolidated_i.pdf
1099,Pico,Maravilhas III,Vale,Brazil,-20.220594,-43.908509,Construction,2019.0,,19400000.0,,Global Tailing Dam [https://www.grida.no/publications/472],http://www.vale.com/EN/investors/information-market/presentations-webcast/PresentationsWebcastsDocs/Cover%20Letter_consolidated_i.pdf
1113,Salobo,Barragem de,Vale,Brazil,-5.772962,-50.522351,Active,2012.0,95000000.0,218000000.0,High,Global Tailing Dam [https://www.grida.no/publications/472],http://www.vale.com/EN/investors/information-market/presentations-webcast/PresentationsWebcastsDocs/Cover%20Letter_consolidated_i.pdf
1100,Santa Cruz,Gregório,Vale,Brazil,-19.224447,-57.559979,Active,1992.0,8990000.0,9300000.0,High,Global Tailing Dam [https://www.grida.no/publications/472],http://www.vale.com/EN/investors/information-market/presentations-webcast/PresentationsWebcastsDocs/Cover%20Letter_consolidated_i.pdf
1101,Serra Norte,Geladinho,Vale,Brazil,-5.994793,-50.109482,Active,1990.0,5810000.0,5810000.0,High,Global Tailing Dam [https://www.grida.no/publications/472],http://www.vale.com/EN/investors/information-market/presentations-webcast/PresentationsWebcastsDocs/Cover%20Letter_consolidated_i.pdf
1102,Serra Norte,Gelado,Vale,Brazil,-5.979277,-50.141444,Active,1985.0,110470000.0,116150000.0,High,Global Tailing Dam [https://www.grida.no/publications/472],http://www.vale.com/EN/investors/information-market/presentations-webcast/PresentationsWebcastsDocs/Cover%20Letter_consolidated_i.pdf
1111,Sossego,Barragem de Rejeitos do Sossego,Vale,Brazil,-6.433972,-50.080278,Active,2002.0,110000000.0,154000000.0,High,Global Tailing Dam [https://www.grida.no/publications/472],http://www.vale.com/EN/investors/information-market/presentations-webcast/PresentationsWebcastsDocs/Cover%20Letter_consolidated_i.pdf
1103,Timbopeba,Doutor,Vale,Brazil,-20.290449,-43.490528,Inactive Care and Maintenance,2001.0,37680000.0,48180000.0,High,Global Tailing Dam [https://www.grida.no/publications/472],http://www.vale.com/EN/investors/information-market/presentations-webcast/PresentationsWebcastsDocs/Cover%20Letter_consolidated_i.pdf
1104,Timbopeba,Timbopeba,Vale,Brazil,-20.270514,-43.496235,Inactive Care and Maintenance,1982.0,34000000.0,34000000.0,High,Global Tailing Dam [https://www.grida.no/publications/472],http://www.vale.com/EN/investors/information-market/presentations-webcast/PresentationsWebcastsDocs/Cover%20Letter_consolidated_i.pdf
1107,Urucum,Bacia 02-03 Alto da Serra Mn,Vale,Brazil,-19.190809,-57.616698,Active,1987.0,10000.0,10000.0,Low,Global Tailing Dam [https://www.grida.no/publications/472],http://www.vale.com/EN/investors/information-market/presentations-webcast/PresentationsWebcastsDocs/Cover%20Letter_consolidated_i.pdf
1105,Urucum,Bacia 02 Pé da Serra,Vale,Brazil,-19.171285,-57.636445,Active,2007.0,30000.0,30000.0,Medium,Global Tailing Dam [https://www.grida.no/publications/472],http://www.vale.com/EN/investors/information-market/presentations-webcast/PresentationsWebcastsDocs/Cover%20Letter_consolidated_i.pdf
1106,Urucum,Bacia 03-04 Pé da Serra,Vale,Brazil,-19.174031,-57.639508,Active,2007.0,80000.0,80000.0,Medium,Global Tailing Dam [https://www.grida.no/publications/472],http://www.vale.com/EN/investors/information-market/presentations-webcast/PresentationsWebcastsDocs/Cover%20Letter_consolidated_i.pdf
1108,Urucum,Bacia 05 Alto da Serra,Vale,Brazil,-19.19184,-57.613781,Active,1987.0,10000.0,10000.0,Low,Global Tailing Dam [https://www.grida.no/publications/472],http://www.vale.com/EN/investors/information-market/presentations-webcast/PresentationsWebcastsDocs/Cover%20Letter_consolidated_i.pdf
1109,Urucum,Bacia 07 Alto da Serra,Vale,Brazil,-19.192036,-57.614591,Active,1987.0,10000.0,10000.0,Low,Global Tailing Dam [https://www.grida.no/publications/472],http://www.vale.com/EN/investors/information-market/presentations-webcast/PresentationsWebcastsDocs/Cover%20Letter_consolidated_i.pdf
1237,Jacobina,B1 TSF,Yamana Gold,Brazil,-11.244167,-40.523889,Closed,1982.0,10000000.0,10000000.0,Medium,Global Tailing Dam [https://www.grida.no/publications/472],https://s22.q4cdn.com/899716706/files/doc_downloads/2019/06/Tailings-Safety-Disclosure-Data.pdf
1238,Jacobina,B2 TSF,Yamana Gold,Brazil,-11.234167,-40.528889,Active,2010.0,7500000.0,11700000.0,Medium,Global Tailing Dam [https://www.grida.no/publications/472],https://s22.q4cdn.com/899716706/files/doc_downloads/2019/06/Tailings-Safety-Disclosure-Data.pdf
1239,Chapada ,Chapada TSF,Yamana Gold,Brazil,-14.219167,-49.405,Active,2007.0,185000000.0,270000000.0,Low,Global Tailing Dam [https://www.grida.no/publications/472],https://s22.q4cdn.com/899716706/files/doc_downloads/2019/06/Tailings-Safety-Disclosure-Data.pdf
1772,Youga Gold Mine,Youga Gold Mine,Avesoro Resources,Burkina Faso,11.108188,-0.470695,Active,2008.0,7800000.0,11300000.0,High ,Global Tailing Dam [https://www.grida.no/publications/472],https://avesoro.com/tailings-safety-disclosure/
1526,HoundeGold Mine,HOUNDÉ GOLD MINE,Endeavour Mining Corporation,Burkina Faso,11.417578,-3.542056,Active,2017.0,3300000.0,14200000.0,High,Global Tailing Dam [https://www.grida.no/publications/472],https://s21.q4cdn.com/954147562/files/doc_downloads/tailings-and-safety/Tailings-Safety-Disclosure.pdf
1543,Essakane Gold Mine,IAMGOLD ESSAKANE SA,IAMGOLD Corp,Burkina Faso,14.35,0.067075,Active,2010.0,77000000.0,106000000.0,High risk,Global Tailing Dam [https://www.grida.no/publications/472],https://s1.q4cdn.com/060001837/files/doc_downloads/policies/2019/Copy-of-Church-of-England-Master_edits.pdf
1981,,A TSF consisting of 4 ring dykes and one central dyke,SEMAFO,Burkina Faso,11.955556,-3.412778,Active,2008.0,22100000.0,32100000.0,,Global Tailing Dam [https://www.grida.no/publications/472],https://s2.q4cdn.com/795832262/files/doc_downloads/2020/02/EN_SEMAFO-Tailings-Safety-Disclosure-Response-FINAL.pdf
1980,,"A TSF with a single dam in L shape, and the opposite side hanging on the hill wall.",SEMAFO,Burkina Faso,12.000833,-1.41,Active,2018.0,2355000.0,11658000.0,High ,Global Tailing Dam [https://www.grida.no/publications/472],https://s2.q4cdn.com/795832262/files/doc_downloads/2020/02/EN_SEMAFO-Tailings-Safety-Disclosure-Response-FINAL.pdf
1811,Perkoa,TSF 1,Trevali Mining,Burkina Faso,12.381667,-2.593889,Inactive,2012.0,600000.0,600000.0,Very High,Global Tailing Dam [https://www.grida.no/publications/472],https://s22.q4cdn.com/617180940/files/doc_downloads/2019/10/Trevali-Mining-and-Tailings-Safety-Initiative-2019.pdf
1812,Perkoa,TSF2 phase 1,Trevali Mining,Burkina Faso,12.381667,-2.593889,inactive,2015.0,495000.0,515000.0,Very High,Global Tailing Dam [https://www.grida.no/publications/472],https://s22.q4cdn.com/617180940/files/doc_downloads/2019/10/Trevali-Mining-and-Tailings-Safety-Initiative-2019.pdf
1813,Perkoa,TSF2 phase 2,Trevali Mining,Burkina Faso,12.381667,-2.593889,Active,2018.0,495000.0,515000.0,Very High,Global Tailing Dam [https://www.grida.no/publications/472],https://s22.q4cdn.com/617180940/files/doc_downloads/2019/10/Trevali-Mining-and-Tailings-Safety-Initiative-2019.pdf
27,Cobalt,Nova Scotia Tailings Area,Agnico Eagle Mines,Canada,47.392222,-79.660556,Inactive,1992.0,240000.0,240000.0,Medium,Global Tailing Dam [https://www.grida.no/publications/472],https://s21.q4cdn.com/374334112/files/doc_downloads/Sustainability/TM-Report/Agnico-Eagle-Summary-Tailings-Management-Report-June-2019.pdf
16,Goldex,South TSF,Agnico Eagle Mines,Canada,48.054342,-77.841978,Active,2007.0,1664000.0,2500000.0,Medium,Global Tailing Dam [https://www.grida.no/publications/472],https://s21.q4cdn.com/374334112/files/doc_downloads/Sustainability/TM-Report/Agnico-Eagle-Summary-Tailings-Management-Report-June-2019.pdf
26,Joutel,TMF South,Agnico Eagle Mines,Canada,49.291356,-78.224038,Inactive,1986.0,2200000.0,2200000.0,Medium,Global Tailing Dam [https://www.grida.no/publications/472],https://s21.q4cdn.com/374334112/files/doc_downloads/Sustainability/TM-Report/Agnico-Eagle-Summary-Tailings-Management-Report-June-2019.pdf
24,Laronde,Extension A4,Agnico Eagle Mines,Canada,48.254847,-78.400641,Active,2010.0,1500000.0,3400000.0,Medium,Global Tailing Dam [https://www.grida.no/publications/472],https://s21.q4cdn.com/374334112/files/doc_downloads/Sustainability/TM-Report/Agnico-Eagle-Summary-Tailings-Management-Report-June-2019.pdf
23,Laronde,Principal TSF,Agnico Eagle Mines,Canada,48.257872,-78.417616,Active,1988.0,29923000.0,32650000.0,Medium,Global Tailing Dam [https://www.grida.no/publications/472],https://s21.q4cdn.com/374334112/files/doc_downloads/Sustainability/TM-Report/Agnico-Eagle-Summary-Tailings-Management-Report-June-2019.pdf
14,Meadowbank,In pit,Agnico Eagle Mines,Canada,65.019033,-96.048962,Active,2009.0,850000.0,12500000.0,Low,Global Tailing Dam [https://www.grida.no/publications/472],https://s21.q4cdn.com/374334112/files/doc_downloads/Sustainability/TM-Report/Agnico-Eagle-Summary-Tailings-Management-Report-June-2019.pdf
12,Meadowbank,North Cell,Agnico Eagle Mines,Canada,65.037738,-96.072833,Active,2009.0,14400000.0,14400000.0,Medium,Global Tailing Dam [https://www.grida.no/publications/472],https://s21.q4cdn.com/374334112/files/doc_downloads/Sustainability/TM-Report/Agnico-Eagle-Summary-Tailings-Management-Report-June-2019.pdf
13,Meadowbank,South Cell,Agnico Eagle Mines,Canada,65.025917,-96.064086,Active,2012.0,10420000.0,10800000.0,Medium,Global Tailing Dam [https://www.grida.no/publications/472],https://s21.q4cdn.com/374334112/files/doc_downloads/Sustainability/TM-Report/Agnico-Eagle-Summary-Tailings-Management-Report-June-2019.pdf
15,Meliadine,Meliadine TSF,Agnico Eagle Mines,Canada,63.020829,-92.140336,Active,2019.0,89000.0,4354000.0,Medium,Global Tailing Dam [https://www.grida.no/publications/472],https://s21.q4cdn.com/374334112/files/doc_downloads/Sustainability/TM-Report/Agnico-Eagle-Summary-Tailings-Management-Report-June-2019.pdf
19,Canadian Malartic,Canadian Malartic TSF,Agnico Eagle Mines,Canada,48.112562,-78.091518,Active,1991.0,96000000.0,136500000.0,Medium,Global Tailing Dam [https://www.grida.no/publications/472],https://s21.q4cdn.com/374334112/files/doc_downloads/Sustainability/TM-Report/Agnico-Eagle-Summary-Tailings-Management-Report-June-2019.pdf
1656,Island Gold Mine,Primary Pond Dyke 1,Alamos Gold,Canada,48.30807,-84.445337,Active,1988.0,486000.0,1488000.0,High,Global Tailing Dam [https://www.grida.no/publications/472],https://s1.q4cdn.com/556167425/files/doc_downloads/2019/12/Overview-of-Alamos-Tailings-Impoundment-Areas-Dec2019-FINAL.pdf
1657,Island Gold Mine,Primary Pond Dyke 2,Alamos Gold,Canada,48.30807,-84.445337,Active,2011.0,486000.0,1488000.0,Moderate,Global Tailing Dam [https://www.grida.no/publications/472],https://s1.q4cdn.com/556167425/files/doc_downloads/2019/12/Overview-of-Alamos-Tailings-Impoundment-Areas-Dec2019-FINAL.pdf
1658,Island Gold Mine,Primary Pond Dyke 3,Alamos Gold,Canada,48.30807,-84.445337,Active,2011.0,486000.0,1488000.0,Moderate,Global Tailing Dam [https://www.grida.no/publications/472],https://s1.q4cdn.com/556167425/files/doc_downloads/2019/12/Overview-of-Alamos-Tailings-Impoundment-Areas-Dec2019-FINAL.pdf
1659,Island Gold Mine,Primary Pond Dyke 4,Alamos Gold,Canada,48.30807,-84.445337,Active,2011.0,486000.0,1488000.0,High,Global Tailing Dam [https://www.grida.no/publications/472],https://s1.q4cdn.com/556167425/files/doc_downloads/2019/12/Overview-of-Alamos-Tailings-Impoundment-Areas-Dec2019-FINAL.pdf
1660,Island Gold Mine,Primary Pond Dyke 5,Alamos Gold,Canada,48.30807,-84.445337,Active,2015.0,486000.0,1488000.0,Moderate,Global Tailing Dam [https://www.grida.no/publications/472],https://s1.q4cdn.com/556167425/files/doc_downloads/2019/12/Overview-of-Alamos-Tailings-Impoundment-Areas-Dec2019-FINAL.pdf
1652,Young-Davidson Mine,Tailings Impoundment Area -7 East Dam,Alamos Gold,Canada,47.950208,-80.712447,Active,2012.0,2500000.0,3500000.0,High,Global Tailing Dam [https://www.grida.no/publications/472],https://s1.q4cdn.com/556167425/files/doc_downloads/2019/12/Overview-of-Alamos-Tailings-Impoundment-Areas-Dec2019-FINAL.pdf
1654,Young-Davidson Mine,Tailings Impoundment Area -7 North Dam,Alamos Gold,Canada,47.950208,-80.712447,Active,2014.0,2500000.0,3500000.0,High,Global Tailing Dam [https://www.grida.no/publications/472],https://s1.q4cdn.com/556167425/files/doc_downloads/2019/12/Overview-of-Alamos-Tailings-Impoundment-Areas-Dec2019-FINAL.pdf
1655,Young-Davidson Mine,Tailings Impoundment Area -7 South Saddle Dam,Alamos Gold,Canada,47.950208,-80.712447,Active,2018.0,2500000.0,3500000.0,High,Global Tailing Dam [https://www.grida.no/publications/472],https://s1.q4cdn.com/556167425/files/doc_downloads/2019/12/Overview-of-Alamos-Tailings-Impoundment-Areas-Dec2019-FINAL.pdf
1653,Young-Davidson Mine,Tailings Impoundment Area -7 West Dam,Alamos Gold,Canada,47.950208,-80.712447,Active,2012.0,2500000.0,3500000.0,High,Global Tailing Dam [https://www.grida.no/publications/472],https://s1.q4cdn.com/556167425/files/doc_downloads/2019/12/Overview-of-Alamos-Tailings-Impoundment-Areas-Dec2019-FINAL.pdf
28,Gahcho Kue,Gahcho Kue  Area 2 FINE PKC,Anglo American,Canada,63.463619,-109.211752,Active,2016.0,3500000.0,6880000.0,Major,Global Tailing Dam [https://www.grida.no/publications/472],https://www.angloamerican.com/sustainability/tailings-summary/tailings-database?page=5
29,Gahcho Kue,Gahcho Kue  Course PKC Pile,Anglo American,Canada,63.463619,-109.211752,Active,2016.0,2900000.0,5590000.0,High,Global Tailing Dam [https://www.grida.no/publications/472],https://www.angloamerican.com/sustainability/tailings-summary/tailings-database?page=5
33,Snap Lake,Snap Lake North Pile,Anglo American,Canada,63.600923,-110.888653,Inactive,2008.0,3940000.0,3940000.0,Minor,Global Tailing Dam [https://www.grida.no/publications/472],https://www.angloamerican.com/sustainability/tailings-summary/tailings-database?page=5
31,Victor,Victor Coarse PK & Lo rade Ore Stockpile,Anglo American,Canada,52.823067,-83.9387,Active,2008.0,5940000.0,5940000.0,Minor,Global Tailing Dam [https://www.grida.no/publications/472],https://www.angloamerican.com/sustainability/tailings-summary/tailings-database?page=5
32,Victor,Victor Coarse PK & overburden Stockpile,Anglo American,Canada,52.807844,-83.925833,Active,2008.0,5400000.0,5400000.0,Minor,Global Tailing Dam [https://www.grida.no/publications/472],https://www.angloamerican.com/sustainability/tailings-summary/tailings-database?page=5
30,Victor,Victor Fines PK storage facility,Anglo American,Canada,52.823067,-83.9387,Active,2008.0,7400000.0,7400000.0,Minor,Global Tailing Dam [https://www.grida.no/publications/472],https://www.angloamerican.com/sustainability/tailings-summary/tailings-database?page=5
1416,Mont Wright TSF,Mont Wright TSF,ArcelorMittal,Canada,52.798264,-67.386658,Active,1981.0,725000000.0,895000000.0,Very High,Global Tailing Dam [https://www.grida.no/publications/472],https://drive.google.com/file/d/1Pj-UZaWctl9i0lKc4XpjybSoT9CN74tb/view
1417,Port Cartier TSF,Port Cartier TSF,ArcelorMittal,Canada,50.043661,-66.788933,Active,1978.0,4200000.0,5500000.0,Very High,Global Tailing Dam [https://www.grida.no/publications/472],https://drive.google.com/file/d/1Pj-UZaWctl9i0lKc4XpjybSoT9CN74tb/view
219,Bicroft,North Tailings Basin,Barrick Gold Corporation,Canada,44.995564,-78.044357,Closed,1956.0,1500000.0,1500000.0,High,Global Tailing Dam [https://www.grida.no/publications/472],https://barrick.q4cdn.com/788666289/files/doc_downloads/2019/06/Letter-to-the-CoE-plus-inventory.pdf
220,Bicroft,South Tailings Basin,Barrick Gold Corporation,Canada,44.987684,-78.038638,Closed,1956.0,200000.0,200000.0,Significant,Global Tailing Dam [https://www.grida.no/publications/472],https://barrick.q4cdn.com/788666289/files/doc_downloads/2019/06/Letter-to-the-CoE-plus-inventory.pdf
221,Bousquet ,Bousquet LTA,Barrick Gold Corporation,Canada,48.106408,-78.000949,Closed,1938.0,14000000.0,14000000.0,Significant,Global Tailing Dam [https://www.grida.no/publications/472],https://barrick.q4cdn.com/788666289/files/doc_downloads/2019/06/Letter-to-the-CoE-plus-inventory.pdf
222,Cadillac Molybdenite,Tailings Stack,Barrick Gold Corporation,Canada,48.315221,-78.382253,Closed,1965.0,1300000.0,1300000.0,Significant,Global Tailing Dam [https://www.grida.no/publications/472],https://barrick.q4cdn.com/788666289/files/doc_downloads/2019/06/Letter-to-the-CoE-plus-inventory.pdf
223,Cullaton Lake,Tailings Pond 1,Barrick Gold Corporation,Canada,61.265859,-98.492138,Closed,1981.0,300000.0,300000.0,Low,Global Tailing Dam [https://www.grida.no/publications/472],https://barrick.q4cdn.com/788666289/files/doc_downloads/2019/06/Letter-to-the-CoE-plus-inventory.pdf
224,Cullaton Lake,Tailings Pond 2,Barrick Gold Corporation,Canada,61.264636,-98.4799,Closed,1981.0,0.0,0.0,Not rated,Global Tailing Dam [https://www.grida.no/publications/472],https://barrick.q4cdn.com/788666289/files/doc_downloads/2019/06/Letter-to-the-CoE-plus-inventory.pdf
225,Eskay,Albino Lake TSF,Barrick Gold Corporation,Canada,56.650496,-130.496457,Closed,1997.0,200000.0,200000.0,Not rated,Global Tailing Dam [https://www.grida.no/publications/472],https://barrick.q4cdn.com/788666289/files/doc_downloads/2019/06/Letter-to-the-CoE-plus-inventory.pdf
226,Eskay,Tom McKay TSF,Barrick Gold Corporation,Canada,56.619746,-130.520252,Closed,2001.0,500000.0,500000.0,Not rated,Global Tailing Dam [https://www.grida.no/publications/472],https://barrick.q4cdn.com/788666289/files/doc_downloads/2019/06/Letter-to-the-CoE-plus-inventory.pdf
228,Giant Nickel,Lower TSF,Barrick Gold Corporation,Canada,49.48343,-121.457824,Closed,1971.0,1800000.0,1800000.0,Very High,Global Tailing Dam [https://www.grida.no/publications/472],https://barrick.q4cdn.com/788666289/files/doc_downloads/2019/06/Letter-to-the-CoE-plus-inventory.pdf
227,Giant Nickel,Upper TSF,Barrick Gold Corporation,Canada,49.482295,-121.461631,Closed,1958.0,1800000.0,1800000.0,Not rated,Global Tailing Dam [https://www.grida.no/publications/472],https://barrick.q4cdn.com/788666289/files/doc_downloads/2019/06/Letter-to-the-CoE-plus-inventory.pdf
229,Golden Patricia,Golden Patricia TSF,Barrick Gold Corporation,Canada,51.369843,-91.131883,Closed,1988.0,800000.0,800000.0,Low,Global Tailing Dam [https://www.grida.no/publications/472],https://barrick.q4cdn.com/788666289/files/doc_downloads/2019/06/Letter-to-the-CoE-plus-inventory.pdf
194,Hemlo,David Bell / Williams Basin,Barrick Gold Corporation,Canada,48.668708,-85.878245,Active,1985.0,68000000.0,68000000.0,Very High,Global Tailing Dam [https://www.grida.no/publications/472],https://barrick.q4cdn.com/788666289/files/doc_downloads/2019/06/Letter-to-the-CoE-plus-inventory.pdf
230,Nickel Plate,Nickel Plate TSF,Barrick Gold Corporation,Canada,49.35533,-120.024094,Closed,1987.0,7600000.0,8200000.0,Very High,Global Tailing Dam [https://www.grida.no/publications/472],https://barrick.q4cdn.com/788666289/files/doc_downloads/2019/06/Letter-to-the-CoE-plus-inventory.pdf
231,Powell Rouyn,Parc A Residus,Barrick Gold Corporation,Canada,48.258235,-79.050362,Closed,1937.0,300000.0,300000.0,Significant,Global Tailing Dam [https://www.grida.no/publications/472],https://barrick.q4cdn.com/788666289/files/doc_downloads/2019/06/Letter-to-the-CoE-plus-inventory.pdf
232,Renabie,Renabie TSFs,Barrick Gold Corporation,Canada,48.372015,-83.863747,Closed,1947.0,3900000.0,3900000.0,Low,Global Tailing Dam [https://www.grida.no/publications/472],https://barrick.q4cdn.com/788666289/files/doc_downloads/2019/06/Letter-to-the-CoE-plus-inventory.pdf
233,Uchi,Uchi TSFs,Barrick Gold Corporation,Canada,51.0709,-92.5936,Closed,1938.0,500000.0,500000.0,Low,Global Tailing Dam [https://www.grida.no/publications/472],https://barrick.q4cdn.com/788666289/files/doc_downloads/2019/06/Letter-to-the-CoE-plus-inventory.pdf
589,East Kemptville,East Kemptville Tailings Management Area,BHP Group,Canada,44.111,-65.702,Closed,1985.0,12800000.0,12800000.0,High,Global Tailing Dam [https://www.grida.no/publications/472],https://www.bhp.com/-/media/documents/environment/2019/190607_coe.pdf?la=en
590,Elliot Lake,Lacnor Tailings Management Area,BHP Group,Canada,46.392515,-82.585363,Closed,1957.0,1500000.0,1500000.0,Low,Global Tailing Dam [https://www.grida.no/publications/472],https://www.bhp.com/-/media/documents/environment/2019/190607_coe.pdf?la=en
591,Elliot Lake,Milliken Tailings Management Area,BHP Group,Canada,46.399908,-82.646575,Closed,1958.0,100000.0,100000.0,High,Global Tailing Dam [https://www.grida.no/publications/472],https://www.bhp.com/-/media/documents/environment/2019/190607_coe.pdf?la=en
592,Elliot Lake,Nordic Tailings Management Area,BHP Group,Canada,46.38231,-82.607482,Closed,1957.0,6900000.0,6900000.0,Significant,Global Tailing Dam [https://www.grida.no/publications/472],https://www.bhp.com/-/media/documents/environment/2019/190607_coe.pdf?la=en
593,Elliot Lake,Panel Tailings Management Area,BHP Group,Canada,46.52408,-82.551727,Closed,1958.0,8800000.0,8800000.0,High,Global Tailing Dam [https://www.grida.no/publications/472],https://www.bhp.com/-/media/documents/environment/2019/190607_coe.pdf?la=en
594,Elliot Lake,Pronto Tailings Management Area,BHP Group,Canada,46.206818,-82.704707,Closed,1955.0,2500000.0,2500000.0,Very High,Global Tailing Dam [https://www.grida.no/publications/472],https://www.bhp.com/-/media/documents/environment/2019/190607_coe.pdf?la=en
595,Elliot Lake,Quirke Tailings Management Area,BHP Group,Canada,46.50859,-82.657137,Closed,1956.0,32600000.0,32600000.0,Very High,Global Tailing Dam [https://www.grida.no/publications/472],https://www.bhp.com/-/media/documents/environment/2019/190607_coe.pdf?la=en
596,Elliot Lake,Spanish American Tailings Management Area,BHP Group,Canada,46.472266,-82.601569,Closed,1958.0,300000.0,300000.0,Low,Global Tailing Dam [https://www.grida.no/publications/472],https://www.bhp.com/-/media/documents/environment/2019/190607_coe.pdf?la=en
597,Elliot Lake,Stanleigh Tailings Management Area,BHP Group,Canada,46.44754,-82.59924,Closed,1958.0,11500000.0,11500000.0,Very High,Global Tailing Dam [https://www.grida.no/publications/472],https://www.bhp.com/-/media/documents/environment/2019/190607_coe.pdf?la=en
598,Island Copper,Island Copper Tailings,BHP Group,Canada,50.59055,-127.467926,Closed,1971.0,308000000.0,308000000.0,N/A,Global Tailing Dam [https://www.grida.no/publications/472],https://www.bhp.com/-/media/documents/environment/2019/190607_coe.pdf?la=en
607,Poirier,Poirier Tailings Disposal Area,BHP Group,Canada,49.445809,-78.392419,Closed,1965.0,2500000.0,2500000.0,Low,Global Tailing Dam [https://www.grida.no/publications/472],https://www.bhp.com/-/media/documents/environment/2019/190607_coe.pdf?la=en
614,Selbaie,Selbaie Tailings Facility,BHP Group,Canada,49.799028,-78.957185,Closed,1981.0,32500000.0,32500000.0,High,Global Tailing Dam [https://www.grida.no/publications/472],https://www.bhp.com/-/media/documents/environment/2019/190607_coe.pdf?la=en
644,Bullmoose,Bullmoose Tailings,BHP Group,Canada,55.136278,-121.476274,Inactive,1983.0,4600000.0,4600000.0,High,Global Tailing Dam [https://www.grida.no/publications/472],https://www.bhp.com/-/media/documents/environment/2019/190607_coe.pdf?la=en
1346,Key Lake Operation,DTMF,Cameco,Canada,57.208333,-105.63,Inactive Care and Maintenance,1996.0,9300000.0,10800000.0,N/A,Global Tailing Dam [https://www.grida.no/publications/472],https://www.cameco.com/uploads/downloads/Cameco-Tailings-Management.pdf
1344,Key Lake Operation,KL AGTMF,Cameco,Canada,57.206944,-105.703056,Inactive,1983.0,5800000.0,5800000.0,Not classified,Global Tailing Dam [https://www.grida.no/publications/472],https://www.cameco.com/uploads/downloads/Cameco-Tailings-Management.pdf
1343,Rabbit Lake Operation,AGTMF,Cameco,Canada,58.163611,-103.691667,Inactive,1975.0,5416667.0,5416667.0,Not classified,Global Tailing Dam [https://www.grida.no/publications/472],https://www.cameco.com/uploads/downloads/Cameco-Tailings-Management.pdf
1345,Rabbit Lake Operation,RLITMF,Cameco,Canada,58.197778,-103.713333,Inactive Care and Maintenance,1984.0,8270000.0,8270000.0,N/A,Global Tailing Dam [https://www.grida.no/publications/472],https://www.cameco.com/uploads/downloads/Cameco-Tailings-Management.pdf
827,Kemess South,Kemess South TSF,Centerra Gold,Canada,57.021667,-126.66972,Inactive,1998.0,141000000.0,141000000.0,Very High,Global Tailing Dam [https://www.grida.no/publications/472],https://cg-raw.s3.amazonaws.com/cg/reports/CenterraGold_TSFDisclosure_June2019_Final.pdf
826,Mount Milligan,Mount Milligan TSF,Centerra Gold,Canada,55.125756,-124.02302,Active,2013.0,86000000.0,111100000.0,Very High,Global Tailing Dam [https://www.grida.no/publications/472],https://cg-raw.s3.amazonaws.com/cg/reports/CenterraGold_TSFDisclosure_June2019_Final.pdf
830,Endako,"Endako
Tailings Pond #2",Centerra Gold,Canada,54.050786,-125.09353,Inactive Care and Maintenance,1967.0,107000000.0,107000000.0,High,Global Tailing Dam [https://www.grida.no/publications/472],https://cg-raw.s3.amazonaws.com/cg/reports/CenterraGold_TSFDisclosure_June2019_Final.pdf
829,Endako,"Endako
Tailings Ponds #1 & #3",Centerra Gold,Canada,54.050786,-125.09353,Inactive Care and Maintenance,1965.0,216000000.0,216000000.0,"High, Significant",Global Tailing Dam [https://www.grida.no/publications/472],https://cg-raw.s3.amazonaws.com/cg/reports/CenterraGold_TSFDisclosure_June2019_Final.pdf
1524,Detour Lake mine,Detour Lake Mine - TMA Cell 1,Detour Gold Corporation,Canada,50.019681,-79.70275,Active,2013.0,80000000.0,100000000.0,Moderate,Global Tailing Dam [https://www.grida.no/publications/472],https://s22.q4cdn.com/327131108/files/doc_downloads/2019/Detour-Gold-Mine-Tailings-Disclosure-Table-FINAL.pdf
2031,N/A,Lac Shortt TSF,First Quantum Minerals,Canada,49.614444,-75.840833,Closed site,1984.0,963000.0,963000.0,TSF does not meet the threshold of 1M m3 water storage for registration of  dams under the Quebec Dam Safety Act.,Global Tailing Dam [https://www.grida.no/publications/472],https://s24.q4cdn.com/821689673/files/doc_downloads/tailings-management/Tailings-Dam-Management-Disclosure-Request-April-2020-FINAL.xlsx
2032,N/A,Millenbach TSF,First Quantum Minerals,Canada,48.304167,-79.053333,Closed site,1980.0,95000.0,95000.0,TSF does not meet the threshold of 1M m3 water storage for registration of  dams under the Quebec Dam Safety Act.,Global Tailing Dam [https://www.grida.no/publications/472],https://s24.q4cdn.com/821689673/files/doc_downloads/tailings-management/Tailings-Dam-Management-Disclosure-Request-April-2020-FINAL.xlsx
2033,N/A,Norbec 2 TSF #1,First Quantum Minerals,Canada,48.353611,-79.056111,Closed site,1993.0,1296300.0,4185300.0,TSF does not meet the threshold of 1M m3 water storage for registration of  dams under the Quebec Dam Safety Act.,Global Tailing Dam [https://www.grida.no/publications/472],https://s24.q4cdn.com/821689673/files/doc_downloads/tailings-management/Tailings-Dam-Management-Disclosure-Request-April-2020-FINAL.xlsx
2034,N/A,Norbec 2 TSF #2,First Quantum Minerals,Canada,48.358333,-79.062222,Closed site,1994.0,2889000.0,4185300.0,TSF does not meet the threshold of 1M m3 water storage for registration of  dams under the Quebec Dam Safety Act.,Global Tailing Dam [https://www.grida.no/publications/472],https://s24.q4cdn.com/821689673/files/doc_downloads/tailings-management/Tailings-Dam-Management-Disclosure-Request-April-2020-FINAL.xlsx
2035,N/A,Samatosum TSF,First Quantum Minerals,Canada,51.166111,-119.802222,Closed site,1989.0,422500.0,422500.0,High,Global Tailing Dam [https://www.grida.no/publications/472],https://s24.q4cdn.com/821689673/files/doc_downloads/tailings-management/Tailings-Dam-Management-Disclosure-Request-April-2020-FINAL.xlsx
2036,N/A,Sturgeon Lake 3 TSF Cell 1,First Quantum Minerals,Canada,49.866111,-90.887778,Closed site,1974.0,555500.0,1296200.0,High,Global Tailing Dam [https://www.grida.no/publications/472],https://s24.q4cdn.com/821689673/files/doc_downloads/tailings-management/Tailings-Dam-Management-Disclosure-Request-April-2020-FINAL.xlsx
2037,N/A,Sturgeon Lake 3 TSF Cell 2,First Quantum Minerals,Canada,49.868333,-90.889722,Closed site,1975.0,370400.0,1296200.0,High,Global Tailing Dam [https://www.grida.no/publications/472],https://s24.q4cdn.com/821689673/files/doc_downloads/tailings-management/Tailings-Dam-Management-Disclosure-Request-April-2020-FINAL.xlsx
2038,N/A,Sturgeon Lake 3 TSF Cell 3,First Quantum Minerals,Canada,49.870556,-90.889444,Closed site,1976.0,370300.0,1296200.0,High,Global Tailing Dam [https://www.grida.no/publications/472],https://s24.q4cdn.com/821689673/files/doc_downloads/tailings-management/Tailings-Dam-Management-Disclosure-Request-April-2020-FINAL.xlsx
2039,N/A,Winston Lake TSF,First Quantum Minerals,Canada,48.973333,-87.368333,Closed site,1987.0,926000.0,926000.0,High,Global Tailing Dam [https://www.grida.no/publications/472],https://s24.q4cdn.com/821689673/files/doc_downloads/tailings-management/Tailings-Dam-Management-Disclosure-Request-April-2020-FINAL.xlsx
751,CEZinc Processing Plant,Ferrite North,Glencore,Canada,45.231389,-74.123611,Active,1982.0,,,High,Global Tailing Dam [https://www.grida.no/publications/472],https://www.glencore.com/dam/jcr:58e3d8ff-97c1-422f-8d31-dd2fee89fcc3/Glencore_TSFs_190614.pdf
752,CEZinc Processing Plant,Ferrite South,Glencore,Canada,45.234722,-74.1275,Active,1990.0,1200000.0,1200000.0,Very High,Global Tailing Dam [https://www.grida.no/publications/472],https://www.glencore.com/dam/jcr:58e3d8ff-97c1-422f-8d31-dd2fee89fcc3/Glencore_TSFs_190614.pdf
750,CEZinc Processing Plant,Ferrite (West),Glencore,Canada,45.231111,-74.075833,Active,1997.0,3000000.0,4000000.0,Low,Global Tailing Dam [https://www.grida.no/publications/472],https://www.glencore.com/dam/jcr:58e3d8ff-97c1-422f-8d31-dd2fee89fcc3/Glencore_TSFs_190614.pdf
753,CEZinc Processing Plant,Jarofix (North Dyke),Glencore,Canada,45.230833,-74.119722,Closed,1977.0,,,High,Global Tailing Dam [https://www.grida.no/publications/472],https://www.glencore.com/dam/jcr:58e3d8ff-97c1-422f-8d31-dd2fee89fcc3/Glencore_TSFs_190614.pdf
755,CEZinc Processing Plant,Jarosite North,Glencore,Canada,45.230833,-74.108889,Active,1970.0,500000.0,500000.0,Significant,Global Tailing Dam [https://www.grida.no/publications/472],https://www.glencore.com/dam/jcr:58e3d8ff-97c1-422f-8d31-dd2fee89fcc3/Glencore_TSFs_190614.pdf
756,CEZinc Processing Plant,Jarosite North-East,Glencore,Canada,45.228056,-74.104167,Active,1973.0,,,Very High,Global Tailing Dam [https://www.grida.no/publications/472],https://www.glencore.com/dam/jcr:58e3d8ff-97c1-422f-8d31-dd2fee89fcc3/Glencore_TSFs_190614.pdf
754,CEZinc Processing Plant,Jarosite Triangular North-West,Glencore,Canada,45.228611,-74.108889,Active,1973.0,1500000.0,1600000.0,High,Global Tailing Dam [https://www.grida.no/publications/472],https://www.glencore.com/dam/jcr:58e3d8ff-97c1-422f-8d31-dd2fee89fcc3/Glencore_TSFs_190614.pdf
757,CEZinc Processing Plant,UNA (North-West),Glencore,Canada,45.235278,-74.104167,Active,1966.0,4000000.0,4300000.0,High,Global Tailing Dam [https://www.grida.no/publications/472],https://www.glencore.com/dam/jcr:58e3d8ff-97c1-422f-8d31-dd2fee89fcc3/Glencore_TSFs_190614.pdf
758,CEZinc Processing Plant,UNA South,Glencore,Canada,45.233611,-74.104722,Active,1966.0,4000000.0,4300000.0,High,Global Tailing Dam [https://www.grida.no/publications/472],https://www.glencore.com/dam/jcr:58e3d8ff-97c1-422f-8d31-dd2fee89fcc3/Glencore_TSFs_190614.pdf
747,Hardy Mine,Hardy Mine (Tailings Dam),Glencore,Canada,46.636944,-81.407778,Closed,,,,High,Global Tailing Dam [https://www.grida.no/publications/472],https://www.glencore.com/dam/jcr:58e3d8ff-97c1-422f-8d31-dd2fee89fcc3/Glencore_TSFs_190614.pdf
712,Bell,Main Tailings Impoundment Dam 1-6,Glencore,Canada,55.003094,-126.232331,Closed,1970.0,48000000.0,48000000.0,Low,Global Tailing Dam [https://www.grida.no/publications/472],https://www.glencore.com/dam/jcr:58e3d8ff-97c1-422f-8d31-dd2fee89fcc3/Glencore_TSFs_190614.pdf
713,Bell,"Tailings Expansion (Dam 7,8)",Glencore,Canada,55.003094,-126.232331,Closed,1980.0,1000000.0,1000000.0,Low,Global Tailing Dam [https://www.grida.no/publications/472],https://www.glencore.com/dam/jcr:58e3d8ff-97c1-422f-8d31-dd2fee89fcc3/Glencore_TSFs_190614.pdf
716,Fonderie Horne,Noranda 4 (Principal Dyke),Glencore,Canada,48.23,-79.073333,Inactive,1947.0,1880000.0,1880000.0,High,Global Tailing Dam [https://www.grida.no/publications/472],https://www.glencore.com/dam/jcr:58e3d8ff-97c1-422f-8d31-dd2fee89fcc3/Glencore_TSFs_190614.pdf
718,Fonderie Horne,"Noranda 5 (Dyke N5-1,2,3)",Glencore,Canada,48.221111,-79.094444,Active,2015.0,5000000.0,7500000.0,Very High,Global Tailing Dam [https://www.grida.no/publications/472],https://www.glencore.com/dam/jcr:58e3d8ff-97c1-422f-8d31-dd2fee89fcc3/Glencore_TSFs_190614.pdf
717,Fonderie Horne,"Noranda 5 Polishing Pond (South, North-East  and West Dyke)",Glencore,Canada,48.226389,-79.088333,Active,2012.0,2900000.0,2900000.0,Very High,Global Tailing Dam [https://www.grida.no/publications/472],https://www.glencore.com/dam/jcr:58e3d8ff-97c1-422f-8d31-dd2fee89fcc3/Glencore_TSFs_190614.pdf
720,Fonderie Horne,Quémont-2 TSF (A-G),Glencore,Canada,48.268056,-78.978333,Inactive,1989.0,8200000.0,8200000.0,Very High,Global Tailing Dam [https://www.grida.no/publications/472],https://www.glencore.com/dam/jcr:58e3d8ff-97c1-422f-8d31-dd2fee89fcc3/Glencore_TSFs_190614.pdf
719,Fonderie Horne,Waite Amulet TSF (Acid rock drainage water pond) (Principal Dike),Glencore,Canada,48.330789,-79.075211,Closed,1973.0,650000.0,650000.0,NA,Global Tailing Dam [https://www.grida.no/publications/472],https://www.glencore.com/dam/jcr:58e3d8ff-97c1-422f-8d31-dd2fee89fcc3/Glencore_TSFs_190614.pdf
714,Granisle,No. 1 Tailings Impoundment (Dam 1),Glencore,Canada,54.938889,-126.1725,Closed,1966.0,4000000.0,4000000.0,Low,Global Tailing Dam [https://www.grida.no/publications/472],https://www.glencore.com/dam/jcr:58e3d8ff-97c1-422f-8d31-dd2fee89fcc3/Glencore_TSFs_190614.pdf
715,Granisle,No. 2 Tailings Impoundment Dam 3-5,Glencore,Canada,54.938889,-126.1725,Closed,1968.0,30000000.0,30000000.0,Low,Global Tailing Dam [https://www.grida.no/publications/472],https://www.glencore.com/dam/jcr:58e3d8ff-97c1-422f-8d31-dd2fee89fcc3/Glencore_TSFs_190614.pdf
774,Matagami Mine," Central Pond, (Lalanne Dyke and Central Dyke)",Glencore,Canada,49.743986,-77.767269,Closed,2002.0,8070000.0,8070000.0,High,Global Tailing Dam [https://www.grida.no/publications/472],https://www.glencore.com/dam/jcr:58e3d8ff-97c1-422f-8d31-dd2fee89fcc3/Glencore_TSFs_190614.pdf
775,Matagami Mine,"South Pond, (South Dyke)",Glencore,Canada,49.719444,-77.7675,Active,1969.0,3080000.0,7950000.0,Significant,Global Tailing Dam [https://www.grida.no/publications/472],https://www.glencore.com/dam/jcr:58e3d8ff-97c1-422f-8d31-dd2fee89fcc3/Glencore_TSFs_190614.pdf
776,Matagami Mine,West Ponds,Glencore,Canada,49.743056,-77.796111,Closed,1977.0,1890000.0,1890000.0,Significant,Global Tailing Dam [https://www.grida.no/publications/472],https://www.glencore.com/dam/jcr:58e3d8ff-97c1-422f-8d31-dd2fee89fcc3/Glencore_TSFs_190614.pdf
738,Onaping Area Mines,Neutralizing Reservoir Dam,Glencore,Canada,46.642778,-81.335278,Active,1968.0,9000000.0,10000000.0,Very High,Global Tailing Dam [https://www.grida.no/publications/472],https://www.glencore.com/dam/jcr:58e3d8ff-97c1-422f-8d31-dd2fee89fcc3/Glencore_TSFs_190614.pdf
739,Onaping Area Mines,Polishing Reservoir Dam,Glencore,Canada,46.645144,-81.349975,Inactive,,0.0,0.0,Very High,Global Tailing Dam [https://www.grida.no/publications/472],https://www.glencore.com/dam/jcr:58e3d8ff-97c1-422f-8d31-dd2fee89fcc3/Glencore_TSFs_190614.pdf
740,Onaping Area Mines,Strathcona Tailings Area Dam 3A & 3B,Glencore,Canada,46.659167,-81.311111,Active,2001.0,4000000.0,4000000.0,Very High,Global Tailing Dam [https://www.grida.no/publications/472],https://www.glencore.com/dam/jcr:58e3d8ff-97c1-422f-8d31-dd2fee89fcc3/Glencore_TSFs_190614.pdf
710,Boss Mountain,Boss Tailings Storage Facility (Main Dam),Glencore,Canada,52.093056,-120.869444,Closed,1977.0,5000000.0,5000000.0,High,Global Tailing Dam [https://www.grida.no/publications/472],https://www.glencore.com/dam/jcr:58e3d8ff-97c1-422f-8d31-dd2fee89fcc3/Glencore_TSFs_190614.pdf
711,Boss Mountain,Boss Tailings Storage Facility North Tailings Berm,Glencore,Canada,52.093056,-120.869444,Closed,1977.0,5000000.0,5000000.0,Low,Global Tailing Dam [https://www.grida.no/publications/472],https://www.glencore.com/dam/jcr:58e3d8ff-97c1-422f-8d31-dd2fee89fcc3/Glencore_TSFs_190614.pdf
708,Brenda,Tailings Storage Facility (Main Dam),Glencore,Canada,49.859722,-119.951389,Closed,1969.0,133000000.0,133000000.0,Extreme,Global Tailing Dam [https://www.grida.no/publications/472],https://www.glencore.com/dam/jcr:58e3d8ff-97c1-422f-8d31-dd2fee89fcc3/Glencore_TSFs_190614.pdf
709,Brenda,Tailings Storage Facility Saddle Dam,Glencore,Canada,49.861608,-119.951942,Closed,1979.0,133000000.0,133000000.0,Extreme,Global Tailing Dam [https://www.grida.no/publications/472],https://www.glencore.com/dam/jcr:58e3d8ff-97c1-422f-8d31-dd2fee89fcc3/Glencore_TSFs_190614.pdf
771,Kidd Metallurgical Site,"Tailings Management Area (TMA), Perimeter Dyke, Corckys Pond, Pond A-C",Glencore,Canada,48.593056,-81.096667,Active,1969.0,80000000.0,88000000.0,High,Global Tailing Dam [https://www.grida.no/publications/472],https://www.glencore.com/dam/jcr:58e3d8ff-97c1-422f-8d31-dd2fee89fcc3/Glencore_TSFs_190614.pdf
772,Kidd Metallurgical Site,"TMA Pond D, West Dam",Glencore,Canada,48.5575,-81.115278,Active,1969.0,,,High,Global Tailing Dam [https://www.grida.no/publications/472],https://www.glencore.com/dam/jcr:58e3d8ff-97c1-422f-8d31-dd2fee89fcc3/Glencore_TSFs_190614.pdf
773,Kidd Metallurgical Site,"TMA Pond E, North Dam",Glencore,Canada,48.561667,-81.118889,Active,2001.0,,,Significant,Global Tailing Dam [https://www.grida.no/publications/472],https://www.glencore.com/dam/jcr:58e3d8ff-97c1-422f-8d31-dd2fee89fcc3/Glencore_TSFs_190614.pdf
746,Raglan Mine,Raglan (Tailings Dry Stack),Glencore,Canada,61.687425,-73.678414,Active,1998.0,11000000.0,14000000.0,Significant,Global Tailing Dam [https://www.grida.no/publications/472],https://www.glencore.com/dam/jcr:58e3d8ff-97c1-422f-8d31-dd2fee89fcc3/Glencore_TSFs_190614.pdf
745,Nickel Rim Mine,Nickel Rim South (Moose Lake Dam),Glencore,Canada,46.660833,-80.7975,Inactive,2003.0,0.0,0.0,Significant,Global Tailing Dam [https://www.grida.no/publications/472],https://www.glencore.com/dam/jcr:58e3d8ff-97c1-422f-8d31-dd2fee89fcc3/Glencore_TSFs_190614.pdf
744,Nickel Rim Mine,Nickel Rim South NR-2,Glencore,Canada,46.670278,-80.804722,Inactive,,,,Significant,Global Tailing Dam [https://www.grida.no/publications/472],https://www.glencore.com/dam/jcr:58e3d8ff-97c1-422f-8d31-dd2fee89fcc3/Glencore_TSFs_190614.pdf
741,Smelter Complex,Smelter Complex (Dam 1),Glencore,Canada,46.592222,-80.7825,Inactive,,,,High,Global Tailing Dam [https://www.grida.no/publications/472],https://www.glencore.com/dam/jcr:58e3d8ff-97c1-422f-8d31-dd2fee89fcc3/Glencore_TSFs_190614.pdf
742,Smelter Complex,Smelter Complex Dam 12,Glencore,Canada,46.597875,-80.786072,Inactive,,,,High,Global Tailing Dam [https://www.grida.no/publications/472],https://www.glencore.com/dam/jcr:58e3d8ff-97c1-422f-8d31-dd2fee89fcc3/Glencore_TSFs_190614.pdf
743,Smelter Complex,Smelter Complex East Mine Tailings,Glencore,Canada,46.579019,-80.7858,Inactive,1946.0,9000000.0,9000000.0,High,Global Tailing Dam [https://www.grida.no/publications/472],https://www.glencore.com/dam/jcr:58e3d8ff-97c1-422f-8d31-dd2fee89fcc3/Glencore_TSFs_190614.pdf
695,Louvicourt,Tailings Storage Facility (Dam 2) (7),Glencore,Canada,48.1325,-77.601389,Closed,1993.0,5990000.0,5990000.0,Very High,Global Tailing Dam [https://www.grida.no/publications/472],https://www.glencore.com/dam/jcr:58e3d8ff-97c1-422f-8d31-dd2fee89fcc3/Glencore_TSFs_190614.pdf
696,Brunswick Mine,"Mine 12 Tailings Impoundment East Dam E1, E2,E3, North Dam west dam and south dam",Glencore,Canada,47.483889,-65.868333,Closed,1964.0,71400000.0,71400000.0,Significant,Global Tailing Dam [https://www.grida.no/publications/472],https://www.glencore.com/dam/jcr:58e3d8ff-97c1-422f-8d31-dd2fee89fcc3/Glencore_TSFs_190614.pdf
697,Brunswick Mine,Mine 12 Tailings Impoundment East Dam E2,Glencore,Canada,47.483889,-65.868333,Closed,1964.0,71400000.0,71400000.0,Low,Global Tailing Dam [https://www.grida.no/publications/472],https://www.glencore.com/dam/jcr:58e3d8ff-97c1-422f-8d31-dd2fee89fcc3/Glencore_TSFs_190614.pdf
704,Geco,"Geco Tailings Facility (CN1, CN2 , CP, CP3, E1-E3)",Glencore,Canada,49.162222,-85.781111,Closed,1955.0,40000000.0,40000000.0,High,Global Tailing Dam [https://www.grida.no/publications/472],https://www.glencore.com/dam/jcr:58e3d8ff-97c1-422f-8d31-dd2fee89fcc3/Glencore_TSFs_190614.pdf
700,Mines Gaspe,Dam 6,Glencore,Canada,48.919167,-65.4375,Closed,1973.0,150000.0,150000.0,Significant,Global Tailing Dam [https://www.grida.no/publications/472],https://www.glencore.com/dam/jcr:58e3d8ff-97c1-422f-8d31-dd2fee89fcc3/Glencore_TSFs_190614.pdf
701,Mines Gaspe,Tailings Storage Facility 1 (Tailings Dam 1),Glencore,Canada,48.926111,-65.460833,Closed,1955.0,26700000.0,26700000.0,Low,Global Tailing Dam [https://www.grida.no/publications/472],https://www.glencore.com/dam/jcr:58e3d8ff-97c1-422f-8d31-dd2fee89fcc3/Glencore_TSFs_190614.pdf
702,Mines Gaspe,Tailings Storage Facility 2 (Tailings Dam 2),Glencore,Canada,48.921944,-65.471389,Closed,1963.0,34900000.0,34900000.0,High,Global Tailing Dam [https://www.grida.no/publications/472],https://www.glencore.com/dam/jcr:58e3d8ff-97c1-422f-8d31-dd2fee89fcc3/Glencore_TSFs_190614.pdf
703,Mines Gaspe,Tailings Storage Facility 3 (Tailings Dam 3),Glencore,Canada,48.916667,-65.498889,Closed,1972.0,5080000.0,5080000.0,Low,Global Tailing Dam [https://www.grida.no/publications/472],https://www.glencore.com/dam/jcr:58e3d8ff-97c1-422f-8d31-dd2fee89fcc3/Glencore_TSFs_190614.pdf
705,Heath Steele,Tailings Management Area ,Glencore,Canada,47.2725,-66.075,Closed,1990.0,15700000.0,15700000.0,Very High,Global Tailing Dam [https://www.grida.no/publications/472],https://www.glencore.com/dam/jcr:58e3d8ff-97c1-422f-8d31-dd2fee89fcc3/Glencore_TSFs_190614.pdf
706,Mattabi,Mattabi TSF ,Glencore,Canada,49.868333,-90.950278,Closed,1971.0,10000000.0,10000000.0,High,Global Tailing Dam [https://www.grida.no/publications/472],https://www.glencore.com/dam/jcr:58e3d8ff-97c1-422f-8d31-dd2fee89fcc3/Glencore_TSFs_190614.pdf
707,Willroy,Tailings Storage Facility (Dam D/G),Glencore,Canada,49.165556,-85.829722,Closed,1950.0,5300000.0,5300000.0,High,Global Tailing Dam [https://www.grida.no/publications/472],https://www.glencore.com/dam/jcr:58e3d8ff-97c1-422f-8d31-dd2fee89fcc3/Glencore_TSFs_190614.pdf
1685,Casa Berardi,Casa Berardi Cell #1,Hecla Mining Company,Canada,49.560333,-79.232417,Inactive,1989.0,,,High,Global Tailing Dam [https://www.grida.no/publications/472],https://www.hecla-mining.com/wp-content/uploads/2019/06/2019-Hecla-TailingsMgmt_FactSheet.pdf
1686,Casa Berardi,Casa Berardi Cell #2,Hecla Mining Company,Canada,49.561333,-79.223056,Closure,1993.0,,,Significant,Global Tailing Dam [https://www.grida.no/publications/472],https://www.hecla-mining.com/wp-content/uploads/2019/06/2019-Hecla-TailingsMgmt_FactSheet.pdf
1687,Casa Berardi,Casa Berardi Cell #3,Hecla Mining Company,Canada,49.560389,-79.235528,Inactive,1988.0,,,Significant,Global Tailing Dam [https://www.grida.no/publications/472],https://www.hecla-mining.com/wp-content/uploads/2019/06/2019-Hecla-TailingsMgmt_FactSheet.pdf
1677,Casa Berardi,Casa Berardi Cell 4,Hecla Mining Company,Canada,49.555972,-79.240528,Active,2010.0,5000000.0,4000000.0,High,Global Tailing Dam [https://www.grida.no/publications/472],https://www.hecla-mining.com/wp-content/uploads/2019/06/2019-Hecla-TailingsMgmt_FactSheet.pdf
1032,Anderson,Anderson TIA One dam,Hudbay Minerals,Canada,54.855099,-99.973959,Active,1979.0,9375000.0,11875000.0,Very high,Global Tailing Dam [https://www.grida.no/publications/472],https://s23.q4cdn.com/405985100/files/doc_financials/annual_reports/mine_tailings/Mine-Tailings-Disclosure-Table-FINAL.pdf
1033,Birch Lake,Birch Lake TDF,Hudbay Minerals,Canada,54.901791,-100.0176,Inactive,1949.0,6750000.0,6750000.0,High,Global Tailing Dam [https://www.grida.no/publications/472],https://s23.q4cdn.com/405985100/files/doc_financials/annual_reports/mine_tailings/Mine-Tailings-Disclosure-Table-FINAL.pdf
1034,Flin Flon,Flin Flon TIS,Hudbay Minerals,Canada,54.771931,-101.90583,Active,1929.0,78750000.0,82176000.0,"Very high, high",Global Tailing Dam [https://www.grida.no/publications/472],https://s23.q4cdn.com/405985100/files/doc_financials/annual_reports/mine_tailings/Mine-Tailings-Disclosure-Table-FINAL.pdf
1546,Solbec,SOLBEC,IAMGOLD Corp,Canada,45.803828,-71.288606,Closed,1994.0,2500000.0,2500000.0,Moderate,Global Tailing Dam [https://www.grida.no/publications/472],https://s1.q4cdn.com/060001837/files/doc_downloads/policies/2019/Copy-of-Church-of-England-Master_edits.pdf
1544,Westwood Gold Mine,IAMGOLD WESTWOOD GOLD MINE/ DOYON,IAMGOLD Corp,Canada,48.272794,-78.550097,Active,1982.0,10945990.0,23212163.0,Significant risk,Global Tailing Dam [https://www.grida.no/publications/472],https://s1.q4cdn.com/060001837/files/doc_downloads/policies/2019/Copy-of-Church-of-England-Master_edits.pdf
1545,YVAN VEZINA,YVAN VEZINA,IAMGOLD Corp,Canada,48.478839,-78.924386,Closed,1983.0,2500000.0,2500000.0,N/A,Global Tailing Dam [https://www.grida.no/publications/472],https://s1.q4cdn.com/060001837/files/doc_downloads/policies/2019/Copy-of-Church-of-England-Master_edits.pdf
1672,Black fox,"Black Fox, Matheson, Ontario, Canada",McEwen Mining,Canada,48.554335,-80.760015,Active,1988.0,5300000.0,7300000.0,Medium,Global Tailing Dam [https://www.grida.no/publications/472],https://s21.q4cdn.com/390685383/files/doc_downloads/2019/McEwen-Mining-Tailings-Safety-Disclosure-Table.pdf
1046,Red Chris,TSF,Newcrest Mining,Canada,57.7457,-129.7287,Active,2013.0,38446000.0,42115000.0,Very High,Global Tailing Dam [https://www.grida.no/publications/472],https://www.newcrest.com/sites/default/files/2019-10/Newcrest_Tailings%20Safety%20Response.pdf
1895,Miramar - Con Mine           ,"Lower Pud, Neil Lake and Neques TCAs",Newmont Goldcorp,Canada,62.4308,-114.3763,Inactive,2009.0,620000.0,,Low,Global Tailing Dam [https://www.grida.no/publications/472],https://www.newmontgoldcorp.com/document/church-of-england-tailings-management/
1894,Miramar - Con Mine           ,Middle Pud,Newmont Goldcorp,Canada,62.4308,-114.3763,Inactive,1998.0,930000.0,,Low,Global Tailing Dam [https://www.grida.no/publications/472],https://www.newmontgoldcorp.com/document/church-of-england-tailings-management/
1893,Miramar - Con Mine           ,Upper Pud,Newmont Goldcorp,Canada,62.4308,-114.3763,Reclaimed  ,1998.0,1550000.0,,Low,Global Tailing Dam [https://www.grida.no/publications/472],https://www.newmontgoldcorp.com/document/church-of-england-tailings-management/
1889,Dona Lake Mine         ,Main Tailings Facility,Newmont Goldcorp,Canada,51.4159,-90.0954,Inactive Care and Maintenance,1990.0,700000.0,,Significant,Global Tailing Dam [https://www.grida.no/publications/472],https://www.newmontgoldcorp.com/document/church-of-england-tailings-management/
1891,Eleonore Mine                ,No Dam,Newmont Goldcorp,Canada,52.7224,-76.0682,Active,2014.0,,,N/A,Global Tailing Dam [https://www.grida.no/publications/472],https://www.newmontgoldcorp.com/document/church-of-england-tailings-management/
1892,Equity Silver                     ,TMA,Newmont Goldcorp,Canada,54.2043,-126.2691,Inactive Care and Maintenance,1984.0,48000000.0,,Very High,Global Tailing Dam [https://www.grida.no/publications/472],https://www.newmontgoldcorp.com/document/church-of-england-tailings-management/
1890,Musselwhite Mine             ,Musselwhite TMA,Newmont Goldcorp,Canada,52.5974,-90.3806,Active,1996.0,12000000.0,19000000.0,Significant,Global Tailing Dam [https://www.grida.no/publications/472],https://www.newmontgoldcorp.com/document/church-of-england-tailings-management/
1881,Porcupine Gold Mines  ,Aunor A,Newmont Goldcorp,Canada,48.4419,-81.2775,Inactive Care and Maintenance,1940.0,700000.0,,Significant,Global Tailing Dam [https://www.grida.no/publications/472],https://www.newmontgoldcorp.com/document/church-of-england-tailings-management/
1882,Porcupine Gold Mines  ,Aunor B,Newmont Goldcorp,Canada,48.4382,-81.2818,Inactive Care and Maintenance,1940.0,1500000.0,,Moderate,Global Tailing Dam [https://www.grida.no/publications/472],https://www.newmontgoldcorp.com/document/church-of-england-tailings-management/
1870,Porcupine Gold Mines  ,Broulan Reef,Newmont Goldcorp,Canada,48.514,-81.147,Inactive Care and Maintenance,1938.0,3300000.0,,High,Global Tailing Dam [https://www.grida.no/publications/472],https://www.newmontgoldcorp.com/document/church-of-england-tailings-management/
1869,Porcupine Gold Mines  ,Coniaurum,Newmont Goldcorp,Canada,48.4976,-81.283,Inactive Care and Maintenance,1913.0,4900000.0,,Low,Global Tailing Dam [https://www.grida.no/publications/472],https://www.newmontgoldcorp.com/document/church-of-england-tailings-management/
1883,Porcupine Gold Mines  ,Delnite,Newmont Goldcorp,Canada,48.43722,-81.29701,Inactive Care and Maintenance,1937.0,1600000.0,,Moderate,Global Tailing Dam [https://www.grida.no/publications/472],https://www.newmontgoldcorp.com/document/church-of-england-tailings-management/
1871,Porcupine Gold Mines  ,"Dome 1, 2, 2A",Newmont Goldcorp,Canada,48.4763,-81.2476,Inactive Care and Maintenance,1925.0,35000000.0,,Significant,Global Tailing Dam [https://www.grida.no/publications/472],https://www.newmontgoldcorp.com/document/church-of-england-tailings-management/
1872,Porcupine Gold Mines  ,Dome 3,Newmont Goldcorp,Canada,48.4696,-81.2432,Inactive Care and Maintenance,1961.0,6800000.0,,Unknown,Global Tailing Dam [https://www.grida.no/publications/472],https://www.newmontgoldcorp.com/document/church-of-england-tailings-management/
1873,Porcupine Gold Mines  ,Dome 4,Newmont Goldcorp,Canada,48.4665,-81.2549,Inactive Care and Maintenance,1979.0,1600000.0,,Unknown,Global Tailing Dam [https://www.grida.no/publications/472],https://www.newmontgoldcorp.com/document/church-of-england-tailings-management/
1874,Porcupine Gold Mines  ,Dome 5,Newmont Goldcorp,Canada,48.4635,-81.2519,Inactive Care and Maintenance,1925.0,700000.0,,Unknown,Global Tailing Dam [https://www.grida.no/publications/472],https://www.newmontgoldcorp.com/document/church-of-england-tailings-management/
1868,Porcupine Gold Mines  ,Dome No.6 TMA,Newmont Goldcorp,Canada,48.4374,-81.2136,Active,1983.0,72000000.0,110000000.0,Extreme,Global Tailing Dam [https://www.grida.no/publications/472],https://www.newmontgoldcorp.com/document/church-of-england-tailings-management/
1884,Porcupine Gold Mines  ,Hallnor,Newmont Goldcorp,Canada,48.524,-81.145,Inactive Care and Maintenance,1939.0,4900000.0,,Moderate,Global Tailing Dam [https://www.grida.no/publications/472],https://www.newmontgoldcorp.com/document/church-of-england-tailings-management/
1877,Porcupine Gold Mines  ,McIntyre,Newmont Goldcorp,Canada,48.4997,-81.2832,Inactive Care and Maintenance,1912.0,32200000.0,,Significant,Global Tailing Dam [https://www.grida.no/publications/472],https://www.newmontgoldcorp.com/document/church-of-england-tailings-management/
1880,Porcupine Gold Mines  ,Pamour T1,Newmont Goldcorp,Canada,48.5279,-81.1136,Inactive Care and Maintenance,1936.0,3900000.0,,Unknown,Global Tailing Dam [https://www.grida.no/publications/472],https://www.newmontgoldcorp.com/document/church-of-england-tailings-management/
1879,Porcupine Gold Mines  ,Pamour T2,Newmont Goldcorp,Canada,48.5167,-81.1233,Inactive Care and Maintenance,1936.0,20700000.0,,Significant,Global Tailing Dam [https://www.grida.no/publications/472],https://www.newmontgoldcorp.com/document/church-of-england-tailings-management/
1878,Porcupine Gold Mines  ,Pamour T3,Newmont Goldcorp,Canada,48.5269,-81.1329,Inactive Care and Maintenance,1936.0,17500000.0,,Significant,Global Tailing Dam [https://www.grida.no/publications/472],https://www.newmontgoldcorp.com/document/church-of-england-tailings-management/
1875,Porcupine Gold Mines  ,Paymaster North,Newmont Goldcorp,Canada,48.4537,-81.2674,Inactive Care and Maintenance,1915.0,2800000.0,,Unknown,Global Tailing Dam [https://www.grida.no/publications/472],https://www.newmontgoldcorp.com/document/church-of-england-tailings-management/
1876,Porcupine Gold Mines  ,Paymaster South,Newmont Goldcorp,Canada,48.4425,-81.2599,Inactive Care and Maintenance,1915.0,1500000.0,,Unknown,Global Tailing Dam [https://www.grida.no/publications/472],https://www.newmontgoldcorp.com/document/church-of-england-tailings-management/
1887,Red Lake Gold Mines       ,Balmer Tailings,Newmont Goldcorp,Canada,51.0641,-93.7575,Inactive Care and Maintenance,1949.0,2500000.0,2500000.0,Low,Global Tailing Dam [https://www.grida.no/publications/472],https://www.newmontgoldcorp.com/document/church-of-england-tailings-management/
1885,Red Lake Gold Mines       ,Campbell Complex,Newmont Goldcorp,Canada,51.0641,-93.7575,Active,1983.0,7000000.0,8000000.0,Very High,Global Tailing Dam [https://www.grida.no/publications/472],https://www.newmontgoldcorp.com/document/church-of-england-tailings-management/
1888,Red Lake Gold Mines       ,Cochenour Wilanour Complex,Newmont Goldcorp,Canada,51.0418,-93.4843,Inactive Care and Maintenance,1939.0,1800000.0,1800000.0,High,Global Tailing Dam [https://www.grida.no/publications/472],https://www.newmontgoldcorp.com/document/church-of-england-tailings-management/
1886,Red Lake Gold Mines       ,Red Lake Complex,Newmont Goldcorp,Canada,51.0641,-93.7158,Active,1960.0,6000000.0,7000000.0,Significant,Global Tailing Dam [https://www.grida.no/publications/472],https://www.newmontgoldcorp.com/document/church-of-england-tailings-management/
1896,Golden Giant                              ,Interlake Tailings Facility,Newmont Goldcorp,Canada,48.6956,-85.9051,Inactive   ,1984.0,11600000.0,,Extreme,Global Tailing Dam [https://www.grida.no/publications/472],https://www.newmontgoldcorp.com/document/church-of-england-tailings-management/
1977,,Nutrien Allan Potash,Nutrien,Canada,51.925029,-106.0887444,Active,1968.0,50230000.0,,High,Global Tailing Dam [https://www.grida.no/publications/472],https://www.nutrien.com/sites/default/files/uploads/2020-02/Tailings%20Safety%20Disclosure_1.pdf
1974,,"Nutrien Cassidy Lake, NB Potash Tailings and Bring Management Site",Nutrien,Canada,45.56437,-65.5661,Remediation,1985.0,345350.0,,Extreme,Global Tailing Dam [https://www.grida.no/publications/472],https://www.nutrien.com/sites/default/files/uploads/2020-02/Tailings%20Safety%20Disclosure_1.pdf
1973,,Nutrien Cory Potash - coarse,Nutrien,Canada,52.08667,-106.8528,Active,1986.0,6371100.0,,High,Global Tailing Dam [https://www.grida.no/publications/472],https://www.nutrien.com/sites/default/files/uploads/2020-02/Tailings%20Safety%20Disclosure_1.pdf
1975,,Nutrien Lanigan Potash,Nutrien,Canada,51.85291,-105.2107,Active,1986.0,76000000.0,,High,Global Tailing Dam [https://www.grida.no/publications/472],https://www.nutrien.com/sites/default/files/uploads/2020-02/Tailings%20Safety%20Disclosure_1.pdf
1976,,Nutrien Patience Lake Potash Tailings Management Area,Nutrien,Canada,52.090055,-106.377859,Active,1970.0,16100000.0,,High,Global Tailing Dam [https://www.grida.no/publications/472],https://www.nutrien.com/sites/default/files/uploads/2020-02/Tailings%20Safety%20Disclosure_1.pdf
1978,,Nutrien Rocanville Potash,Nutrien,Canada,50.4613,-101.5356,Active,1970.0,81072000.0,,High,Global Tailing Dam [https://www.grida.no/publications/472],https://www.nutrien.com/sites/default/files/uploads/2020-02/Tailings%20Safety%20Disclosure_1.pdf
1979,,Nutrien Vanscoy Potash,Nutrien,Canada,52.008594,-107.093081,Active,1969.0,54053000.0,,High,Global Tailing Dam [https://www.grida.no/publications/472],https://www.nutrien.com/sites/default/files/uploads/2020-02/Tailings%20Safety%20Disclosure_1.pdf
1961,,Redwater Fertilizer Operations Phosphogypsum Stack,Nutrien,Canada,53.8565763,-113.0896776,Inactive Care and Maintenance,1969.0,11000000.0,103500000.0,Significant,Global Tailing Dam [https://www.grida.no/publications/472],https://www.nutrien.com/sites/default/files/uploads/2020-02/Tailings%20Safety%20Disclosure_1.pdf
1436,Bell Creek,Bell Creek,Pan American Silver,Canada,48.55,-81.19,Active,1988.0,6700000.0,11700000.0,Low to Significant,Global Tailing Dam [https://www.grida.no/publications/472],https://panamericansilver.com/sustainabilityreport2018/wp-content/uploads/2019/06/PAAS-Tailings-Facility-Factsheet-2019-Final.pdf
393,IOC Labrador City,Wabush Lake Disposal,Rio Tinto,Canada,53.0,-66.87,Active,1964.0,130000000.0,226000000.0,Low,Global Tailing Dam [https://www.grida.no/publications/472],https://www.riotinto.com/sustainability/environment/tailings
394,IOC Sept Iles,Sept-iles Tailings,Rio Tinto,Canada,50.21811,-66.32314,Inactive,1972.0,1000000.0,1000000.0,Very Low,Global Tailing Dam [https://www.grida.no/publications/472],https://www.riotinto.com/sustainability/environment/tailings
375,Diavik,PKC TSF,Rio Tinto,Canada,64.4914,-110.31224,Active,2002.0,34025000.0,44300000.0,High,Global Tailing Dam [https://www.grida.no/publications/472],https://www.riotinto.com/sustainability/environment/tailings
381,FalCon Project,Star FMA,Rio Tinto,Canada,53.22399,-104.77753,Active,2004.0,1968.0,25000.0,Low,Global Tailing Dam [https://www.grida.no/publications/472],https://www.riotinto.com/sustainability/environment/tailings
452,Sorel-Tracy,P84,Rio Tinto,Canada,45.973,-73.168,Active,1994.0,3285330.0,3950000.0,Significant,Global Tailing Dam [https://www.grida.no/publications/472],https://www.riotinto.com/sustainability/environment/tailings
456,Vaudreuil,Laterriere TSF - Basins XC-XD,Rio Tinto,Canada,48.34421,-71.2042,Inactive,1967.0,10000000.0,10000000.0,High,Global Tailing Dam [https://www.grida.no/publications/472],https://www.riotinto.com/sustainability/environment/tailings
457,Vaudreuil,Local TSF - Jonquiere,Rio Tinto,Canada,48.41559,-71.15169,Active,1942.0,30000000.0,35000000.0,Very High,Global Tailing Dam [https://www.grida.no/publications/472],https://www.riotinto.com/sustainability/environment/tailings
1509,Seabee Mine,"Seabee Mine, East Lake TSF - 3 concrete perimeter dams",SGO Mining,Canada,55.690044,-103.59224,Active,1991.0,2550000.0,2860000.0,Significant,Global Tailing Dam [https://www.grida.no/publications/472],http://www.ssrmining.com/_resources/2019-08-30-SSR-Mining-Response-Letter-re-Investor-Mining-&-Tailings-Safety-Initiative.pdf
1508,Seabee Mine,"Seabee Mine, Triangle Lake TSF - 2 dams and 2 saddle dikes",SGO Mining,Canada,55.690383,-103.57932,Active,2004.0,2750000.0,4000000.0,High,Global Tailing Dam [https://www.grida.no/publications/472],http://www.ssrmining.com/_resources/2019-08-30-SSR-Mining-Response-Letter-re-Investor-Mining-&-Tailings-Safety-Initiative.pdf
1768,Seabee Mine,East Lake TSF - 3 concrete perimeter dams,SGO Mining,Canada,55.690044,-103.59224,Active,1991.0,2500000.0,2860000.0,Significant,Global Tailing Dam [https://www.grida.no/publications/472],http://www.ssrmining.com/_resources/2019-08-30-SSR-Mining-Response-Letter-re-Investor-Mining-&-Tailings-Safety-Initiative.pdf
1767,Seabee Mine,Triangle Lake TSF - 2 dams and 2 saddle dikes,SGO Mining,Canada,55.690383,-103.57932,Active,2004.0,2750000.0,4000000.0,high,Global Tailing Dam [https://www.grida.no/publications/472],http://www.ssrmining.com/_resources/2019-08-30-SSR-Mining-Response-Letter-re-Investor-Mining-&-Tailings-Safety-Initiative.pdf
2053,Fort Hills Site,Out of Pit Tailings Area (OPTA) (Out of Pit Facility),Suncor Energy,Canada,57.369,-111.527,Active,2018.0,54800000.0,279000000.0,Extreme,Global Tailing Dam [https://www.grida.no/publications/472],https://sustainability.suncor.com/en/downloads#additionaldisclosures
2062,Aurora Site,Aurora East Pit North- East (AEPN-E) Pond (In Pit Facility),Suncor Energy,Canada,57.333,-111.465,Active,2008.0,169000000.0,314000000.0,Significant,Global Tailing Dam [https://www.grida.no/publications/472],https://sustainability.suncor.com/en/downloads#additionaldisclosures
2063,Aurora Site,Aurora East Pit North- West (AEPN-W) Pond (Out of Pit Facility),Suncor Energy,Canada,57.333,-111.498,Active,2008.0,120000000.0,120000000.0,Significant,Global Tailing Dam [https://www.grida.no/publications/472],https://sustainability.suncor.com/en/downloads#additionaldisclosures
2064,Aurora Site,Aurora East Pit South (AEPS) Pond (In Pit Facility),Suncor Energy,Canada,57.31,-111.49,Active,2010.0,86000000.0,254000000.0,Low,Global Tailing Dam [https://www.grida.no/publications/472],https://sustainability.suncor.com/en/downloads#additionaldisclosures
2061,Aurora Site,Aurora Settling Basin (ASB) (Out of Pit Facility),Suncor Energy,Canada,57.314,-111.437,Active,1998.0,350000000.0,360000000.0,Very high,Global Tailing Dam [https://www.grida.no/publications/472],https://sustainability.suncor.com/en/downloads#additionaldisclosures
2054,Mildred Lake Site,Coke Cell 5 (CC5) (In Pit Facility),Suncor Energy,Canada,57.028,-111.623,Decommissioned,1985.0,20000000.0,20000000.0,Low,Global Tailing Dam [https://www.grida.no/publications/472],https://sustainability.suncor.com/en/downloads#additionaldisclosures
2055,Mildred Lake Site,East In-Pit Pond (In Pit Facility),Suncor Energy,Canada,57.024,-111.579,Active,1992.0,391000000.0,390000000.0,High ,Global Tailing Dam [https://www.grida.no/publications/472],https://sustainability.suncor.com/en/downloads#additionaldisclosures
2056,Mildred Lake Site,Mildred Lake Settling Basin (MLSB) (Out of Pit Facility),Suncor Energy,Canada,57.074,-111.639,Active,1978.0,583000000.0,581000000.0,Extreme,Global Tailing Dam [https://www.grida.no/publications/472],https://sustainability.suncor.com/en/downloads#additionaldisclosures
2060,Mildred Lake Site,North Mine South Pond (In Pit Facility),Suncor Energy,Canada,57.039,-111.699,"Ta-Tw Dyke:
Active North Mine South Pond South East Closure Dam
(SECD)(Octopus Dam): Active East West Dyke - I: Active
North South Dyke: Decommissioned (dam is submerged)",2003.0,147000000.0,399000000.0,"Significant
",Global Tailing Dam [https://www.grida.no/publications/472],https://sustainability.suncor.com/en/downloads#additionaldisclosures
2057,Mildred Lake Site,Southwest In-Pit Pond (SWIP) (In Pit Facility),Suncor Energy,Canada,56.999,-111.671,Active,1995.0,156000000.0,184000000.0,Extreme,Global Tailing Dam [https://www.grida.no/publications/472],https://sustainability.suncor.com/en/downloads#additionaldisclosures
2058,Mildred Lake Site,Southwest Sand Storage Facility (SWSS) (Out of Pit Facility),Suncor Energy,Canada,56.976,-111.764,Active,1991.0,374000000.0,379000000.0,Extreme,Global Tailing Dam [https://www.grida.no/publications/472],https://sustainability.suncor.com/en/downloads#additionaldisclosures
2059,Mildred Lake Site,West In-Pit Pond (Base Mine Lake) (In Pit Facility),Suncor Energy,Canada,57.011,-111.619,Active,1992.0,252000000.0,252000000.0,Extreme,Global Tailing Dam [https://www.grida.no/publications/472],https://sustainability.suncor.com/en/downloads#additionaldisclosures
2042,Oil Sands Base Site,Pond 1A (Out of Pit Facility),Suncor Energy,Canada,56.986,-111.478,Active,1974.0,13700000.0,13500000.0,Extreme,Global Tailing Dam [https://www.grida.no/publications/472],https://sustainability.suncor.com/en/downloads#additionaldisclosures
2041,Oil Sands Base Site,Pond 1 / Wapisiw Lookout (Out of Pit Facility),Suncor Energy,Canada,56.988,-111.461,Inactive / Care and Maintenance,1967.0,144900000.0,144900000.0,Extreme,Global Tailing Dam [https://www.grida.no/publications/472],https://sustainability.suncor.com/en/downloads#additionaldisclosures
2043,Oil Sands Base Site,Pond 2 / 3 (Out of Pit Facility),Suncor Energy,Canada,56.99,-111.51,Active,1978.0,254700000.0,250800000.0,Extreme,Global Tailing Dam [https://www.grida.no/publications/472],https://sustainability.suncor.com/en/downloads#additionaldisclosures
2044,Oil Sands Base Site,Pond 4 (Out of Pit Facility),Suncor Energy,Canada,57.004,-111.513,Active,1986.0,37700000.0,36700000.0,Very High,Global Tailing Dam [https://www.grida.no/publications/472],https://sustainability.suncor.com/en/downloads#additionaldisclosures
2045,Oil Sands Base Site,Pond 5 (Out of Pit Facility),Suncor Energy,Canada,57.006,-111.535,Advancing to Closure,1995.0,223800000.0,223800000.0,Extreme,Global Tailing Dam [https://www.grida.no/publications/472],https://sustainability.suncor.com/en/downloads#additionaldisclosures
2046,Oil Sands Base Site,Pond 6 (Out of Pit Facility),Suncor Energy,Canada,57.029,-111.544,Advancing to Closure,2000.0,163300000.0,156400000.0,Extreme,Global Tailing Dam [https://www.grida.no/publications/472],https://sustainability.suncor.com/en/downloads#additionaldisclosures
2047,Oil Sands Base Site,Pond 7 (In Pit Facility),Suncor Energy,Canada,56.984,-111.406,Active,2011.0,178500000.0,178800000.0,Extreme,Global Tailing Dam [https://www.grida.no/publications/472],https://sustainability.suncor.com/en/downloads#additionaldisclosures
2048,Oil Sands Base Site,Pond 8A (Out of Pit Facility),Suncor Energy,Canada,56.91,-111.397,Active,1999.0,165200000.0,165200000.0,Extreme ,Global Tailing Dam [https://www.grida.no/publications/472],https://sustainability.suncor.com/en/downloads#additionaldisclosures
2049,Oil Sands Base Site,Pond 8B (Out of Pit Facility),Suncor Energy,Canada,56.913,-111.361,Active,2001.0,76100000.0,25500000.0,Very High,Global Tailing Dam [https://www.grida.no/publications/472],https://sustainability.suncor.com/en/downloads#additionaldisclosures
2050,Oil Sands Base Site,Sand Dump 8 (In Pit Facility),Suncor Energy,Canada,56.957,-111.382,Active,2012.0,430100000.0,778700000.0,Extreme,Global Tailing Dam [https://www.grida.no/publications/472],https://sustainability.suncor.com/en/downloads#additionaldisclosures
2052,Oil Sands Base Site,Sand Dump 9 (In Pit Facility),Suncor Energy,Canada,56.961,-111.333,Active,2018.0,20100000.0,135400000.0,High,Global Tailing Dam [https://www.grida.no/publications/472],https://sustainability.suncor.com/en/downloads#additionaldisclosures
2051,Oil Sands Base Site,South Tailings Pond (STP) (Out of Pit Facility),Suncor Energy,Canada,56.869,-111.332,Active,2006.0,288200000.0,303100000.0,Extreme,Global Tailing Dam [https://www.grida.no/publications/472],https://sustainability.suncor.com/en/downloads#additionaldisclosures
1300,Elkview,Elkview Lagoon D,Teck,Canada,49.748306,-114.874921,Active,1972.0,22380000.0,22800000.0,Very High,Global Tailing Dam [https://www.grida.no/publications/472],https://www.teck.com/Tailings/
1301,Elkview,Elkview West Fork Tailings Facility,Teck,Canada,49.751937,-114.791046,Active,2006.0,7840000.0,12741000.0,Low,Global Tailing Dam [https://www.grida.no/publications/472],https://www.teck.com/Tailings/
1303,Fisherman Road ,Fisherman Road Tailings Impoundment Area,Teck,Canada,49.484757,-117.390042,Inactive,1890.0,113200.0,113200.0,Significant,Global Tailing Dam [https://www.grida.no/publications/472],https://www.teck.com/Tailings/
1304,Fording River,Fording River 2 Pit - 3 Pit Tailings Disposal Area,Teck,Canada,50.180256,-114.896016,Inactive,1995.0,8830000.0,8830000.0,Low,Global Tailing Dam [https://www.grida.no/publications/472],https://www.teck.com/Tailings/
1305,Fording River,Fording River North Tailings Pond,Teck,Canada,50.190698,-114.895532,Inactive,1972.0,3800000.0,3800000.0,Very High ,Global Tailing Dam [https://www.grida.no/publications/472],https://www.teck.com/Tailings/
1306,Fording River,Fording River South Tailings Pond,Teck,Canada,50.177177,-114.87642,Active,1979.0,12100000.0,12760000.0,Very High,Global Tailing Dam [https://www.grida.no/publications/472],https://www.teck.com/Tailings/
1307,Fording River,Fording River Turnbull Pit South Tailings Storage Facility,Teck,Canada,50.218553,-114.873263,Active,2016.0,3700000.0,8066000.0, High ,Global Tailing Dam [https://www.grida.no/publications/472],https://www.teck.com/Tailings/
1330,Fort Hills,"Fort Hills Out of Pit Tailings Area (OPTA)
Facility Dams: 
West Tailings Dyke, West Overburden Dyke, South Dyke, East Dyke, North East Dyke, North Dyke. (Canada)",Teck,Canada,57.362136,-111.510648,Active,2014.0,54832000.0,279000000.0,Extreme,Global Tailing Dam [https://www.grida.no/publications/472],https://www.teck.com/Tailings/
1308,Greenhills,Greenhills Tailings Storage Facility,Teck,Canada,50.059724,-114.861663,Active,1983.0,17000000.0,20000000.0,High,Global Tailing Dam [https://www.grida.no/publications/472],https://www.teck.com/Tailings/
1309,Highland Valley Copper, Bethlehem,Teck,Canada,50.5094,-120.987025,Inactive,1964.0,68100000.0,68100000.0,Very High,Global Tailing Dam [https://www.grida.no/publications/472],https://www.teck.com/Tailings/
1310,Highland Valley Copper,Highland,Teck,Canada,50.547334,-121.122614,Active,1977.0,1190300000.0,1460300000.0,Extreme ,Global Tailing Dam [https://www.grida.no/publications/472],https://www.teck.com/Tailings/
1311,Highland Valley Copper,Highmont,Teck,Canada,50.432155,-120.92119,Inactive,1980.0,27700000.0,27700000.0,High,Global Tailing Dam [https://www.grida.no/publications/472],https://www.teck.com/Tailings/
1312,Highland Valley Copper,Trojan,Teck,Canada,50.514552,-121.005987,Inactive,1973.0,26000000.0,26000000.0,Very High,Global Tailing Dam [https://www.grida.no/publications/472],https://www.teck.com/Tailings/
1313,Louvicourt,Teck,Teck,Canada,48.132622,-77.601511,Inactive,1993.0,5992050.0,5992050.0,Very High,Global Tailing Dam [https://www.grida.no/publications/472],https://www.teck.com/Tailings/
1318,Pinchi ,Pinchi Tailings Storage Facility,Teck,Canada,54.627353,-124.426425,Inactive,1967.0,1000000.0,1000000.0,Significant,Global Tailing Dam [https://www.grida.no/publications/472],https://www.teck.com/Tailings/
1319,Pine Point ,Pine Point ,Teck,Canada,60.879272,-114.437272,Inactive,1964.0,36597270.0,36597270.0,"Low, Significant",Global Tailing Dam [https://www.grida.no/publications/472],https://www.teck.com/Tailings/
1320,Quintette,Plant Site TSF,Teck,Canada,55.014314,-120.992153,Inactive,1984.0,25000000.0,25000000.0,High,Global Tailing Dam [https://www.grida.no/publications/472],https://www.teck.com/Tailings/
1321,Quintette,Shikano TSF,Teck,Canada,54.986541,-121.026815,Inactive,1997.0,2700000.0,2700000.0,Significant,Global Tailing Dam [https://www.grida.no/publications/472],https://www.teck.com/Tailings/
1323,Sa Dena Hes ,North Tailings Pond,Teck,Canada,60.52825,-128.850678,Closed,1991.0,466670.0,466670.0,Significant,Global Tailing Dam [https://www.grida.no/publications/472],https://www.teck.com/Tailings/
1325,Sullivan," East Gypsum Dike, West Gypsum Dike, Gypsum Divider Dike, NorthEast Gypsum Dike",Teck,Canada,49.64453,-115.93552,Inactive,1969.0,4578000.0,4578000.0,High,Global Tailing Dam [https://www.grida.no/publications/472],https://www.teck.com/Tailings/
1326,Sullivan, Iron pond,Teck,Canada,49.657872,-115.937887,Inactive,1975.0,15527800.0,15527800.0,High,Global Tailing Dam [https://www.grida.no/publications/472],https://www.teck.com/Tailings/
1327,Sullivan, Old Iron Dike and Iron TSF Divider Dike,Teck,Canada,49.658303,-115.952749,Inactive,1900.0,9682000.0,9682000.0,Low,Global Tailing Dam [https://www.grida.no/publications/472],https://www.teck.com/Tailings/
1328,Sullivan," Siliceous No. 1 Dike, Siliceous No. 2 Dike, Siliceous No. 3 Dike",Teck,Canada,49.657971,-115.923106,Inactive,1923.0,15648000.0,15648000.0,Low,Global Tailing Dam [https://www.grida.no/publications/472],https://www.teck.com/Tailings/
1324,Sullivan, Tailings Storage Facility,Teck,Canada,49.647142,-115.956205,Inactive,1972.0,817500.0,817500.0,Low,Global Tailing Dam [https://www.grida.no/publications/472],https://www.teck.com/Tailings/
1292,Beaverdell,Beaverdell North Tailings Storage Facility,Teck,Canada,49.441605,-119.095922,Inactive,1980.0,384000.0,384000.0,Significant,Global Tailing Dam [https://www.grida.no/publications/472],https://www.teck.com/Tailings/
1293,Beaverdell,Beaverdell South Tailings Storage Facility,Teck,Canada,49.435957,-119.097717,Inactive,1954.0,544000.0,544000.0,Significant,Global Tailing Dam [https://www.grida.no/publications/472],https://www.teck.com/Tailings/
1294,Bullmoose,Bullmoose Tailings Storage Facility,Teck,Canada,55.136278,-121.476274,Inactive,1983.0,4400000.0,4400000.0,High,Global Tailing Dam [https://www.grida.no/publications/472],https://www.teck.com/Tailings/
1296,Duck Pond,Duck Pond Tailings Management Facility,Teck,Canada,48.64748,-56.490561,Inactive,2006.0,1260000.0,1260000.0,Low,Global Tailing Dam [https://www.grida.no/publications/472],https://www.teck.com/Tailings/
1297,Elkview,Elkview Lagoon A,Teck,Canada,49.752513,-114.874237,Inactive,1968.0,185000.0,185000.0,Low,Global Tailing Dam [https://www.grida.no/publications/472],https://www.teck.com/Tailings/
1298,Elkview,Elkview Lagoon B,Teck,Canada,49.754061,-114.874281,Inactive,1968.0,287700.0,287700.0,Low,Global Tailing Dam [https://www.grida.no/publications/472],https://www.teck.com/Tailings/
1299,Elkview,Elkview Lagoon C,Teck,Canada,49.754622,-114.87837,Inactive,1970.0,4658600.0,4658600.0,High,Global Tailing Dam [https://www.grida.no/publications/472],https://www.teck.com/Tailings/
902,Belle Plaine,"Dykes, Ponds: TMA, Production.",The Mosaic Company,Canada,50.437,-105.18,Active,1964.0,1435700.0,1435700.0,High,Global Tailing Dam [https://www.grida.no/publications/472],http://investors.mosaicco.com
903,Colonsay,"dykes, Ponds: Cooling, Reclaim",The Mosaic Company,Canada,51.925,-105.777,Active,1969.0,6422032.0,6422032.0,High,Global Tailing Dam [https://www.grida.no/publications/472],http://investors.mosaicco.com
900,Esterhazy,"K1;Dykes, Ponds, Expansion, Reclaim",The Mosaic Company,Canada,50.733,-101.947,Active,1962.0,5593606.0,5593606.0,High,Global Tailing Dam [https://www.grida.no/publications/472],http://investors.mosaicco.com
901,Esterhazy,"K2; Dykes, Ponds: Phase I, Phase II, Phase III, Phase IV, Phase V.",The Mosaic Company,Canada,50.663,-101.861,Active,1967.0,5349082.0,5349082.0,High,Global Tailing Dam [https://www.grida.no/publications/472],http://investors.mosaicco.com
1505,Fort Hills,Fort Hills Out of Pit Tailings Area,Total SA,Canada,57.366667,-111.51667,Active,2018.0,54832000.0,279000000.0,Extreme,Global Tailing Dam [https://www.grida.no/publications/472],https://www.sustainable-performance.total.com/sites/g/files/wompnd1016/f/atoms/files/disclosure_of_tailings_facility_management_-_may_2019_protected_0.pdf
1810,Caribou,TSF 2 Anaconda,Trevali Mining,Canada,47.569444,-66.2975,Inactive,1970.0,165000.0,165000.0,Significant,Global Tailing Dam [https://www.grida.no/publications/472],https://s22.q4cdn.com/617180940/files/doc_downloads/2019/10/Trevali-Mining-and-Tailings-Safety-Initiative-2019.pdf
1809,Caribou,TSF 1 STTP,Trevali Mining,Canada,47.569444,-66.2975,Active,1989.0,4250000.0,5850000.0,Very High,Global Tailing Dam [https://www.grida.no/publications/472],https://s22.q4cdn.com/617180940/files/doc_downloads/2019/10/Trevali-Mining-and-Tailings-Safety-Initiative-2019.pdf
1123,Copper Cliff,A Area Tailings,Vale,Canada,46.471417,-81.140583,Inactive Care and Maintenance,1936.0,8400000.0,8400000.0,Extreme,Global Tailing Dam [https://www.grida.no/publications/472],http://www.vale.com/EN/investors/information-market/presentations-webcast/PresentationsWebcastsDocs/Cover%20Letter_consolidated_i.pdf
1124,Copper Cliff,M Area Tailings,Vale,Canada,46.471417,-81.140583,Inactive Care and Maintenance,1945.0,58600000.0,58600000.0,Extreme,Global Tailing Dam [https://www.grida.no/publications/472],http://www.vale.com/EN/investors/information-market/presentations-webcast/PresentationsWebcastsDocs/Cover%20Letter_consolidated_i.pdf
1125,Copper Cliff,P Area Tailings,Vale,Canada,46.471417,-81.140583,Inactive Care and Maintenance,1960.0,59700000.0,59700000.0,Extreme,Global Tailing Dam [https://www.grida.no/publications/472],http://www.vale.com/EN/investors/information-market/presentations-webcast/PresentationsWebcastsDocs/Cover%20Letter_consolidated_i.pdf
1126,Copper Cliff,R1 Tailings,Vale,Canada,46.471417,-81.140583,Active,1985.0,2900000.0,4000000.0,Extreme,Global Tailing Dam [https://www.grida.no/publications/472],http://www.vale.com/EN/investors/information-market/presentations-webcast/PresentationsWebcastsDocs/Cover%20Letter_consolidated_i.pdf
1127,Copper Cliff,R2 Tailings,Vale,Canada,46.471417,-81.140583,Active,1985.0,18000000.0,18000000.0,Extreme,Global Tailing Dam [https://www.grida.no/publications/472],http://www.vale.com/EN/investors/information-market/presentations-webcast/PresentationsWebcastsDocs/Cover%20Letter_consolidated_i.pdf
1128,Copper Cliff,R3 Tailings,Vale,Canada,46.471417,-81.140583,Active,1985.0,39000000.0,42000000.0,Extreme,Global Tailing Dam [https://www.grida.no/publications/472],http://www.vale.com/EN/investors/information-market/presentations-webcast/PresentationsWebcastsDocs/Cover%20Letter_consolidated_i.pdf
1129,Copper Cliff,R4 Tailings,Vale,Canada,46.471417,-81.140583,Active,1990.0,59000000.0,63000000.0,Extreme,Global Tailing Dam [https://www.grida.no/publications/472],http://www.vale.com/EN/investors/information-market/presentations-webcast/PresentationsWebcastsDocs/Cover%20Letter_consolidated_i.pdf
1122,Copper Cliff,Upper Pond Tailings Facility,Vale,Canada,46.486306,-81.050833,Inactive Care and Maintenance,1929.0,3900000.0,3900000.0,Extreme,Global Tailing Dam [https://www.grida.no/publications/472],http://www.vale.com/EN/investors/information-market/presentations-webcast/PresentationsWebcastsDocs/Cover%20Letter_consolidated_i.pdf
1118,Levack ,Levack TSF,Vale,Canada,47.41325,-53.81225,Inactive Care and Maintenance,1957.0,8600000.0,8600000.0,Significant,Global Tailing Dam [https://www.grida.no/publications/472],http://www.vale.com/EN/investors/information-market/presentations-webcast/PresentationsWebcastsDocs/Cover%20Letter_consolidated_i.pdf
1116,Long Harbour,Long Harbour,Vale,Canada,47.41325,-53.81225,Active,2013.0,930000.0,2470000.0,Extreme,Global Tailing Dam [https://www.grida.no/publications/472],http://www.vale.com/EN/investors/information-market/presentations-webcast/PresentationsWebcastsDocs/Cover%20Letter_consolidated_i.pdf
1119,Shebandowan,Shebandowan TSF,Vale,Canada,46.515861,-81.024806,Inactive Care and Maintenance,1971.0,4300000.0,4300000.0,Very High,Global Tailing Dam [https://www.grida.no/publications/472],http://www.vale.com/EN/investors/information-market/presentations-webcast/PresentationsWebcastsDocs/Cover%20Letter_consolidated_i.pdf
1117,Sudbury,FETA Dam,Vale,Canada,46.515861,-81.024806,Inactive Care and Maintenance,1968.0,5100000.0,5100000.0,Low,Global Tailing Dam [https://www.grida.no/publications/472],http://www.vale.com/EN/investors/information-market/presentations-webcast/PresentationsWebcastsDocs/Cover%20Letter_consolidated_i.pdf
1120,Thompson,Thompson TSF Dam A ¹,Vale,Canada,55.704028,-97.805056,Active,1971.0,42000000.0,47000000.0,Significant,Global Tailing Dam [https://www.grida.no/publications/472],http://www.vale.com/EN/investors/information-market/presentations-webcast/PresentationsWebcastsDocs/Cover%20Letter_consolidated_i.pdf
1121,Thompson,Thompson TSF Other Dams ¹,Vale,Canada,55.704028,-97.805056,Active,1971.0,42000000.0,47000000.0,Very High,Global Tailing Dam [https://www.grida.no/publications/472],http://www.vale.com/EN/investors/information-market/presentations-webcast/PresentationsWebcastsDocs/Cover%20Letter_consolidated_i.pdf
1115,Voisey's Bay,Voisey's Bay TSF,Vale,Canada,56.323,-61.986333,Active,2005.0,20100000.0,28000000.0,Very High,Global Tailing Dam [https://www.grida.no/publications/472],http://www.vale.com/EN/investors/information-market/presentations-webcast/PresentationsWebcastsDocs/Cover%20Letter_consolidated_i.pdf
1243,Canadian Malartic,Canadian Malartic TSF,Yamana Gold,Canada,48.111389,-78.103611,Active,2012.0,96000000.0,136500000.0,Medium to High,Global Tailing Dam [https://www.grida.no/publications/472],https://s22.q4cdn.com/899716706/files/doc_downloads/2019/06/Tailings-Safety-Disclosure-Data.pdf
1699,Holt,"Holt TSF (Dam 1, 2, 3, 3A, 4, 4A, 6, 7, 8, 10, 11A, 11B, 12, 13)",Kirkland Lake Gold,Canada ,48.516533,-79.952542,Active,1985.0,6500000.0,8000000.0,Moderate,Global Tailing Dam [https://www.grida.no/publications/472],https://s23.q4cdn.com/685814098/files/doc_downloads/technical_reports/2019/Tailings-disclosure.pdf
1700,Macassa,"Macassa TSF (Upper Dam B, Lower Dam B, Upper Dam E, Lower Dam E, Dam F, Dam G)",Kirkland Lake Gold,Canada ,48.135833,-80.071667,Active,1933.0,,,High,Global Tailing Dam [https://www.grida.no/publications/472],https://s23.q4cdn.com/685814098/files/doc_downloads/technical_reports/2019/Tailings-disclosure.pdf
1701,Macassa,NTSF,Kirkland Lake Gold,Canada ,48.149167,-80.086667,Construction,2019.0,0.0,3700000.0,N/A,Global Tailing Dam [https://www.grida.no/publications/472],https://s23.q4cdn.com/685814098/files/doc_downloads/technical_reports/2019/Tailings-disclosure.pdf
66,Chagres,Chagres Slag Heap,Anglo American,Chile,-32.802778,-70.955,Active,1960.0,861435.0,1000000.0,Minor,Global Tailing Dam [https://www.grida.no/publications/472],https://www.angloamerican.com/sustainability/tailings-summary/tailings-database?page=5
63,El Soldado,Dam No. 3,Anglo American,Chile,-32.669444,-71.144167,Inactive,1965.0,1000000.0,1000000.0,Moderate,Global Tailing Dam [https://www.grida.no/publications/472],https://www.angloamerican.com/sustainability/tailings-summary/tailings-database?page=5
64,El Soldado,Dam No. 4,Anglo American,Chile,-32.658611,-71.165278,Inactive,1970.0,53000000.0,53000000.0,Major,Global Tailing Dam [https://www.grida.no/publications/472],https://www.angloamerican.com/sustainability/tailings-summary/tailings-database?page=5
62,El Soldado,Dams No. 1 and 2.,Anglo American,Chile,-32.664167,-71.147222,Inactive,1960.0,3300000.0,3300000.0,High,Global Tailing Dam [https://www.grida.no/publications/472],https://www.angloamerican.com/sustainability/tailings-summary/tailings-database?page=5
65,El Soldado,El Torito,Anglo American,Chile,-32.640556,-71.162222,Active,1993.0,130000000.0,160000000.0,Major/Moderate,Global Tailing Dam [https://www.grida.no/publications/472],https://www.angloamerican.com/sustainability/tailings-summary/tailings-database?page=5
61,Los Bronces,Las Tortolas,Anglo American,Chile,-33.123889,-70.732222,Active,1994.0,480000000.0,700000000.0,Major,Global Tailing Dam [https://www.grida.no/publications/472],https://www.angloamerican.com/sustainability/tailings-summary/tailings-database?page=5
60,Los Bronces,Perez Caldera,Anglo American,Chile,-33.223056,-70.343889,Inactive,1950.0,50000000.0,35000000.0,Major,Global Tailing Dam [https://www.grida.no/publications/472],https://www.angloamerican.com/sustainability/tailings-summary/tailings-database?page=5
151,Collahuasi,Pampa Pabellón TSF,Anglo American,Chile,-20.945278,-68.604444,Active,2005.0,467000000.0,658000000.0,Low,Global Tailing Dam [https://www.grida.no/publications/472],https://www.angloamerican.com/sustainability/tailings-summary/tailings-database?page=5
873,Centinela,Thickened Tailings Deposit,Antofagasta,Chile,-22.999619,-69.124331,Active,2011.0,154000000.0,270000000.0,Medium,Global Tailing Dam [https://www.grida.no/publications/472],https://www.antofagasta.co.uk/media/3556/antofagasta-tailings-facility-management-6-june-2019.pdf
875,Los Pelambres,Quillayes Tailings Dam,Antofagasta,Chile,-31.839079,-70.60156,Active,1999.0,272460939.0,272460939.0,High,Global Tailing Dam [https://www.grida.no/publications/472],https://www.antofagasta.co.uk/media/3556/antofagasta-tailings-facility-management-6-june-2019.pdf
874,Los Pelambres,Tailings Dam,Antofagasta,Chile,-31.839079,-70.60156,Active,2009.0,419120091.0,638950000.0,High,Global Tailing Dam [https://www.grida.no/publications/472],https://www.antofagasta.co.uk/media/3556/antofagasta-tailings-facility-management-6-june-2019.pdf
876,Zaldivar,Minera Zaldivar,Antofagasta,Chile,-24.197807,-69.065695,Active,1995.0,9307097.0,11206148.0,Medium,Global Tailing Dam [https://www.grida.no/publications/472],https://www.antofagasta.co.uk/media/3556/antofagasta-tailings-facility-management-6-june-2019.pdf
218,Zaldivar,Zaldivar TSF,Barrick Gold Corporation,Chile,-24.415046,-69.13011,Active,1995.0,9300000.0,17000000.0,Medium,Global Tailing Dam [https://www.grida.no/publications/472],https://barrick.q4cdn.com/788666289/files/doc_downloads/2019/06/Letter-to-the-CoE-plus-inventory.pdf
245,El Indio,"Dry Stack TSFs 1, 2 and 3",Barrick Gold Corporation,Chile,-29.766708,-69.976503,Closed,1992.0,2800000.0,5100000.0,Not rated,Global Tailing Dam [https://www.grida.no/publications/472],https://barrick.q4cdn.com/788666289/files/doc_downloads/2019/06/Letter-to-the-CoE-plus-inventory.pdf
246,El Indio,El Indio TSF,Barrick Gold Corporation,Chile,-29.783744,-69.986455,Closed,1981.0,4000000.0,4000000.0,Significant,Global Tailing Dam [https://www.grida.no/publications/472],https://barrick.q4cdn.com/788666289/files/doc_downloads/2019/06/Letter-to-the-CoE-plus-inventory.pdf
247,El Indio,Pastos Largos SP,Barrick Gold Corporation,Chile,-29.794565,-70.000524,Closed,1997.0,700000.0,3200000.0,Significant,Global Tailing Dam [https://www.grida.no/publications/472],https://barrick.q4cdn.com/788666289/files/doc_downloads/2019/06/Letter-to-the-CoE-plus-inventory.pdf
249,Tambo,Downstream TSF,Barrick Gold Corporation,Chile,-29.807611,-69.940018,Closed,1998.0,5500000.0,5500000.0,Low,Global Tailing Dam [https://www.grida.no/publications/472],https://barrick.q4cdn.com/788666289/files/doc_downloads/2019/06/Letter-to-the-CoE-plus-inventory.pdf
248,Tambo,Upstream TSF,Barrick Gold Corporation,Chile,-29.800932,-69.939912,Closed,1995.0,3800000.0,3800000.0,Low,Global Tailing Dam [https://www.grida.no/publications/472],https://barrick.q4cdn.com/788666289/files/doc_downloads/2019/06/Letter-to-the-CoE-plus-inventory.pdf
576,Escondida,Hamburgo,BHP Group,Chile,-24.295,-69.053,Inactive,1991.0,302000000.0,302000000.0,N/A,Global Tailing Dam [https://www.grida.no/publications/472],https://www.bhp.com/-/media/documents/environment/2019/190607_coe.pdf?la=en
577,Escondida,Laguna Seca TSF,BHP Group,Chile,-24.408,-69.123,Active,2002.0,497700000.0,676100000.0,Very High,Global Tailing Dam [https://www.grida.no/publications/472],https://www.bhp.com/-/media/documents/environment/2019/190607_coe.pdf?la=en
694,Altonorte copper smelter,Process pond (Altonorte Process Pond),Glencore,Chile,-23.806306,-70.344889,Active,1999.0,6200000.0,1400000.0,Significant,Global Tailing Dam [https://www.grida.no/publications/472],https://www.glencore.com/dam/jcr:58e3d8ff-97c1-422f-8d31-dd2fee89fcc3/Glencore_TSFs_190614.pdf
693,Collahuasi mine,Collahuasi Pampa Pabellón TFS (TSF Embankment),Glencore,Chile,-20.945278,-68.604444,Active,1999.0,467000000.0,658000000.0,Low,Global Tailing Dam [https://www.grida.no/publications/472],https://www.glencore.com/dam/jcr:58e3d8ff-97c1-422f-8d31-dd2fee89fcc3/Glencore_TSFs_190614.pdf
920,Caserones,Bajo (El Tambo),JX Nippon Mining & Metals,Chile,-28.189933,-69.541228,Active,2014.0,13293000.0,62228000.0,High,Global Tailing Dam [https://www.grida.no/publications/472],https://www.nmm.jx-group.co.jp/english/sustainability/dam/index.html
919,Caserones,La Brea,JX Nippon Mining & Metals,Chile,-28.123056,-69.617278,Active,2014.0,50290375.0,130032000.0,High,Global Tailing Dam [https://www.grida.no/publications/472],https://www.nmm.jx-group.co.jp/english/sustainability/dam/index.html
886,Sierra Gorda,Tailing Storage Facilities Sierra Gorda SCM,KGHM,Chile,-22.864078,-69.388672,Active,2014.0,127255344.0,269605344.0,NA,Global Tailing Dam [https://www.grida.no/publications/472],https://kghm.com/en/sustainable-development/environment/tailings-and-waste-management
1558,La Coipa,La Coipa,Kinross Gold Corporation,Chile,-26.83,-69.279,Inactive Care and Maintenance,1994.0,71000000.0,71000000.0,Significant,Global Tailing Dam [https://www.grida.no/publications/472],https://s2.q4cdn.com/496390694/files/doc_downloads/2020/Kinross-Tailings-Management-Report-Website-Jan-2020.pdf
1332,Candelaria,Candelaria Tailings Facility,Lundin Mining,Chile,-27.506083,-70.311656,Active,1994.0,310000000.0,315000000.0,Class C,Global Tailing Dam [https://www.grida.no/publications/472],https://www.lundinmining.com/site/assets/files/3607/190705_-_lun_-_tailings_summary_and_fact_sheet.pdf
1333,Candelaria,Los Diques Tailings Facility,Lundin Mining,Chile,-27.53715,-70.318992,Active,2018.0,8000000.0,80000000.0,Class C,Global Tailing Dam [https://www.grida.no/publications/472],https://www.lundinmining.com/site/assets/files/3607/190705_-_lun_-_tailings_summary_and_fact_sheet.pdf
1336,Candelaria,Ojos del Salado Tailings Facility - Central,Lundin Mining,Chile,-27.494564,-70.261461,Closed,1960.0,1000000.0,1000000.0,Significant,Global Tailing Dam [https://www.grida.no/publications/472],https://www.lundinmining.com/site/assets/files/3607/190705_-_lun_-_tailings_summary_and_fact_sheet.pdf
1335,Candelaria,Ojos del Salado Tailings Facility - North,Lundin Mining,Chile,-27.490328,-70.262111,Closed,1960.0,1000000.0,1000000.0,Very High,Global Tailing Dam [https://www.grida.no/publications/472],https://www.lundinmining.com/site/assets/files/3607/190705_-_lun_-_tailings_summary_and_fact_sheet.pdf
1337,Candelaria,Ojos del Salado Tailings Facility - South,Lundin Mining,Chile,-27.495997,-70.260122,Closed,1960.0,1000000.0,1000000.0,Extreme,Global Tailing Dam [https://www.grida.no/publications/472],https://www.lundinmining.com/site/assets/files/3607/190705_-_lun_-_tailings_summary_and_fact_sheet.pdf
1334,Candelaria,San Esteban Tailings Facility,Lundin Mining,Chile,-27.485308,-70.291658,Inactive,2006.0,2100000.0,2100000.0,Very High,Global Tailing Dam [https://www.grida.no/publications/472],https://www.lundinmining.com/site/assets/files/3607/190705_-_lun_-_tailings_summary_and_fact_sheet.pdf
379,Escondida,Hamburgo,Rio Tinto,Chile,-24.295,-69.053,Inactive,1991.0,302000000.0,302000000.0,N/A,Global Tailing Dam [https://www.grida.no/publications/472],https://www.riotinto.com/sustainability/environment/tailings
380,Escondida,Laguna Seca TSF,Rio Tinto,Chile,-24.408,-69.123,Active,2002.0,497700000.0,676100000.0,Very High,Global Tailing Dam [https://www.grida.no/publications/472],https://www.riotinto.com/sustainability/environment/tailings
1302,Carmen de Andacollo,Embalse de Relaves,Teck,Chile,-30.266758,-71.103254,Active,2009.0,93600824.0,150116585.0,Very High,Global Tailing Dam [https://www.grida.no/publications/472],https://www.teck.com/Tailings/
1241,Minera Florida,Tranque Adosado,Yamana Gold,Chile,-34.042778,-71.031389,Closure,2006.0,6300000.0,6300000.0,Low to Medium,Global Tailing Dam [https://www.grida.no/publications/472],https://s22.q4cdn.com/899716706/files/doc_downloads/2019/06/Tailings-Safety-Disclosure-Data.pdf
1240,Minera Florida,Tranque Pasta,Yamana Gold,Chile,-34.047778,-71.039722,Active,2016.0,1900000.0,4200000.0,Low,Global Tailing Dam [https://www.grida.no/publications/472],https://s22.q4cdn.com/899716706/files/doc_downloads/2019/06/Tailings-Safety-Disclosure-Data.pdf
1815,MMG Checkers,MMG Checkers TSf1,Ramelius Resources,China,28.026111,117.809722,Closed,1989.0,7740000.0,12880000.0,"Medium
",Global Tailing Dam [https://www.grida.no/publications/472],https://www.rameliusresources.com.au/environment/
1816,MMG Checkers,"MMG Checkers
TSF2",Ramelius Resources,China,28.031667,117.809167,Closed,1993.0,9640000.0,15000000.0,"Medium
",Global Tailing Dam [https://www.grida.no/publications/472],https://www.rameliusresources.com.au/environment/
1818,MMG Yuletide,"MMG Yuletide
in pit",Ramelius Resources,China,-27.983346,117.824481,Closed,2007.0,470000.0,1012000.0,Low,Global Tailing Dam [https://www.grida.no/publications/472],https://www.rameliusresources.com.au/environment/
1814,EMO,EMO TSF,Ramelius Resources,China,-31.273484,118.688877,Active,2009.0,22000000.0,35000000.0,"Medium
",Global Tailing Dam [https://www.grida.no/publications/472],https://www.rameliusresources.com.au/environment/
1817,MMG Checkers,MMG Checkers TSF3,Ramelius Resources,China,28.017222,117.803889,Active,2000.0,18030000.0,19880000.0,"Medium
",Global Tailing Dam [https://www.grida.no/publications/472],https://www.rameliusresources.com.au/environment/
1746,BYP Mine ,Tailing Management Facility,Silvercorp Metals,China,22.8875,111.4,Care and Maintenance,2012.0,165000.0,212520.0,Low,Global Tailing Dam [https://www.grida.no/publications/472],http://silvercorpmetals.com/_resources/TailingsInformation_SilvercorpV6-01032020.pdf
1743,Gaocheng Mine,GC Mine TMF,Silvercorp Metals,China,22.887,111.4,Active,2013.0,687221.0,864494.0,Low,Global Tailing Dam [https://www.grida.no/publications/472],http://silvercorpmetals.com/_resources/TailingsInformation_SilvercorpV6-01032020.pdf
1744,Ying Mine,TSF1 ,Silvercorp Metals,China,34.230833,111.339166,Active,2007.0,2301500.0,2459700.0,Low,Global Tailing Dam [https://www.grida.no/publications/472],http://silvercorpmetals.com/_resources/TailingsInformation_SilvercorpV6-01032020.pdf
1745,Ying Mine,TSF2,Silvercorp Metals,China,34.238611,111.343055,Active,2013.0,1746200.0,3579200.0,Low,Global Tailing Dam [https://www.grida.no/publications/472],http://silvercorpmetals.com/_resources/TailingsInformation_SilvercorpV6-01032020.pdf
152,Cerrejon,Cerrejon TSF North Cell and South,Anglo American,Colombia,11.105556,-72.643611,Active,1999.0,325000.0,325000.0,Significant,Global Tailing Dam [https://www.grida.no/publications/472],https://www.angloamerican.com/sustainability/tailings-summary/tailings-database?page=5
645,Cerrejon,Cantor TSF,BHP Group,Colombia,11.105556,-72.643611,Active,2005.0,2500000.0,2600000.0,Significant,Global Tailing Dam [https://www.grida.no/publications/472],https://www.bhp.com/-/media/documents/environment/2019/190607_coe.pdf?la=en
671,Cerrejon Mine,Cantor Facility ,Glencore,Colombia,11.105556,-72.643611,Active,2005.0,2500000.0,2600000.0,Significant,Global Tailing Dam [https://www.grida.no/publications/472],https://www.glencore.com/dam/jcr:58e3d8ff-97c1-422f-8d31-dd2fee89fcc3/Glencore_TSFs_190614.pdf
1178,Cerro Matoso,Sajana TSF,South32,Colombia,7.89365,-75.52595,Inactive,2008.0,10600000.0,10600000.0,Low,Global Tailing Dam [https://www.grida.no/publications/472],https://www.south32.net/docs/default-source/all-financial-results/reports-and-presentations/south32-tailings-storage-facilities-management-2019.pdf?sfvrsn=4ced3a98_12
202,Tongon,Tongon TSF,Barrick Gold Corporation,Côte d'Ivoire,9.941306,-5.763114,Active,2011.0,24000000.0,31000000.0,High,Global Tailing Dam [https://www.grida.no/publications/472],https://barrick.q4cdn.com/788666289/files/doc_downloads/2019/06/Letter-to-the-CoE-plus-inventory.pdf
1525,AGBAOU GOLD MINE,AGBAOU GOLD MINE,Endeavour Mining Corporation,Côte d'Ivoire,6.121956,-5.237956,Active,2014.0,11200000.0,11200000.0,High,Global Tailing Dam [https://www.grida.no/publications/472],https://s21.q4cdn.com/954147562/files/doc_downloads/tailings-and-safety/Tailings-Safety-Disclosure.pdf
1527,Ity Gold Mine,ITY GOLD MINE,Endeavour Mining Corporation,Côte d'Ivoire,6.876667,-8.125833,Active,2019.0,0.0,23000000.0,High,Global Tailing Dam [https://www.grida.no/publications/472],https://s21.q4cdn.com/954147562/files/doc_downloads/tailings-and-safety/Tailings-Safety-Disclosure.pdf
1063,Sissingué,Sissingué,Perseus Mining,Côte d'Ivoire,10.440278,-6.194722,Active,2018.0,1300000.0,4200000.0,High B,Global Tailing Dam [https://www.grida.no/publications/472],https://perseusmining.com/wp-content/uploads/2019/08/Tailings-Safety-Disclosure-Response-Perseus-Mining-Limited.pdf
1064,Yaoure,Yaouré,Perseus Mining,Côte d'Ivoire,7.009444,-5.520278,Construction,2019.0,0.0,24800000.0,"High C, High B",Global Tailing Dam [https://www.grida.no/publications/472],https://perseusmining.com/wp-content/uploads/2019/08/Tailings-Safety-Disclosure-Response-Perseus-Mining-Limited.pdf
869,Kibali,CTSF 1,AngloGold Ashanti,Democratic Republic of Congo,3.131053,29.598067,Active,2013.0,5000000.0,33000000.0,High,Global Tailing Dam [https://www.grida.no/publications/472],https://thevault.exchange/?get_group_doc=143/1560011239-AngloGoldAshantiMineTailingsDisclosurecertifiedbytheChairmanandChiefExecutiveOfficer.pdf
870,Kibali,CTSF 2,AngloGold Ashanti,Democratic Republic of Congo,3.127811,29.605878,Active,2016.0,7000000.0,,High,Global Tailing Dam [https://www.grida.no/publications/472],https://thevault.exchange/?get_group_doc=143/1560011239-AngloGoldAshantiMineTailingsDisclosurecertifiedbytheChairmanandChiefExecutiveOfficer.pdf
871,Kibali,FTSF,AngloGold Ashanti,Democratic Republic of Congo,3.119041,29.605928,Active,2014.0,13000000.0,60000000.0,High,Global Tailing Dam [https://www.grida.no/publications/472],https://thevault.exchange/?get_group_doc=143/1560011239-AngloGoldAshantiMineTailingsDisclosurecertifiedbytheChairmanandChiefExecutiveOfficer.pdf
195,Kibali,CTSF 1,Barrick Gold Corporation,Democratic Republic of Congo,3.131053,29.598067,Active,2013.0,5000000.0,33000000.0,High,Global Tailing Dam [https://www.grida.no/publications/472],https://barrick.q4cdn.com/788666289/files/doc_downloads/2019/06/Letter-to-the-CoE-plus-inventory.pdf
196,Kibali,CTSF 2,Barrick Gold Corporation,Democratic Republic of Congo,3.127811,29.605878,Active,2016.0,7000000.0,33000000.0,High,Global Tailing Dam [https://www.grida.no/publications/472],https://barrick.q4cdn.com/788666289/files/doc_downloads/2019/06/Letter-to-the-CoE-plus-inventory.pdf
197,Kibali,FTSF,Barrick Gold Corporation,Democratic Republic of Congo,3.119041,29.605928,Active,2014.0,13000000.0,60000000.0,High,Global Tailing Dam [https://www.grida.no/publications/472],https://barrick.q4cdn.com/788666289/files/doc_downloads/2019/06/Letter-to-the-CoE-plus-inventory.pdf
672,Kamoto Copper Mine,KITD (South),Glencore,Democratic Republic of Congo,-10.7325,25.391667,Inactive,2007.0,4000000.0,0.0,Medium,Global Tailing Dam [https://www.grida.no/publications/472],https://www.glencore.com/dam/jcr:58e3d8ff-97c1-422f-8d31-dd2fee89fcc3/Glencore_TSFs_190614.pdf
673,Kamoto Copper Mine,Mupine Pit (West Dam),Glencore,Democratic Republic of Congo,-10.699722,25.401944,Active,2018.0,0.0,20000000.0,High C,Global Tailing Dam [https://www.grida.no/publications/472],https://www.glencore.com/dam/jcr:58e3d8ff-97c1-422f-8d31-dd2fee89fcc3/Glencore_TSFs_190614.pdf
674,Mutanda Mumi Mine,Mumi 1 (South West East),Glencore,Democratic Republic of Congo,-10.791667,25.808056,Inactive,2009.0,6070000.0,0.0,NA,Global Tailing Dam [https://www.grida.no/publications/472],https://www.glencore.com/dam/jcr:58e3d8ff-97c1-422f-8d31-dd2fee89fcc3/Glencore_TSFs_190614.pdf
675,Mutanda Mumi Mine,Mumi 2 (South East),Glencore,Democratic Republic of Congo,-10.791389,25.814444,Active,2009.0,0.0,0.0,NA,Global Tailing Dam [https://www.grida.no/publications/472],https://www.glencore.com/dam/jcr:58e3d8ff-97c1-422f-8d31-dd2fee89fcc3/Glencore_TSFs_190614.pdf
676,Mutanda Mumi Mine,Mumi 3 (North East) South West,Glencore,Democratic Republic of Congo,-10.792222,25.860833,Active,2014.0,17000000.0,27000000.0,NA,Global Tailing Dam [https://www.grida.no/publications/472],https://www.glencore.com/dam/jcr:58e3d8ff-97c1-422f-8d31-dd2fee89fcc3/Glencore_TSFs_190614.pdf
1950,,Kamoa-Kakula tailings storage facility,Ivanhoe,Democratic Republic of Congo,-10.84916714,25.2465908,Inactive,2021.0,,8000.0,,Global Tailing Dam [https://www.grida.no/publications/472],https://www.ivanhoemines.com/site/assets/files/4552/ivanhoe_mines_church_of_england_tsf_disclosure.pdf
1952,,Kipushi historical tailings storage facility,Ivanhoe,Democratic Republic of Congo,-11.76987452,27.25871471,Inactive,1924.0,45000000.0,,Very low risk,Global Tailing Dam [https://www.grida.no/publications/472],https://www.ivanhoemines.com/site/assets/files/4552/ivanhoe_mines_church_of_england_tsf_disclosure.pdf
1953,,Kipushi new tailings storage facility,Ivanhoe,Democratic Republic of Congo,-11.775,27.2333333,Inactive,2021.0,,1297085.0,Very low risk,Global Tailing Dam [https://www.grida.no/publications/472],https://www.ivanhoemines.com/site/assets/files/4552/ivanhoe_mines_church_of_england_tsf_disclosure.pdf
945,Kinsevere,Kinsevere TSF1,MMG,Democratic Republic of Congo,-11.3625,27.555,Inactive/reclimation under planning,2006.0,1100000.0,0.0,High C,Global Tailing Dam [https://www.grida.no/publications/472],https://www.mmg.com/wp-content/uploads/2019/12/MMG_Mine_Tailings_Storage_Facilities.pdf
946,Kinsevere,Kinsevere TSF2,MMG,Democratic Republic of Congo,-11.376389,27.575,Active,2011.0,18600000.0,26400000.0,Extreme,Global Tailing Dam [https://www.grida.no/publications/472],https://www.mmg.com/wp-content/uploads/2019/12/MMG_Mine_Tailings_Storage_Facilities.pdf
201,Pueblo Viejo,El Llagal TSF,Barrick Gold Corporation,Dominican Republic,18.898767,-70.17346,Active,2012.0,52000000.0,175000000.0,Extreme,Global Tailing Dam [https://www.grida.no/publications/472],https://barrick.q4cdn.com/788666289/files/doc_downloads/2019/06/Letter-to-the-CoE-plus-inventory.pdf
1919,Pueblo Viejo,El Llagal TSF ,Newmont Goldcorp,Dominican Republic,18.899,-70.174,Active,2012.0,52000000.0,175000000.0,Extreme,Global Tailing Dam [https://www.grida.no/publications/472],https://www.newmontgoldcorp.com/document/church-of-england-tailings-management/
824,Sukari,Sukari South Tailings Storage Facility (TSF 1),Centamin,Egypt,24.947222,34.7075,Active,2010.0,200000000.0,230000000.0,Level 5/High,Global Tailing Dam [https://www.grida.no/publications/472],https://www.centamin.com/production/sukari/tailings-storage-facility
22,Kittila,CIL1 TSF,Agnico Eagle Mines,Finland,67.914,25.405556,Active,2007.0,65000.0,65000.0,Medium,Global Tailing Dam [https://www.grida.no/publications/472],https://s21.q4cdn.com/374334112/files/doc_downloads/Sustainability/TM-Report/Agnico-Eagle-Summary-Tailings-Management-Report-June-2019.pdf
21,Kittila,CIL2 TSF,Agnico Eagle Mines,Finland,67.914,25.405556,Active,2007.0,4100000.0,5216000.0,Medium,Global Tailing Dam [https://www.grida.no/publications/472],https://s21.q4cdn.com/374334112/files/doc_downloads/Sustainability/TM-Report/Agnico-Eagle-Summary-Tailings-Management-Report-June-2019.pdf
20,Kittila,NP3 TSF,Agnico Eagle Mines,Finland,67.914,25.405556,Active,2010.0,8500000.0,9850000.0,Medium,Global Tailing Dam [https://www.grida.no/publications/472],https://s21.q4cdn.com/374334112/files/doc_downloads/Sustainability/TM-Report/Agnico-Eagle-Summary-Tailings-Management-Report-June-2019.pdf
257,Harjavalta,HarjavaltaTMF(three different impoundments),Boliden,Finland,61.32,22.09,Active,1967.0,1900000.0,3000000.0,Category A,Global Tailing Dam [https://www.grida.no/publications/472],https://www.boliden.com/globalassets/sustainability/our-responsibilities/in-focus/tailings_safety_disclosure_response_boliden.pdf
255,Kevitsa,Kevitsa TMF(two different impoundments),Boliden,Finland,67.68,26.93,Active,2012.0,36000000.0,67000000.0,Category A,Global Tailing Dam [https://www.grida.no/publications/472],https://www.boliden.com/globalassets/sustainability/our-responsibilities/in-focus/tailings_safety_disclosure_response_boliden.pdf
256,Kylylahti,LuikonlahtiTMF(threediffrentimpoundment)Kylylahti,Boliden,Finland,62.93,28.72,Active,1967.0,2300000.0,3000000.0,Category A,Global Tailing Dam [https://www.grida.no/publications/472],https://www.boliden.com/globalassets/sustainability/our-responsibilities/in-focus/tailings_safety_disclosure_response_boliden.pdf
2026,N/A,"Pyhasalmi TSF, Ponds A, B, C and D",First Quantum Minerals,Finland ,63.666944,26.025,"A: Closed; B,C & D: Active",1962.0,12000000.0,12500000.0,1 (former A),Global Tailing Dam [https://www.grida.no/publications/472],https://s24.q4cdn.com/821689673/files/doc_downloads/tailings-management/Tailings-Dam-Management-Disclosure-Request-April-2020-FINAL.xlsx
2903,Berrien,Digue 1,Imerys,France,48.414238,-3.738872,Rehabilitated,1998.0,12500.0,18000.0,Low,Global Tailing Dam [https://www.grida.no/publications/472],
2904,Berrien,Digue 2,Imerys,France,48.414497,-3.739692,Rehabilitated,1998.0,15000.0,20000.0,Low,Global Tailing Dam [https://www.grida.no/publications/472],
2905,Berrien,Digue 3,Imerys,France,48.414796,-3.740613,Rehabilitated,1998.0,12000.0,14000.0,Low,Global Tailing Dam [https://www.grida.no/publications/472],
2906,Berrien,Digue 7,Imerys,France,48.416131,-3.741771,Rehabilitated,1998.0,19000.0,25000.0,Significant,Global Tailing Dam [https://www.grida.no/publications/472],
2907,Berrien,Digue 8,Imerys,France,48.417448,-3.745438,Rehabilitated,1998.0,300000.0,325000.0,Significant,Global Tailing Dam [https://www.grida.no/publications/472],
2908,Berrien,Digue 9,Imerys,France,48.409781,-3.742743,Rehabilitated,1998.0,5000.0,15000.0,Significant,Global Tailing Dam [https://www.grida.no/publications/472],
2847,Glomel,Old Tailings Dam,Imerys,France,48.188336,-3.4046,Rehabilitated,1980.0,4875000.0,4875000.0,Significant,Global Tailing Dam [https://www.grida.no/publications/472],
2848,Glomel,Pit 1,Imerys,France,48.192763,-3.413588,Closed,1997.0,1025000.0,1025000.0,Low,Global Tailing Dam [https://www.grida.no/publications/472],
2849,Glomel,Pit 2,Imerys,France,48.194091,-3.418216,Active,2014.0,345000.0,2300000.0,Low,Global Tailing Dam [https://www.grida.no/publications/472],
2899,Kergantic-Lanvrian,Générale Carrière Lagoon ,Imerys,France,47.724883,-3.475977,Active,1995.0,80000.0,99900.0,Low,Global Tailing Dam [https://www.grida.no/publications/472],
2898,Kergantic-Lanvrian,Kerouran Lagoon,Imerys,France,47.729061,-3.470384,Active,2010.0,35000.0,42000.0,Low,Global Tailing Dam [https://www.grida.no/publications/472],
2902,Kergantic-Lanvrian,U&C Lagoon,Imerys,France,47.724223,-3.469474,Active,2010.0,200000.0,200000.0,Low,Global Tailing Dam [https://www.grida.no/publications/472],
2900,Kergantic-Lanvrian,Verse B12-E1/E2,Imerys,France,47.724883,-3.475977,Active,2023.0,200000.0,1430000.0,Low,Global Tailing Dam [https://www.grida.no/publications/472],
2901,Kergantic-Lanvrian,Verse Lanvrian,Imerys,France,47.724883,-3.475977,Rehabilitation Ongoing,2017.0,900000.0,1000000.0,Low,Global Tailing Dam [https://www.grida.no/publications/472],
2913,Quartz de Dordogne,TSF #1,Imerys,France,45.400357,0.833449,Active,2003.0,700000.0,720000.0,Low,Global Tailing Dam [https://www.grida.no/publications/472],
2914,Quartz de Dordogne,TSF #2,Imerys,France,45.399627,0.830786,Active,2004.0,300000.0,350000.0,Low,Global Tailing Dam [https://www.grida.no/publications/472],
2915,Quartz de Dordogne,TSF #3,Imerys,France,45.397262,0.830838,Active,2014.0,250000.0,350000.0,Low,Global Tailing Dam [https://www.grida.no/publications/472],
2916,Quartz et Sable du Lot,TSF #1,Imerys,France,44.605072,1.344447,Active,2016.0,140000.0,300000.0,Low,Global Tailing Dam [https://www.grida.no/publications/472],
431,Olette,Olette 0425,Rio Tinto,France,42.56101,2.28912,Closed,1961.0,1100000.0,1100000.0,Low,Global Tailing Dam [https://www.grida.no/publications/472],https://www.riotinto.com/sustainability/environment/tailings
449,Saint Cyr,Saint Cyr 0426,Rio Tinto,France,43.27548,5.48027,Closed,1947.0,2500000.0,2500000.0,Low,Global Tailing Dam [https://www.grida.no/publications/472],https://www.riotinto.com/sustainability/environment/tailings
428,Montgrand,Montgrand 0128,Rio Tinto,France,43.28647,5.48889,Closed,1908.0,650000.0,650000.0,Low,Global Tailing Dam [https://www.grida.no/publications/472],https://www.riotinto.com/sustainability/environment/tailings
450,Salindres,Salindres 0431 - B2,Rio Tinto,France,44.16504,4.14985,Closed,1860.0,7000000.0,7000000.0,Low,Global Tailing Dam [https://www.grida.no/publications/472],https://www.riotinto.com/sustainability/environment/tailings
451,Segoussac,Segoussac 0126,Rio Tinto,France,44.20231,4.15795,Closed,1964.0,3900000.0,3900000.0,Low,Global Tailing Dam [https://www.grida.no/publications/472],https://www.riotinto.com/sustainability/environment/tailings
878,COMILOG,"COMILOG B10 (new bassins 2020-2028 - B11, B12, B13)",Eramet,Gabon,-1.541367,13.24778,Active,2019.0,0.0,8910000.0,Classe C,Global Tailing Dam [https://www.grida.no/publications/472],https://www.eramet.com/sites/default/files/2019-06/2019-06-06-Eramet-Responsible%20management%20of%20tailings_2.pdf
877,COMILOG,COMILOG - B1 to B9,Eramet,Gabon,-1.541367,13.24778,Inactive,2010.0,11250000.0,11250000.0,Classe C,Global Tailing Dam [https://www.grida.no/publications/472],https://www.eramet.com/sites/default/files/2019-06/2019-06-06-Eramet-Responsible%20management%20of%20tailings_2.pdf
879,COMILOG,COMILOG CIM,Eramet,Gabon,-1.505945,13.267704,Active,2001.0,8600000.0,9400000.0,Classe A,Global Tailing Dam [https://www.grida.no/publications/472],https://www.eramet.com/sites/default/files/2019-06/2019-06-06-Eramet-Responsible%20management%20of%20tailings_2.pdf
843,Iduapriem,Block 1,AngloGold Ashanti,Ghana,5.243419,-2.030978,Inactive Care and Maintenance,1999.0,5300000.0,5300000.0,N/A,Global Tailing Dam [https://www.grida.no/publications/472],https://thevault.exchange/?get_group_doc=143/1560011239-AngloGoldAshantiMineTailingsDisclosurecertifiedbytheChairmanandChiefExecutiveOfficer.pdf
844,Iduapriem,Block 2,AngloGold Ashanti,Ghana,5.239633,-2.048769,Inactive Care and Maintenance,2000.0,12000000.0,12000000.0,N/A,Global Tailing Dam [https://www.grida.no/publications/472],https://thevault.exchange/?get_group_doc=143/1560011239-AngloGoldAshantiMineTailingsDisclosurecertifiedbytheChairmanandChiefExecutiveOfficer.pdf
845,Iduapriem,Greenfields,AngloGold Ashanti,Ghana,5.246381,-2.053992,Active,2011.0,25700000.0,41480000.0,High,Global Tailing Dam [https://www.grida.no/publications/472],https://thevault.exchange/?get_group_doc=143/1560011239-AngloGoldAshantiMineTailingsDisclosurecertifiedbytheChairmanandChiefExecutiveOfficer.pdf
842,Iduapriem,Interim TSF,AngloGold Ashanti,Ghana,5.246381,-2.053992,Inactive Care and Maintenance,2010.0,3400000.0,3400000.0,High,Global Tailing Dam [https://www.grida.no/publications/472],https://thevault.exchange/?get_group_doc=143/1560011239-AngloGoldAshantiMineTailingsDisclosurecertifiedbytheChairmanandChiefExecutiveOfficer.pdf
846,Obuasi,East Kokoteasua,AngloGold Ashanti,Ghana,6.221156,-1.665486,Inactive Care and Maintenance,1989.0,3400000.0,3400000.0,High,Global Tailing Dam [https://www.grida.no/publications/472],https://thevault.exchange/?get_group_doc=143/1560011239-AngloGoldAshantiMineTailingsDisclosurecertifiedbytheChairmanandChiefExecutiveOfficer.pdf
847,Obuasi,Pompora,AngloGold Ashanti,Ghana,6.221667,-1.653689,Inactive,1992.0,24000000.0,24000000.0,High,Global Tailing Dam [https://www.grida.no/publications/472],https://thevault.exchange/?get_group_doc=143/1560011239-AngloGoldAshantiMineTailingsDisclosurecertifiedbytheChairmanandChiefExecutiveOfficer.pdf
848,Obuasi,South,AngloGold Ashanti,Ghana,6.194431,-1.718728,Active,1992.0,38600000.0,39700000.0,High,Global Tailing Dam [https://www.grida.no/publications/472],https://thevault.exchange/?get_group_doc=143/1560011239-AngloGoldAshantiMineTailingsDisclosurecertifiedbytheChairmanandChiefExecutiveOfficer.pdf
1005,Damang,Damang ETSF,Gold Fields,Ghana,5.513328,-1.831897,Closed,2000.0,56570686.0,56570686.0,Serious,Global Tailing Dam [https://www.grida.no/publications/472],https://www.goldfields.com/pdf/media/media-release/gold-fields-tsf-document-june-2019-new.pdf
1004,Damang,Damang FETSF,Gold Fields,Ghana,5.504044,-1.835022,Active,2018.0,3804281.0,17687500.0,Moderate,Global Tailing Dam [https://www.grida.no/publications/472],https://www.goldfields.com/pdf/media/media-release/gold-fields-tsf-document-june-2019-new.pdf
1006,Damang,Damang STSF,Gold Fields,Ghana,5.494697,-1.842628,Closed,1997.0,9107143.0,9107143.0,N/A,Global Tailing Dam [https://www.grida.no/publications/472],https://www.goldfields.com/pdf/media/media-release/gold-fields-tsf-document-june-2019-new.pdf
1002,Asanko,Asanko TSF,Gold Fields,Ghana,6.357717,1.988044,Active,2016.0,8273400.0,28776980.0,Class A,Global Tailing Dam [https://www.grida.no/publications/472],https://www.goldfields.com/pdf/media/media-release/gold-fields-tsf-document-june-2019-new.pdf
1028,Tarkwa,Tarkwa TSF1,Gold Fields,Ghana,5.339325,-2.025481,Active,2004.0,44153846.0,53615385.0,Class C,Global Tailing Dam [https://www.grida.no/publications/472],https://www.goldfields.com/pdf/media/media-release/gold-fields-tsf-document-june-2019-new.pdf
1029,Tarkwa,Tarkwa TSF2,Gold Fields,Ghana,5.351486,-2.031886,Active,2008.0,41538462.0,58461538.0,Class B,Global Tailing Dam [https://www.grida.no/publications/472],https://www.goldfields.com/pdf/media/media-release/gold-fields-tsf-document-june-2019-new.pdf
1030,Tarkwa,Tarkwa TSF3,Gold Fields,Ghana,5.364892,-2.029544,Active,2011.0,25333333.0,25333333.0,Class B,Global Tailing Dam [https://www.grida.no/publications/472],https://www.goldfields.com/pdf/media/media-release/gold-fields-tsf-document-june-2019-new.pdf
1031,Tarkwa,Tarkwa TSF5,Gold Fields,Ghana,5.345967,-2.018625,Active,2018.0,1500000.0,16100000.0,Medium,Global Tailing Dam [https://www.grida.no/publications/472],https://www.goldfields.com/pdf/media/media-release/gold-fields-tsf-document-june-2019-new.pdf
1559,Chirano,Chirano TSF1,Kinross Gold Corporation,Ghana,6.306,-2.372,Active,2017.0,14000000.0,19000000.0,High,Global Tailing Dam [https://www.grida.no/publications/472],https://s2.q4cdn.com/496390694/files/doc_downloads/2020/Kinross-Tailings-Management-Report-Website-Jan-2020.pdf
1560,Chirano,Chirano TSF1 NE,Kinross Gold Corporation,Ghana,6.306,-2.372,Active,2017.0,2800000.0,7000000.0,High,Global Tailing Dam [https://www.grida.no/publications/472],https://s2.q4cdn.com/496390694/files/doc_downloads/2020/Kinross-Tailings-Management-Report-Website-Jan-2020.pdf
1821,Ahafo,Ahafo TSF,Newmont Goldcorp,Ghana,7.034309,-2.374835,Active,2006.0,71000000.0,90000000.0,Extreme,Global Tailing Dam [https://www.grida.no/publications/472],https://www.newmontgoldcorp.com/document/church-of-england-tailings-management/
1819,Akyem,TSF Cell 1,Newmont Goldcorp,Ghana,6.326255,-1.043444,Active,2013.0,35000000.0,36000000.0,Very High,Global Tailing Dam [https://www.grida.no/publications/472],https://www.newmontgoldcorp.com/document/church-of-england-tailings-management/
1820,Akyem,TSF Cell 2,Newmont Goldcorp,Ghana,6.326255,-1.043444,Active,2019.0,2000000.0,29000000.0,Very High,Global Tailing Dam [https://www.grida.no/publications/472],https://www.newmontgoldcorp.com/document/church-of-england-tailings-management/
1062,Edikan,Edikan CTFS,Perseus Mining,Ghana,5.960278,-1.929444,Active,2011.0,875000.0,1550000.0,"Hazard Class B/C (GMMR
2012) and High A (ANCOLD)",Global Tailing Dam [https://www.grida.no/publications/472],https://perseusmining.com/wp-content/uploads/2019/08/Tailings-Safety-Disclosure-Response-Perseus-Mining-Limited.pdf
1061,Edikan,Edikan FTFS,Perseus Mining,Ghana,5.957222,-1.922222,Active,2011.0,44000000.0,60700000.0,"Hazard Class B/C (GMMR
2012) and High A (ANCOLD)",Global Tailing Dam [https://www.grida.no/publications/472],https://perseusmining.com/wp-content/uploads/2019/08/Tailings-Safety-Disclosure-Response-Perseus-Mining-Limited.pdf
1920,Marlin,Represa de Colas,Newmont Goldcorp,Guatemala,15.2398,-91.6845,Inactive Care and Maintenance,2005.0,15000000.0,,Significant,Global Tailing Dam [https://www.grida.no/publications/472],https://www.newmontgoldcorp.com/document/church-of-england-tailings-management/
1443,Escobal,Escobal,Pan American Silver,Guatemala,14.46,-90.16,Inactive Care and Maintenance,2014.0,1500000.0,,Not classified,Global Tailing Dam [https://www.grida.no/publications/472],https://panamericansilver.com/sustainabilityreport2018/wp-content/uploads/2019/06/PAAS-Tailings-Facility-Factsheet-2019-Final.pdf
850,Siguiri,Siguiri TSF,AngloGold Ashanti,Guinea,11.518525,-9.408089,Active,2005.0,112000000.0,158000000.0,High,Global Tailing Dam [https://www.grida.no/publications/472],https://thevault.exchange/?get_group_doc=143/1560011239-AngloGoldAshantiMineTailingsDisclosurecertifiedbytheChairmanandChiefExecutiveOfficer.pdf
1331,Karouni Gold Project,Karouni Gold Project TSF,Troy Resources,Guyana,5.6,-59.06,Active,2015.0,1600000.0,5200000.0,Major,Global Tailing Dam [https://www.grida.no/publications/472],http://www.troyres.com.au/images/operations/Tailings_Dam_Statement_-_June_2019_final.pdf
1725,Balco,Dyke-1,Vedanta Resources,India,22.405,82.725,Inactive,2005.0,1600000.0,1850000.0,Category C,Global Tailing Dam [https://www.grida.no/publications/472],https://www.vedantaresources.com/FactSheet/Sustainable%20Tailings.pdf
1726,Balco,Dyke-2,Vedanta Resources,India,22.407,82.728,Active,2005.0,1600000.0,1850000.0,Category A,Global Tailing Dam [https://www.grida.no/publications/472],https://www.vedantaresources.com/FactSheet/Sustainable%20Tailings.pdf
1727,Balco,Dyke-3A,Vedanta Resources,India,22.41,82.736,Active,2005.0,1600000.0,1850000.0,Category A,Global Tailing Dam [https://www.grida.no/publications/472],https://www.vedantaresources.com/FactSheet/Sustainable%20Tailings.pdf
1728,Balco,Dyke-3B,Vedanta Resources,India,22.409,82.732,Active,2005.0,1600000.0,1850000.0,Category A,Global Tailing Dam [https://www.grida.no/publications/472],https://www.vedantaresources.com/FactSheet/Sustainable%20Tailings.pdf
1729,Balco,Dyke-4,Vedanta Resources,India,22.41,82.74,Active,2015.0,1600000.0,1850000.0,Category A,Global Tailing Dam [https://www.grida.no/publications/472],https://www.vedantaresources.com/FactSheet/Sustainable%20Tailings.pdf
1730,Balco,Dyke-5,Vedanta Resources,India,22.412,82.747,Active,2015.0,1600000.0,1850000.0,Category A,Global Tailing Dam [https://www.grida.no/publications/472],https://www.vedantaresources.com/FactSheet/Sustainable%20Tailings.pdf
1731,Balco,Dyke-6,Vedanta Resources,India,22.413,82.74,Active,2017.0,1600000.0,1850000.0,Category A,Global Tailing Dam [https://www.grida.no/publications/472],https://www.vedantaresources.com/FactSheet/Sustainable%20Tailings.pdf
1732,Balco,Dyke-7,Vedanta Resources,India,22.414,82.736,Active,2005.0,1600000.0,1850000.0,Category A,Global Tailing Dam [https://www.grida.no/publications/472],https://www.vedantaresources.com/FactSheet/Sustainable%20Tailings.pdf
1739,Agucha,RA Mines Tailing dam,Vedanta Resources,India,25.848194,74.740472,Active,1991.0,52000000.0,6500000.0,Category A,Global Tailing Dam [https://www.grida.no/publications/472],https://www.vedantaresources.com/FactSheet/Sustainable%20Tailings.pdf
1740,Dariba,RDM complex RDC Tailing dam,Vedanta Resources,India,24.966306,74.1475,Active,1982.0,10000000.0,7500000.0,Category A,Global Tailing Dam [https://www.grida.no/publications/472],https://www.vedantaresources.com/FactSheet/Sustainable%20Tailings.pdf
1742,Debari,Jarosite Pond III,Vedanta Resources,India,24.594694,73.823361,Active,2001.0,9000000.0,4000000.0,N/A,Global Tailing Dam [https://www.grida.no/publications/472],https://www.vedantaresources.com/FactSheet/Sustainable%20Tailings.pdf
1741,Zawar,Zawar Tailing storage facility,Vedanta Resources,India,24.342317,73.712661,Active,1982.0,19500000.0,3500000.0,N/A,Global Tailing Dam [https://www.grida.no/publications/472],https://www.vedantaresources.com/FactSheet/Sustainable%20Tailings.pdf
1738,Talwandi Sabo Power Project,TSPL Ash dyke,Vedanta Resources,India,29.900861,75.21,Active,2014.0,,928896.9644,Category C,Global Tailing Dam [https://www.grida.no/publications/472],https://www.vedantaresources.com/FactSheet/Sustainable%20Tailings.pdf
1722,Katikela,Lagoon 1,Vedanta Resources,India,21.777697,84.071483,Active,2010.0,3720000.0,3720000.0,Category B,Global Tailing Dam [https://www.grida.no/publications/472],https://www.vedantaresources.com/FactSheet/Sustainable%20Tailings.pdf
1723,Katikela,Lagoon 2,Vedanta Resources,India,21.779572,84.071853,Inactive,2012.0,2000000.0,2000000.0,Category B,Global Tailing Dam [https://www.grida.no/publications/472],https://www.vedantaresources.com/FactSheet/Sustainable%20Tailings.pdf
1724,Katikela,Lagoon 3,Vedanta Resources,India,21.782744,84.073308,Active,2017.0,1120000.0,1720000.0,Category B,Global Tailing Dam [https://www.grida.no/publications/472],https://www.vedantaresources.com/FactSheet/Sustainable%20Tailings.pdf
1719,Kurabega,Pond 1,Vedanta Resources,India,21.803569,84.051072,Active,2008.0,1550000.0,1550000.0,Category B,Global Tailing Dam [https://www.grida.no/publications/472],https://www.vedantaresources.com/FactSheet/Sustainable%20Tailings.pdf
1720,Kurabega,Pond 2,Vedanta Resources,India,21.805078,84.049603,Active,2009.0,1860000.0,1860000.0,Category B,Global Tailing Dam [https://www.grida.no/publications/472],https://www.vedantaresources.com/FactSheet/Sustainable%20Tailings.pdf
1721,Kurabega,Pond 3,Vedanta Resources,India,21.801881,84.045853,Active,2010.0,1860000.0,1860000.0,Category B,Global Tailing Dam [https://www.grida.no/publications/472],https://www.vedantaresources.com/FactSheet/Sustainable%20Tailings.pdf
1036,Gosowong,TSF 1,Newcrest Mining,Indonesia,1.12065,127.716178,Active,1999.0,6150000.0,6150000.0,High C,Global Tailing Dam [https://www.grida.no/publications/472],https://www.newcrest.com/sites/default/files/2019-10/Newcrest_Tailings%20Safety%20Response.pdf
1037,Gosowong,WEX,Newcrest Mining,Indonesia,1.117686,127.712508,Active,2016.0,1250000.0,2560000.0,High C,Global Tailing Dam [https://www.grida.no/publications/472],https://www.newcrest.com/sites/default/files/2019-10/Newcrest_Tailings%20Safety%20Response.pdf
2040,Martabe Gold Mine,Martabe Tailings Storage Facility,PT Agincourt Resources,Indonesia,1.50972222,99.07222222,Active,2012.0,27400000.0,48400000.0,Extreme,Global Tailing Dam [https://www.grida.no/publications/472],https://www.agincourtresources.com/wp-content/uploads/2020/10/20201020-Tailings-Facility-Disclosure-BL-REV2.pdf
395,Kelian,Namuk Tailings Storage Facility,Rio Tinto,Indonesia,-0.05793,115.40819,Closed,1992.0,51000000.0,51000000.0,High,Global Tailing Dam [https://www.grida.no/publications/472],https://www.riotinto.com/sustainability/environment/tailings
254,Tara,Tara TMF,Boliden,Ireland,53.68,-6.71,Active,1976.0,31000000.0,36000000.0,Category A,Global Tailing Dam [https://www.grida.no/publications/472],https://www.boliden.com/globalassets/sustainability/our-responsibilities/in-focus/tailings_safety_disclosure_response_boliden.pdf
1737,Lisheen,Lisheen Mine Tailing Dam,Vedanta Resources,Ireland,52.748556,-7.667861,Closed,1999.0,6300000.0,6300000.0,Category A,Global Tailing Dam [https://www.grida.no/publications/472],https://www.vedantaresources.com/FactSheet/Sustainable%20Tailings.pdf
429,Mount Rosser,Mount Rosser RDA,Rio Tinto,Jamaica,18.20752,-77.09123,Closed,1957.0,7000000.0,7000000.0,Significant,Global Tailing Dam [https://www.grida.no/publications/472],https://www.riotinto.com/sustainability/environment/tailings
1395,Fujigatani,1st,JX Nippon Mining & Metals,Japan,34.147,132.036556,Closed,1967.0,63000.0,63000.0,Low,Global Tailing Dam [https://www.grida.no/publications/472],https://www.nmm.jx-group.co.jp/english/sustainability/dam/index.html
1396,Fujigatani,2nd,JX Nippon Mining & Metals,Japan,34.145833,132.036917,Closed,1972.0,111700.0,111700.0,Low,Global Tailing Dam [https://www.grida.no/publications/472],https://www.nmm.jx-group.co.jp/english/sustainability/dam/index.html
1397,Fujigatani,3rd,JX Nippon Mining & Metals,Japan,34.145556,132.031806,Closed,1981.0,48000.0,48000.0,Low,Global Tailing Dam [https://www.grida.no/publications/472],https://www.nmm.jx-group.co.jp/english/sustainability/dam/index.html
1360,Hanawa,1st,JX Nippon Mining & Metals,Japan,40.175139,140.907333,Inactive,1961.0,18000.0,18000.0,Low,Global Tailing Dam [https://www.grida.no/publications/472],https://www.nmm.jx-group.co.jp/english/sustainability/dam/index.html
1361,Hanawa,"2nd, 3rd, 4th",JX Nippon Mining & Metals,Japan,40.175139,140.907333,Inactive,1961.0,50000.0,50000.0,Low,Global Tailing Dam [https://www.grida.no/publications/472],https://www.nmm.jx-group.co.jp/english/sustainability/dam/index.html
1362,Hanawa,"5th, 6th",JX Nippon Mining & Metals,Japan,40.175139,140.907333,Inactive,1961.0,33750.0,33750.0,Low,Global Tailing Dam [https://www.grida.no/publications/472],https://www.nmm.jx-group.co.jp/english/sustainability/dam/index.html
1363,Hanawa,7th,JX Nippon Mining & Metals,Japan,40.175139,140.907333,Inactive,1961.0,16000.0,16000.0,Low,Global Tailing Dam [https://www.grida.no/publications/472],https://www.nmm.jx-group.co.jp/english/sustainability/dam/index.html
1364,Hanawa,8th,JX Nippon Mining & Metals,Japan,40.175139,140.907333,Inactive,1961.0,20000.0,20000.0,Low,Global Tailing Dam [https://www.grida.no/publications/472],https://www.nmm.jx-group.co.jp/english/sustainability/dam/index.html
1359,Hanawa,Nakanosawa,JX Nippon Mining & Metals,Japan,40.177222,140.91525,Inactive,1970.0,499080.0,735345.0,Low,Global Tailing Dam [https://www.grida.no/publications/472],https://www.nmm.jx-group.co.jp/english/sustainability/dam/index.html
1358,Hanawa,Tanosawa,JX Nippon Mining & Metals,Japan,40.174222,140.918639,Inactive,1958.0,359000.0,359000.0,Low,Global Tailing Dam [https://www.grida.no/publications/472],https://www.nmm.jx-group.co.jp/english/sustainability/dam/index.html
1384,Hitachi,Keisekiyama,JX Nippon Mining & Metals,Japan,36.628528,140.592194,Inactive,1978.0,106000.0,106000.0,Low,Global Tailing Dam [https://www.grida.no/publications/472],https://www.nmm.jx-group.co.jp/english/sustainability/dam/index.html
1383,Hitachi,Sasame,JX Nippon Mining & Metals,Japan,36.637028,140.602028,Inactive,1932.0,82000.0,82000.0,Low,Global Tailing Dam [https://www.grida.no/publications/472],https://www.nmm.jx-group.co.jp/english/sustainability/dam/index.html
1382,Hitachi,Takasuzu,JX Nippon Mining & Metals,Japan,36.626639,140.595222,Inactive,1912.0,245000.0,245000.0,Low,Global Tailing Dam [https://www.grida.no/publications/472],https://www.nmm.jx-group.co.jp/english/sustainability/dam/index.html
1387,Hokuriku,Kuratani,JX Nippon Mining & Metals,Japan,36.306972,136.535806,Inactive,1937.0,2520000.0,2520000.0,Low,Global Tailing Dam [https://www.grida.no/publications/472],https://www.nmm.jx-group.co.jp/english/sustainability/dam/index.html
1355,Kamikita,Shimonosawa,JX Nippon Mining & Metals,Japan,40.741139,140.953639,Inactive,1952.0,196000.0,196000.0,Low,Global Tailing Dam [https://www.grida.no/publications/472],https://www.nmm.jx-group.co.jp/english/sustainability/dam/index.html
1356,Kamikita,Tashirodaira 1st,JX Nippon Mining & Metals,Japan,40.7075,140.938667,Inactive,1955.0,107000.0,107000.0,Low,Global Tailing Dam [https://www.grida.no/publications/472],https://www.nmm.jx-group.co.jp/english/sustainability/dam/index.html
1357,Kamikita,Tashirodaira 2nd,JX Nippon Mining & Metals,Japan,40.7035,140.949167,Inactive,1966.0,613253.0,844874.0,Low,Global Tailing Dam [https://www.grida.no/publications/472],https://www.nmm.jx-group.co.jp/english/sustainability/dam/index.html
1391,Kaneuchi,7th,JX Nippon Mining & Metals,Japan,35.240722,135.384639,Closed,1973.0,17000.0,17000.0,Low,Global Tailing Dam [https://www.grida.no/publications/472],https://www.nmm.jx-group.co.jp/english/sustainability/dam/index.html
1392,Kawayama,1st,JX Nippon Mining & Metals,Japan,34.250778,132.003222,Closed,1943.0,133000.0,133000.0,Low,Global Tailing Dam [https://www.grida.no/publications/472],https://www.nmm.jx-group.co.jp/english/sustainability/dam/index.html
1393,Kawayama,2nd,JX Nippon Mining & Metals,Japan,34.25375,132.00375,Closed,1955.0,364000.0,364000.0,Low,Global Tailing Dam [https://www.grida.no/publications/472],https://www.nmm.jx-group.co.jp/english/sustainability/dam/index.html
1394,Kawayama,3rd,JX Nippon Mining & Metals,Japan,34.253444,132.012,Closed,1966.0,165000.0,165000.0,Low,Global Tailing Dam [https://www.grida.no/publications/472],https://www.nmm.jx-group.co.jp/english/sustainability/dam/index.html
1388,Kawazu,Horinouchi,JX Nippon Mining & Metals,Japan,34.696667,138.924694,Inactive,1950.0,95400.0,95400.0,Low,Global Tailing Dam [https://www.grida.no/publications/472],https://www.nmm.jx-group.co.jp/english/sustainability/dam/index.html
1390,Koumori,2nd,JX Nippon Mining & Metals,Japan,35.462083,135.1375,Closed,1957.0,42000.0,42000.0,Low,Global Tailing Dam [https://www.grida.no/publications/472],https://www.nmm.jx-group.co.jp/english/sustainability/dam/index.html
1385,Mikawa,5th (2nd),JX Nippon Mining & Metals,Japan,37.776111,139.444806,Closed,1952.0,324000.0,324000.0,Low,Global Tailing Dam [https://www.grida.no/publications/472],https://www.nmm.jx-group.co.jp/english/sustainability/dam/index.html
1386,Mikawa,6th,JX Nippon Mining & Metals,Japan,37.778833,139.444944,Closed,1952.0,23180.0,23180.0,Low,Global Tailing Dam [https://www.grida.no/publications/472],https://www.nmm.jx-group.co.jp/english/sustainability/dam/index.html
1377,Mitate,Sangosawa,JX Nippon Mining & Metals,Japan,38.5015,140.157694,Closed,1956.0,100000.0,100000.0,Low,Global Tailing Dam [https://www.grida.no/publications/472],https://www.nmm.jx-group.co.jp/english/sustainability/dam/index.html
1376,Mitsuzawa,4th,JX Nippon Mining & Metals,Japan,38.707861,140.507306,Closed,1949.0,100000.0,100000.0,Low,Global Tailing Dam [https://www.grida.no/publications/472],https://www.nmm.jx-group.co.jp/english/sustainability/dam/index.html
1373,Namariyama,Adit,JX Nippon Mining & Metals,Japan,40.437806,140.840472,Inactive,1956.0,52000.0,52000.0,Low,Global Tailing Dam [https://www.grida.no/publications/472],https://www.nmm.jx-group.co.jp/english/sustainability/dam/index.html
1368,Namariyama,"Oyu 1st, 2nd",JX Nippon Mining & Metals,Japan,40.302361,140.845528,Inactive,1955.0,77250.0,77250.0,Low,Global Tailing Dam [https://www.grida.no/publications/472],https://www.nmm.jx-group.co.jp/english/sustainability/dam/index.html
1369,Namariyama,Oyu 3rd,JX Nippon Mining & Metals,Japan,40.300639,140.851,Inactive,1964.0,45000.0,45000.0,Low,Global Tailing Dam [https://www.grida.no/publications/472],https://www.nmm.jx-group.co.jp/english/sustainability/dam/index.html
1370,Namariyama,Oyu 4th,JX Nippon Mining & Metals,Japan,40.300889,140.849667,Inactive,1969.0,14927.0,16980.0,Low,Global Tailing Dam [https://www.grida.no/publications/472],https://www.nmm.jx-group.co.jp/english/sustainability/dam/index.html
1371,Namariyama,Oyu 5th,JX Nippon Mining & Metals,Japan,40.301194,140.852917,Inactive,1971.0,19880.0,19880.0,Low,Global Tailing Dam [https://www.grida.no/publications/472],https://www.nmm.jx-group.co.jp/english/sustainability/dam/index.html
1372,Namariyama,Oyu 6th,JX Nippon Mining & Metals,Japan,40.297694,140.867972,Inactive,1973.0,14118.0,41419.0,Low,Global Tailing Dam [https://www.grida.no/publications/472],https://www.nmm.jx-group.co.jp/english/sustainability/dam/index.html
1354,Oe,Ponshikaribetsu,JX Nippon Mining & Metals,Japan,43.140778,140.67625,Inactive,1969.0,596607.0,674166.0,Low,Global Tailing Dam [https://www.grida.no/publications/472],https://www.nmm.jx-group.co.jp/english/sustainability/dam/index.html
1352,Oe,Sakuradai 2nd,JX Nippon Mining & Metals,Japan,43.124167,140.699306,Inactive,1958.0,34000.0,34000.0,Low,Global Tailing Dam [https://www.grida.no/publications/472],https://www.nmm.jx-group.co.jp/english/sustainability/dam/index.html
1353,Oe,Sakuradai 3rd,JX Nippon Mining & Metals,Japan,43.121278,140.701278,Inactive,1961.0,54000.0,54000.0,Low,Global Tailing Dam [https://www.grida.no/publications/472],https://www.nmm.jx-group.co.jp/english/sustainability/dam/index.html
1367,Oya,Kayakari,JX Nippon Mining & Metals,Japan,38.814583,141.531694,Inactive,1951.0,400000.0,400000.0,Low,Global Tailing Dam [https://www.grida.no/publications/472],https://www.nmm.jx-group.co.jp/english/sustainability/dam/index.html
1365,Oya,Matsuiwa,JX Nippon Mining & Metals,Japan,38.879722,141.537583,Inactive,1957.0,5000.0,5000.0,Low,Global Tailing Dam [https://www.grida.no/publications/472],https://www.nmm.jx-group.co.jp/english/sustainability/dam/index.html
1366,Oya,Takasegamori,JX Nippon Mining & Metals,Japan,38.820361,141.527028,Inactive,1966.0,278200.0,278200.0,Low,Global Tailing Dam [https://www.grida.no/publications/472],https://www.nmm.jx-group.co.jp/english/sustainability/dam/index.html
1347,Ryushoden,"1st, 2nd",JX Nippon Mining & Metals,Japan,44.315861,143.317917,Closed,1962.0,60000.0,60000.0,Low,Global Tailing Dam [https://www.grida.no/publications/472],https://www.nmm.jx-group.co.jp/english/sustainability/dam/index.html
1348,Ryushoden,3rd,JX Nippon Mining & Metals,Japan,44.314444,143.318472,Closed,1972.0,14000.0,14000.0,Low,Global Tailing Dam [https://www.grida.no/publications/472],https://www.nmm.jx-group.co.jp/english/sustainability/dam/index.html
1374,Shakanai,1st,JX Nippon Mining & Metals,Japan,40.3225,140.574833,Closed,1965.0,93030.0,93030.0,Low,Global Tailing Dam [https://www.grida.no/publications/472],https://www.nmm.jx-group.co.jp/english/sustainability/dam/index.html
1389,Tada,Shiroishi,JX Nippon Mining & Metals,Japan,35.462694,135.1355,Closed,1961.0,335940.0,335940.0,Low,Global Tailing Dam [https://www.grida.no/publications/472],https://www.nmm.jx-group.co.jp/english/sustainability/dam/index.html
1379,Takatama,Nigorisawa,JX Nippon Mining & Metals,Japan,37.50875,140.293833,Closed,1935.0,49000.0,49000.0,Low,Global Tailing Dam [https://www.grida.no/publications/472],https://www.nmm.jx-group.co.jp/english/sustainability/dam/index.html
1378,Takatama,Zenigami,JX Nippon Mining & Metals,Japan,37.509278,140.302528,Closed,1929.0,614000.0,614000.0,Low,Global Tailing Dam [https://www.grida.no/publications/472],https://www.nmm.jx-group.co.jp/english/sustainability/dam/index.html
1380,Tashiro,1st,JX Nippon Mining & Metals,Japan,37.389806,139.418806,Closed,1970.0,107000.0,107000.0,Low,Global Tailing Dam [https://www.grida.no/publications/472],https://www.nmm.jx-group.co.jp/english/sustainability/dam/index.html
1381,Tashiro,2nd,JX Nippon Mining & Metals,Japan,37.390139,139.420722,Closed,1972.0,54000.0,54000.0,Low,Global Tailing Dam [https://www.grida.no/publications/472],https://www.nmm.jx-group.co.jp/english/sustainability/dam/index.html
1350,Toyoha,Ishiyama shimote,JX Nippon Mining & Metals,Japan,42.962889,141.331444,Inactive,1952.0,225000.0,225000.0,Low,Global Tailing Dam [https://www.grida.no/publications/472],https://www.nmm.jx-group.co.jp/english/sustainability/dam/index.html
1351,Toyoha,Ishiyama Yamate,JX Nippon Mining & Metals,Japan,42.955333,141.330889,Inactive,1957.0,903000.0,903000.0,Low,Global Tailing Dam [https://www.grida.no/publications/472],https://www.nmm.jx-group.co.jp/english/sustainability/dam/index.html
1349,Toyoha,Oshidori sawa,JX Nippon Mining & Metals,Japan,42.979444,141.113222,Inactive,1969.0,6462848.0,7257353.0,Low,Global Tailing Dam [https://www.grida.no/publications/472],https://www.nmm.jx-group.co.jp/english/sustainability/dam/index.html
1375,Yoshino,Osagasawa,JX Nippon Mining & Metals,Japan,38.160917,140.172083,Inactive,1959.0,653893.0,1045441.0,Low,Global Tailing Dam [https://www.grida.no/publications/472],https://www.nmm.jx-group.co.jp/english/sustainability/dam/index.html
1607,Akenobe,Akenobe Mabudani,MITSUBISHI MATERIALS,Japan,35.28333,134.66667,Inactive,1934.0,736000.0,736000.0,Low,Global Tailing Dam [https://www.grida.no/publications/472],http://www.mmc.co.jp/corporate/en/csr/social/pdf/tailings_dams.pdf
1605,Akenobe,Akenobe Torinooku,MITSUBISHI MATERIALS,Japan,35.28333,134.66667,Inactive,1941.0,3377472.0,3377472.0,Low,Global Tailing Dam [https://www.grida.no/publications/472],http://www.mmc.co.jp/corporate/en/csr/social/pdf/tailings_dams.pdf
1606,Akenobe,Akenobe Torinooku-2,MITSUBISHI MATERIALS,Japan,35.28333,134.66667,Inactive,1969.0,1224446.0,1224446.0,Low,Global Tailing Dam [https://www.grida.no/publications/472],http://www.mmc.co.jp/corporate/en/csr/social/pdf/tailings_dams.pdf
1587,Chitose,Chitose Fukujinzawa-1,MITSUBISHI MATERIALS,Japan,42.72174,141.19388,Inactive,1939.0,210536.0,210536.0,Low,Global Tailing Dam [https://www.grida.no/publications/472],http://www.mmc.co.jp/corporate/en/csr/social/pdf/tailings_dams.pdf
1588,Chitose,Chitose Fukujinzawa-2,MITSUBISHI MATERIALS,Japan,42.72174,141.19388,Inactive,1951.0,246973.0,246973.0,Low,Global Tailing Dam [https://www.grida.no/publications/472],http://www.mmc.co.jp/corporate/en/csr/social/pdf/tailings_dams.pdf
1589,Chitose,Chitose Fukujinzawa-3,MITSUBISHI MATERIALS,Japan,42.72174,141.19388,Inactive,1960.0,837175.0,838025.0,Low,Global Tailing Dam [https://www.grida.no/publications/472],http://www.mmc.co.jp/corporate/en/csr/social/pdf/tailings_dams.pdf
1598,Komagi,Komagi Higashimatazawa,MITSUBISHI MATERIALS,Japan,40.2469,140.73087,Inactive,1941.0,10000.0,10000.0,Low,Global Tailing Dam [https://www.grida.no/publications/472],http://www.mmc.co.jp/corporate/en/csr/social/pdf/tailings_dams.pdf
1596,Komagi,Komagi No.1,MITSUBISHI MATERIALS,Japan,40.2469,140.73087,Inactive,1933.0,410000.0,410000.0,Low,Global Tailing Dam [https://www.grida.no/publications/472],http://www.mmc.co.jp/corporate/en/csr/social/pdf/tailings_dams.pdf
1597,Komagi,Komagi No.2,MITSUBISHI MATERIALS,Japan,40.2469,140.73087,Inactive,1941.0,306200.0,306200.0,Low,Global Tailing Dam [https://www.grida.no/publications/472],http://www.mmc.co.jp/corporate/en/csr/social/pdf/tailings_dams.pdf
1625,Makimine,Makimine Sin-tsudo,MITSUBISHI MATERIALS,Japan,32.63,131.458333,Inactive,1947.0,453000.0,453000.0,Low,Global Tailing Dam [https://www.grida.no/publications/472],http://www.mmc.co.jp/corporate/en/csr/social/pdf/tailings_dams.pdf
1626,Makimine,Makimine Sugebaru,MITSUBISHI MATERIALS,Japan,32.63,131.458333,Inactive,1944.0,908700.0,908700.0,Low,Global Tailing Dam [https://www.grida.no/publications/472],http://www.mmc.co.jp/corporate/en/csr/social/pdf/tailings_dams.pdf
1599,Minamifurutobe,Minamifurutobe Hashizawa-1,MITSUBISHI MATERIALS,Japan,40.40201,140.69663,Inactive,1963.0,513000.0,513000.0,Low,Global Tailing Dam [https://www.grida.no/publications/472],http://www.mmc.co.jp/corporate/en/csr/social/pdf/tailings_dams.pdf
1600,Minamifurutobe,Minamifurutobe Hashizawa-2,MITSUBISHI MATERIALS,Japan,40.40201,140.69663,Inactive,1971.0,1146056.0,1146056.0,Low,Global Tailing Dam [https://www.grida.no/publications/472],http://www.mmc.co.jp/corporate/en/csr/social/pdf/tailings_dams.pdf
1608,Myouhou,Myouhou Ashidani,MITSUBISHI MATERIALS,Japan,33.65559,135.91274,Inactive,1961.0,207913.0,208313.0,Low,Global Tailing Dam [https://www.grida.no/publications/472],http://www.mmc.co.jp/corporate/en/csr/social/pdf/tailings_dams.pdf
1610,Myouhou,Myouhou Hiradani,MITSUBISHI MATERIALS,Japan,33.65559,135.91274,Inactive,1951.0,23200.0,23200.0,Low,Global Tailing Dam [https://www.grida.no/publications/472],http://www.mmc.co.jp/corporate/en/csr/social/pdf/tailings_dams.pdf
1609,Myouhou,Myouhou Sugitani,MITSUBISHI MATERIALS,Japan,33.65559,135.91274,Inactive,1953.0,410362.0,410362.0,Low,Global Tailing Dam [https://www.grida.no/publications/472],http://www.mmc.co.jp/corporate/en/csr/social/pdf/tailings_dams.pdf
1612,Obira,Miyanohara- Obira chuuou,MITSUBISHI MATERIALS,Japan,32.84167,131.57778,Inactive,1905.0,252000.0,252000.0,Low,Global Tailing Dam [https://www.grida.no/publications/472],http://www.mmc.co.jp/corporate/en/csr/social/pdf/tailings_dams.pdf
1611,Obira,Obira Kasazuka,MITSUBISHI MATERIALS,Japan,32.84167,131.57778,Inactive,1942.0,12700.0,12700.0,Low,Global Tailing Dam [https://www.grida.no/publications/472],http://www.mmc.co.jp/corporate/en/csr/social/pdf/tailings_dams.pdf
1613,Obira,Obira Miyanohara-higashi,MITSUBISHI MATERIALS,Japan,32.84167,131.57778,Inactive,1905.0,91000.0,91000.0,Low,Global Tailing Dam [https://www.grida.no/publications/472],http://www.mmc.co.jp/corporate/en/csr/social/pdf/tailings_dams.pdf
1614,Obira,Obira Miyanohara-nisi,MITSUBISHI MATERIALS,Japan,32.84167,131.57778,Inactive,1905.0,12200.0,12200.0,Low,Global Tailing Dam [https://www.grida.no/publications/472],http://www.mmc.co.jp/corporate/en/csr/social/pdf/tailings_dams.pdf
1615,Obira,Obira No.1,MITSUBISHI MATERIALS,Japan,32.84167,131.57778,Inactive,1905.0,540.0,540.0,Low,Global Tailing Dam [https://www.grida.no/publications/472],http://www.mmc.co.jp/corporate/en/csr/social/pdf/tailings_dams.pdf
1616,Obira,Obira No.2,MITSUBISHI MATERIALS,Japan,32.84167,131.57778,Inactive,1905.0,760.0,760.0,Low,Global Tailing Dam [https://www.grida.no/publications/472],http://www.mmc.co.jp/corporate/en/csr/social/pdf/tailings_dams.pdf
1617,Obira,Obira No.3,MITSUBISHI MATERIALS,Japan,32.84167,131.57778,Inactive,1905.0,10000.0,10000.0,Low,Global Tailing Dam [https://www.grida.no/publications/472],http://www.mmc.co.jp/corporate/en/csr/social/pdf/tailings_dams.pdf
1618,Obira,Obira No.4,MITSUBISHI MATERIALS,Japan,32.84167,131.57778,Inactive,1971.0,12800.0,12800.0,Low,Global Tailing Dam [https://www.grida.no/publications/472],http://www.mmc.co.jp/corporate/en/csr/social/pdf/tailings_dams.pdf
1619,Obira,Obira No.5,MITSUBISHI MATERIALS,Japan,32.84167,131.57778,Inactive,1977.0,5000.0,5000.0,Low,Global Tailing Dam [https://www.grida.no/publications/472],http://www.mmc.co.jp/corporate/en/csr/social/pdf/tailings_dams.pdf
1620,Obira,Obira No.6,MITSUBISHI MATERIALS,Japan,32.84167,131.57778,Inactive,1982.0,2800.0,2800.0,Low,Global Tailing Dam [https://www.grida.no/publications/472],http://www.mmc.co.jp/corporate/en/csr/social/pdf/tailings_dams.pdf
1621,Obira,Obira No.7,MITSUBISHI MATERIALS,Japan,32.84167,131.57778,Inactive,1982.0,2300.0,2300.0,Low,Global Tailing Dam [https://www.grida.no/publications/472],http://www.mmc.co.jp/corporate/en/csr/social/pdf/tailings_dams.pdf
1622,Obira,Obira No.8,MITSUBISHI MATERIALS,Japan,32.84167,131.57778,Inactive,1991.0,4000.0,4000.0,Low,Global Tailing Dam [https://www.grida.no/publications/472],http://www.mmc.co.jp/corporate/en/csr/social/pdf/tailings_dams.pdf
1623,Obira,Obira No.9,MITSUBISHI MATERIALS,Japan,32.84167,131.57778,Inactive,2006.0,9000.0,11300.0,Low,Global Tailing Dam [https://www.grida.no/publications/472],http://www.mmc.co.jp/corporate/en/csr/social/pdf/tailings_dams.pdf
1624,Obira,Obira Tenjinbaru,MITSUBISHI MATERIALS,Japan,32.84167,131.57778,Inactive,2006.0,19200.0,19200.0,Low,Global Tailing Dam [https://www.grida.no/publications/472],http://www.mmc.co.jp/corporate/en/csr/social/pdf/tailings_dams.pdf
1594,Osarizawa,Osarizawa Akazawa,MITSUBISHI MATERIALS,Japan,40.18333,140.75,Inactive,1938.0,1074750.0,1074750.0,Low,Global Tailing Dam [https://www.grida.no/publications/472],http://www.mmc.co.jp/corporate/en/csr/social/pdf/tailings_dams.pdf
1592,Osarizawa,Osarizawa Harukizawa(kou),MITSUBISHI MATERIALS,Japan,40.18333,140.75,Inactive,1937.0,33000.0,33000.0,Low,Global Tailing Dam [https://www.grida.no/publications/472],http://www.mmc.co.jp/corporate/en/csr/social/pdf/tailings_dams.pdf
1593,Osarizawa,Osarizawa Harukizawa(otsu),MITSUBISHI MATERIALS,Japan,40.18333,140.75,Inactive,1937.0,141000.0,141000.0,Low,Global Tailing Dam [https://www.grida.no/publications/472],http://www.mmc.co.jp/corporate/en/csr/social/pdf/tailings_dams.pdf
1595,Osarizawa,Osarizawa Matsukozawa,MITSUBISHI MATERIALS,Japan,40.18333,140.75,Inactive,1943.0,11489300.0,11498800.0,Low,Global Tailing Dam [https://www.grida.no/publications/472],http://www.mmc.co.jp/corporate/en/csr/social/pdf/tailings_dams.pdf
1591,Osarizawa,Osarizawa Nakazawa,MITSUBISHI MATERIALS,Japan,40.18333,140.75,Inactive,1922.0,430000.0,430000.0,Low,Global Tailing Dam [https://www.grida.no/publications/472],http://www.mmc.co.jp/corporate/en/csr/social/pdf/tailings_dams.pdf
1590,Osarizawa,Osarizawa ShiShizawa,MITSUBISHI MATERIALS,Japan,40.18333,140.75,Inactive,1917.0,1000000.0,1000000.0,Low,Global Tailing Dam [https://www.grida.no/publications/472],http://www.mmc.co.jp/corporate/en/csr/social/pdf/tailings_dams.pdf
1583,Shimokawa,Shimokawa 27-senzawa,MITSUBISHI MATERIALS,Japan,44.208333,142.702778,Inactive,1974.0,1163010.0,1163110.0,Low,Global Tailing Dam [https://www.grida.no/publications/472],http://www.mmc.co.jp/corporate/en/csr/social/pdf/tailings_dams.pdf
1577,Shimokawa,Shimokawa Byouho-1,MITSUBISHI MATERIALS,Japan,44.208333,142.702778,Inactive,1954.0,78570.0,78570.0,Low,Global Tailing Dam [https://www.grida.no/publications/472],http://www.mmc.co.jp/corporate/en/csr/social/pdf/tailings_dams.pdf
1578,Shimokawa,Shimokawa Byouho-2,MITSUBISHI MATERIALS,Japan,44.208333,142.702778,Inactive,1956.0,11110.0,11110.0,Low,Global Tailing Dam [https://www.grida.no/publications/472],http://www.mmc.co.jp/corporate/en/csr/social/pdf/tailings_dams.pdf
1579,Shimokawa,Shimokawa Byouho-3,MITSUBISHI MATERIALS,Japan,44.208333,142.702778,Inactive,1957.0,236200.0,236200.0,Low,Global Tailing Dam [https://www.grida.no/publications/472],http://www.mmc.co.jp/corporate/en/csr/social/pdf/tailings_dams.pdf
1580,Shimokawa,Shimokawa Byouho-4,MITSUBISHI MATERIALS,Japan,44.208333,142.702778,Inactive,1962.0,67300.0,67300.0,Low,Global Tailing Dam [https://www.grida.no/publications/472],http://www.mmc.co.jp/corporate/en/csr/social/pdf/tailings_dams.pdf
1573,Shimokawa,Shimokawa Ichinosawa-1,MITSUBISHI MATERIALS,Japan,44.208333,142.702778,Inactive,1945.0,12980.0,12980.0,Low,Global Tailing Dam [https://www.grida.no/publications/472],http://www.mmc.co.jp/corporate/en/csr/social/pdf/tailings_dams.pdf
1574,Shimokawa,Shimokawa Ichinosawa-2,MITSUBISHI MATERIALS,Japan,44.208333,142.702778,Inactive,1952.0,13415.0,13415.0,Low,Global Tailing Dam [https://www.grida.no/publications/472],http://www.mmc.co.jp/corporate/en/csr/social/pdf/tailings_dams.pdf
1575,Shimokawa,Shimokawa Ichinosawa-3,MITSUBISHI MATERIALS,Japan,44.208333,142.702778,Inactive,1952.0,15903.0,15903.0,Low,Global Tailing Dam [https://www.grida.no/publications/472],http://www.mmc.co.jp/corporate/en/csr/social/pdf/tailings_dams.pdf
1576,Shimokawa,Shimokawa Ichinosawa-4,MITSUBISHI MATERIALS,Japan,44.208333,142.702778,Inactive,1952.0,33360.0,33360.0,Low,Global Tailing Dam [https://www.grida.no/publications/472],http://www.mmc.co.jp/corporate/en/csr/social/pdf/tailings_dams.pdf
1581,Shimokawa,Shimokawa Keiwa,MITSUBISHI MATERIALS,Japan,44.208333,142.702778,Inactive,1965.0,460000.0,460000.0,Low,Global Tailing Dam [https://www.grida.no/publications/472],http://www.mmc.co.jp/corporate/en/csr/social/pdf/tailings_dams.pdf
1582,Shimokawa,Shimokawa Keiwa-2,MITSUBISHI MATERIALS,Japan,44.208333,142.702778,Inactive,1971.0,420000.0,420100.0,Low,Global Tailing Dam [https://www.grida.no/publications/472],http://www.mmc.co.jp/corporate/en/csr/social/pdf/tailings_dams.pdf
1584,Shimokawa,Shimokawa Ochiaizawa,MITSUBISHI MATERIALS,Japan,44.208333,142.702778,Inactive,1947.0,244200.0,244200.0,Low,Global Tailing Dam [https://www.grida.no/publications/472],http://www.mmc.co.jp/corporate/en/csr/social/pdf/tailings_dams.pdf
1604,Takatori,Takatori Minamizawa,MITSUBISHI MATERIALS,Japan,36.5,140.29444,Inactive,1943.0,81375.0,83175.0,Low,Global Tailing Dam [https://www.grida.no/publications/472],http://www.mmc.co.jp/corporate/en/csr/social/pdf/tailings_dams.pdf
1629,Washiaimori,Washiaimori Hiyamizuzawa,MITSUBISHI MATERIALS,Japan,39.225,140.86667,Inactive,1970.0,29808.0,29808.0,Low,Global Tailing Dam [https://www.grida.no/publications/472],http://www.mmc.co.jp/corporate/en/csr/social/pdf/tailings_dams.pdf
1628,Washiaimori,Washiaimori Kakesu,MITSUBISHI MATERIALS,Japan,39.225,140.86667,Inactive,1954.0,186584.0,186584.0,Low,Global Tailing Dam [https://www.grida.no/publications/472],http://www.mmc.co.jp/corporate/en/csr/social/pdf/tailings_dams.pdf
1627,Washiaimori,Washiaimori Ketakura,MITSUBISHI MATERIALS,Japan,39.225,140.86667,Inactive,1935.0,54500.0,54500.0,Low,Global Tailing Dam [https://www.grida.no/publications/472],http://www.mmc.co.jp/corporate/en/csr/social/pdf/tailings_dams.pdf
1602,Yatani,Yatani No.1,MITSUBISHI MATERIALS,Japan,37.775,140.01667,Inactive,1959.0,322054.0,322054.0,Low,Global Tailing Dam [https://www.grida.no/publications/472],http://www.mmc.co.jp/corporate/en/csr/social/pdf/tailings_dams.pdf
1603,Yatani,Yatani No.2,MITSUBISHI MATERIALS,Japan,37.775,140.01667,Inactive,1968.0,104880.0,104880.0,Low,Global Tailing Dam [https://www.grida.no/publications/472],http://www.mmc.co.jp/corporate/en/csr/social/pdf/tailings_dams.pdf
1601,Yatani,Yatani Tadenumazawa,MITSUBISHI MATERIALS,Japan,37.775,140.01667,Inactive,1972.0,421510.0,423710.0,Low,Global Tailing Dam [https://www.grida.no/publications/472],http://www.mmc.co.jp/corporate/en/csr/social/pdf/tailings_dams.pdf
1639,Hosokura,Hosokura Fujikougai,MITSUBISHI MATERIALS,Japan,38.80833,140.9,Inactive,1951.0,27000.0,27000.0,Low,Global Tailing Dam [https://www.grida.no/publications/472],http://www.mmc.co.jp/corporate/en/csr/social/pdf/tailings_dams.pdf
1633,Hosokura,Hosokura Fujisawa,MITSUBISHI MATERIALS,Japan,38.80833,140.9,Inactive,1972.0,5370900.0,5398900.0,Low,Global Tailing Dam [https://www.grida.no/publications/472],http://www.mmc.co.jp/corporate/en/csr/social/pdf/tailings_dams.pdf
1630,Hosokura,Hosokura Hakkouzawa,MITSUBISHI MATERIALS,Japan,38.80833,140.9,Inactive,1964.0,239046.0,264046.0,Low,Global Tailing Dam [https://www.grida.no/publications/472],http://www.mmc.co.jp/corporate/en/csr/social/pdf/tailings_dams.pdf
1635,Hosokura,Hosokura Hanashibata,MITSUBISHI MATERIALS,Japan,38.80833,140.9,Inactive,1951.0,261884.0,261884.0,Low,Global Tailing Dam [https://www.grida.no/publications/472],http://www.mmc.co.jp/corporate/en/csr/social/pdf/tailings_dams.pdf
1631,Hosokura,Hosokura Irigamazawa,MITSUBISHI MATERIALS,Japan,38.80833,140.9,Inactive,1974.0,2032050.0,2032050.0,Low,Global Tailing Dam [https://www.grida.no/publications/472],http://www.mmc.co.jp/corporate/en/csr/social/pdf/tailings_dams.pdf
1643,Hosokura,Hosokura Irigamazawa-sagan,MITSUBISHI MATERIALS,Japan,38.80833,140.9,Inactive,1951.0,287687.0,287687.0,Low,Global Tailing Dam [https://www.grida.no/publications/472],http://www.mmc.co.jp/corporate/en/csr/social/pdf/tailings_dams.pdf
1641,Hosokura,Hosokura Kanokokougai,MITSUBISHI MATERIALS,Japan,38.80833,140.9,Inactive,1951.0,80000.0,80000.0,Low,Global Tailing Dam [https://www.grida.no/publications/472],http://www.mmc.co.jp/corporate/en/csr/social/pdf/tailings_dams.pdf
1637,Hosokura,Hosokura Kantenkougai,MITSUBISHI MATERIALS,Japan,38.80833,140.9,Inactive,1951.0,53000.0,53000.0,Low,Global Tailing Dam [https://www.grida.no/publications/472],http://www.mmc.co.jp/corporate/en/csr/social/pdf/tailings_dams.pdf
1634,Hosokura,Hosokura Kitazawa,MITSUBISHI MATERIALS,Japan,38.80833,140.9,Inactive,1987.0,170730.0,170730.0,Low,Global Tailing Dam [https://www.grida.no/publications/472],http://www.mmc.co.jp/corporate/en/csr/social/pdf/tailings_dams.pdf
1636,Hosokura,Hosokura Kyukanten,MITSUBISHI MATERIALS,Japan,38.80833,140.9,Inactive,1951.0,18300.0,18300.0,Low,Global Tailing Dam [https://www.grida.no/publications/472],http://www.mmc.co.jp/corporate/en/csr/social/pdf/tailings_dams.pdf
1638,Hosokura,Hosokura Meikou,MITSUBISHI MATERIALS,Japan,38.80833,140.9,Inactive,1951.0,265000.0,265000.0,Low,Global Tailing Dam [https://www.grida.no/publications/472],http://www.mmc.co.jp/corporate/en/csr/social/pdf/tailings_dams.pdf
1640,Hosokura,Hosokura Nikanmekougai,MITSUBISHI MATERIALS,Japan,38.80833,140.9,Inactive,1951.0,63250.0,63250.0,Low,Global Tailing Dam [https://www.grida.no/publications/472],http://www.mmc.co.jp/corporate/en/csr/social/pdf/tailings_dams.pdf
1644,Hosokura,Hosokura Okuma,MITSUBISHI MATERIALS,Japan,38.80833,140.9,Inactive,1951.0,110000.0,110000.0,Low,Global Tailing Dam [https://www.grida.no/publications/472],http://www.mmc.co.jp/corporate/en/csr/social/pdf/tailings_dams.pdf
1632,Hosokura,Hosokura Sangatsuhira,MITSUBISHI MATERIALS,Japan,38.80833,140.9,Inactive,1960.0,330000.0,330000.0,Low,Global Tailing Dam [https://www.grida.no/publications/472],http://www.mmc.co.jp/corporate/en/csr/social/pdf/tailings_dams.pdf
1642,Hosokura,Hosokura Senganmoku,MITSUBISHI MATERIALS,Japan,38.80833,140.9,Inactive,1951.0,217500.0,217500.0,Low,Global Tailing Dam [https://www.grida.no/publications/472],http://www.mmc.co.jp/corporate/en/csr/social/pdf/tailings_dams.pdf
1585,Teine,Teine Teine,MITSUBISHI MATERIALS,Japan,43.09167,141.20278,Inactive,1960.0,90986.0,90986.0,Low,Global Tailing Dam [https://www.grida.no/publications/472],http://www.mmc.co.jp/corporate/en/csr/social/pdf/tailings_dams.pdf
1649,Ikuno,Ikuno Daisendani,MITSUBISHI MATERIALS,Japan,35.16667,134.8,Inactive,1937.0,726657.0,726657.0,Low,Global Tailing Dam [https://www.grida.no/publications/472],http://www.mmc.co.jp/corporate/en/csr/social/pdf/tailings_dams.pdf
1650,Ikuno,Ikuno Kyuhodani,MITSUBISHI MATERIALS,Japan,35.16667,134.8,Inactive,1930.0,913592.0,913592.0,Low,Global Tailing Dam [https://www.grida.no/publications/472],http://www.mmc.co.jp/corporate/en/csr/social/pdf/tailings_dams.pdf
1648,Ikuno,Ikuno Miyanotani,MITSUBISHI MATERIALS,Japan,35.16667,134.8,Inactive,1941.0,4450725.0,4451005.0,Low,Global Tailing Dam [https://www.grida.no/publications/472],http://www.mmc.co.jp/corporate/en/csr/social/pdf/tailings_dams.pdf
1647,Takane,Takane Kanayamadani,MITSUBISHI MATERIALS,Japan,35.99701,137.47173,Inactive,1961.0,13128.0,13128.0,Low,Global Tailing Dam [https://www.grida.no/publications/472],http://www.mmc.co.jp/corporate/en/csr/social/pdf/tailings_dams.pdf
1645,Takane,Takane Yakiiwadani-1,MITSUBISHI MATERIALS,Japan,35.99701,137.47173,Inactive,1956.0,7500.0,7500.0,Low,Global Tailing Dam [https://www.grida.no/publications/472],http://www.mmc.co.jp/corporate/en/csr/social/pdf/tailings_dams.pdf
1646,Takane,Takane Yakiiwadani-2,MITSUBISHI MATERIALS,Japan,35.99701,137.47173,Inactive,1961.0,120.0,120.0,Low,Global Tailing Dam [https://www.grida.no/publications/472],http://www.mmc.co.jp/corporate/en/csr/social/pdf/tailings_dams.pdf
1586,Teine,Teine Kanayama,MITSUBISHI MATERIALS,Japan,43.09167,141.20278,Inactive,1971.0,9170.0,9170.0,Low,Global Tailing Dam [https://www.grida.no/publications/472],http://www.mmc.co.jp/corporate/en/csr/social/pdf/tailings_dams.pdf
1651,Toi,Toi No.1,MITSUBISHI MATERIALS,Japan,34.908,138.7931,Inactive,1937.0,173690.0,173690.0,Low,Global Tailing Dam [https://www.grida.no/publications/472],http://www.mmc.co.jp/corporate/en/csr/social/pdf/tailings_dams.pdf
906,Masutani,Masutani,Mitsui Mining & Smelting Co.,Japan,36.441608,137.286521,Active,1955.0,6200000.0,150.0,Low,Global Tailing Dam [https://www.grida.no/publications/472],https://www.mitsui-kinzoku.co.jp/wp-content/uploads/TalingsDamManagement.pdf
907,Shikamadani,Shikamadani,Mitsui Mining & Smelting Co.,Japan,36.358467,137.303616,Active,1931.0,5441700.0,100.0,Low,Global Tailing Dam [https://www.grida.no/publications/472],https://www.mitsui-kinzoku.co.jp/wp-content/uploads/TalingsDamManagement.pdf
905,Wasabo,Wasabo,Mitsui Mining & Smelting Co.,Japan,36.32673,137.319256,Active,1955.0,26557000.0,140000.0,Low,Global Tailing Dam [https://www.grida.no/publications/472],https://www.mitsui-kinzoku.co.jp/wp-content/uploads/TalingsDamManagement.pdf
913,Kushikino,Kushikino No.1,Mitsui Mining & Smelting Co.,Japan,31.4349,130.1627,Inactive,1973.0,172605.0,0.0,Low,Global Tailing Dam [https://www.grida.no/publications/472],https://www.mitsui-kinzoku.co.jp/wp-content/uploads/TalingsDamManagement.pdf
915,Kushikino,Kushikino No.2,Mitsui Mining & Smelting Co.,Japan,31.7309,130.2746,Inactive,1973.0,99500.0,0.0,Low,Global Tailing Dam [https://www.grida.no/publications/472],https://www.mitsui-kinzoku.co.jp/wp-content/uploads/TalingsDamManagement.pdf
910,Kushikino,Kushikino No.3,Mitsui Mining & Smelting Co.,Japan,31.7335,130.2539,Inactive,1972.0,478965.0,0.0,Low,Global Tailing Dam [https://www.grida.no/publications/472],https://www.mitsui-kinzoku.co.jp/wp-content/uploads/TalingsDamManagement.pdf
916,Arakawa,Arakawa,Mitsui Mining & Smelting Co.,Japan,31.7561,130.2757,Inactive,1950.0,48000.0,0.0,Low,Global Tailing Dam [https://www.grida.no/publications/472],https://www.mitsui-kinzoku.co.jp/wp-content/uploads/TalingsDamManagement.pdf
917,Ounoyama,Ounoyama,Mitsui Mining & Smelting Co.,Japan,31.9297,130.6943,Inactive,1940.0,39000.0,0.0,Low,Global Tailing Dam [https://www.grida.no/publications/472],https://www.mitsui-kinzoku.co.jp/wp-content/uploads/TalingsDamManagement.pdf
912,Noda,Noda,Mitsui Mining & Smelting Co.,Japan,35.1906,132.4377,Inactive,1975.0,199500.0,0.0,Low,Global Tailing Dam [https://www.grida.no/publications/472],https://www.mitsui-kinzoku.co.jp/wp-content/uploads/TalingsDamManagement.pdf
914,Hatai,Hatai,Mitsui Mining & Smelting Co.,Japan,35.1805,132.4367,Inactive,1975.0,138043.0,0.0,Low,Global Tailing Dam [https://www.grida.no/publications/472],https://www.mitsui-kinzoku.co.jp/wp-content/uploads/TalingsDamManagement.pdf
909,Todorokidani,Todorokidani,Mitsui Mining & Smelting Co.,Japan,35.8844,136.6063,Inactive,1954.0,533000.0,0.0,Low,Global Tailing Dam [https://www.grida.no/publications/472],https://www.mitsui-kinzoku.co.jp/wp-content/uploads/TalingsDamManagement.pdf
911,Kurotani,Kurotani,Mitsui Mining & Smelting Co.,Japan,35.879,136.6019,Inactive,1942.0,250000.0,0.0,Low,Global Tailing Dam [https://www.grida.no/publications/472],https://www.mitsui-kinzoku.co.jp/wp-content/uploads/TalingsDamManagement.pdf
908,Omokusa,Omokusa,Mitsui Mining & Smelting Co.,Japan,35.88,136.5757,Inactive,1962.0,3650000.0,0.0,Low,Global Tailing Dam [https://www.grida.no/publications/472],https://www.mitsui-kinzoku.co.jp/wp-content/uploads/TalingsDamManagement.pdf
1257,Besshi,Besshi Hinochi,Sumitomo Metal Mining Co.,Japan,33.850044,133.385442,Closed,,1400.0,1400.0,Stable,Global Tailing Dam [https://www.grida.no/publications/472],http://www.smm.co.jp/E/csr/activity_highlights/environment/pdf/besshi.pdf
1258,Besshi,Besshi IkadatsuKou-Minami,Sumitomo Metal Mining Co.,Japan,33.846742,133.38165,Closed,1938.0,40000.0,40000.0,Stable,Global Tailing Dam [https://www.grida.no/publications/472],http://www.smm.co.jp/E/csr/activity_highlights/environment/pdf/besshi.pdf
1259,Besshi,Besshi Kisoudani,Sumitomo Metal Mining Co.,Japan,33.876642,133.316097,Closed,1973.0,172153.0,172153.0,Stable,Global Tailing Dam [https://www.grida.no/publications/472],http://www.smm.co.jp/E/csr/activity_highlights/environment/pdf/besshi.pdf
1256,Besshi,Daiichi-Tsudomae-Minami,Sumitomo Metal Mining Co.,Japan,33.857094,133.331933,Closed,1965.0,17200.0,17200.0,Stable,Global Tailing Dam [https://www.grida.no/publications/472],http://www.smm.co.jp/E/csr/activity_highlights/environment/pdf/besshi.pdf
1255,Besshi,Koashidani,Sumitomo Metal Mining Co.,Japan,33.852911,133.341744,Closed,1817.0,1100.0,1100.0,Stable,Global Tailing Dam [https://www.grida.no/publications/472],http://www.smm.co.jp/E/csr/activity_highlights/environment/pdf/besshi.pdf
1281,Kitami,Kitami No.1,Sumitomo Metal Mining Co.,Japan,44.023614,143.366017,Closed,,,,Stable,Global Tailing Dam [https://www.grida.no/publications/472],http://www.smm.co.jp/E/csr/activity_highlights/environment/pdf/kitami.pdf
1282,Kitami,Kitami No.2,Sumitomo Metal Mining Co.,Japan,44.024436,143.369739,Closed,1959.0,57570.0,57570.0,Stable,Global Tailing Dam [https://www.grida.no/publications/472],http://www.smm.co.jp/E/csr/activity_highlights/environment/pdf/kitami.pdf
1283,Kounomai,Kounomaisawa,Sumitomo Metal Mining Co.,Japan,44.147836,143.352925,Closed,,4930425.0,4930425.0,Stable,Global Tailing Dam [https://www.grida.no/publications/472],http://www.smm.co.jp/E/csr/activity_highlights/environment/pdf/kounomai.pdf
1286,Kounomai,"No. 5 A,B",Sumitomo Metal Mining Co.,Japan,44.163972,143.344956,Closed,,578600.0,578600.0,Stable,Global Tailing Dam [https://www.grida.no/publications/472],http://www.smm.co.jp/E/csr/activity_highlights/environment/pdf/kounomai.pdf
1287,Kounomai,No. 5 C,Sumitomo Metal Mining Co.,Japan,44.164736,143.343094,Closed,1940.0,393800.0,393800.0,Stable,Global Tailing Dam [https://www.grida.no/publications/472],http://www.smm.co.jp/E/csr/activity_highlights/environment/pdf/kounomai.pdf
1288,Kounomai,"No. 6 A,B",Sumitomo Metal Mining Co.,Japan,44.166911,143.3419,Closed,,665500.0,665500.0,Stable,Global Tailing Dam [https://www.grida.no/publications/472],http://www.smm.co.jp/E/csr/activity_highlights/environment/pdf/kounomai.pdf
1289,Kounomai,"No. 7 A,B",Sumitomo Metal Mining Co.,Japan,44.169203,143.341336,Closed,1972.0,693200.0,693200.0,Stable,Global Tailing Dam [https://www.grida.no/publications/472],http://www.smm.co.jp/E/csr/activity_highlights/environment/pdf/kounomai.pdf
1290,Kounomai,No. 8,Sumitomo Metal Mining Co.,Japan,44.171178,143.339536,Closed,1939.0,682100.0,682100.0,Stable,Global Tailing Dam [https://www.grida.no/publications/472],http://www.smm.co.jp/E/csr/activity_highlights/environment/pdf/kounomai.pdf
1291,Kounomai,No. 9,Sumitomo Metal Mining Co.,Japan,44.173003,143.338022,Closed,1958.0,512900.0,512900.0,Stable,Global Tailing Dam [https://www.grida.no/publications/472],http://www.smm.co.jp/E/csr/activity_highlights/environment/pdf/kounomai.pdf
1285,Kounomai,Suehiro,Sumitomo Metal Mining Co.,Japan,44.148014,143.341772,Closed,1965.0,146673.0,146673.0,Stable,Global Tailing Dam [https://www.grida.no/publications/472],http://www.smm.co.jp/E/csr/activity_highlights/environment/pdf/kounomai.pdf
1284,Kounomai,Sumiyoshi,Sumitomo Metal Mining Co.,Japan,44.143944,143.344608,Closed,1972.0,172949.0,172949.0,Stable,Global Tailing Dam [https://www.grida.no/publications/472],http://www.smm.co.jp/E/csr/activity_highlights/environment/pdf/kounomai.pdf
1271,Kunitomi,Kunitomi TSF No 1,Sumitomo Metal Mining Co.,Japan,42.987486,140.664214,Closed,1961.0,235000.0,235000.0,Stable,Global Tailing Dam [https://www.grida.no/publications/472],http://www.smm.co.jp/E/csr/activity_highlights/environment/pdf/kunitomi.pdf
1272,Kunitomi,Kunitomi TSF No 2,Sumitomo Metal Mining Co.,Japan,42.993575,140.669047,Closed,1974.0,130000.0,130000.0,Stable,Global Tailing Dam [https://www.grida.no/publications/472],http://www.smm.co.jp/E/csr/activity_highlights/environment/pdf/kunitomi.pdf
1250,Oguchi,Oguchi TSF No 1,Sumitomo Metal Mining Co.,Japan,32.101678,130.6251,Closed,1935.0,162500.0,162500.0,Stable,Global Tailing Dam [https://www.grida.no/publications/472],http://www.smm.co.jp/E/csr/activity_highlights/environment/pdf/oguchi.pdf
1251,Oguchi,Oguchi TSF No 2,Sumitomo Metal Mining Co.,Japan,32.098197,130.627269,Closed,1937.0,270000.0,270000.0,Stable,Global Tailing Dam [https://www.grida.no/publications/472],http://www.smm.co.jp/E/csr/activity_highlights/environment/pdf/oguchi.pdf
1252,Oguchi,Oguchi TSF No 3,Sumitomo Metal Mining Co.,Japan,32.098181,130.631508,Closed,1938.0,276205.0,276205.0,Stable,Global Tailing Dam [https://www.grida.no/publications/472],http://www.smm.co.jp/E/csr/activity_highlights/environment/pdf/oguchi.pdf
1253,Oguchi,Oguchi TSF No 4,Sumitomo Metal Mining Co.,Japan,32.105183,130.617989,Closed,1970.0,175000.0,175000.0,Stable,Global Tailing Dam [https://www.grida.no/publications/472],http://www.smm.co.jp/E/csr/activity_highlights/environment/pdf/oguchi.pdf
1254,Oguchi,Oguchi Zinzyaura,Sumitomo Metal Mining Co.,Japan,32.102028,130.618944,Closed,,140000.0,140000.0,Stable,Global Tailing Dam [https://www.grida.no/publications/472],http://www.smm.co.jp/E/csr/activity_highlights/environment/pdf/oguchi.pdf
1265,Oomiya,Ooishizawa,Sumitomo Metal Mining Co.,Japan,37.232294,139.553944,Closed,,34000.0,34000.0,Stable,Global Tailing Dam [https://www.grida.no/publications/472],http://www.smm.co.jp/E/csr/activity_highlights/environment/pdf/oomiya.pdf
1263,Sazare,Kyu-Sazare Waste Rock Dump,Sumitomo Metal Mining Co.,Japan,33.897003,133.55595,Closed,1918.0,16574.0,16574.0,Stable,Global Tailing Dam [https://www.grida.no/publications/472],http://www.smm.co.jp/E/csr/activity_highlights/environment/pdf/sazare.pdf
1262,Sazare,Sazare Jimusho-Higashi,Sumitomo Metal Mining Co.,Japan,33.905292,133.540753,Closed,1961.0,28000.0,28000.0,Stable,Global Tailing Dam [https://www.grida.no/publications/472],http://www.smm.co.jp/E/csr/activity_highlights/environment/pdf/sazare.pdf
1264,Sazare,Sazare Kinritsu,Sumitomo Metal Mining Co.,Japan,33.893986,133.556483,Closed,1921.0,1022.0,1022.0,Stable,Global Tailing Dam [https://www.grida.no/publications/472],http://www.smm.co.jp/E/csr/activity_highlights/environment/pdf/sazare.pdf
1260,Sazare,Sazare No.2,Sumitomo Metal Mining Co.,Japan,33.909289,133.540447,Closed,1955.0,430000.0,430000.0,Stable,Global Tailing Dam [https://www.grida.no/publications/472],http://www.smm.co.jp/E/csr/activity_highlights/environment/pdf/sazare.pdf
1261,Sazare,Sazare No.3,Sumitomo Metal Mining Co.,Japan,33.91185,133.535825,Closed,1965.0,542237.0,542237.0,Stable,Global Tailing Dam [https://www.grida.no/publications/472],http://www.smm.co.jp/E/csr/activity_highlights/environment/pdf/sazare.pdf
1268,Yaso,Akakura No.1,Sumitomo Metal Mining Co.,Japan,37.061442,139.663406,Closed,1954.0,73456.0,73456.0,Stable,Global Tailing Dam [https://www.grida.no/publications/472],http://www.smm.co.jp/E/csr/activity_highlights/environment/pdf/yaso.pdf
1269,Yaso,Akakura No.2,Sumitomo Metal Mining Co.,Japan,37.062456,139.665019,Closed,1955.0,60558.0,60558.0,Stable,Global Tailing Dam [https://www.grida.no/publications/472],http://www.smm.co.jp/E/csr/activity_highlights/environment/pdf/yaso.pdf
1270,Yaso,Kazumasawa,Sumitomo Metal Mining Co.,Japan,37.020683,140.077264,Closed,,,,Stable,Global Tailing Dam [https://www.grida.no/publications/472],http://www.smm.co.jp/E/csr/activity_highlights/environment/pdf/yaso.pdf
1267,Yaso,Rotenbori-Ato,Sumitomo Metal Mining Co.,Japan,37.078467,139.639378,Closed,,5000.0,5000.0,Stable,Global Tailing Dam [https://www.grida.no/publications/472],http://www.smm.co.jp/E/csr/activity_highlights/environment/pdf/yaso.pdf
1266,Yaso,Shishigoyasawa,Sumitomo Metal Mining Co.,Japan,37.062358,139.657408,Closed,1956.0,871756.0,871756.0,Stable,Global Tailing Dam [https://www.grida.no/publications/472],http://www.smm.co.jp/E/csr/activity_highlights/environment/pdf/yaso.pdf
1273,Yoichi,Toyohama No.5,Sumitomo Metal Mining Co.,Japan,43.229997,140.703539,Closed,,,,Stable,Global Tailing Dam [https://www.grida.no/publications/472],http://www.smm.co.jp/E/csr/activity_highlights/environment/pdf/yoichi.pdf
1274,Yoichi,Toyohama No.7,Sumitomo Metal Mining Co.,Japan,43.228836,140.699831,Closed,,,,Stable,Global Tailing Dam [https://www.grida.no/publications/472],http://www.smm.co.jp/E/csr/activity_highlights/environment/pdf/yoichi.pdf
1275,Yoichi,Toyoka No.1,Sumitomo Metal Mining Co.,Japan,43.156881,140.692239,Closed,,67000.0,67000.0,Stable,Global Tailing Dam [https://www.grida.no/publications/472],http://www.smm.co.jp/E/csr/activity_highlights/environment/pdf/yoichi.pdf
1276,Yoichi,Toyoka No.2,Sumitomo Metal Mining Co.,Japan,43.156964,140.689786,Closed,,48000.0,48000.0,Stable,Global Tailing Dam [https://www.grida.no/publications/472],http://www.smm.co.jp/E/csr/activity_highlights/environment/pdf/yoichi.pdf
1277,Yoichi,Toyoka No.3,Sumitomo Metal Mining Co.,Japan,43.153231,140.706981,Closed,,33930.0,33930.0,Stable,Global Tailing Dam [https://www.grida.no/publications/472],http://www.smm.co.jp/E/csr/activity_highlights/environment/pdf/yoichi.pdf
1278,Yoichi,Toyoka No.4A,Sumitomo Metal Mining Co.,Japan,43.151489,140.707744,Closed,,49270.0,49270.0,Stable,Global Tailing Dam [https://www.grida.no/publications/472],http://www.smm.co.jp/E/csr/activity_highlights/environment/pdf/yoichi.pdf
1279,Yoichi,Toyoka No.4B,Sumitomo Metal Mining Co.,Japan,43.154622,140.706458,Closed,,57559.0,57559.0,Stable,Global Tailing Dam [https://www.grida.no/publications/472],http://www.smm.co.jp/E/csr/activity_highlights/environment/pdf/yoichi.pdf
1280,Yoichi,Toyoka No.6,Sumitomo Metal Mining Co.,Japan,43.151344,140.694508,Closed,,582376.0,582376.0,Stable,Global Tailing Dam [https://www.grida.no/publications/472],http://www.smm.co.jp/E/csr/activity_highlights/environment/pdf/yoichi.pdf
1408,Temirtau,Temirtau Tailings Facility,ArcelorMittal,Kazakhstan,50.033692,73.086511,Active,1960.0,88000000.0,5400000.0,Extreme,Global Tailing Dam [https://www.grida.no/publications/472],https://drive.google.com/file/d/1Pj-UZaWctl9i0lKc4XpjybSoT9CN74tb/view
1411,Vostochnaya,Vostochnaya,ArcelorMittal,Kazakhstan,49.6982,72.774314,Active,2015.0,10000000.0,6000000.0,Very High,Global Tailing Dam [https://www.grida.no/publications/472],https://drive.google.com/file/d/1Pj-UZaWctl9i0lKc4XpjybSoT9CN74tb/view
1412,Vostochnaya,Vostochnaya - TSF 1,ArcelorMittal,Kazakhstan,49.748936,72.766689,Inactive,1972.0,7400000.0,,Very High,Global Tailing Dam [https://www.grida.no/publications/472],https://drive.google.com/file/d/1Pj-UZaWctl9i0lKc4XpjybSoT9CN74tb/view
1409,Temirtau,Temirtau Tailings Facility - Coal Wash,ArcelorMittal,Kazakhstan,50.018528,73.098253,Active,1993.0,15200000.0,2430000.0,Extreme,Global Tailing Dam [https://www.grida.no/publications/472],https://drive.google.com/file/d/1Pj-UZaWctl9i0lKc4XpjybSoT9CN74tb/view
1410,Temirtau,Temirtau Tailings Facility - TSF 2,ArcelorMittal,Kazakhstan,50.010294,73.086117,Inactive,1979.0,22630000.0,,Very High,Global Tailing Dam [https://www.grida.no/publications/472],https://drive.google.com/file/d/1Pj-UZaWctl9i0lKc4XpjybSoT9CN74tb/view
1413,Lisakovsk,Lisakovsk TSF 1,ArcelorMittal,Kazakhstan,52.533417,62.75,Active,1972.0,14200000.0,15300000.0,High,Global Tailing Dam [https://www.grida.no/publications/472],https://drive.google.com/file/d/1Pj-UZaWctl9i0lKc4XpjybSoT9CN74tb/view
765,Altyntau-Kokshetau Complex,Altyntau-Kokshetau (Flotation),Glencore,Kazakhstan,53.410833,69.192778,Active,2009.0,45000000.0,60000000.0,III (4),Global Tailing Dam [https://www.grida.no/publications/472],https://www.glencore.com/dam/jcr:58e3d8ff-97c1-422f-8d31-dd2fee89fcc3/Glencore_TSFs_190614.pdf
767,Ridder Mine,Chashinsky (West),Glencore,Kazakhstan,50.362778,83.596944,Inactive,1953.0,84000000.0,84000000.0,III (4),Global Tailing Dam [https://www.grida.no/publications/472],https://www.glencore.com/dam/jcr:58e3d8ff-97c1-422f-8d31-dd2fee89fcc3/Glencore_TSFs_190614.pdf
768,Ridder Mine,Talovsky (South),Glencore,Kazakhstan,50.396111,83.588611,Active,1973.0,115000000.0,123000000.0,I (4),Global Tailing Dam [https://www.grida.no/publications/472],https://www.glencore.com/dam/jcr:58e3d8ff-97c1-422f-8d31-dd2fee89fcc3/Glencore_TSFs_190614.pdf
762,Zhairem Mine,"Zhairem, (Flotation)",Glencore,Kazakhstan,48.221667,70.259167,Inactive,2020.0,600000.0,17900000.0,IV (4),Global Tailing Dam [https://www.grida.no/publications/472],https://www.glencore.com/dam/jcr:58e3d8ff-97c1-422f-8d31-dd2fee89fcc3/Glencore_TSFs_190614.pdf
763,Zhairem Mine,"Zhairem Slurry settler, Lead Gravity concentrator",Glencore,Kazakhstan,48.293333,70.216389,Active,2000.0,700000.0,700000.0,IV (4),Global Tailing Dam [https://www.grida.no/publications/472],https://www.glencore.com/dam/jcr:58e3d8ff-97c1-422f-8d31-dd2fee89fcc3/Glencore_TSFs_190614.pdf
764,Zhairem Mine,"Zhairem(Slurry settler, manganese gravity concentrator)",Glencore,Kazakhstan,48.3775,70.313889,Active,1996.0,600000.0,600000.0,IV (4),Global Tailing Dam [https://www.grida.no/publications/472],https://www.glencore.com/dam/jcr:58e3d8ff-97c1-422f-8d31-dd2fee89fcc3/Glencore_TSFs_190614.pdf
766,Zyryanovsky Concentrator,"Zyryanovsky, (West)",Glencore,Kazakhstan,49.7825,84.321389,Active,1968.0,92000000.0,99000000.0,II (4),Global Tailing Dam [https://www.grida.no/publications/472],https://www.glencore.com/dam/jcr:58e3d8ff-97c1-422f-8d31-dd2fee89fcc3/Glencore_TSFs_190614.pdf
980,Aktogay,Aktogay,KAZ Minerals,Kazakhstan,46.947394,79.936678,Active,2017.0,22000000.0,147000000.0,Low consequence,Global Tailing Dam [https://www.grida.no/publications/472],https://www.kazminerals.com/media/14017/kaz-minerals-plc-tailings-management-2019.pdf
984,Belousovsky,Belousovsky,KAZ Minerals,Kazakhstan,50.130172,81.291358,Active,1949.0,18000000.0,21000000.0,Significant,Global Tailing Dam [https://www.grida.no/publications/472],https://www.kazminerals.com/media/14017/kaz-minerals-plc-tailings-management-2019.pdf
979,Bozshakol,Bozshakol,KAZ Minerals,Kazakhstan,51.847742,74.291392,Active,2016.0,83000000.0,180000000.0,High consequence,Global Tailing Dam [https://www.grida.no/publications/472],https://www.kazminerals.com/media/14017/kaz-minerals-plc-tailings-management-2019.pdf
983,Nikolayevsky,Nikolayevsky,KAZ Minerals,Kazakhstan,50.582806,81.903883,Active,1980.0,32000000.0,35000000.0,Significant,Global Tailing Dam [https://www.grida.no/publications/472],https://www.kazminerals.com/media/14017/kaz-minerals-plc-tailings-management-2019.pdf
982,Orlovsky (Zhezkent),Orlovsky (Zhezkent),KAZ Minerals,Kazakhstan,50.933267,81.291192,Active,1989.0,11000000.0,17000000.0,Insignificant,Global Tailing Dam [https://www.grida.no/publications/472],https://www.kazminerals.com/media/14017/kaz-minerals-plc-tailings-management-2019.pdf
1163,Kyzyl,Kyzyl TSF,Polymetal International,Kazakhstan,49.702778,81.628056,Active,2018.0,929254.0,9553668.0,Low,Global Tailing Dam [https://www.grida.no/publications/472],https://www.polymetalinternational.com/files/en/Sustainability_reports/Polymetal_TSF_report_2019.pdf
1162,Varvara,Varvara TSF,Polymetal International,Kazakhstan,52.935,62.148889,Active,2007.0,25603899.0,38362519.0,Low,Global Tailing Dam [https://www.grida.no/publications/472],https://www.polymetalinternational.com/files/en/Sustainability_reports/Polymetal_TSF_report_2019.pdf
981,Bozymchak,Bozymchak,KAZ Minerals,Kyrgyzstan,41.259347,71.086883,Active,2015.0,2000000.0,4000000.0,Hazard categorisation 2,Global Tailing Dam [https://www.grida.no/publications/472],https://www.kazminerals.com/media/14017/kaz-minerals-plc-tailings-management-2019.pdf
825,Kumtor,Kumtor TSF,Kyrgyzaltyn JSC,Kyrgyzstan,41.900375,78.153931,Active,1997.0,90000000.0,106500000.0,Very High,Global Tailing Dam [https://www.grida.no/publications/472],
1493,Liqhobong,Residue Storage Facility 3,Firestone Diamonds,Lesotho,-28.987344,28.611442,Active,2016.0,3400000.0,10000000.0,High,Global Tailing Dam [https://www.grida.no/publications/472],http://2nhytk3aco2v1jr2to2lr6ey-wpengine.netdna-ssl.com/wp-content/uploads/GDS-COE-Mine-Tailings-Disclosure-Table-Firestone-Diamonds-June-2019.pdf
882,Letseng Diamond mine,Old TSF,GEM Diamonds,Lesotho,-28.990718,28.866784,Active,1972.0,16000000.0,483000.0,High,Global Tailing Dam [https://www.grida.no/publications/472],https://www.gemdiamonds.com/downloads/2019/notifications/06062019/tailings-safety-disclosure-response-patiseng.pdf
881,Letseng Diamond mine,Patiseng TSF,GEM Diamonds,Lesotho,-28.993755,28.882547,Active,2008.0,28000000.0,18600000.0,High,Global Tailing Dam [https://www.grida.no/publications/472],https://www.gemdiamonds.com/downloads/2019/notifications/06062019/tailings-safety-disclosure-response-patiseng.pdf
1773,New Liberty Gold Mine,New Liberty Gold Mine,Avesoro Resources,Liberia,7.01142,-11.14072,Active,2015.0,7480000.0,17120000.0,High ,Global Tailing Dam [https://www.grida.no/publications/472],https://avesoro.com/tailings-safety-disclosure/
2831,Ambatovy Mine,Ambatovy Tailings Management Facility,Dynatec Madagascar SA,Madagascar,-18.1741667,49.3055556,Active,2012.0,30980000.0,233000000.0,Extreme,Global Tailing Dam [https://www.grida.no/publications/472],https://ambatovy.com/en/operations/operations-components/our-tailings/
434,QIT Madagascar Minerals,Feedprep Pond,Rio Tinto,Madagascar,-24.9675,47.00806,Active,2016.0,180000.0,438000.0,Significant,Global Tailing Dam [https://www.grida.no/publications/472],https://www.riotinto.com/sustainability/environment/tailings
435,QIT Madagascar Minerals,Settling Pond,Rio Tinto,Madagascar,-24.9625,47.00806,Active,2016.0,101000.0,0.0,Significant,Global Tailing Dam [https://www.grida.no/publications/472],https://www.riotinto.com/sustainability/environment/tailings
849,Sadiola,Sadiola TSF,AngloGold Ashanti,Mali,13.86395,-11.650242,Active,1996.0,49000000.0,51400000.0,High,Global Tailing Dam [https://www.grida.no/publications/472],https://thevault.exchange/?get_group_doc=143/1560011239-AngloGoldAshantiMineTailingsDisclosurecertifiedbytheChairmanandChiefExecutiveOfficer.pdf
872,Morila,Morila TSF,AngloGold Ashanti,Mali,11.69565,-6.840917,Reclamation,2014.0,,,Low,Global Tailing Dam [https://www.grida.no/publications/472],https://thevault.exchange/?get_group_doc=143/1560011239-AngloGoldAshantiMineTailingsDisclosurecertifiedbytheChairmanandChiefExecutiveOfficer.pdf
198,Loulo,Loulo TSF,Barrick Gold Corporation,Mali,13.096819,-11.343639,Active,2005.0,35000000.0,48000000.0,High,Global Tailing Dam [https://www.grida.no/publications/472],https://barrick.q4cdn.com/788666289/files/doc_downloads/2019/06/Letter-to-the-CoE-plus-inventory.pdf
200,Morila,Morila TSF,Barrick Gold Corporation,Mali,11.69565,-6.840917,Closed,2014.0,,,Low,Global Tailing Dam [https://www.grida.no/publications/472],https://barrick.q4cdn.com/788666289/files/doc_downloads/2019/06/Letter-to-the-CoE-plus-inventory.pdf
883,Yanfolila Gold Mine,Yanfolila Tailings Storage Facility,Hummingbird resources,Mali,11.253333,-8.419444,Active,2017.0,4946933.0,4946933.0,High,Global Tailing Dam [https://www.grida.no/publications/472],https://hummingbirdresources.co.uk/responsible-mining/environment/
2022,N/A,Mauritania Copper Mines TSF1,First Quantum Minerals,Mauritania,19.757003,-14.430961,Care & Maintenance,2009.0,2600000.0,3000000.0,Low/Very Low,Global Tailing Dam [https://www.grida.no/publications/472],https://s24.q4cdn.com/821689673/files/doc_downloads/tailings-management/Tailings-Dam-Management-Disclosure-Request-April-2020-FINAL.xlsx
2023,N/A,Mauritania Copper Mines TSF2,First Quantum Minerals,Mauritania,19.753014,-14.456008,Active,2009.0,12100000.0,15000000.0,Low/Very Low,Global Tailing Dam [https://www.grida.no/publications/472],https://s24.q4cdn.com/821689673/files/doc_downloads/tailings-management/Tailings-Dam-Management-Disclosure-Request-April-2020-FINAL.xlsx
2024,N/A,Mauritania Copper Mines TSF3,First Quantum Minerals,Mauritania,19.739278,-14.459844,Active,2015.0,3600000.0,20000000.0,Low/Very Low,Global Tailing Dam [https://www.grida.no/publications/472],https://s24.q4cdn.com/821689673/files/doc_downloads/tailings-management/Tailings-Dam-Management-Disclosure-Request-April-2020-FINAL.xlsx
1570,Tasiast gold mine,Tasiast TSF 3,Kinross Gold Corporation,Mauritania,20.591,-15.538,Inactive Care and Maintenance,2013.0,6500000.0,7700000.0,Extreme,Global Tailing Dam [https://www.grida.no/publications/472],https://s2.q4cdn.com/496390694/files/doc_downloads/2020/Kinross-Tailings-Management-Report-Website-Jan-2020.pdf
1571,Tasiast gold mine,Tasiast TSF 4,Kinross Gold Corporation,Mauritania,20.563,-15.537,Active,2018.0,4100000.0,13000000.0,Extreme,Global Tailing Dam [https://www.grida.no/publications/472],https://www.caledoniamining.com/wp-content/uploads/2019/08/Letter-in-response-from-Caledonia.pdf
18,Pinos Altos,Oberon de Weber in-pit TSF,Agnico Eagle Mines,Mexico,28.269961,-108.295792,Active,2015.0,2610000.0,8688000.0,Low,Global Tailing Dam [https://www.grida.no/publications/472],https://s21.q4cdn.com/374334112/files/doc_downloads/Sustainability/TM-Report/Agnico-Eagle-Summary-Tailings-Management-Report-June-2019.pdf
17,Pinos Altos,Pinos Altos TMF,Agnico Eagle Mines,Mexico,28.264294,-108.297728,Inactive,2008.0,5152000.0,5152000.0,Medium,Global Tailing Dam [https://www.grida.no/publications/472],https://s21.q4cdn.com/374334112/files/doc_downloads/Sustainability/TM-Report/Agnico-Eagle-Summary-Tailings-Management-Report-June-2019.pdf
1401,Las Truchas,Las Truchas TSF,ArcelorMittal,Mexico,18.048903,-102.340839,Active,1975.0,15000000.0,,Very High,Global Tailing Dam [https://www.grida.no/publications/472],https://drive.google.com/file/d/1Pj-UZaWctl9i0lKc4XpjybSoT9CN74tb/view
1403,Arrayanal,Arrayanal TSF Basin 1,ArcelorMittal,Mexico,19.293061,-104.139656,Active,2013.0,17500000.0,54000000.0,Extreme,Global Tailing Dam [https://www.grida.no/publications/472],https://drive.google.com/file/d/1Pj-UZaWctl9i0lKc4XpjybSoT9CN74tb/view
1404,Arrayanal,Arrayanal TSF Basin 2,ArcelorMittal,Mexico,19.294406,-104.142517,Active,2018.0,3800000.0,,Extreme,Global Tailing Dam [https://www.grida.no/publications/472],https://drive.google.com/file/d/1Pj-UZaWctl9i0lKc4XpjybSoT9CN74tb/view
1402,Guasimas,Guasimas TSF,ArcelorMittal,Mexico,19.351872,-104.077456,Active,1975.0,51000000.0,,Very High,Global Tailing Dam [https://www.grida.no/publications/472],https://drive.google.com/file/d/1Pj-UZaWctl9i0lKc4XpjybSoT9CN74tb/view
1521,Palmarejo complex,Palmarejo,Coeur Mining,Mexico,27.370833,-108.41278,Active,2010.0,13700000.0,16500000.0,High,Global Tailing Dam [https://www.grida.no/publications/472],https://www.coeur.com/_resources/pdfs/COE-Tailings-Dam-Disclosure.pdf
1506,Miguel Auza,Tailings Management Facility #1 (TMF #1),Excellon Resources,Mexico,24.297372,-103.4652,Rehabilitated,2007.0,313000.0,313000.0,Significant,Global Tailing Dam [https://www.grida.no/publications/472],http://www.excellonresources.com/_resources/pdf/Excellon-Resources-Investor-Mining-Tailings-Safety-Initiative.pdf
1507,Miguel Auza,Tailings Management Facility #2 (TMF #2),Excellon Resources,Mexico,24.303392,-103.45988,Active,2017.0,90000.0,1012000.0,High,Global Tailing Dam [https://www.grida.no/publications/472],http://www.excellonresources.com/_resources/pdf/Excellon-Resources-Investor-Mining-Tailings-Safety-Initiative.pdf
1540,San Jose Mine,"Cuzcatlan Dry Stack San Jose Mine (Oaxaca, México)",Fortuna Silver Mines,Mexico,16.682722,-96.705972,Active,2016.0,1157847.0,4039000.0,Significant,Global Tailing Dam [https://www.grida.no/publications/472],https://fortunasilver.com/site/assets/files/5014/church_of_england_investor_mining_tsf_safety_initiative_5sept19.pdf
1541,San Jose Mine,"Cuzcatlan Tailings Dam San Jose Mine (Oaxaca, México)",Fortuna Silver Mines,Mexico,16.683972,-96.705611,Active,2011.0,2039322.0,2297033.0,Significant,Global Tailing Dam [https://www.grida.no/publications/472],https://fortunasilver.com/site/assets/files/5014/church_of_england_investor_mining_tsf_safety_initiative_5sept19.pdf
1447,Fresnillo TSF,Antiguo.,Fresnillo,Mexico,23.161314,-102.86284,Closed,1953.0,1593200.0,1593200.0,Low,Global Tailing Dam [https://www.grida.no/publications/472],http://www.fresnilloplc.com/media/433721/fresnillo-plc-tailings-dam-statement-210619.pdf
1452,Fresnillo TSF,Beleña.,Fresnillo,Mexico,23.155011,-102.86037,Inactive,1999.0,19292000.0,19292000.0,Low,Global Tailing Dam [https://www.grida.no/publications/472],http://www.fresnilloplc.com/media/433721/fresnillo-plc-tailings-dam-statement-210619.pdf
1449,Fresnillo TSF,Chinos.,Fresnillo,Mexico,23.157731,-102.85861,Inactive,1988.0,7543200.0,7543200.0,Low,Global Tailing Dam [https://www.grida.no/publications/472],http://www.fresnilloplc.com/media/433721/fresnillo-plc-tailings-dam-statement-210619.pdf
1451,Fresnillo TSF,Emergencia.,Fresnillo,Mexico,23.160275,-102.86713,Inactive,1963.0,718900.0,718900.0,Low,Global Tailing Dam [https://www.grida.no/publications/472],http://www.fresnilloplc.com/media/433721/fresnillo-plc-tailings-dam-statement-210619.pdf
1448,Fresnillo TSF,Sanjón.,Fresnillo,Mexico,23.162689,-102.85861,Closed,1963.0,11521900.0,11521900.0,Low,Global Tailing Dam [https://www.grida.no/publications/472],http://www.fresnilloplc.com/media/433721/fresnillo-plc-tailings-dam-statement-210619.pdf
1453,Fresnillo TSF,San Luis.,Fresnillo,Mexico,23.147822,-102.86186,Active,2006.0,17591240.0,28880000.0,Low,Global Tailing Dam [https://www.grida.no/publications/472],http://www.fresnilloplc.com/media/433721/fresnillo-plc-tailings-dam-statement-210619.pdf
1450,Fresnillo TSF,Sección II.,Fresnillo,Mexico,23.158417,-102.86155,Closed,1973.0,1487000.0,1487000.0,Low,Global Tailing Dam [https://www.grida.no/publications/472],http://www.fresnilloplc.com/media/433721/fresnillo-plc-tailings-dam-statement-210619.pdf
1462,Las Torres,Las Torres TSF - Cedros I,Fresnillo,Mexico,20.991761,-101.21304,Inactive,,,,High,Global Tailing Dam [https://www.grida.no/publications/472],http://www.fresnilloplc.com/media/433721/fresnillo-plc-tailings-dam-statement-210619.pdf
1463,Las Torres,Las Torres TSF - Cedros II,Fresnillo,Mexico,21.002394,-101.21593,Inactive,,,,High,Global Tailing Dam [https://www.grida.no/publications/472],http://www.fresnilloplc.com/media/433721/fresnillo-plc-tailings-dam-statement-210619.pdf
1464,Las Torres,Las Torres TSF - Cedros III,Fresnillo,Mexico,21.006822,-101.21451,Inactive,,,,High,Global Tailing Dam [https://www.grida.no/publications/472],http://www.fresnilloplc.com/media/433721/fresnillo-plc-tailings-dam-statement-210619.pdf
1465,Las Torres,Las Torres TSF - Cedros IV,Fresnillo,Mexico,21.010942,-101.21251,Inactive,,,,High,Global Tailing Dam [https://www.grida.no/publications/472],http://www.fresnilloplc.com/media/433721/fresnillo-plc-tailings-dam-statement-210619.pdf
1460,Las Torres,Las Torres TSF - Coronelas I,Fresnillo,Mexico,20.984486,-101.21771,Inactive,,,,High,Global Tailing Dam [https://www.grida.no/publications/472],http://www.fresnilloplc.com/media/433721/fresnillo-plc-tailings-dam-statement-210619.pdf
1461,Las Torres,Las Torres TSF - Coronelas II,Fresnillo,Mexico,20.986108,-101.22212,Inactive,,,,High,Global Tailing Dam [https://www.grida.no/publications/472],http://www.fresnilloplc.com/media/433721/fresnillo-plc-tailings-dam-statement-210619.pdf
1466,Toacyos,Toacyos TSF,Fresnillo,Mexico,23.632978,-103.62157,Inactive,,,,Low,Global Tailing Dam [https://www.grida.no/publications/472],http://www.fresnilloplc.com/media/433721/fresnillo-plc-tailings-dam-statement-210619.pdf
1455,Cienaga TSF,Deposit 1,Fresnillo,Mexico,25.052064,-106.346789,Active,1994.0,7798900.0,8660000.0,N/A,Global Tailing Dam [https://www.grida.no/publications/472],http://www.fresnilloplc.com/media/433721/fresnillo-plc-tailings-dam-statement-210619.pdf
1456,Cienaga TSF,Deposit 2,Fresnillo,Mexico,25.038897,-106.33886,Inactive,2010.0,10065900.0,10065900.0,N/A,Global Tailing Dam [https://www.grida.no/publications/472],http://www.fresnilloplc.com/media/433721/fresnillo-plc-tailings-dam-statement-210619.pdf
1457,Cienaga TSF,Deposit 3,Fresnillo,Mexico,25.034094,-106.32978,Construction,2019.0,,3444500.0,N/A,Global Tailing Dam [https://www.grida.no/publications/472],http://www.fresnilloplc.com/media/433721/fresnillo-plc-tailings-dam-statement-210619.pdf
1459,Herradura,Herradura TSF,Fresnillo,Mexico,31.1285,-112.86851,Active,2014.0,26563650.0,31200000.0,Low,Global Tailing Dam [https://www.grida.no/publications/472],http://www.fresnilloplc.com/media/433721/fresnillo-plc-tailings-dam-statement-210619.pdf
1458,San Julián,San Julián TSF,Fresnillo,Mexico,26.041806,-106.50011,Active,2016.0,3250000.0,10250000.0,Catastrophic,Global Tailing Dam [https://www.grida.no/publications/472],http://www.fresnilloplc.com/media/433721/fresnillo-plc-tailings-dam-statement-210619.pdf
1454,Saucito TSF,Saucito TSF,Fresnillo,Mexico,23.132825,-102.926736,Active,2011.0,11547224.0,22747224.0,Low,Global Tailing Dam [https://www.grida.no/publications/472],http://www.fresnilloplc.com/media/433721/fresnillo-plc-tailings-dam-statement-210619.pdf
1445,Gold Resources,Gold Resources TSF 1-2,Gold Resources Corporation,Mexico,16.685964,-96.118264,Inactive Care and Maintenance,2009.0,1250000.0,1250000.0,Low,Global Tailing Dam [https://www.grida.no/publications/472],https://goldresourcecorp.com/content/Tailings%20Dam%20Disclosure%20-%201906.pdf
1446,Gold Resources,Gold Resources TSF 3,Gold Resources Corporation,Mexico,16.686172,-96.114475,Active,2015.0,1100000.0,1900000.0,Significant,Global Tailing Dam [https://www.grida.no/publications/472],https://goldresourcecorp.com/content/Tailings%20Dam%20Disclosure%20-%201906.pdf
1681,San Sebastian,Velardena,Hecla Mining Company,Mexico,25.05,103.683333,Active,2016.0,495000.0,40000.0,Significant,Global Tailing Dam [https://www.grida.no/publications/472],https://www.hecla-mining.com/wp-content/uploads/2019/06/2019-Hecla-TailingsMgmt_FactSheet.pdf
2909,Hermosillo,Impound 1,Imerys,Mexico,29.364914,-111.467528,Active,2016.0,75000.0,1500000.0,Low,Global Tailing Dam [https://www.grida.no/publications/472],
1867,Minera Penasquito         ,Presa de Jales,Newmont Goldcorp,Mexico,24.6212,-101.73,Active,2009.0,200000000.0,533000000.0,Extreme,Global Tailing Dam [https://www.grida.no/publications/472],https://www.newmontgoldcorp.com/document/church-of-england-tailings-management/
1444,Alamo Dorado,Alamo Dorado,Pan American Silver,Mexico,26.75,-108.66,Closed,2007.0,11500000.0,11500000.0,Not classified,Global Tailing Dam [https://www.grida.no/publications/472],https://panamericansilver.com/sustainabilityreport2018/wp-content/uploads/2019/06/PAAS-Tailings-Facility-Factsheet-2019-Final.pdf
1438,La Colorada,La Colorada TSF 6,Pan American Silver,Mexico,23.37,-103.75,Active,2003.0,2250000.0,3500000.0,Significant,Global Tailing Dam [https://www.grida.no/publications/472],https://panamericansilver.com/sustainabilityreport2018/wp-content/uploads/2019/06/PAAS-Tailings-Facility-Factsheet-2019-Final.pdf
1437,La Colorada,La Colorada TSF 7,Pan American Silver,Mexico,23.36,-103.75,Active,2011.0,1200000.0,1600000.0,Significant,Global Tailing Dam [https://www.grida.no/publications/472],https://panamericansilver.com/sustainabilityreport2018/wp-content/uploads/2019/06/PAAS-Tailings-Facility-Factsheet-2019-Final.pdf
2006,,El Limón Guajes Filtered Tailings Storage Facility,Torex Gold,Mexico,18.0075,-99.7443,Active,2015.0,7033953.0,14043333.0,Significant,Global Tailing Dam [https://www.grida.no/publications/472],https://www.torexgold.com/assets/docs/agm/Tailings%20Management%20Report%20-%20February%202020-20200207080431.pdf
432,Oyu Tolgoi,TC1,Rio Tinto,Mongolia,43.00315,106.89232,Active,2013.0,126300000.0,240000000.0,High A,Global Tailing Dam [https://www.grida.no/publications/472],https://www.riotinto.com/sustainability/environment/tailings
1110,Tete,Tete TSF-01,Vale,Mozambique,-16.166667,33.766667,Active,2011.0,18000000.0,23000000.0,Low,Global Tailing Dam [https://www.grida.no/publications/472],http://www.vale.com/EN/investors/information-market/presentations-webcast/PresentationsWebcastsDocs/Cover%20Letter_consolidated_i.pdf
144,Orange River,Auchas CRD,Anglo American,Namibia,-28.224786,16.815789,Inactive,1990.0,5200000.0,5200000.0,Insignificant,Global Tailing Dam [https://www.grida.no/publications/472],https://www.angloamerican.com/sustainability/tailings-summary/tailings-database?page=5
134,Orange River,Auchas FRD 1,Anglo American,Namibia,-28.349722,16.78,Inactive,1990.0,1200000.0,1200000.0,High,Global Tailing Dam [https://www.grida.no/publications/472],https://www.angloamerican.com/sustainability/tailings-summary/tailings-database?page=5
142,Orange River,Daberas DTP CRD,Anglo American,Namibia,-28.275833,16.776667,Inactive,2000.0,11200000.0,11200000.0,Insignificant,Global Tailing Dam [https://www.grida.no/publications/472],https://www.angloamerican.com/sustainability/tailings-summary/tailings-database?page=5
135,Orange River,Daberas FRD 2 (Starter Dam),Anglo American,Namibia,-28.26,16.803056,Inactive,2000.0,400000.0,400000.0,Major,Global Tailing Dam [https://www.grida.no/publications/472],https://www.angloamerican.com/sustainability/tailings-summary/tailings-database?page=5
136,Orange River,Daberas FRD 3 (Megadam),Anglo American,Namibia,-28.248333,16.774167,Inactive,2003.0,3600000.0,3600000.0,Major,Global Tailing Dam [https://www.grida.no/publications/472],https://www.angloamerican.com/sustainability/tailings-summary/tailings-database?page=5
137,Orange River,Daberas FRD 4 (Zone 7),Anglo American,Namibia,-28.243611,16.779722,Inactive,2011.0,1300000.0,1300000.0,Moderate,Global Tailing Dam [https://www.grida.no/publications/472],https://www.angloamerican.com/sustainability/tailings-summary/tailings-database?page=5
138,Orange River,Daberas FRD 5 (Zone 8),Anglo American,Namibia,-28.241111,16.776111,Active,2014.0,1500000.0,10000000.0,Minor,Global Tailing Dam [https://www.grida.no/publications/472],https://www.angloamerican.com/sustainability/tailings-summary/tailings-database?page=5
143,Orange River,Daberas OTP CRD,Anglo American,Namibia,-28.230883,16.816588,Inactive,2006.0,8800000.0,8800000.0,Insignificant,Global Tailing Dam [https://www.grida.no/publications/472],https://www.angloamerican.com/sustainability/tailings-summary/tailings-database?page=5
141,Orange River,Sendelingsdrif CRD   TD1,Anglo American,Namibia,-28.162222,16.852222,Active,2014.0,300000.0,6700000.0,Insignificant,Global Tailing Dam [https://www.grida.no/publications/472],https://www.angloamerican.com/sustainability/tailings-summary/tailings-database?page=5
139,Orange River,Sendelingsdrif FRD 6,Anglo American,Namibia,-28.156944,16.840833,Inactive,2014.0,500000.0,500000.0,Minor,Global Tailing Dam [https://www.grida.no/publications/472],https://www.angloamerican.com/sustainability/tailings-summary/tailings-database?page=5
140,Orange River,Sendelingsdrif FRD 7,Anglo American,Namibia,-28.148889,16.843611,Active,2018.0,100000.0,400000.0,Minor,Global Tailing Dam [https://www.grida.no/publications/472],https://www.angloamerican.com/sustainability/tailings-summary/tailings-database?page=5
145,Southern Coastal,1 Plant CRD,Anglo American,Namibia,-28.138183,15.875678,Inactive,1951.0,3300000.0,3300000.0,Insignificant,Global Tailing Dam [https://www.grida.no/publications/472],https://www.angloamerican.com/sustainability/tailings-summary/tailings-database?page=5
146,Southern Coastal,2 Plant CRD,Anglo American,Namibia,-28.162222,16.072778,Inactive,1969.0,10900000.0,10900000.0,Insignificant,Global Tailing Dam [https://www.grida.no/publications/472],https://www.angloamerican.com/sustainability/tailings-summary/tailings-database?page=5
147,Southern Coastal,3 Plant CRD,Anglo American,Namibia,-28.162222,16.278056,Inactive,1975.0,3600000.0,0.0,Insignificant,Global Tailing Dam [https://www.grida.no/publications/472],https://www.angloamerican.com/sustainability/tailings-summary/tailings-database?page=5
148,Southern Coastal,4 Plant CRD,Anglo American,Namibia,-28.162222,16.3375,Inactive,1964.0,10100000.0,0.0,Insignificant,Global Tailing Dam [https://www.grida.no/publications/472],https://www.angloamerican.com/sustainability/tailings-summary/tailings-database?page=5
150,Southern Coastal,Elizabeth Bay CRD,Anglo American,Namibia,-26.891389,15.195556,Inactive,1990.0,6500000.0,6500000.0,Insignificant,Global Tailing Dam [https://www.grida.no/publications/472],https://www.angloamerican.com/sustainability/tailings-summary/tailings-database?page=5
149,Southern Coastal,PTF CRD,Anglo American,Namibia,-28.594167,16.405278,Inactive,1980.0,6000000.0,6000000.0,Insignificant,Global Tailing Dam [https://www.grida.no/publications/472],https://www.angloamerican.com/sustainability/tailings-summary/tailings-database?page=5
1807,Rosh Pinah,Rosh Pinah TSF,Trevali Mining,Namibia,-27.970833,16.773056,Active,1969.0,13600000.0,,Significant,Global Tailing Dam [https://www.grida.no/publications/472],https://s22.q4cdn.com/617180940/files/doc_downloads/2019/10/Trevali-Mining-and-Tailings-Safety-Initiative-2019.pdf
1733,Skorpion Zinc,Scorpion Zinc TSF,Vedanta Resources,Namibia,-27.795392,16.586724,Active,2003.0,17800000.0,19400000.0,Category B,Global Tailing Dam [https://www.grida.no/publications/472],https://www.vedantaresources.com/FactSheet/Sustainable%20Tailings.pdf
1114,Noumea,KO2 Berm,Vale,New Caledonia,-22.308528,166.918417,Active,2008.0,22000000.0,40000000.0,Class A,Global Tailing Dam [https://www.grida.no/publications/472],http://www.vale.com/EN/investors/information-market/presentations-webcast/PresentationsWebcastsDocs/Cover%20Letter_consolidated_i.pdf
1523,Golden Cross Mine,Golden Cross,Coeur Mining,New Zealand,-37.3325,175.79,Closed,1992.0,3700000.0,3700000.0,Low to moderate,Global Tailing Dam [https://www.grida.no/publications/472],https://www.coeur.com/_resources/pdfs/COE-Tailings-Dam-Disclosure.pdf
2833,Matauri Bay,TSF 10,Imerys,New Zealand,-35.062084,173.89128,Active,1992.0,100000.0,100000.0,Low,Global Tailing Dam [https://www.grida.no/publications/472],
2834,Matauri Bay,TSF 11,Imerys,New Zealand,-35.067106,173.896781,Closed,1998.0,190000.0,190000.0,Low,Global Tailing Dam [https://www.grida.no/publications/472],
2835,Matauri Bay,TSF 12,Imerys,New Zealand,-35.066169,173.898513,Active,1998.0,80000.0,160000.0,Low,Global Tailing Dam [https://www.grida.no/publications/472],
2832,Matauri Bay,TSF 9,Imerys,New Zealand,-35.061786,173.892965,Active,1991.0,100000.0,100000.0,Low,Global Tailing Dam [https://www.grida.no/publications/472],
925,Macraes Mine,Mixed Tails Impoundment,OceanaGold,New Zealand,-45.366917,170.433556,Inactive,1991.0,52000000.0,52000000.0,High,Global Tailing Dam [https://www.grida.no/publications/472],https://www.oceanagold.com/sustainability/environment/tailings-management/
926,Macraes Mine,Southern Pit 11A,OceanaGold,New Zealand,-45.36225,170.442889,Inactive,2000.0,20000000.0,20000000.0,High,Global Tailing Dam [https://www.grida.no/publications/472],https://www.oceanagold.com/sustainability/environment/tailings-management/
927,Macraes Mine,Top Tipperary Tailings Storage Facility,OceanaGold,New Zealand,-45.359639,170.484778,Active,2012.0,25000000.0,36000000.0,Medium,Global Tailing Dam [https://www.grida.no/publications/472],https://www.oceanagold.com/sustainability/environment/tailings-management/
923,Martha Mine,TSF1A,OceanaGold,New Zealand,-37.399667,175.878722,Active,,12000000.0,13300000.0,High,Global Tailing Dam [https://www.grida.no/publications/472],https://www.oceanagold.com/sustainability/environment/tailings-management/
924,Martha Mine,TSF2,OceanaGold,New Zealand,-37.399667,175.878722,Inactive,1987.0,9400000.0,9400000.0,High,Global Tailing Dam [https://www.grida.no/publications/472],https://www.oceanagold.com/sustainability/environment/tailings-management/
928,Reefton Gold Mine,Fossickers Tailing Storage Facility,OceanaGold,New Zealand,-42.180722,171.888528,Closed,2007.0,9670000.0,9670000.0,Medium,Global Tailing Dam [https://www.grida.no/publications/472],https://www.oceanagold.com/sustainability/environment/tailings-management/
929,Reefton Gold Mine,Souvenir Tailings Storage Facility,OceanaGold,New Zealand,-42.184583,171.896333,Closed,2014.0,270000.0,270000.0,Low,Global Tailing Dam [https://www.grida.no/publications/472],https://www.oceanagold.com/sustainability/environment/tailings-management/
1516,Sasa Mine,TSF 1,Central Asia Metals,North Macedonia,42.111859,22.52056,Closed,1964.0,1398000.0,1398000.0,Very High,Global Tailing Dam [https://www.grida.no/publications/472],https://www.centralasiametals.com/wp-content/uploads/2019/07/Complete-tailings-disclosure-Church-of-England-final-pdf.pdf
1517,Sasa Mine,TSF 2,Central Asia Metals,North Macedonia,42.107641,22.524713,Closed,1974.0,4775000.0,4775000.0,Very High,Global Tailing Dam [https://www.grida.no/publications/472],https://www.centralasiametals.com/wp-content/uploads/2019/07/Complete-tailings-disclosure-Church-of-England-final-pdf.pdf
1518,Sasa Mine,TSF 3-1,Central Asia Metals,North Macedonia,42.106121,22.527544,Closed,1990.0,4900000.0,4900000.0,Very High,Global Tailing Dam [https://www.grida.no/publications/472],https://www.centralasiametals.com/wp-content/uploads/2019/07/Complete-tailings-disclosure-Church-of-England-final-pdf.pdf
1519,Sasa Mine,TSF 3-2,Central Asia Metals,North Macedonia,42.102277,22.532904,Active,2007.0,4923388.0,5201495.0,Very High,Global Tailing Dam [https://www.grida.no/publications/472],https://www.centralasiametals.com/wp-content/uploads/2019/07/Complete-tailings-disclosure-Church-of-England-final-pdf.pdf
1520,Sasa Mine,TSF 4,Central Asia Metals,North Macedonia,42.095664,22.537254,Construction,2019.0,0.0,1721893.0,Very High,Global Tailing Dam [https://www.grida.no/publications/472],https://www.centralasiametals.com/wp-content/uploads/2019/07/Complete-tailings-disclosure-Church-of-England-final-pdf.pdf
2017,N/A,Cobre Panama TSF,First Quantum Minerals,Panama  ,8.876654,-80.663698,Active,2019.0,76400000.0,256000000.0,Extreme,Global Tailing Dam [https://www.grida.no/publications/472],https://s24.q4cdn.com/821689673/files/doc_downloads/tailings-management/Tailings-Dam-Management-Disclosure-Request-April-2020-FINAL.xlsx
643,Antamina,Antamina Tailings Dam,BHP Group,Peru,-9.539489,-77.032878,Active,2001.0,374000000.0,600000000.0,Extreme,Global Tailing Dam [https://www.grida.no/publications/472],https://www.bhp.com/-/media/documents/environment/2019/190607_coe.pdf?la=en
1755,Colquijirca,Antiguas 1-5,Buenaventura,Peru,-10.798889,-76.295278,Inactive,1979.0,11000000.0,11000000.0,High,Global Tailing Dam [https://www.grida.no/publications/472],https://www.buenaventura.com/en/operaciones/relaves?is_active=
1756,Colquijirca,Antiguas 6-7,Buenaventura,Peru,-10.800556,-76.294444,Inactive,2008.0,12000000.0,12000000.0,High,Global Tailing Dam [https://www.grida.no/publications/472],https://www.buenaventura.com/en/operaciones/relaves?is_active=
1766,Colquijirca,Huachuacaja,Buenaventura,Peru,-10.772222,-76.289444,Active,2013.0,21400000.0,48300000.0,Very High,Global Tailing Dam [https://www.grida.no/publications/472],https://www.buenaventura.com/en/operaciones/relaves?is_active=
1751,Julcani,Relavera 1-5,Buenaventura,Peru,-12.947222,-74.805278,Inactive,1953.0,2000000.0,2000000.0,Medium,Global Tailing Dam [https://www.grida.no/publications/472],https://www.buenaventura.com/en/operaciones/relaves?is_active=
1752,Julcani,Relavera 6,Buenaventura,Peru,-10.800556,-76.294444,Inactive,1971.0,,,N/A,Global Tailing Dam [https://www.grida.no/publications/472],https://www.buenaventura.com/en/operaciones/relaves?is_active=
1753,Julcani,Relavera 7,Buenaventura,Peru,-12.971667,-74.8075,Inactive,1975.0,500000.0,500000.0,Unclassified,Global Tailing Dam [https://www.grida.no/publications/472],https://www.buenaventura.com/en/operaciones/relaves?is_active=
1754,Julcani,Relavera 8,Buenaventura,Peru,-12.94,-74.769722,Inactive,1977.0,300000.0,300000.0,Unclassified,Global Tailing Dam [https://www.grida.no/publications/472],https://www.buenaventura.com/en/operaciones/relaves?is_active=
1765,Julcani,Relavera 9,Buenaventura,Peru,-12.921667,-74.796944,Active,1997.0,2000000.0,2500000.0,Medium,Global Tailing Dam [https://www.grida.no/publications/472],https://www.buenaventura.com/en/operaciones/relaves?is_active=
1757,Maylay,Relavera R1A,Buenaventura,Peru,-10.675556,-76.861389,Inactive,2010.0,400000.0,400000.0,High,Global Tailing Dam [https://www.grida.no/publications/472],https://www.buenaventura.com/en/operaciones/relaves?is_active=
1747,orcopampa,Relavera 4,Buenaventura,Peru,-15.276944,-72.335278,Inactive,2003.0,6600000.0,6600000.0,High,Global Tailing Dam [https://www.grida.no/publications/472],https://www.buenaventura.com/en/operaciones/relaves?is_active=
1763,Orcopampa,Relavera 4a,Buenaventura,Peru,-15.281389,-72.333611,Active,2013.0,2800000.0,3300000.0,High,Global Tailing Dam [https://www.grida.no/publications/472],https://www.buenaventura.com/en/operaciones/relaves?is_active=
1758,Santa Barbara,Relavera,Buenaventura,Peru,-12.81,-74.976111,Inactive,1950.0,300000.0,300000.0,Unclassified,Global Tailing Dam [https://www.grida.no/publications/472],https://www.buenaventura.com/en/operaciones/relaves?is_active=
1759,Shila,Relavera 1-2,Buenaventura,Peru,-15.346111,-72.1225,Inactive,1991.0,80000.0,80000.0,Low,Global Tailing Dam [https://www.grida.no/publications/472],https://www.buenaventura.com/en/operaciones/relaves?is_active=
1760,Shila,Relavera 3,Buenaventura,Peru,-15.344722,-72.107222,Inactive,2004.0,250000.0,250000.0,Low,Global Tailing Dam [https://www.grida.no/publications/472],https://www.buenaventura.com/en/operaciones/relaves?is_active=
1761,Shila,Relavera 4,Buenaventura,Peru,-15.343611,-72.104167,Inactive,2010.0,400000.0,400000.0,Low,Global Tailing Dam [https://www.grida.no/publications/472],https://www.buenaventura.com/en/operaciones/relaves?is_active=
1762,Tombomayo,Relavera 1,Buenaventura,Peru,-15.475556,-71.974167,Active,2017.0,800000.0,2900000.0,Low,Global Tailing Dam [https://www.grida.no/publications/472],https://www.buenaventura.com/en/operaciones/relaves?is_active=
1750,Uchucchacua,Mesa de Plata,Buenaventura,Peru,-10.628056,-76.691389,Inactive,1975.0,140000.0,140000.0,Low,Global Tailing Dam [https://www.grida.no/publications/472],https://www.buenaventura.com/en/operaciones/relaves?is_active=
1748,Uchucchacua,Mesapata,Buenaventura,Peru,-10.632222,-76.693333,Inactive,1980.0,2000000.0,2000000.0,Low,Global Tailing Dam [https://www.grida.no/publications/472],https://www.buenaventura.com/en/operaciones/relaves?is_active=
1749,Uchucchacua,Mesapata 1-3,Buenaventura,Peru,-10.630556,-76.693611,Inactive,2009.0,200000.0,200000.0,Medium,Global Tailing Dam [https://www.grida.no/publications/472],https://www.buenaventura.com/en/operaciones/relaves?is_active=
1764,Uchucchacua,Relavera 3,Buenaventura,Peru,-10.640556,-76.692222,Active,1998.0,11800000.0,17500000.0,Very High,Global Tailing Dam [https://www.grida.no/publications/472],https://www.buenaventura.com/en/operaciones/relaves?is_active=
1537,Caylloma Mine,"Bateas 1 Caylloma Mine (Arequipa, Peru)",Fortuna Silver Mines,Peru,-15.205778,-71.862184,Closed,,58141.0,58141.02,Low,Global Tailing Dam [https://www.grida.no/publications/472],https://fortunasilver.com/site/assets/files/5014/church_of_england_investor_mining_tsf_safety_initiative_5sept19.pdf
1538,Caylloma Mine,"Bateas 2 Caylloma Mine (Arequipa, Peru)",Fortuna Silver Mines,Peru,-15.20854,-71.863021,Active,2006.0,2047919.0,2106817.37,Significant,Global Tailing Dam [https://www.grida.no/publications/472],https://fortunasilver.com/site/assets/files/5014/church_of_england_investor_mining_tsf_safety_initiative_5sept19.pdf
1539,Caylloma Mine,"Bateas 3 Caylloma Mine (Arequipa, Peru)",Fortuna Silver Mines,Peru,-15.231201,-71.830093,Active,2013.0,2173656.0,2173655.81,Significant,Global Tailing Dam [https://www.grida.no/publications/472],https://fortunasilver.com/site/assets/files/5014/church_of_england_investor_mining_tsf_safety_initiative_5sept19.pdf
289,Cerro Verde,Enlozada,Freeport McMoran,Peru,-16.499522,-71.605758,Active,2006.0,329000000.0,472000000.0,Extreme,Global Tailing Dam [https://www.grida.no/publications/472],https://www.fcx.com/sites/fcx/files/documents/sustainability/supporting_data.pdf
290,Cerro Verde,Linga,Freeport McMoran,Peru,-16.610692,-71.596942,Active,2015.0,208000000.0,543000000.0,Extreme,Global Tailing Dam [https://www.grida.no/publications/472],https://www.fcx.com/sites/fcx/files/documents/sustainability/supporting_data.pdf
689,Antamina Mine,Main Dam,Glencore,Peru,-9.554444,-77.031944,Active,1998.0,374000000.0,600000000.0,Extreme,Global Tailing Dam [https://www.grida.no/publications/472],https://www.glencore.com/dam/jcr:58e3d8ff-97c1-422f-8d31-dd2fee89fcc3/Glencore_TSFs_190614.pdf
690,Antapaccay Mine,Ccamacmayo TSF (Main Dam),Glencore,Peru,-14.8575,-71.306667,Closed,1988.0,60000000.0,60000000.0,High,Global Tailing Dam [https://www.grida.no/publications/472],https://www.glencore.com/dam/jcr:58e3d8ff-97c1-422f-8d31-dd2fee89fcc3/Glencore_TSFs_190614.pdf
691,Antapaccay Mine,Huinipampa TSF (Cross Valley Dam),Glencore,Peru,-14.915556,-71.3725,Closed,2002.0,42000000.0,42000000.0,High,Global Tailing Dam [https://www.grida.no/publications/472],https://www.glencore.com/dam/jcr:58e3d8ff-97c1-422f-8d31-dd2fee89fcc3/Glencore_TSFs_190614.pdf
692,Antapaccay Mine,Tintaya Pit TSF (Pit Dam),Glencore,Peru,-14.904444,-71.324722,Active,2012.0,160000000.0,317000000.0,Significant,Global Tailing Dam [https://www.grida.no/publications/472],https://www.glencore.com/dam/jcr:58e3d8ff-97c1-422f-8d31-dd2fee89fcc3/Glencore_TSFs_190614.pdf
795,Contonga Mine,Pajuscocha TSF (Pile),Glencore,Peru,-9.502222,-77.081944,Closed,1984.0,50000.0,50000.0,Low,Global Tailing Dam [https://www.grida.no/publications/472],https://www.glencore.com/dam/jcr:58e3d8ff-97c1-422f-8d31-dd2fee89fcc3/Glencore_TSFs_190614.pdf
796,Contonga Mine,Tucush TSF (Dam),Glencore,Peru,-9.509167,-77.071111,Active,2008.0,170000.0,2000000.0,Very High,Global Tailing Dam [https://www.grida.no/publications/472],https://www.glencore.com/dam/jcr:58e3d8ff-97c1-422f-8d31-dd2fee89fcc3/Glencore_TSFs_190614.pdf
797,Iscaycruz Mine,Escondida TSF (Dam 3),Glencore,Peru,-10.783611,-76.721944,Inactive,2006.0,1600000.0,3120000.0,High,Global Tailing Dam [https://www.grida.no/publications/472],https://www.glencore.com/dam/jcr:58e3d8ff-97c1-422f-8d31-dd2fee89fcc3/Glencore_TSFs_190614.pdf
798,Iscaycruz Mine,Geniococha TSF (Dam 1),Glencore,Peru,-10.790833,-76.719444,Inactive,2012.0,3700000.0,4400000.0,High,Global Tailing Dam [https://www.grida.no/publications/472],https://www.glencore.com/dam/jcr:58e3d8ff-97c1-422f-8d31-dd2fee89fcc3/Glencore_TSFs_190614.pdf
799,Iscaycruz Mine,Tinyag TSF (North Dike),Glencore,Peru,-10.789722,-76.727778,Inactive,1996.0,3200000.0,3200000.0,High,Global Tailing Dam [https://www.grida.no/publications/472],https://www.glencore.com/dam/jcr:58e3d8ff-97c1-422f-8d31-dd2fee89fcc3/Glencore_TSFs_190614.pdf
800,Yauliyacu mine,Chinchán (Cross Valley Dam),Glencore,Peru,-11.597778,-76.233333,Active,1982.0,27300000.0,32000000.0,Extreme,Global Tailing Dam [https://www.grida.no/publications/472],https://www.glencore.com/dam/jcr:58e3d8ff-97c1-422f-8d31-dd2fee89fcc3/Glencore_TSFs_190614.pdf
801,Yauliyacu mine,Rosaura (Cross Valley Dam),Glencore,Peru,-11.676944,-76.262778,Inactive,2004.0,2200000.0,2200000.0,Extreme,Global Tailing Dam [https://www.grida.no/publications/472],https://www.glencore.com/dam/jcr:58e3d8ff-97c1-422f-8d31-dd2fee89fcc3/Glencore_TSFs_190614.pdf
822,Alpamarca ,"Alpamarca TSF, (TSF)",Glencore,Peru,-11.208889,-76.460278,Active,2014.0,3600000.0,6400000.0,Extreme,Global Tailing Dam [https://www.grida.no/publications/472],https://www.glencore.com/dam/jcr:58e3d8ff-97c1-422f-8d31-dd2fee89fcc3/Glencore_TSFs_190614.pdf
812,Andaychagua Mining Unit,Andaychagua Alto (Andaychagua Alto),Glencore,Peru,-11.751667,-76.003333,Active,2009.0,8260000.0,11000000.0,Extreme,Global Tailing Dam [https://www.grida.no/publications/472],https://www.glencore.com/dam/jcr:58e3d8ff-97c1-422f-8d31-dd2fee89fcc3/Glencore_TSFs_190614.pdf
813,Andaychagua Mining Unit,Andaychagua Bajo (Andaychagua Bajo),Glencore,Peru,-11.757222,-75.993333,Inactive,1990.0,3900000.0,3900000.0,Extreme,Global Tailing Dam [https://www.grida.no/publications/472],https://www.glencore.com/dam/jcr:58e3d8ff-97c1-422f-8d31-dd2fee89fcc3/Glencore_TSFs_190614.pdf
806,Carahuacra Mining Unit,Carahuacra 1 to 3 (TSF 1-3),Glencore,Peru,-11.683889,-76.091667,Closed,1982.0,500000.0,500000.0,Low,Global Tailing Dam [https://www.grida.no/publications/472],https://www.glencore.com/dam/jcr:58e3d8ff-97c1-422f-8d31-dd2fee89fcc3/Glencore_TSFs_190614.pdf
807,Carahuacra Mining Unit,Carahuacra 4 (TSF 4),Glencore,Peru,-11.683889,-76.091667,Closed,1982.0,1000000.0,1000000.0,Significant,Global Tailing Dam [https://www.grida.no/publications/472],https://www.glencore.com/dam/jcr:58e3d8ff-97c1-422f-8d31-dd2fee89fcc3/Glencore_TSFs_190614.pdf
808,Carahuacra Mining Unit,Carahuacra 5 (TSF 5),Glencore,Peru,-11.683889,-76.091667,Closed,1982.0,500000.0,500000.0,High,Global Tailing Dam [https://www.grida.no/publications/472],https://www.glencore.com/dam/jcr:58e3d8ff-97c1-422f-8d31-dd2fee89fcc3/Glencore_TSFs_190614.pdf
809,Carahuacra Mining Unit,Carahuacra 6 (TSF 6),Glencore,Peru,-11.683889,-76.091667,Closed,1982.0,500000.0,500000.0,Very High,Global Tailing Dam [https://www.grida.no/publications/472],https://www.glencore.com/dam/jcr:58e3d8ff-97c1-422f-8d31-dd2fee89fcc3/Glencore_TSFs_190614.pdf
810,Carahuacra Mining Unit,Rumichaca (Dique 1/2),Glencore,Peru,-11.695833,-76.108333,Active,1999.0,14600000.0,18000000.0,Extreme,Global Tailing Dam [https://www.grida.no/publications/472],https://www.glencore.com/dam/jcr:58e3d8ff-97c1-422f-8d31-dd2fee89fcc3/Glencore_TSFs_190614.pdf
815,Cerro de Pasco Mining Unit,El Pilar Deposit 2,Glencore,Peru,-10.635533,-76.265528,Closed,1949.0,30000.0,30000.0,Significant,Global Tailing Dam [https://www.grida.no/publications/472],https://www.glencore.com/dam/jcr:58e3d8ff-97c1-422f-8d31-dd2fee89fcc3/Glencore_TSFs_190614.pdf
816,Cerro de Pasco Mining Unit, El Pilar Deposit 3,Glencore,Peru,-10.634842,-76.2655,Closed,1949.0,30000.0,30000.0,Significant,Global Tailing Dam [https://www.grida.no/publications/472],https://www.glencore.com/dam/jcr:58e3d8ff-97c1-422f-8d31-dd2fee89fcc3/Glencore_TSFs_190614.pdf
814,Cerro de Pasco Mining Unit," El Pilar, (El Pilar Deposit 1)",Glencore,Peru,-10.635833,-76.265278,Closed,1949.0,20000.0,20000.0,Significant,Global Tailing Dam [https://www.grida.no/publications/472],https://www.glencore.com/dam/jcr:58e3d8ff-97c1-422f-8d31-dd2fee89fcc3/Glencore_TSFs_190614.pdf
817,Cerro de Pasco Mining Unit,"Ocroyoc TSF, (Main Dam)",Glencore,Peru,-10.690278,-76.296944,Active,1980.0,15900000.0,24900000.0,Extreme,Global Tailing Dam [https://www.grida.no/publications/472],https://www.glencore.com/dam/jcr:58e3d8ff-97c1-422f-8d31-dd2fee89fcc3/Glencore_TSFs_190614.pdf
818,Cerro de Pasco Mining Unit,"San Sebastian TSF, (TSF 1-3)",Glencore,Peru,-10.621111,-76.193056,Inactive,,10000.0,10000.0,Significant,Global Tailing Dam [https://www.grida.no/publications/472],https://www.glencore.com/dam/jcr:58e3d8ff-97c1-422f-8d31-dd2fee89fcc3/Glencore_TSFs_190614.pdf
819,Cerro de Pasco Mining Unit,"San Sebastian TSF, (TSF 4)",Glencore,Peru,-10.62,-76.189722,Inactive,,8000.0,8000.0,Significant,Global Tailing Dam [https://www.grida.no/publications/472],https://www.glencore.com/dam/jcr:58e3d8ff-97c1-422f-8d31-dd2fee89fcc3/Glencore_TSFs_190614.pdf
820,Cerro de Pasco Mining Unit,"Vinchos 5, (Vinchos 5)",Glencore,Peru,-10.433611,-76.283611,Inactive,,75000.0,75000.0,Low,Global Tailing Dam [https://www.grida.no/publications/472],https://www.glencore.com/dam/jcr:58e3d8ff-97c1-422f-8d31-dd2fee89fcc3/Glencore_TSFs_190614.pdf
821,Cerro de Pasco Mining Unit," Vinchos TSF's, (Vinchos 1, 2A, 2B, 3, 4, 6 and 7)",Glencore,Peru,-10.438333,-76.283611,Inactive,,110000.0,110000.0,Low,Global Tailing Dam [https://www.grida.no/publications/472],https://www.glencore.com/dam/jcr:58e3d8ff-97c1-422f-8d31-dd2fee89fcc3/Glencore_TSFs_190614.pdf
823,Chungar Mining Unit,"Chungar Animon, (TSF)",Glencore,Peru,-11.036111,-76.42,Active,1980.0,6550000.0,7300000.0,Very High,Global Tailing Dam [https://www.grida.no/publications/472],https://www.glencore.com/dam/jcr:58e3d8ff-97c1-422f-8d31-dd2fee89fcc3/Glencore_TSFs_190614.pdf
802,San Cristobal Mining Unit,Mahr Tunel (TSF 1-2),Glencore,Peru,-11.6275,-76.0525,Inactive,1970.0,700000.0,700000.0,Low,Global Tailing Dam [https://www.grida.no/publications/472],https://www.glencore.com/dam/jcr:58e3d8ff-97c1-422f-8d31-dd2fee89fcc3/Glencore_TSFs_190614.pdf
803,San Cristobal Mining Unit,Mahr Tunel (TSF 3),Glencore,Peru,-11.625833,-76.050278,Inactive,1970.0,2200000.0,2200000.0,High,Global Tailing Dam [https://www.grida.no/publications/472],https://www.glencore.com/dam/jcr:58e3d8ff-97c1-422f-8d31-dd2fee89fcc3/Glencore_TSFs_190614.pdf
804,San Cristobal Mining Unit,Mahr Tunel (TSF 4/5),Glencore,Peru,-11.624722,-76.045556,Inactive,1970.0,2000000.0,2000000.0,High,Global Tailing Dam [https://www.grida.no/publications/472],https://www.glencore.com/dam/jcr:58e3d8ff-97c1-422f-8d31-dd2fee89fcc3/Glencore_TSFs_190614.pdf
805,San Cristobal Mining Unit,Mahr Tunel (TSF 6),Glencore,Peru,-11.623056,-76.042778,Active,2008.0,2660000.0,2800000.0,Extreme,Global Tailing Dam [https://www.grida.no/publications/472],https://www.glencore.com/dam/jcr:58e3d8ff-97c1-422f-8d31-dd2fee89fcc3/Glencore_TSFs_190614.pdf
811,Ticlio Mining Unit,Ticlio TSF (Main Dam),Glencore,Peru,-11.609722,-76.196667,Active,1950.0,500000.0,500000.0,High,Global Tailing Dam [https://www.grida.no/publications/472],https://www.glencore.com/dam/jcr:58e3d8ff-97c1-422f-8d31-dd2fee89fcc3/Glencore_TSFs_190614.pdf
1003,Cerro Corona,Cerro Corona TSF,Gold Fields,Peru,-6.765458,-78.641128,Active,2008.0,47213503.0,71540000.0,Extreme,Global Tailing Dam [https://www.grida.no/publications/472],https://www.goldfields.com/pdf/media/media-release/gold-fields-tsf-document-june-2019-new.pdf
1426,Arcata Mine,Presa de Relaves 1-4,Hochschild Mining,Peru,-14.98797,-72.30835,Closed,1965.0,448000.0,448000.0,Low,Global Tailing Dam [https://www.grida.no/publications/472],http://www.hochschildmining.com/resources/1459/HOC%20-%20TSF%20Data%20170619%20rev.pdf
1427,Arcata Mine,Presa de Relaves No. 5,Hochschild Mining,Peru,-14.99091,-72.30946,Closed,1986.0,1010000.0,1010000.0,Low,Global Tailing Dam [https://www.grida.no/publications/472],http://www.hochschildmining.com/resources/1459/HOC%20-%20TSF%20Data%20170619%20rev.pdf
1428,Arcata Mine,Presa de Relaves No. 6,Hochschild Mining,Peru,-14.98888,-72.3234,Inactive,1995.0,2300000.0,2300000.0,Low,Global Tailing Dam [https://www.grida.no/publications/472],http://www.hochschildmining.com/resources/1459/HOC%20-%20TSF%20Data%20170619%20rev.pdf
1425,Ares Mine,Presa de Relaves,Hochschild Mining,Peru,-15.03589,-72.17324,Closed,1998.0,3900000.0,3900000.0,High,Global Tailing Dam [https://www.grida.no/publications/472],http://www.hochschildmining.com/resources/1459/HOC%20-%20TSF%20Data%20170619%20rev.pdf
1432,Inmaculada Mine,Presa de Relaves,Hochschild Mining,Peru,-14.93498,-73.24011,Active,2015.0,3840000.0,7600000.0,Moderate,Global Tailing Dam [https://www.grida.no/publications/472],http://www.hochschildmining.com/resources/1459/HOC%20-%20TSF%20Data%20170619%20rev.pdf
1429,Selene - Pallancata Mine,Presa de Relaves No. 1 Selene,Hochschild Mining,Peru,-14.65881,-73.14216,Closed,2003.0,1850000.0,2120000.0,Low,Global Tailing Dam [https://www.grida.no/publications/472],http://www.hochschildmining.com/resources/1459/HOC%20-%20TSF%20Data%20170619%20rev.pdf
1430,Selene - Pallancata Mine,Presa de Relaves No. 2 Selene,Hochschild Mining,Peru,-14.66066,-73.13972,Active,2008.0,1400000.0,1580000.0,Low,Global Tailing Dam [https://www.grida.no/publications/472],http://www.hochschildmining.com/resources/1459/HOC%20-%20TSF%20Data%20170619%20rev.pdf
1431,Selene - Pallancata Mine,Presa de Relaves No. 3 Pallancata,Hochschild Mining,Peru,-14.68444,-73.14514,Active,2011.0,3540000.0,4280000.0,Low,Global Tailing Dam [https://www.grida.no/publications/472],http://www.hochschildmining.com/resources/1459/HOC%20-%20TSF%20Data%20170619%20rev.pdf
1035,Constancia,Constancia TMF One dam,Hudbay Minerals,Peru,-14.490689,-71.795135,Active,2014.0,85100000.0,181100000.0,Extreme,Global Tailing Dam [https://www.grida.no/publications/472],https://s23.q4cdn.com/405985100/files/doc_financials/annual_reports/mine_tailings/Mine-Tailings-Disclosure-Table-FINAL.pdf
918,Chuspic,Chuspic,Mitsui Mining & Smelting Co.,Peru,-9.876181,-77.020846,Active,1974.0,8230000.0,316000.0,Low,Global Tailing Dam [https://www.grida.no/publications/472],https://www.mitsui-kinzoku.co.jp/wp-content/uploads/TalingsDamManagement.pdf
944,Las Bambas,Las Bambas TSF1,MMG,Peru,-14.099444,-72.315556,Active,2015.0,185000000.0,275000000.0,Extreme,Global Tailing Dam [https://www.grida.no/publications/472],https://www.mmg.com/wp-content/uploads/2019/12/MMG_Mine_Tailings_Storage_Facilities.pdf
1916,Yanacocha,LQ Mill Sands Facility North,Newmont Goldcorp,Peru,-6.998463,-78.561831,Active,2018.0,5000000.0,20000000.0,Very High,Global Tailing Dam [https://www.grida.no/publications/472],https://www.newmontgoldcorp.com/document/church-of-england-tailings-management/
1915,Yanacocha,LQ Mill Sands Facility South,Newmont Goldcorp,Peru,-6.998463,-78.561831,Inactive Care and Maintenance,2007.0,45000000.0,45000000.0,Very High,Global Tailing Dam [https://www.grida.no/publications/472],https://www.newmontgoldcorp.com/document/church-of-england-tailings-management/
1439,Huaron,Huaron,Pan American Silver,Peru,-11.0,-76.4,Active,2000.0,7800000.0,9500000.0,Significant,Global Tailing Dam [https://www.grida.no/publications/472],https://panamericansilver.com/sustainabilityreport2018/wp-content/uploads/2019/06/PAAS-Tailings-Facility-Factsheet-2019-Final.pdf
1440,Morococha,Morococha,Pan American Silver,Peru,-11.59,-76.1,Active,1914.0,13500000.0,13500000.0,"Very High, Extreme",Global Tailing Dam [https://www.grida.no/publications/472],https://panamericansilver.com/sustainabilityreport2018/wp-content/uploads/2019/06/PAAS-Tailings-Facility-Factsheet-2019-Final.pdf
1329,Presa de Relaves de Antamina,Presa de Relaves de Antamina,Teck,Peru,-9.541285,-77.033332,Active,2001.0,374000000.0,600000000.0,Extreme ,Global Tailing Dam [https://www.grida.no/publications/472],https://www.teck.com/Tailings/
1808,Santander,TSF (With Two Containment Dams),Trevali Mining,Peru,-11.196573,-76.519087,Active,1925.0,2800000.0,5550000.0,Very High,Global Tailing Dam [https://www.grida.no/publications/472],https://s22.q4cdn.com/617180940/files/doc_downloads/2019/10/Trevali-Mining-and-Tailings-Safety-Initiative-2019.pdf
921,Didipio,Didipio Tailings Storage Facility,OceanaGold,Philippines,16.316278,121.439139,Active,2012.0,14346242.0,27179131.0,High B,Global Tailing Dam [https://www.grida.no/publications/472],https://www.oceanagold.com/sustainability/environment/tailings-management/
1666,None (mineral processing facility only),Coral Bay Nickel Corporation No.1 TSF,Sumitomo Metal Mining Co.,Philippines,8.574119,117.423347,Closed,2004.0,15205887.0,15205887.0,not categorized,Global Tailing Dam [https://www.grida.no/publications/472],https://www.smm.co.jp/E/csr/activity_highlights/environment/TailingDam1.html
1667,None (mineral processing facility only),Coral Bay Nickel Corporation No.2 TSF,Sumitomo Metal Mining Co.,Philippines,8.590772,117.408506,Active,2010.0,25874481.0,36133371.0,not categorized,Global Tailing Dam [https://www.grida.no/publications/472],https://www.smm.co.jp/E/csr/activity_highlights/environment/TailingDam1.html
1668,None (mineral processing facility only),Taganito HPAL Nickel Corporation No.1 TSF,Sumitomo Metal Mining Co.,Philippines,9.532619,125.835589,Active,2013.0,18654265.0,41478622.0,not categorized,Global Tailing Dam [https://www.grida.no/publications/472],https://www.smm.co.jp/E/csr/activity_highlights/environment/TailingDam1.html
884,Zelazny Most Reservoir, elazny Most Tailings Storage Facility,KGHM,Poland,51.514786,16.206948,Active,1977.0,634000000.0,781000000.0,Category A,Global Tailing Dam [https://www.grida.no/publications/472],https://kghm.com/en/sustainable-development/environment/tailings-and-waste-management
1339,Neves-Corvo,Cerro do Lobo Tailings Facility,Lundin Mining,Portugal,37.560275,-7.935119,Active,1988.0,31000000.0,39500000.0,Class I,Global Tailing Dam [https://www.grida.no/publications/472],https://www.lundinmining.com/site/assets/files/3607/190705_-_lun_-_tailings_summary_and_fact_sheet.pdf
1936,Aikhal Division,Tailings pond at processing plant No.14,Alrosa,Russia,65.029444,111.694722,Active,1996.0,153100000.0,184000000.0,Class4,Global Tailing Dam [https://www.grida.no/publications/472],http://www.alrosa.ru/wp-content/uploads/2019/08/Response-to-The-Church-of-England.pdf
1935,Aikhal Division,"Tailings pond at processing plant No.8, stage1:Tailings dam and secondary dykes",Alrosa,Russia,65.9212,111.476208,Active,1990.0,31700000.0,32800000.0,Class2,Global Tailing Dam [https://www.grida.no/publications/472],http://www.alrosa.ru/wp-content/uploads/2019/08/Response-to-The-Church-of-England.pdf
1932,Mirny mine,"Tailings pond at processing plant No.3, stage3",Alrosa,Russia,65.607183,113.918425,Active,1990.0,60820000.0,71400000.0,Class 2,Global Tailing Dam [https://www.grida.no/publications/472],http://www.alrosa.ru/wp-content/uploads/2019/08/Response-to-The-Church-of-England.pdf
1934,Udachny Division,"Hydraulic structures of the tailings pond at the Novy stream, Udachny Division, ALROSA
",Alrosa,Russia,66.422053,112.363475,Active,1974.0,99870000.0,136080000.0,Class4,Global Tailing Dam [https://www.grida.no/publications/472],http://www.alrosa.ru/wp-content/uploads/2019/08/Response-to-The-Church-of-England.pdf
1933,Udachny Division,"Tailings pond at the Pravy Kieng stream,processing plant No.12 (stage2),Udachny GOK,ALROSA",Alrosa,Russia,66.357814,112.336933,Active,1989.0,256420000.0,261380000.0,Class 2,Global Tailing Dam [https://www.grida.no/publications/472],http://www.alrosa.ru/wp-content/uploads/2019/08/Response-to-The-Church-of-England.pdf
1938,Lomonosovskiy Division,Tailings pond with recycled water fed to the processing plant,Alrosa,Russia,65.300556,41.148056,Active,2014.0,14316000.0,29591000.0,Class3,Global Tailing Dam [https://www.grida.no/publications/472],http://www.alrosa.ru/wp-content/uploads/2019/08/Response-to-The-Church-of-England.pdf
1692,Abagur Enreacment plant,TSF #1,EVRAZ,Russia,53.9214,87.3046,Active,1964.0,65150000.0,78000000.0,High,Global Tailing Dam [https://www.grida.no/publications/472],https://www.evraz.com/upload/iblock/450/450634a49a7c0933aa6494e0816cdbc3.pdf
1694,Abagur Enreacment plant,TSF #2,EVRAZ,Russia,53.6986,87.2577,Closed,1973.0,28000000.0,28000000.0,High,Global Tailing Dam [https://www.grida.no/publications/472],https://www.evraz.com/upload/iblock/450/450634a49a7c0933aa6494e0816cdbc3.pdf
1693,Abagur Enreacment plant,TSF #3,EVRAZ,Russia,53.6837,87.2904,Active,1993.0,35070000.0,39510000.0,Very high,Global Tailing Dam [https://www.grida.no/publications/472],https://www.evraz.com/upload/iblock/450/450634a49a7c0933aa6494e0816cdbc3.pdf
1698,Abashevskaya Coal Enrichment Plant,TSF #4,EVRAZ,Russia,53.7932,87.3188,Inactive,1983.0,150000.0,150000.0,Medium,Global Tailing Dam [https://www.grida.no/publications/472],https://www.evraz.com/upload/iblock/450/450634a49a7c0933aa6494e0816cdbc3.pdf
1695,KGOK,TSF,EVRAZ,Russia,58.72333,59.556964,Active,1966.0,938500000.0,1331600000.0,Very high,Global Tailing Dam [https://www.grida.no/publications/472],https://www.evraz.com/upload/iblock/450/450634a49a7c0933aa6494e0816cdbc3.pdf
1696,NTMK,TSF,EVRAZ,Russia,57.967686,59.911881,Inactive,1974.0,2800000.0,2800000.0,Low,Global Tailing Dam [https://www.grida.no/publications/472],https://www.evraz.com/upload/iblock/450/450634a49a7c0933aa6494e0816cdbc3.pdf
1697,Vanadium Tula,New TSF,EVRAZ,Russia,54.1447,37.7493,Inactive,1989.0,950000.0,950000.0,Low,Global Tailing Dam [https://www.grida.no/publications/472],https://www.evraz.com/upload/iblock/450/450634a49a7c0933aa6494e0816cdbc3.pdf
1564,Kupol Gold Mine,Kupol Dry Stack TSF,Kinross Gold Corporation,Russia,66.784,169.538,Active,2016.0,2200000.0,6000000.0,Significant,Global Tailing Dam [https://www.grida.no/publications/472],https://s2.q4cdn.com/496390694/files/doc_downloads/2020/Kinross-Tailings-Management-Report-Website-Jan-2020.pdf
1563,Kupol Gold Mine,Kupol TSF,Kinross Gold Corporation,Russia,66.778,169.532,Active,2008.0,10300000.0,11100000.0,Significant,Global Tailing Dam [https://www.grida.no/publications/472],https://s2.q4cdn.com/496390694/files/doc_downloads/2020/Kinross-Tailings-Management-Report-Website-Jan-2020.pdf
1503,ANBP,ANBP-2 TSF (Multiple Dams),PHOSAGRO,Russia,67.659444,33.206667,Active,1963.0,481540000.0,500760000.0,Hazard class I,Global Tailing Dam [https://www.grida.no/publications/472],https://www.phosagro.com
1504,ANBP,ANBP-3 TSF (Multiple Dams),PHOSAGRO,Russia,67.538056,33.594444,Active,1963.0,252190000.0,328390000.0,Hazard class I,Global Tailing Dam [https://www.grida.no/publications/472],https://www.phosagro.com
1160,Albazino,Albazino TSF 1,Polymetal International,Russia,52.879167,137.901389,Active,2011.0,8250000.0,8250000.0,Low,Global Tailing Dam [https://www.grida.no/publications/472],https://www.polymetalinternational.com/files/en/Sustainability_reports/Polymetal_TSF_report_2019.pdf
1161,Albazino,Albazino TSF 2,Polymetal International,Russia,52.89,137.906111,Active,2018.0,920000.0,6520000.0,Low,Global Tailing Dam [https://www.grida.no/publications/472],https://www.polymetalinternational.com/files/en/Sustainability_reports/Polymetal_TSF_report_2019.pdf
1165,Amursk,Amursk DSF,Polymetal International,Russia,50.255,136.825278,Active,2012.0,1745400.0,4912600.0,Non-hazardous,Global Tailing Dam [https://www.grida.no/publications/472],https://www.polymetalinternational.com/files/en/Sustainability_reports/Polymetal_TSF_report_2019.pdf
1164,Voro,Voro DSF,Polymetal International,Russia,59.651944,60.315833,Active,2000.0,,,Non-hazardous,Global Tailing Dam [https://www.grida.no/publications/472],https://www.polymetalinternational.com/files/en/Sustainability_reports/Polymetal_TSF_report_2019.pdf
1155,Lunnoye,Lunnoye TSF,Polymetal International,Russia,63.072,155.144,Active,2001.0,4194361.0,5714585.0,Significant,Global Tailing Dam [https://www.grida.no/publications/472],https://www.polymetalinternational.com/files/en/Sustainability_reports/Polymetal_TSF_report_2019.pdf
1157,Omsukchan,Omsukchan TSF 2,Polymetal International,Russia,62.528611,155.82,Active,1984.0,7683641.0,9184712.0,Low,Global Tailing Dam [https://www.grida.no/publications/472],https://www.polymetalinternational.com/files/en/Sustainability_reports/Polymetal_TSF_report_2019.pdf
1158,Omsukchan,Omsukchan TSF 3,Polymetal International,Russia,62.54,155.824167,Active,2007.0,7391925.0,11019140.0,Low,Global Tailing Dam [https://www.grida.no/publications/472],https://www.polymetalinternational.com/files/en/Sustainability_reports/Polymetal_TSF_report_2019.pdf
1156,Mayskoye,Mayskoye TSF,Polymetal International,Russia,68.99,173.738056,Active,2012.0,3353037.0,7065378.0,Low,Global Tailing Dam [https://www.grida.no/publications/472],https://www.polymetalinternational.com/files/en/Sustainability_reports/Polymetal_TSF_report_2019.pdf
1159,Omolon,Omolon TSF,Polymetal International,Russia,63.687778,159.986944,Active,2010.0,5850000.0,7654000.0,Significant,Global Tailing Dam [https://www.grida.no/publications/472],https://www.polymetalinternational.com/files/en/Sustainability_reports/Polymetal_TSF_report_2019.pdf
985,Kuranakh,TSF on Latyshsky stream,Polyus,Russia,58.873225,125.510756,Active,1977.0,93940000.0,105000000.0,Insignificant,Global Tailing Dam [https://www.grida.no/publications/472],http://polyus.com/upload/iblock/9de/polyus-tsf-safety-report-eng-final.pdf
986,Verninskoye,Flotation TSF on Kadalikan stream,Polyus,Russia,57.9,114.2,Active,2012.0,11220000.0,21220000.0,Insignificant,Global Tailing Dam [https://www.grida.no/publications/472],http://polyus.com/upload/iblock/9de/polyus-tsf-safety-report-eng-final.pdf
994,Verninskoye,"Mill TSF, Zapadny Area, Pervenets",Polyus,Russia,59.607497,150.791794,Inactive,2003.0,3630000.0,0.0,Not Given,Global Tailing Dam [https://www.grida.no/publications/472],http://polyus.com/upload/iblock/9de/polyus-tsf-safety-report-eng-final.pdf
1248,Cherepovets Steel Mill,Cherepovets Steel Mill sludge pond  1,Severstal,Russia,59.158225,37.752947,Active,1969.0,11000000.0,11000000.0,Class 2,Global Tailing Dam [https://www.grida.no/publications/472],https://www.severstal.com/files/23397/Tailing%20dams%20presentation_signed.pdf
1249,Cherepovets Steel Mill,Cherepovets Steel Mill sludge pond  2,Severstal,Russia,59.146389,37.756111,Active,1978.0,35000000.0,35000000.0,Class 3,Global Tailing Dam [https://www.grida.no/publications/472],https://www.severstal.com/files/23397/Tailing%20dams%20presentation_signed.pdf
1245,Karelsky Okatysh,Karelsky Okatysh tailing dam,Severstal,Russia,64.685,30.911389,Active,1982.0,578000000.0,578000000.0,Class 2,Global Tailing Dam [https://www.grida.no/publications/472],https://www.severstal.com/files/23397/Tailing%20dams%20presentation_signed.pdf
1246,Olcon ,Olcon tailing pond,Severstal,Russia,68.1025,33.158889,Active,1955.0,308000000.0,405000000.0,Class 2,Global Tailing Dam [https://www.grida.no/publications/472],https://www.severstal.com/files/23397/Tailing%20dams%20presentation_signed.pdf
1247,Vorkutaugol Pechorskaya,Vorkutaugol Pechorskaya tailing dam,Severstal,Russia,67.51,63.715833,Active,1993.0,5000000.0,5000000.0,Class 3,Global Tailing Dam [https://www.grida.no/publications/472],https://www.severstal.com/files/23397/Tailing%20dams%20presentation_signed.pdf
1669,Asacha Gold Mine,Tailings storage facility for the Asacha Gold MineRegistered number: 18-18(01)0021-19-   ,Trans-Siberian Gold,Russia,52.297379,158.007494,Active,2011.0,1100000.0,1493000.0,class iii moderate hazard,Global Tailing Dam [https://www.grida.no/publications/472],http://www.trans-siberiangold.com/media/1341/tsg-tailings-dam-management-presentation-aug2019.pdf
549,Ma'aden,RSA Cell 1,Alcoa,Saudi Arabia,27.484,49.173,Active,2014.0,2900000.0,5333333.333,Low,Global Tailing Dam [https://www.grida.no/publications/472],https://www.alcoa.com/sustainability/en/pdf/impoundments-introduction.pdf
550,Ma'aden,RSA Cell 2,Alcoa,Saudi Arabia,27.479,49.173,Active,2015.0,3000000.0,5333333.333,Low,Global Tailing Dam [https://www.grida.no/publications/472],https://www.alcoa.com/sustainability/en/pdf/impoundments-introduction.pdf
551,Ma'aden,RSA Cell 3 (Under Construction),Alcoa,Saudi Arabia,27.473,49.173,Inactive,2019.0,0.0,5333333.333,Low,Global Tailing Dam [https://www.grida.no/publications/472],https://www.alcoa.com/sustainability/en/pdf/impoundments-introduction.pdf
204,Jabal Sayid,Dry Stack TSF,Barrick Gold Corporation,Saudi Arabia,23.861374,40.942444,Active,2015.0,2400000.0,13400000.0,Low Risk,Global Tailing Dam [https://www.grida.no/publications/472],https://barrick.q4cdn.com/788666289/files/doc_downloads/2019/06/Letter-to-the-CoE-plus-inventory.pdf
942,Gangama,Gangama,Iluka Resources,Sierra Leone,7.72,-12.35,Active,2016.0,3000000.0,8000000.0,High,Global Tailing Dam [https://www.grida.no/publications/472],https://www.iluka.com/getattachment/941d66bc-f997-43b6-a30c-2fa76e4a6c7c/iluka-tailings-management-overview.aspx
941,Lanti,Lanti,Iluka Resources,Sierra Leone,7.67,-12.3,Active,1990.0,63000000.0,78000000.0,High,Global Tailing Dam [https://www.grida.no/publications/472],https://www.iluka.com/getattachment/941d66bc-f997-43b6-a30c-2fa76e4a6c7c/iluka-tailings-management-overview.aspx
943,Sierra Rutile MSP,Sierra Rutile MSP,Iluka Resources,Sierra Leone,7.76,-12.29,Active,2003.0,1200000.0,1600000.0,High,Global Tailing Dam [https://www.grida.no/publications/472],https://www.iluka.com/getattachment/941d66bc-f997-43b6-a30c-2fa76e4a6c7c/iluka-tailings-management-overview.aspx
4,Beeshoek,Beeshoek Mine Tailings Storage Facility,African Rainbow Minerals,South Africa,-28.277825,23.011897,Active,2002.0,3688679.0,4732315.0,Low,Global Tailing Dam [https://www.grida.no/publications/472],https://www.arm.co.za/sd/files/arm-summary-tailings-storage-facilities-disclosure.pdf
3,Black Rock,Gloria Tailings Storage Facility,African Rainbow Minerals,South Africa,-27.176,22.907328,Active,2002.0,200000.0,245000.0,Medium,Global Tailing Dam [https://www.grida.no/publications/472],https://www.arm.co.za/sd/files/arm-summary-tailings-storage-facilities-disclosure.pdf
1,Black Rock,"Nchwaning II existing Tailings Storage
Facility",African Rainbow Minerals,South Africa,-27.138311,22.871039,Active,2007.0,1000000.0,1240000.0,High,Global Tailing Dam [https://www.grida.no/publications/472],https://www.arm.co.za/sd/files/arm-summary-tailings-storage-facilities-disclosure.pdf
2,Black Rock,Nchwaning II New Tailings Storage Facility,African Rainbow Minerals,South Africa,-27.141617,22.871039,Active,2019.0,10.0,1200000.0,High,Global Tailing Dam [https://www.grida.no/publications/472],https://www.arm.co.za/sd/files/arm-summary-tailings-storage-facilities-disclosure.pdf
5,Khumani,Khumani Mine Paste Disposal Facility,African Rainbow Minerals,South Africa,-27.839844,23.009914,Active,2008.0,13200000.0,20700000.0,High,Global Tailing Dam [https://www.grida.no/publications/472],https://www.arm.co.za/sd/files/arm-summary-tailings-storage-facilities-disclosure.pdf
11,Modikwa,Modikwa Tailings Storage Facility,African Rainbow Minerals,South Africa,-24.651158,30.1519,Active,2002.0,22000000.0,28000000.0,High,Global Tailing Dam [https://www.grida.no/publications/472],https://www.arm.co.za/sd/files/arm-summary-tailings-storage-facilities-disclosure.pdf
7,Nkomati,Co-disposal Tailings Storage Facility,African Rainbow Minerals,South Africa,-25.755894,30.637061,Active,2007.0,21333333.0,30133333.0,High,Global Tailing Dam [https://www.grida.no/publications/472],https://www.arm.co.za/sd/files/arm-summary-tailings-storage-facilities-disclosure.pdf
10,Nkomati,High Sulfide Storage Facility,African Rainbow Minerals,South Africa,-25.730889,30.602611,Inactive,2009.0,270000.0,270000.0,High,Global Tailing Dam [https://www.grida.no/publications/472],https://www.arm.co.za/sd/files/arm-summary-tailings-storage-facilities-disclosure.pdf
8,Nkomati,MSB Tailings Storage Facility,African Rainbow Minerals,South Africa,-25.732419,30.605464,Closed,1997.0,604500.0,604500.0,Low,Global Tailing Dam [https://www.grida.no/publications/472],https://www.arm.co.za/sd/files/arm-summary-tailings-storage-facilities-disclosure.pdf
9,Nkomati,Onverwacht Tailings Storage Facility,African Rainbow Minerals,South Africa,-25.832347,30.644186,Active,2009.0,31764700.0,49411759.0,High,Global Tailing Dam [https://www.grida.no/publications/472],https://www.arm.co.za/sd/files/arm-summary-tailings-storage-facilities-disclosure.pdf
6,Two Rivers,Two Rivers Tailings Storage Facility,African Rainbow Minerals,South Africa,-24.921847,30.122753,Active,2006.0,21200000.0,25000000.0,High,Global Tailing Dam [https://www.grida.no/publications/472],https://www.arm.co.za/sd/files/arm-summary-tailings-storage-facilities-disclosure.pdf
45,Oaks,The Oaks Pase & Tailings (Coarse) Co  disposal Residue Paddocks,Anglo American,South Africa,-22.95755,28.312397,Closed,1998.0,1040000.0,1040000.0,Low,Global Tailing Dam [https://www.grida.no/publications/472],https://www.angloamerican.com/sustainability/tailings-summary/tailings-database?page=5
44,Oaks,The Oaks Paste Paddocks,Anglo American,South Africa,-22.956047,28.311392,Closed,1998.0,500000.0,500000.0,Low,Global Tailing Dam [https://www.grida.no/publications/472],https://www.angloamerican.com/sustainability/tailings-summary/tailings-database?page=5
78,Goedehoop,Bank 2 Co disposal,Anglo American,South Africa,-25.965278,29.455278,Active,1982.0,31310000.0,39350000.0,Major,Global Tailing Dam [https://www.grida.no/publications/472],https://www.angloamerican.com/sustainability/tailings-summary/tailings-database?page=5
79,Goedehoop,Bank 5 Co disposal,Anglo American,South Africa,-26.0075,29.458333,Closed,1948.0,3000000.0,3000000.0,High,Global Tailing Dam [https://www.grida.no/publications/472],https://www.angloamerican.com/sustainability/tailings-summary/tailings-database?page=5
81,Goedehoop,Goedehoop Co disposal,Anglo American,South Africa,-26.094722,29.428611,Active,1982.0,28000000.0,31590000.0,Major,Global Tailing Dam [https://www.grida.no/publications/472],https://www.angloamerican.com/sustainability/tailings-summary/tailings-database?page=5
86,Goedehoop,Hope Dump,Anglo American,South Africa,-26.120278,29.398056,Closed,1967.0,6900000.0,6900000.0,Moderate,Global Tailing Dam [https://www.grida.no/publications/472],https://www.angloamerican.com/sustainability/tailings-summary/tailings-database?page=5
84,Goedehoop,Klein Shaft,Anglo American,South Africa,-26.0475,29.308889,Closed,1982.0,500000.0,500000.0,Insignificant,Global Tailing Dam [https://www.grida.no/publications/472],https://www.angloamerican.com/sustainability/tailings-summary/tailings-database?page=5
85,Goedehoop,Old Slurry Dams,Anglo American,South Africa,-26.104444,29.419722,Active,1995.0,130000.0,130000.0,Minor,Global Tailing Dam [https://www.grida.no/publications/472],https://www.angloamerican.com/sustainability/tailings-summary/tailings-database?page=5
82,Goedehoop,Old Springbok No.1,Anglo American,South Africa,-26.087222,29.498333,Closed,1952.0,2500000.0,2500000.0,Moderate,Global Tailing Dam [https://www.grida.no/publications/472],https://www.angloamerican.com/sustainability/tailings-summary/tailings-database?page=5
83,Goedehoop,Old Springbok No.2,Anglo American,South Africa,-26.091667,29.335556,Closed,1973.0,1250000.0,1250000.0,Moderate,Global Tailing Dam [https://www.grida.no/publications/472],https://www.angloamerican.com/sustainability/tailings-summary/tailings-database?page=5
80,Goedehoop,Schoonie Dump,Anglo American,South Africa,-25.985278,29.444167,Closed,1953.0,700000.0,700000.0,Insignificant,Global Tailing Dam [https://www.grida.no/publications/472],https://www.angloamerican.com/sustainability/tailings-summary/tailings-database?page=5
98,Greenside,Clydesdale Dump,Anglo American,South Africa,-25.946667,29.161111,Inactive,1998.0,100000.0,100000.0,Minor,Global Tailing Dam [https://www.grida.no/publications/472],https://www.angloamerican.com/sustainability/tailings-summary/tailings-database?page=5
97,Greenside,Greenside Co disposal.,Anglo American,South Africa,-25.961389,29.186944,Active,1998.0,37300000.0,43240000.0,Major,Global Tailing Dam [https://www.grida.no/publications/472],https://www.angloamerican.com/sustainability/tailings-summary/tailings-database?page=5
106,Ingagane,Ingagane No. 1,Anglo American,South Africa,-27.872778,30.045278,Closed,1960.0,510000.0,510000.0,Minor,Global Tailing Dam [https://www.grida.no/publications/472],https://www.angloamerican.com/sustainability/tailings-summary/tailings-database?page=5
107,Ingagane,Ingagane No. 2,Anglo American,South Africa,-27.867778,30.039722,Closed,1960.0,100000.0,100000.0,Minor,Global Tailing Dam [https://www.grida.no/publications/472],https://www.angloamerican.com/sustainability/tailings-summary/tailings-database?page=5
95,Khwezela,Anglo French,Anglo American,South Africa,-25.935,29.148889,Inactive,1919.0,180000.0,180000.0,Minor,Global Tailing Dam [https://www.grida.no/publications/472],https://www.angloamerican.com/sustainability/tailings-summary/tailings-database?page=5
96,Khwezela,Blaauwkrantz Co  disposal (North ext. and old combined),Anglo American,South Africa,-25.927778,29.155833,Active,1982.0,37550000.0,47760000.0,Major,Global Tailing Dam [https://www.grida.no/publications/472],https://www.angloamerican.com/sustainability/tailings-summary/tailings-database?page=5
93,Khwezela,Kleinkopje Dump/Roof Coal Dump combined,Anglo American,South Africa,-26.021667,29.221389,Active,1982.0,13100000.0,0.0,Moderate,Global Tailing Dam [https://www.grida.no/publications/472],https://www.angloamerican.com/sustainability/tailings-summary/tailings-database?page=5
90,Khwezela,Klipfontein Dump,Anglo American,South Africa,-25.940556,29.213611,Active,1975.0,10000000.0,5000000.0,Moderate,Global Tailing Dam [https://www.grida.no/publications/472],https://www.angloamerican.com/sustainability/tailings-summary/tailings-database?page=5
87,Khwezela,Klippan Co disposal,Anglo American,South Africa,-25.988889,29.212222,Active,1982.0,39310000.0,48840000.0,Major,Global Tailing Dam [https://www.grida.no/publications/472],https://www.angloamerican.com/sustainability/tailings-summary/tailings-database?page=5
88,Khwezela,Landau 1 Dump,Anglo American,South Africa,-25.922778,29.187778,Inactive,1915.0,200000.0,200000.0,Minor,Global Tailing Dam [https://www.grida.no/publications/472],https://www.angloamerican.com/sustainability/tailings-summary/tailings-database?page=5
89,Khwezela,Landau 2 Dump,Anglo American,South Africa,-25.9225,29.206944,Inactive,1970.0,2000000.0,2000000.0,Minor,Global Tailing Dam [https://www.grida.no/publications/472],https://www.angloamerican.com/sustainability/tailings-summary/tailings-database?page=5
94,Khwezela,Old Navigation Dump,Anglo American,South Africa,-25.911389,29.161667,Inactive,1897.0,5700000.0,5700000.0,Minor,Global Tailing Dam [https://www.grida.no/publications/472],https://www.angloamerican.com/sustainability/tailings-summary/tailings-database?page=5
91,Khwezela,Slurry Dam 4,Anglo American,South Africa,-26.023333,29.403889,Closed,1982.0,3000000.0,3000000.0,Minor,Global Tailing Dam [https://www.grida.no/publications/472],https://www.angloamerican.com/sustainability/tailings-summary/tailings-database?page=5
92,Khwezela,Slurry Dam 5,Anglo American,South Africa,-26.034722,29.420278,Closed,1982.0,3000000.0,3000000.0,Minor,Global Tailing Dam [https://www.grida.no/publications/472],https://www.angloamerican.com/sustainability/tailings-summary/tailings-database?page=5
109,Middelburg Steam & Station Colliery,No. 2 Dump,Anglo American,South Africa,-25.856111,29.188056,Inactive,1998.0,400000.0,400000.0,Significant,Global Tailing Dam [https://www.grida.no/publications/472],https://www.angloamerican.com/sustainability/tailings-summary/tailings-database?page=5
108,Middelburg Steam & Station Colliery,Presentation Dump,Anglo American,South Africa,-25.853889,29.194444,Inactive,1998.0,200000.0,200000.0,Significant,Global Tailing Dam [https://www.grida.no/publications/472],https://www.angloamerican.com/sustainability/tailings-summary/tailings-database?page=5
105,Natal Anthracite Colliery,Boschhoek,Anglo American,South Africa,-27.808611,31.105556,Closed,1960.0,700000.0,700000.0,Minor,Global Tailing Dam [https://www.grida.no/publications/472],https://www.angloamerican.com/sustainability/tailings-summary/tailings-database?page=5
101,Vryheid Coronation Colliery,No. 1 Dump,Anglo American,South Africa,-27.671944,31.055556,Closed,1960.0,1250000.0,1250000.0,Minor,Global Tailing Dam [https://www.grida.no/publications/472],https://www.angloamerican.com/sustainability/tailings-summary/tailings-database?page=5
102,Vryheid Coronation Colliery,No. 2 Dump,Anglo American,South Africa,-27.677222,31.046111,Closed,1960.0,1250000.0,1250000.0,Minor,Global Tailing Dam [https://www.grida.no/publications/472],https://www.angloamerican.com/sustainability/tailings-summary/tailings-database?page=5
103,Vryheid Coronation Colliery,No. 3 Dump,Anglo American,South Africa,-27.670556,31.075,Closed,1960.0,1700000.0,1700000.0,Minor,Global Tailing Dam [https://www.grida.no/publications/472],https://www.angloamerican.com/sustainability/tailings-summary/tailings-database?page=5
104,Vryheid Coronation Colliery,No. 4 Dump,Anglo American,South Africa,-27.669722,31.08,Closed,1960.0,3750000.0,3750000.0,Minor,Global Tailing Dam [https://www.grida.no/publications/472],https://www.angloamerican.com/sustainability/tailings-summary/tailings-database?page=5
35,Venetia,Venetia CRD,Anglo American,South Africa,-22.42825,29.298342,Active,1992.0,16400000.0,29000000.0,Major,Global Tailing Dam [https://www.grida.no/publications/472],https://www.angloamerican.com/sustainability/tailings-summary/tailings-database?page=5
34,Venetia,Venetia FRDs,Anglo American,South Africa,-22.42825,29.298342,Active,1992.0,55800000.0,74600000.0,Major,Global Tailing Dam [https://www.grida.no/publications/472],https://www.angloamerican.com/sustainability/tailings-summary/tailings-database?page=5
37,Voorspoed,Voorspoed CRD,Anglo American,South Africa,-27.388258,27.200122,Inactive,2008.0,9000000.0,9000000.0,Low,Global Tailing Dam [https://www.grida.no/publications/472],https://www.angloamerican.com/sustainability/tailings-summary/tailings-database?page=5
36,Voorspoed,Voorspoed FRDs,Anglo American,South Africa,-27.388258,27.200122,Inactive,2008.0,5600000.0,5600000.0,Moderate,Global Tailing Dam [https://www.grida.no/publications/472],https://www.angloamerican.com/sustainability/tailings-summary/tailings-database?page=5
77,Kolomela Mine,Kolomela Mine Tailings Facility,Anglo American,South Africa,-28.380694,22.946056,Active,2011.0,53000.0,110000.0,Moderate,Global Tailing Dam [https://www.grida.no/publications/472],https://www.angloamerican.com/sustainability/tailings-summary/tailings-database?page=5
74,Sishen Mine,"Sishen Mine (DMS Dams 1 to 4 and JIG
infill Legs 1 to 4)",Anglo American,South Africa,-27.742722,23.040444,Active,1978.0,38000000.0,46500000.0,Major,Global Tailing Dam [https://www.grida.no/publications/472],https://www.angloamerican.com/sustainability/tailings-summary/tailings-database?page=5
75,Sishen Mine,Sishen Mine Dormant Tailings Storage Facility 1 (near pit),Anglo American,South Africa,-27.761917,22.979361,Inactive,,,0.0,Moderate,Global Tailing Dam [https://www.grida.no/publications/472],https://www.angloamerican.com/sustainability/tailings-summary/tailings-database?page=5
76,Sishen Mine,Sishen Mine Dormant Tailings Storage Facility 2,Anglo American,South Africa,-27.774861,22.967306,Inactive,,,0.0,Minor,Global Tailing Dam [https://www.grida.no/publications/472],https://www.angloamerican.com/sustainability/tailings-summary/tailings-database?page=5
100,Mafube,Mafube De watered Fines Dump,Anglo American,South Africa,-25.809167,29.757778,Active,2008.0,4500000.0,0.0,High,Global Tailing Dam [https://www.grida.no/publications/472],https://www.angloamerican.com/sustainability/tailings-summary/tailings-database?page=5
99,Mafube,Mafube Discards Dump,Anglo American,South Africa,-25.809722,29.754167,Active,2008.0,3840000.0,8530000.0,Moderate,Global Tailing Dam [https://www.grida.no/publications/472],https://www.angloamerican.com/sustainability/tailings-summary/tailings-database?page=5
180,Mogalakwena Concentrator Lease Agreement,Sibanye Still Water/ Baobab,Anglo American,South Africa,-24.3698,29.4714,Active,2002.0,5200000.0,6700000.0,High,Global Tailing Dam [https://www.grida.no/publications/472],https://www.angloamericanplatinum.com/~/media/Files/A/Anglo-American-Platinum/documents/annual-updates-2019/platinum-tailings-storage-facilities-angloamerican-new.pdf
154,Mamatwan,Adams pit,Anglo American,South Africa,-27.381767,22.9879,Active,1988.0,,20000.0,Not applicable,Global Tailing Dam [https://www.grida.no/publications/472],https://www.angloamerican.com/sustainability/tailings-summary/tailings-database?page=5
164,Metalloys,New North Plant Sludge Dam,Anglo American,South Africa,-26.567933,27.987683,Active,1998.0,60000.0,80000.0,Small Category 1,Global Tailing Dam [https://www.grida.no/publications/472],https://www.angloamerican.com/sustainability/tailings-summary/tailings-database?page=5
165,Metalloys,New West Plant Sludge Dam,Anglo American,South Africa,-26.56065,27.9865,Active,1998.0,90000.0,110000.0,Small Category 1,Global Tailing Dam [https://www.grida.no/publications/472],https://www.angloamerican.com/sustainability/tailings-summary/tailings-database?page=5
153,Wessels,Wessels,Anglo American,South Africa,-27.111883,22.859583,Active,1973.0,250000.0,0.0,Low,Global Tailing Dam [https://www.grida.no/publications/472],https://www.angloamerican.com/sustainability/tailings-summary/tailings-database?page=5
39,Namaqualand,Namaqualand AK3 CRD,Anglo American,South Africa,-29.647064,17.044575,Inactive,1972.0,11100000.0,11100000.0,Low,Global Tailing Dam [https://www.grida.no/publications/472],https://www.angloamerican.com/sustainability/tailings-summary/tailings-database?page=5
38,Namaqualand,Namaqualand AK3 FRD,Anglo American,South Africa,-29.642217,17.040886,Inactive,1972.0,29000000.0,29000000.0,Major,Global Tailing Dam [https://www.grida.no/publications/472],https://www.angloamerican.com/sustainability/tailings-summary/tailings-database?page=5
41,Namaqualand,Namaqualand Bulk Sample CRD,Anglo American,South Africa,-29.5866,17.041478,Inactive,1975.0,2600000.0,2600000.0,Low,Global Tailing Dam [https://www.grida.no/publications/472],https://www.angloamerican.com/sustainability/tailings-summary/tailings-database?page=5
40,Namaqualand,"Namaqualand Bulk Sample Plant FRD

",Anglo American,South Africa,-29.589625,17.034189,Inactive,1975.0,,,Minor,Global Tailing Dam [https://www.grida.no/publications/472],https://www.angloamerican.com/sustainability/tailings-summary/tailings-database?page=5
43,Namaqualand,Namaqualand Tweepad CRD,Anglo American,South Africa,-29.452642,17.021789,Inactive,1980.0,16000000.0,16000000.0,Low,Global Tailing Dam [https://www.grida.no/publications/472],https://www.angloamerican.com/sustainability/tailings-summary/tailings-database?page=5
42,Namaqualand,"Namaqualand Tweepad FRD
",Anglo American,South Africa,-29.45615,17.001442,Inactive,1980.0,23000000.0,23000000.0,Moderate,Global Tailing Dam [https://www.grida.no/publications/472],https://www.angloamerican.com/sustainability/tailings-summary/tailings-database?page=5
173,Bokoni JV,Consolidated Dam,Anglo American Platinum,South Africa,-24.29644,29.87809,Inactive,1974.0,7070000.0,7070000.0,Major (High),Global Tailing Dam [https://www.grida.no/publications/472],https://www.angloamerican.com/sustainability/tailings-summary/tailings-database?page=5
174,Bokoni JV,Dam 6,Anglo American Platinum,South Africa,-24.30033,29.88824,Inactive,2004.0,7170000.0,7170000.0,Major (High),Global Tailing Dam [https://www.grida.no/publications/472],https://www.angloamericanplatinum.com/~/media/Files/A/Anglo-American-Platinum/documents/annual-updates-2019/platinum-tailings-storage-facilities-angloamerican-new.pdf
175,Modikwa JV,Modikwa,Anglo American Platinum,South Africa,-24.651158,30.1519,Active,2002.0,22000000.0,28000000.0,Major (High),Global Tailing Dam [https://www.grida.no/publications/472],https://www.angloamericanplatinum.com/~/media/Files/A/Anglo-American-Platinum/documents/annual-updates-2019/platinum-tailings-storage-facilities-angloamerican-new.pdf
110,Amandelbult,Amandelbult,Anglo American Platinum,South Africa,-24.80972,27.34895,Active,1976.0,103000000.0,138500000.0,Major (High),Global Tailing Dam [https://www.grida.no/publications/472],https://www.angloamericanplatinum.com/~/media/Files/A/Anglo-American-Platinum/documents/annual-updates-2019/platinum-tailings-storage-facilities-angloamerican-new.pdf
111,Mogalakwena,Blinkwater,Anglo American Platinum,South Africa,-23.95692,28.9394,Active,2011.0,37500000.0,63400000.0,Major (High),Global Tailing Dam [https://www.grida.no/publications/472],https://www.angloamericanplatinum.com/~/media/Files/A/Anglo-American-Platinum/documents/annual-updates-2019/platinum-tailings-storage-facilities-angloamerican-new.pdf
112,Mogalakwena,Vaalkop,Anglo American Platinum,South Africa,-23.98747,28.92651,Active,1992.0,69500000.0,79600000.0,Major (High),Global Tailing Dam [https://www.grida.no/publications/472],https://www.angloamericanplatinum.com/~/media/Files/A/Anglo-American-Platinum/documents/annual-updates-2019/platinum-tailings-storage-facilities-angloamerican-new.pdf
117,Mortimer,Mortimer Slag Stockpile,Anglo American Platinum,South Africa,-24.968333,27.144167,Active,1973.0,1600000.0,1800000.0,Low (Moderate),Global Tailing Dam [https://www.grida.no/publications/472],https://www.angloamericanplatinum.com/~/media/Files/A/Anglo-American-Platinum/documents/annual-updates-2019/platinum-tailings-storage-facilities-angloamerican-new.pdf
113,Mototolo,Helena Dam 1,Anglo American Platinum,South Africa,-25.01605,30.11316,Active,2006.0,14000000.0,15000000.0,Major (High),Global Tailing Dam [https://www.grida.no/publications/472],https://www.angloamericanplatinum.com/~/media/Files/A/Anglo-American-Platinum/documents/annual-updates-2019/platinum-tailings-storage-facilities-angloamerican-new.pdf
114,Mototolo,Mareesburg,Anglo American Platinum,South Africa,-25.01143,30.14734,Active,2018.0,76000.0,5550000.0,Major (High),Global Tailing Dam [https://www.grida.no/publications/472],https://www.angloamericanplatinum.com/~/media/Files/A/Anglo-American-Platinum/documents/annual-updates-2019/platinum-tailings-storage-facilities-angloamerican-new.pdf
116,Polokwane,Polokwane Slag Stockpile,Anglo American Platinum,South Africa,-24.033458,29.4659,Active,2003.0,3300000.0,5000000.0,Low (Moderate),Global Tailing Dam [https://www.grida.no/publications/472],https://www.angloamericanplatinum.com/~/media/Files/A/Anglo-American-Platinum/documents/annual-updates-2019/platinum-tailings-storage-facilities-angloamerican-new.pdf
176,Kroondal JV (PSA1),K1,Anglo American Platinum,South Africa,-25.71306,27.3296,Active,1999.0,5300000.0,6200000.0,Major (High),Global Tailing Dam [https://www.grida.no/publications/472],https://www.angloamericanplatinum.com/~/media/Files/A/Anglo-American-Platinum/documents/annual-updates-2019/platinum-tailings-storage-facilities-angloamerican-new.pdf
177,Kroondal JV (PSA1),K150,Anglo American Platinum,South Africa,-25.7164,27.35163,Active,2001.0,10100000.0,11900000.0,Major (High),Global Tailing Dam [https://www.grida.no/publications/472],https://www.angloamericanplatinum.com/~/media/Files/A/Anglo-American-Platinum/documents/annual-updates-2019/platinum-tailings-storage-facilities-angloamerican-new.pdf
178,Kroondal JV (PSA1),K2,Anglo American Platinum,South Africa,-25.71688,27.3604,Active,2005.0,16000000.0,18400000.0,Major (High),Global Tailing Dam [https://www.grida.no/publications/472],https://www.angloamericanplatinum.com/~/media/Files/A/Anglo-American-Platinum/documents/annual-updates-2019/platinum-tailings-storage-facilities-angloamerican-new.pdf
179,Kroondal JV (PSA2),Marikana,Anglo American Platinum,South Africa,-25.732519,27.40939,Active,1999.0,11900000.0,16800000.0,Major (High),Global Tailing Dam [https://www.grida.no/publications/472],https://www.angloamericanplatinum.com/~/media/Files/A/Anglo-American-Platinum/documents/annual-updates-2019/platinum-tailings-storage-facilities-angloamerican-new.pdf
855,Buffelsfontein ,Buffelsfontein 1,AngloGold Ashanti,South Africa,-26.914206,26.805206,Inactive Care and Maintenance,,10300000.0,0.0,High,Global Tailing Dam [https://www.grida.no/publications/472],https://thevault.exchange/?get_group_doc=143/1560011239-AngloGoldAshantiMineTailingsDisclosurecertifiedbytheChairmanandChiefExecutiveOfficer.pdf
856,Buffelsfontein ,Buffelsfontein 5,AngloGold Ashanti,South Africa,-26.918561,26.786692,Inactive Care and Maintenance,,34900000.0,0.0,High,Global Tailing Dam [https://www.grida.no/publications/472],https://thevault.exchange/?get_group_doc=143/1560011239-AngloGoldAshantiMineTailingsDisclosurecertifiedbytheChairmanandChiefExecutiveOfficer.pdf
861,East Complex,East Complex,AngloGold Ashanti,South Africa,-26.91715,26.7698,Reclamation,1956.0,37000000.0,0.0,High,Global Tailing Dam [https://www.grida.no/publications/472],https://thevault.exchange/?get_group_doc=143/1560011239-AngloGoldAshantiMineTailingsDisclosurecertifiedbytheChairmanandChiefExecutiveOfficer.pdf
857,Hartebeesfontein ,Hartebeesfontein 1 & 2,AngloGold Ashanti,South Africa,-26.880456,26.769156,Reclamation,,39800000.0,0.0,High,Global Tailing Dam [https://www.grida.no/publications/472],https://thevault.exchange/?get_group_doc=143/1560011239-AngloGoldAshantiMineTailingsDisclosurecertifiedbytheChairmanandChiefExecutiveOfficer.pdf
858,Hartebeesfontein ,Hartebeesfontein 5 & 6,AngloGold Ashanti,South Africa,-26.877358,26.75455,Inactive Care and Maintenance,,23600000.0,0.0,High,Global Tailing Dam [https://www.grida.no/publications/472],https://thevault.exchange/?get_group_doc=143/1560011239-AngloGoldAshantiMineTailingsDisclosurecertifiedbytheChairmanandChiefExecutiveOfficer.pdf
854,Kareerand,Kareerand,AngloGold Ashanti,South Africa,-26.887964,26.893764,Active,2011.0,139000000.0,244000000.0,High,Global Tailing Dam [https://www.grida.no/publications/472],https://thevault.exchange/?get_group_doc=143/1560011239-AngloGoldAshantiMineTailingsDisclosurecertifiedbytheChairmanandChiefExecutiveOfficer.pdf
866,Mponeng ,Mponeng TSF,AngloGold Ashanti,South Africa,-26.455197,27.401158,Active,1990.0,45100000.0,50200000.0,High,Global Tailing Dam [https://www.grida.no/publications/472],https://thevault.exchange/?get_group_doc=143/1560011239-AngloGoldAshantiMineTailingsDisclosurecertifiedbytheChairmanandChiefExecutiveOfficer.pdf
859,MWS (Chemwes) ,MWS (Chemwes) 4,AngloGold Ashanti,South Africa,-26.811133,26.800756,Inactive Care and Maintenance,,19200000.0,19200000.0,High,Global Tailing Dam [https://www.grida.no/publications/472],https://thevault.exchange/?get_group_doc=143/1560011239-AngloGoldAshantiMineTailingsDisclosurecertifiedbytheChairmanandChiefExecutiveOfficer.pdf
860,MWS (Chemwes) ,MWS (Chemwes) 5,AngloGold Ashanti,South Africa,-26.818719,26.772592,Inactive Care and Maintenance,,69200000.0,69200000.0,High,Global Tailing Dam [https://www.grida.no/publications/472],https://thevault.exchange/?get_group_doc=143/1560011239-AngloGoldAshantiMineTailingsDisclosurecertifiedbytheChairmanandChiefExecutiveOfficer.pdf
867,Savuka ,Savuka New Complex,AngloGold Ashanti,South Africa,-26.433786,27.358778,Active,1971.0,57600000.0,70500000.0,High,Global Tailing Dam [https://www.grida.no/publications/472],https://thevault.exchange/?get_group_doc=143/1560011239-AngloGoldAshantiMineTailingsDisclosurecertifiedbytheChairmanandChiefExecutiveOfficer.pdf
868,Savuka ,Savuka Old Complex,AngloGold Ashanti,South Africa,-26.423694,27.380908,Reclamation,1959.0,37100000.0,0.0,High,Global Tailing Dam [https://www.grida.no/publications/472],https://thevault.exchange/?get_group_doc=143/1560011239-AngloGoldAshantiMineTailingsDisclosurecertifiedbytheChairmanandChiefExecutiveOfficer.pdf
863,Southeast,Southeast,AngloGold Ashanti,South Africa,-26.905258,26.747786,Reclamation,1985.0,22800000.0,0.0,High,Global Tailing Dam [https://www.grida.no/publications/472],https://thevault.exchange/?get_group_doc=143/1560011239-AngloGoldAshantiMineTailingsDisclosurecertifiedbytheChairmanandChiefExecutiveOfficer.pdf
862,South Pay Dam,South Pay Dam,AngloGold Ashanti,South Africa,-26.904606,26.765539,Reclamation,,2200000.0,0.0,High,Global Tailing Dam [https://www.grida.no/publications/472],https://thevault.exchange/?get_group_doc=143/1560011239-AngloGoldAshantiMineTailingsDisclosurecertifiedbytheChairmanandChiefExecutiveOfficer.pdf
864,Vaal River Operations,West Complex,AngloGold Ashanti,South Africa,-26.943461,26.685778,Inactive Care and Maintenance,1954.0,139400000.0,16300000.0,High,Global Tailing Dam [https://www.grida.no/publications/472],https://thevault.exchange/?get_group_doc=143/1560011239-AngloGoldAshantiMineTailingsDisclosurecertifiedbytheChairmanandChiefExecutiveOfficer.pdf
865,Vaal River Operations,West Extension,AngloGold Ashanti,South Africa,-26.934431,26.708436,Active,1985.0,36400000.0,41500000.0,High,Global Tailing Dam [https://www.grida.no/publications/472],https://thevault.exchange/?get_group_doc=143/1560011239-AngloGoldAshantiMineTailingsDisclosurecertifiedbytheChairmanandChiefExecutiveOfficer.pdf
1421,Thabazimbi,Thabazimbi TSF,ArcelorMittal,South Africa,-24.627458,27.396281,Inactive,1977.0,5800000.0,,Low,Global Tailing Dam [https://www.grida.no/publications/472],https://drive.google.com/file/d/1Pj-UZaWctl9i0lKc4XpjybSoT9CN74tb/view
1783,,Daggafontein,DRDGOLD,South Africa,-26.298433,28.535381,Care and Maintenance,1989.0,172413793.0,172413793.1,Medium,Global Tailing Dam [https://www.grida.no/publications/472],https://www.drdgold.com/assets/pdf/C-of-E-questionnaire.pdf
1781,,Diepkloof/Homestead,DRDGOLD,South Africa,-26.227603,27.952842,Closed,1955.0,73793103.0,73793103.45,Low,Global Tailing Dam [https://www.grida.no/publications/472],https://www.drdgold.com/assets/pdf/C-of-E-questionnaire.pdf
1780,,GMTS,DRDGOLD,South Africa,-26.2413,27.968186,Closed,1935.0,78620690.0,78620689.66,Low,Global Tailing Dam [https://www.grida.no/publications/472],https://www.drdgold.com/assets/pdf/C-of-E-questionnaire.pdf
1782,,Mooifontein,DRDGOLD,South Africa,-26.227694,27.971008,Closed,1935.0,48965517.0,48965517.24,Low,Global Tailing Dam [https://www.grida.no/publications/472],https://www.drdgold.com/assets/pdf/C-of-E-questionnaire.pdf
1778,,Brakpan,DRDGOLD,South Africa,-26.346122,28.317164,Active,1978.0,482758621.0,758620689.7,High,Global Tailing Dam [https://www.grida.no/publications/472],https://www.drdgold.com/assets/pdf/C-of-E-questionnaire.pdf
1779,,Rooikraal,DRDGOLD,South Africa,-26.362208,28.294889,Closed,1994.0,38620690.0,38620689.66,High,Global Tailing Dam [https://www.grida.no/publications/472],https://www.drdgold.com/assets/pdf/C-of-E-questionnaire.pdf
1787,Driefontein,TSF 3,DRDGOLD,South Africa,-26.36845,27.450767,Inactive,1982.0,32653705.0,32653705.0,High,Global Tailing Dam [https://www.grida.no/publications/472],https://www.drdgold.com/assets/pdf/C-of-E-questionnaire.pdf
1785,Driefontein,TSF 4,DRDGOLD,South Africa,-26.347483,27.45585,Active,1990.0,55000000.0,73254207.0,High,Global Tailing Dam [https://www.grida.no/publications/472],https://www.drdgold.com/assets/pdf/C-of-E-questionnaire.pdf
1786,Driefontein,TSF 5,DRDGOLD,South Africa,-26.398783,27.41415,Ongoing reclamation,1963.0,17488090.0,0.0,N/A,Global Tailing Dam [https://www.grida.no/publications/472],https://www.drdgold.com/assets/pdf/C-of-E-questionnaire.pdf
1791,Kloof ,TSF1,DRDGOLD,South Africa,-26.410017,27.6196,Inactive,1968.0,19616219.0,19616219.0,High,Global Tailing Dam [https://www.grida.no/publications/472],https://www.drdgold.com/assets/pdf/C-of-E-questionnaire.pdf
1788,Libanon ,TSF,DRDGOLD,South Africa,-26.337267,27.618267,Inactive,1960.0,50777000.0,50777000.0,High,Global Tailing Dam [https://www.grida.no/publications/472],https://www.drdgold.com/assets/pdf/C-of-E-questionnaire.pdf
1789,Venterspost ,North TSF,DRDGOLD,South Africa,-26.262183,27.637683,Inactive,1954.0,38068099.0,38068099.0,High,Global Tailing Dam [https://www.grida.no/publications/472],https://www.drdgold.com/assets/pdf/C-of-E-questionnaire.pdf
1790,Venterspost , South TSF,DRDGOLD,South Africa,-26.278283,27.637367,Inactive,1985.0,8605842.0,8605842.0,High,Global Tailing Dam [https://www.grida.no/publications/472],https://www.drdgold.com/assets/pdf/C-of-E-questionnaire.pdf
1784,,Dam 4,DRDGOLD,South Africa,-26.346736,27.453989,Active,1980.0,55172414.0,75862068.97,High,Global Tailing Dam [https://www.grida.no/publications/472],https://www.drdgold.com/assets/pdf/C-of-E-questionnaire.pdf
721,Boshoek Smelter Complex,Boshoek Smelter (Slimes),Glencore,South Africa,-25.486667,27.115278,Active,2005.0,30000.0,40000.0,High,Global Tailing Dam [https://www.grida.no/publications/472],https://www.glencore.com/dam/jcr:58e3d8ff-97c1-422f-8d31-dd2fee89fcc3/Glencore_TSFs_190614.pdf
737,Helena Chromium Mine,Helena TSF (Tailings Dam),Glencore,South Africa,-25.000278,30.119722,Inactive,2007.0,120000.0,120000.0,Significant,Global Tailing Dam [https://www.grida.no/publications/472],https://www.glencore.com/dam/jcr:58e3d8ff-97c1-422f-8d31-dd2fee89fcc3/Glencore_TSFs_190614.pdf
734,Lion Smelter,Lion Smelter (Cell 1),Glencore,South Africa,-24.823611,30.116111,Active,2006.0,280000.0,410000.0,Significant,Global Tailing Dam [https://www.grida.no/publications/472],https://www.glencore.com/dam/jcr:58e3d8ff-97c1-422f-8d31-dd2fee89fcc3/Glencore_TSFs_190614.pdf
735,Lion Smelter,Lion Smelter (Cell 2 and 3),Glencore,South Africa,-24.822222,30.116944,Active,2012.0,520000.0,1000000.0,Significant,Global Tailing Dam [https://www.grida.no/publications/472],https://www.glencore.com/dam/jcr:58e3d8ff-97c1-422f-8d31-dd2fee89fcc3/Glencore_TSFs_190614.pdf
733,Lydenburg Smelter,Lydenburg Smelter (Furnace Slimes - Dam 11),Glencore,South Africa,-25.0675,30.47,Active,1997.0,550000.0,670000.0,Significant,Global Tailing Dam [https://www.grida.no/publications/472],https://www.glencore.com/dam/jcr:58e3d8ff-97c1-422f-8d31-dd2fee89fcc3/Glencore_TSFs_190614.pdf
727,Rhovan Mine,Rhovan TSF (Dam 1),Glencore,South Africa,-25.568056,27.575833,Inactive,1996.0,13400000.0,13400000.0,High,Global Tailing Dam [https://www.grida.no/publications/472],https://www.glencore.com/dam/jcr:58e3d8ff-97c1-422f-8d31-dd2fee89fcc3/Glencore_TSFs_190614.pdf
728,Rhovan Mine,Rhovan TSF (Dam 2),Glencore,South Africa,-25.561944,27.5775,Active,2012.0,6000000.0,10000000.0,High,Global Tailing Dam [https://www.grida.no/publications/472],https://www.glencore.com/dam/jcr:58e3d8ff-97c1-422f-8d31-dd2fee89fcc3/Glencore_TSFs_190614.pdf
732,Rietvly Silica Mine,Rietvly (Silica TSF),Glencore,South Africa,-25.629722,27.133056,Active,2017.0,200000.0,260000.0,High,Global Tailing Dam [https://www.grida.no/publications/472],https://www.glencore.com/dam/jcr:58e3d8ff-97c1-422f-8d31-dd2fee89fcc3/Glencore_TSFs_190614.pdf
722,Rustenburg Smelter,Rustenburg Smelter (Slimes 1 2 3),Glencore,South Africa,-25.615556,27.225,Inactive,1980.0,400000.0,400000.0,Significant,Global Tailing Dam [https://www.grida.no/publications/472],https://www.glencore.com/dam/jcr:58e3d8ff-97c1-422f-8d31-dd2fee89fcc3/Glencore_TSFs_190614.pdf
723,Rustenburg Smelter,Rustenburg Smelter (Slimes 4),Glencore,South Africa,-25.614444,27.226111,Active,2016.0,160000.0,280000.0,High,Global Tailing Dam [https://www.grida.no/publications/472],https://www.glencore.com/dam/jcr:58e3d8ff-97c1-422f-8d31-dd2fee89fcc3/Glencore_TSFs_190614.pdf
736,Thorncliffe Chrome Mine,Thorncliffe TSF (North Tailings Disposal Dam),Glencore,South Africa,-24.960556,30.124722,Active,2017.0,410000.0,760000.0,Significant,Global Tailing Dam [https://www.grida.no/publications/472],https://www.glencore.com/dam/jcr:58e3d8ff-97c1-422f-8d31-dd2fee89fcc3/Glencore_TSFs_190614.pdf
730,Waterval Mine,Waterval TSF (East),Glencore,South Africa,-25.684167,27.27,Closed,,45000.0,45000.0,Low,Global Tailing Dam [https://www.grida.no/publications/472],https://www.glencore.com/dam/jcr:58e3d8ff-97c1-422f-8d31-dd2fee89fcc3/Glencore_TSFs_190614.pdf
731,Waterval Mine,Waterval TSF (West),Glencore,South Africa,-25.684444,27.268889,Closed,,380000.0,380000.0,Low,Global Tailing Dam [https://www.grida.no/publications/472],https://www.glencore.com/dam/jcr:58e3d8ff-97c1-422f-8d31-dd2fee89fcc3/Glencore_TSFs_190614.pdf
724,Wonderkop Smelter,Wonderkop Smelter (Slimes Dam 1),Glencore,South Africa,-25.715833,27.405,Inactive,1997.0,60000.0,60000.0,Significant,Global Tailing Dam [https://www.grida.no/publications/472],https://www.glencore.com/dam/jcr:58e3d8ff-97c1-422f-8d31-dd2fee89fcc3/Glencore_TSFs_190614.pdf
725,Wonderkop Smelter,Wonderkop Smelter (Slimes Dam 2),Glencore,South Africa,-25.716389,27.403056,Inactive,2004.0,100000.0,100000.0,Significant,Global Tailing Dam [https://www.grida.no/publications/472],https://www.glencore.com/dam/jcr:58e3d8ff-97c1-422f-8d31-dd2fee89fcc3/Glencore_TSFs_190614.pdf
726,Wonderkop Smelter,Wonderkop Smelter (Slimes Dam 3),Glencore,South Africa,-25.717778,27.403333,Active,2013.0,6000.0,290000.0,High,Global Tailing Dam [https://www.grida.no/publications/472],https://www.glencore.com/dam/jcr:58e3d8ff-97c1-422f-8d31-dd2fee89fcc3/Glencore_TSFs_190614.pdf
664,Goedgevonden Mine,Mine Residue Facility,Glencore,South Africa,-26.095556,29.084722,Active,2005.0,31000000.0,34700000.0,Medium,Global Tailing Dam [https://www.grida.no/publications/472],https://www.glencore.com/dam/jcr:58e3d8ff-97c1-422f-8d31-dd2fee89fcc3/Glencore_TSFs_190614.pdf
666,Impunzi Mine,Phoenix Discard Dump,Glencore,South Africa,-26.105556,29.216389,Inactive,1950.0,30000000.0,30000000.0,Medium,Global Tailing Dam [https://www.grida.no/publications/472],https://www.glencore.com/dam/jcr:58e3d8ff-97c1-422f-8d31-dd2fee89fcc3/Glencore_TSFs_190614.pdf
665,Impunzi Mine,South Pit Discard Dump,Glencore,South Africa,-26.115833,29.253056,Active,2015.0,8000000.0,11000000.0,Low,Global Tailing Dam [https://www.grida.no/publications/472],https://www.glencore.com/dam/jcr:58e3d8ff-97c1-422f-8d31-dd2fee89fcc3/Glencore_TSFs_190614.pdf
667,Tweefontein Mine,Boschmans,Glencore,South Africa,-26.036667,29.127778,Active,2011.0,18800000.0,19200000.0,Low,Global Tailing Dam [https://www.grida.no/publications/472],https://www.glencore.com/dam/jcr:58e3d8ff-97c1-422f-8d31-dd2fee89fcc3/Glencore_TSFs_190614.pdf
668,Tweefontein Mine,New South Witbank Waste Dump,Glencore,South Africa,-26.166111,29.148333,Inactive,2005.0,4500000.0,4500000.0,Low,Global Tailing Dam [https://www.grida.no/publications/472],https://www.glencore.com/dam/jcr:58e3d8ff-97c1-422f-8d31-dd2fee89fcc3/Glencore_TSFs_190614.pdf
669,Tweefontein Mine,New Tavistock Dump,Glencore,South Africa,-26.151667,29.188611,Inactive,2006.0,10000000.0,10000000.0,Low,Global Tailing Dam [https://www.grida.no/publications/472],https://www.glencore.com/dam/jcr:58e3d8ff-97c1-422f-8d31-dd2fee89fcc3/Glencore_TSFs_190614.pdf
670,Tweefontein Mine,Old Tavistock Dump,Glencore,South Africa,-26.139167,29.195556,Closed,2005.0,8400000.0,8400000.0,Low,Global Tailing Dam [https://www.grida.no/publications/472],https://www.glencore.com/dam/jcr:58e3d8ff-97c1-422f-8d31-dd2fee89fcc3/Glencore_TSFs_190614.pdf
729,Kroondal Mine,Kroondal TSF (TSF),Glencore,South Africa,-25.716389,27.356111,Active,2002.0,400000.0,530000.0,High,Global Tailing Dam [https://www.grida.no/publications/472],https://www.glencore.com/dam/jcr:58e3d8ff-97c1-422f-8d31-dd2fee89fcc3/Glencore_TSFs_190614.pdf
1027,South Deep,South Deep Doornpoort,Gold Fields,South Africa,-26.462606,27.648364,Active,2011.0,7219509.0,14473304.0,High B,Global Tailing Dam [https://www.grida.no/publications/472],https://www.goldfields.com/pdf/media/media-release/gold-fields-tsf-document-june-2019-new.pdf
1025,South Deep,South Deep South Shaft,Gold Fields,South Africa,-26.414658,27.676786,Inactive Care and Maintenance,1968.0,15105408.0,15105408.0,High B,Global Tailing Dam [https://www.grida.no/publications/472],https://www.goldfields.com/pdf/media/media-release/gold-fields-tsf-document-june-2019-new.pdf
1026,South Deep,South Deep Twin Shaft,Gold Fields,South Africa,-26.418406,27.670519,Re-mining,1982.0,23807642.0,21896454.0,High B,Global Tailing Dam [https://www.grida.no/publications/472],https://www.goldfields.com/pdf/media/media-release/gold-fields-tsf-document-june-2019-new.pdf
2841,Annesley,Quarry 1,Imerys,South Africa,-24.400297,30.256309,Closed,1995.0,500000.0,500000.0,Low,Global Tailing Dam [https://www.grida.no/publications/472],
2842,Annesley,Quarry 3,Imerys,South Africa,-24.403267,30.261319,Active,2012.0,150000.0,100000.0,Low,Global Tailing Dam [https://www.grida.no/publications/472],
2843,Krugerspost,Portion 31,Imerys,South Africa,-24.923533,30.44722,Closed,1990.0,400000.0,400000.0,Low,Global Tailing Dam [https://www.grida.no/publications/472],
2844,Krugerspost,Portion 32,Imerys,South Africa,-24.933658,30.440863,Closed,1990.0,1200000.0,1200000.0,Low,Global Tailing Dam [https://www.grida.no/publications/472],
2845,Krugerspost,Portion 36,Imerys,South Africa,-24.942711,30.437875,Closed,1995.0,620000.0,620000.0,Low,Global Tailing Dam [https://www.grida.no/publications/472],
2846,Krugerspost,RE Klipfontein,Imerys,South Africa,-24.954116,30.43682,Closed,1996.0,2600000.0,2600000.0,Low,Global Tailing Dam [https://www.grida.no/publications/472],
2836,Thabazimbi,Quarry 3,Imerys,South Africa,-24.693557,27.300709,Closed,2000.0,2300000.0,2300000.0,Low,Global Tailing Dam [https://www.grida.no/publications/472],
2837,Thabazimbi,Quarry 4/5,Imerys,South Africa,-24.697291,27.290956,Active,2008.0,2000000.0,2500000.0,Low,Global Tailing Dam [https://www.grida.no/publications/472],
2838,Thabazimbi,Quarry 7,Imerys,South Africa,-24.70754,27.274038,Closed,2010.0,1300000.0,1300000.0,Low,Global Tailing Dam [https://www.grida.no/publications/472],
2839,Thabazimbi,Quarry 9A,Imerys,South Africa,-24.715742,27.25376,Active,2014.0,5500000.0,6000000.0,Low,Global Tailing Dam [https://www.grida.no/publications/472],
2840,Thabazimbi,Quarry 9B,Imerys,South Africa,-24.721096,27.244361,Active,2022.0,0.0,1600000.0,Low,Global Tailing Dam [https://www.grida.no/publications/472],
1548,Impala Rustenburg,Tailings Dam 1& 2 (Combined),IMPALA Platinum,South Africa,-25.520089,27.199092,Inactive,1968.0,33000000.0,33000000.0,MEDIuM Hazard facility,Global Tailing Dam [https://www.grida.no/publications/472],http://www.implats.co.za/pdf/our-stories/2019/tailings-disclosures.pdf
1547,Impala Rustenburg,Tailings Dam 3 & 4 (Combined),IMPALA Platinum,South Africa,-25.519183,27.237925,Active,1978.0,546000000.0,750000000.0,High,Global Tailing Dam [https://www.grida.no/publications/472],http://www.implats.co.za/pdf/our-stories/2019/tailings-disclosures.pdf
1549,Marula,TD1,IMPALA Platinum,South Africa,-24.511094,30.108347,Active,2003.0,12000000.0,13500000.0,HIGH hazard facility,Global Tailing Dam [https://www.grida.no/publications/472],http://www.implats.co.za/pdf/our-stories/2019/tailings-disclosures.pdf
1550,Marula,TD2,IMPALA Platinum,South Africa,-24.516964,30.104231,Construction,2020.0,,45000000.0,N/A,Global Tailing Dam [https://www.grida.no/publications/472],http://www.implats.co.za/pdf/our-stories/2019/tailings-disclosures.pdf
1551,Two Rivers,Two Rivers Tailings facility,IMPALA Platinum,South Africa,-24.955322,30.105894,Active,2006.0,3900000.0,565333.0,HIGH hazard facility,Global Tailing Dam [https://www.grida.no/publications/472],http://www.implats.co.za/pdf/our-stories/2019/tailings-disclosures.pdf
1951,,Platreef tailings storage facility,Ivanhoe,South Africa,-24.06065285,28.99809682,Inactive,,,,,Global Tailing Dam [https://www.grida.no/publications/472],https://www.ivanhoemines.com/site/assets/files/4552/ivanhoe_mines_church_of_england_tsf_disclosure.pdf
1056,Brake Leslie,Brake/Leslie Dam,Pan African Resources,South Africa,-26.517778,29.046389,Closed,1963.0,50000000.0,,High,Global Tailing Dam [https://www.grida.no/publications/472],http://www.panafricanresources.com/sheqc/gri-and-sustainability/
1057,Consort Mine,Segalla,Pan African Resources,South Africa,-25.641681,31.061875,Active,1998.0,4730000.0,4730000.0,Low,Global Tailing Dam [https://www.grida.no/publications/472],http://www.panafricanresources.com/sheqc/gri-and-sustainability/
1050,Elikhulu,Elikhulu Dam 1,Pan African Resources,South Africa,-26.488056,29.089722,Active,2018.0,2600000.0,13000000.0,High,Global Tailing Dam [https://www.grida.no/publications/472],http://www.panafricanresources.com/sheqc/gri-and-sustainability/
1051,Elikhulu,Elikhulu Dam 2,Pan African Resources,South Africa,-26.490833,29.079167,Active,2018.0,2300000.0,20000000.0,High,Global Tailing Dam [https://www.grida.no/publications/472],http://www.panafricanresources.com/sheqc/gri-and-sustainability/
1058,Fairview Mine,Bramber,Pan African Resources,South Africa,-25.725119,31.062289,Active,2013.0,3900000.0,5700000.0,High,Global Tailing Dam [https://www.grida.no/publications/472],http://www.panafricanresources.com/sheqc/gri-and-sustainability/
1047,Kinross,Kinross Dam 1,Pan African Resources,South Africa,-26.478611,29.081667,Inactive,1968.0,10000000.0,10000000.0,High,Global Tailing Dam [https://www.grida.no/publications/472],http://www.panafricanresources.com/sheqc/gri-and-sustainability/
1048,Kinross,Kinross Dam 2,Pan African Resources,South Africa,-26.480556,29.086944,Inactive,1968.0,1800000.0,1800000.0,High,Global Tailing Dam [https://www.grida.no/publications/472],http://www.panafricanresources.com/sheqc/gri-and-sustainability/
1049,Kinross,Kinross Dam 3,Pan African Resources,South Africa,-26.479444,29.092222,Inactive,1968.0,7000000.0,7000000.0,High,Global Tailing Dam [https://www.grida.no/publications/472],http://www.panafricanresources.com/sheqc/gri-and-sustainability/
1059,Sheba Mine,Camelot,Pan African Resources,South Africa,-25.71665,31.155608,Active,1997.0,2730000.0,3430000.0,Low,Global Tailing Dam [https://www.grida.no/publications/472],http://www.panafricanresources.com/sheqc/gri-and-sustainability/
1060,Sheba Mine,Sheba,Pan African Resources,South Africa,-25.722664,31.155058,Closed,1997.0,1000000.0,1000000.0,Low,Global Tailing Dam [https://www.grida.no/publications/472],http://www.panafricanresources.com/sheqc/gri-and-sustainability/
1052,Winkelhaak,Winkelhaak Dam 1,Pan African Resources,South Africa,-26.511111,29.1125,Closed,1958.0,4000000.0,,High,Global Tailing Dam [https://www.grida.no/publications/472],http://www.panafricanresources.com/sheqc/gri-and-sustainability/
1053,Winkelhaak,Winkelhaak Dam 2,Pan African Resources,South Africa,-26.506944,29.109722,Active,1958.0,18000000.0,19900000.0,High,Global Tailing Dam [https://www.grida.no/publications/472],http://www.panafricanresources.com/sheqc/gri-and-sustainability/
1054,Winkelhaak,Winkelhaak Dam 3,Pan African Resources,South Africa,-26.517222,29.106389,Active,1958.0,10000000.0,12000000.0,High,Global Tailing Dam [https://www.grida.no/publications/472],http://www.panafricanresources.com/sheqc/gri-and-sustainability/
1055,Winkelhaak,Winkelhaak Dam 4,Pan African Resources,South Africa,-26.511944,29.104167,Active,1958.0,6500000.0,13000000.0,High,Global Tailing Dam [https://www.grida.no/publications/472],http://www.panafricanresources.com/sheqc/gri-and-sustainability/
2007,Cullinan Diamond Mine,No. 7 slimes Dam,Petra Diamonds,South Africa,-25.653064,28.508886,Active,1958.0,60000000.0,65000000.0,High Hazard,Global Tailing Dam [https://www.grida.no/publications/472],https://www.petradiamonds.com/wp-content/uploads/CoE-Tailings-Safety-Disclosure-Response-Petra-Diamonds-All-Mines-June-2020-FINAL.pdf
2008,Finsch Diamond Mine,Britz FRD,Petra Diamonds,South Africa,-28.3795,23.42755,Active,2008.0,13872624.0,2694294.0,Medium Hazard,Global Tailing Dam [https://www.grida.no/publications/472],https://www.petradiamonds.com/wp-content/uploads/CoE-Tailings-Safety-Disclosure-Response-Petra-Diamonds-All-Mines-June-2020-FINAL.pdf
2009,Finsch Diamond Mine,FRD 1,Petra Diamonds,South Africa,-28.391522,23.464583,Active,,11812297.0,369231.0,High Hazard,Global Tailing Dam [https://www.grida.no/publications/472],https://www.petradiamonds.com/wp-content/uploads/CoE-Tailings-Safety-Disclosure-Response-Petra-Diamonds-All-Mines-June-2020-FINAL.pdf
2010,Finsch Diamond Mine,FRD 2,Petra Diamonds,South Africa,-28.399689,23.466903,Inactive,,9172983.0,9172983.0,High Hazard,Global Tailing Dam [https://www.grida.no/publications/472],https://www.petradiamonds.com/wp-content/uploads/CoE-Tailings-Safety-Disclosure-Response-Petra-Diamonds-All-Mines-June-2020-FINAL.pdf
2011,Finsch Diamond Mine,FRD 3,Petra Diamonds,South Africa,-28.397289,23.475033,Active,,12805330.0,553846.0,High Hazard,Global Tailing Dam [https://www.grida.no/publications/472],https://www.petradiamonds.com/wp-content/uploads/CoE-Tailings-Safety-Disclosure-Response-Petra-Diamonds-All-Mines-June-2020-FINAL.pdf
2012,Finsch Diamond Mine,Infill Dam,Petra Diamonds,South Africa,-28.394783,23.467864,Active,,1342173.0,184615.0,High Hazard,Global Tailing Dam [https://www.grida.no/publications/472],https://www.petradiamonds.com/wp-content/uploads/CoE-Tailings-Safety-Disclosure-Response-Petra-Diamonds-All-Mines-June-2020-FINAL.pdf
2015,Koffiefontein Diamond Mine,East Dam,Petra Diamonds,South Africa,-29.427086,25.005192,Care and Maintenance,1971.0,68156.0,68156.0,High Hazard,Global Tailing Dam [https://www.grida.no/publications/472],https://www.petradiamonds.com/wp-content/uploads/CoE-Tailings-Safety-Disclosure-Response-Petra-Diamonds-All-Mines-June-2020-FINAL.pdf
2014,Koffiefontein Diamond Mine,Middle Dam,Petra Diamonds,South Africa,-29.431708,25.000697,Active on rotational basis,1971.0,9637601.0,2968254.0,High Hazard,Global Tailing Dam [https://www.grida.no/publications/472],https://www.petradiamonds.com/wp-content/uploads/CoE-Tailings-Safety-Disclosure-Response-Petra-Diamonds-All-Mines-June-2020-FINAL.pdf
2013,Koffiefontein Diamond Mine,West Dam,Petra Diamonds,South Africa,-29.434278,24.994447,Active on rotational basis,1971.0,8711425.0,2968254.0,High Hazard,Global Tailing Dam [https://www.grida.no/publications/472],https://www.petradiamonds.com/wp-content/uploads/CoE-Tailings-Safety-Disclosure-Response-Petra-Diamonds-All-Mines-June-2020-FINAL.pdf
447,Richards Bay Minerals (RBM),Clarifier Site,Rio Tinto,South Africa,-28.70239,32.20633,Active,1996.0,680000.0,855000.0,Low,Global Tailing Dam [https://www.grida.no/publications/472],https://www.riotinto.com/sustainability/environment/tailings
1804,Secunda Synfuels Operations,FAD4,Sasol Mining,South Africa,-26.564722,29.105833,Active,1993.0,46000.0,46000.0,High,Global Tailing Dam [https://www.grida.no/publications/472],https://www.sasol.com/sites/default/files/content/files/CEPB%20Ltr_Disclosure%20on%20Tailings%20Dams_21%2008%202019.pdf
1805,Secunda Synfuels Operations,FAD5,Sasol Mining,South Africa,-26.581389,29.127778,Active,2001.0,908000.0,,High,Global Tailing Dam [https://www.grida.no/publications/472],https://www.sasol.com/sites/default/files/content/files/CEPB%20Ltr_Disclosure%20on%20Tailings%20Dams_21%2008%202019.pdf
1806,Secunda Synfuels Operations,FAD6,Sasol Mining,South Africa,-26.599722,29.109472,Active,2019.0,0.0,,High,Global Tailing Dam [https://www.grida.no/publications/472],https://www.sasol.com/sites/default/files/content/files/CEPB%20Ltr_Disclosure%20on%20Tailings%20Dams_21%2008%202019.pdf
1796,Not given,FAD1,Sasol Mining,South Africa,-26.828049,27.83367,Inactive,1955.0,2000000.0,2000000.0,level 3,Global Tailing Dam [https://www.grida.no/publications/472],https://www.sasol.com/sites/default/files/content/files/CEPB%20Ltr_Disclosure%20on%20Tailings%20Dams_21%2008%202019.pdf
1797,Not given,FAD2,Sasol Mining,South Africa,-26.831834,27.835593,Inactive,1955.0,3000000.0,3000000.0,level 3,Global Tailing Dam [https://www.grida.no/publications/472],https://www.sasol.com/sites/default/files/content/files/CEPB%20Ltr_Disclosure%20on%20Tailings%20Dams_21%2008%202019.pdf
1798,Not given,FAD3,Sasol Mining,South Africa,-26.835139,27.83325,Inactive,1955.0,4500000.0,5120000.0,level 3,Global Tailing Dam [https://www.grida.no/publications/472],https://www.sasol.com/sites/default/files/content/files/CEPB%20Ltr_Disclosure%20on%20Tailings%20Dams_21%2008%202019.pdf
1799,Not given,FAD4,Sasol Mining,South Africa,-26.838593,27.826403,Inactive,1955.0,14000000.0,14920000.0,level 3,Global Tailing Dam [https://www.grida.no/publications/472],https://www.sasol.com/sites/default/files/content/files/CEPB%20Ltr_Disclosure%20on%20Tailings%20Dams_21%2008%202019.pdf
1800,Not given,FAD5,Sasol Mining,South Africa,-26.844413,27.817334,Active,1955.0,26000000.0,27950000.0,level 3,Global Tailing Dam [https://www.grida.no/publications/472],https://www.sasol.com/sites/default/files/content/files/CEPB%20Ltr_Disclosure%20on%20Tailings%20Dams_21%2008%202019.pdf
1792,Twistdraai Export Plant,Phase 1,Sasol Mining,South Africa,-26.564383,29.19965,Active,2001.0,6425000.0,8625000.0,Medium,Global Tailing Dam [https://www.grida.no/publications/472],https://www.sasol.com/sites/default/files/content/files/CEPB%20Ltr_Disclosure%20on%20Tailings%20Dams_21%2008%202019.pdf
1793,Twistdraai Export Plant,Phase 2,Sasol Mining,South Africa,-26.564383,29.19965,Active,2001.0,6425000.0,8625000.0,Medium,Global Tailing Dam [https://www.grida.no/publications/472],https://www.sasol.com/sites/default/files/content/files/CEPB%20Ltr_Disclosure%20on%20Tailings%20Dams_21%2008%202019.pdf
1794,Twistdraai Export Plant,Phase 3a,Sasol Mining,South Africa,-26.564383,29.19965,Active,2001.0,6425000.0,8625000.0,Medium,Global Tailing Dam [https://www.grida.no/publications/472],https://www.sasol.com/sites/default/files/content/files/CEPB%20Ltr_Disclosure%20on%20Tailings%20Dams_21%2008%202019.pdf
1795,Twistdraai Export Plant,South Stack,Sasol Mining,South Africa,-26.564383,29.19965,Active,2001.0,6425000.0,8625000.0,Medium,Global Tailing Dam [https://www.grida.no/publications/472],https://www.sasol.com/sites/default/files/content/files/CEPB%20Ltr_Disclosure%20on%20Tailings%20Dams_21%2008%202019.pdf
1665,Twistdraai Export Plant,TEP Residue Facility,Sasol Mining,South Africa,-26.564383,29.19965,Active,2001.0,25700000.0,5000000.0,Medium,Global Tailing Dam [https://www.grida.no/publications/472],https://www.sasol.com/sites/default/files/content/files/CEPB%20Ltr_Disclosure%20on%20Tailings%20Dams_21%2008%202019.pdf
953,Ezulwini,Ezulwini North TSF (Active),Sibanye-Stillwater,South Africa,-26.35345,27.725678,Active,1982.0,21700000.0,30790000.0,High,Global Tailing Dam [https://www.grida.no/publications/472],https://thevault.exchange/?get_group_doc=245/1559906270-sibanye-stillwater-tailings-storage-facilities-07jun2019.pdf
952,Ezulwini,Ezulwini South TSF (Dormant),Sibanye-Stillwater,South Africa,-26.381167,27.719767,Inactive Care and Maintenance,1959.0,61000000.0,68580000.0,Medium,Global Tailing Dam [https://www.grida.no/publications/472],https://thevault.exchange/?get_group_doc=245/1559906270-sibanye-stillwater-tailings-storage-facilities-07jun2019.pdf
975,Driefontein,Driefontein TSF 3,Sibanye-Stillwater,South Africa,-26.36845,27.450767,Inactive,1982.0,32700000.0,32600000.0,High,Global Tailing Dam [https://www.grida.no/publications/472],https://thevault.exchange/?get_group_doc=245/1559906270-sibanye-stillwater-tailings-storage-facilities-07jun2019.pdf
973,Driefontein,Driefontein TSF 4,Sibanye-Stillwater,South Africa,-26.347483,27.45585,Active,1990.0,55000000.0,73000000.0,High,Global Tailing Dam [https://www.grida.no/publications/472],https://thevault.exchange/?get_group_doc=245/1559906270-sibanye-stillwater-tailings-storage-facilities-07jun2019.pdf
974,Driefontein,Driefontein TSF 5,Sibanye-Stillwater,South Africa,-26.398783,27.41415,Closed,1963.0,17500000.0,0.0,Not applicable,Global Tailing Dam [https://www.grida.no/publications/472],https://thevault.exchange/?get_group_doc=245/1559906270-sibanye-stillwater-tailings-storage-facilities-07jun2019.pdf
976,Libanon,Libanon TSF,Sibanye-Stillwater,South Africa,-26.337267,27.618267,Inactive,1960.0,51000000.0,51000000.0,High,Global Tailing Dam [https://www.grida.no/publications/472],https://thevault.exchange/?get_group_doc=245/1559906270-sibanye-stillwater-tailings-storage-facilities-07jun2019.pdf
977,Venterspost,Venterspost North TSF,Sibanye-Stillwater,South Africa,-26.262183,27.637683,Inactive,1954.0,38000000.0,38000000.0,High,Global Tailing Dam [https://www.grida.no/publications/472],https://thevault.exchange/?get_group_doc=245/1559906270-sibanye-stillwater-tailings-storage-facilities-07jun2019.pdf
978,Venterspost,Venterspost South TSF,Sibanye-Stillwater,South Africa,-26.278283,27.637367,Inactive,1985.0,8600000.0,86000000.0,High,Global Tailing Dam [https://www.grida.no/publications/472],https://thevault.exchange/?get_group_doc=245/1559906270-sibanye-stillwater-tailings-storage-facilities-07jun2019.pdf
950,Cooke mine,Cooke TSF,Sibanye-Stillwater,South Africa,-26.243453,27.749525,Inactive Care and Maintenance,1977.0,73000000.0,73000000.0,Medium,Global Tailing Dam [https://www.grida.no/publications/472],https://thevault.exchange/?get_group_doc=245/1559906270-sibanye-stillwater-tailings-storage-facilities-07jun2019.pdf
951,Cooke mine,"Millsite complex (38,39,40,41, Valley dam)",Sibanye-Stillwater,South Africa,-26.131744,27.701814,Inactive Care and Maintenance,1900.0,79000000.0,86580000.0,Medium,Global Tailing Dam [https://www.grida.no/publications/472],https://thevault.exchange/?get_group_doc=245/1559906270-sibanye-stillwater-tailings-storage-facilities-07jun2019.pdf
961,Burnstone,Burnstone TSF,Sibanye-Stillwater,South Africa,-26.622433,28.678236,Inactive Care and Maintenance,2010.0,1000000.0,1000000.0,High,Global Tailing Dam [https://www.grida.no/publications/472],https://thevault.exchange/?get_group_doc=245/1559906270-sibanye-stillwater-tailings-storage-facilities-07jun2019.pdf
958,Beatrix,BTX1 (Beatrix Dormant TSF compartment),Sibanye-Stillwater,South Africa,-28.28695,26.770411,Inactive Care and Maintenance,1983.0,31800000.0,31800000.0,High,Global Tailing Dam [https://www.grida.no/publications/472],https://thevault.exchange/?get_group_doc=245/1559906270-sibanye-stillwater-tailings-storage-facilities-07jun2019.pdf
959,Beatrix,BTX2 (Beatrix Active TSF compartment),Sibanye-Stillwater,South Africa,-28.273697,26.771658,Active,2002.0,23600000.0,33700000.0,High,Global Tailing Dam [https://www.grida.no/publications/472],https://thevault.exchange/?get_group_doc=245/1559906270-sibanye-stillwater-tailings-storage-facilities-07jun2019.pdf
960,Beatrix,BTX4 (Oryx TSF),Sibanye-Stillwater,South Africa,-28.188975,26.703736,Active,1981.0,18000000.0,18000000.0,High,Global Tailing Dam [https://www.grida.no/publications/472],https://thevault.exchange/?get_group_doc=245/1559906270-sibanye-stillwater-tailings-storage-facilities-07jun2019.pdf
956,Driefontein,Driefontein 1 TSF,Sibanye-Stillwater,South Africa,-26.243453,27.749525,Active,1972.0,37000000.0,54510000.0,High,Global Tailing Dam [https://www.grida.no/publications/472],https://thevault.exchange/?get_group_doc=245/1559906270-sibanye-stillwater-tailings-storage-facilities-07jun2019.pdf
957,Driefontein,Driefontein 2 TSF,Sibanye-Stillwater,South Africa,-26.370528,27.502658,Active,1972.0,35000000.0,54510000.0,High,Global Tailing Dam [https://www.grida.no/publications/472],https://thevault.exchange/?get_group_doc=245/1559906270-sibanye-stillwater-tailings-storage-facilities-07jun2019.pdf
954,Kloof,Kloof TSF 2,Sibanye-Stillwater,South Africa,-26.443442,27.590844,Active,1960.0,41500000.0,46020000.0,Medium,Global Tailing Dam [https://www.grida.no/publications/472],https://thevault.exchange/?get_group_doc=245/1559906270-sibanye-stillwater-tailings-storage-facilities-07jun2019.pdf
966,Kroondal Mine,K1,Sibanye-Stillwater,South Africa,-25.71306,27.3296,Active,1999.0,5300000.0,6200000.0,High,Global Tailing Dam [https://www.grida.no/publications/472],https://thevault.exchange/?get_group_doc=245/1559906270-sibanye-stillwater-tailings-storage-facilities-07jun2019.pdf
967,Kroondal Mine,K150,Sibanye-Stillwater,South Africa,-25.7164,27.35163,Active,2001.0,10100000.0,11900000.0,High,Global Tailing Dam [https://www.grida.no/publications/472],https://thevault.exchange/?get_group_doc=245/1559906270-sibanye-stillwater-tailings-storage-facilities-07jun2019.pdf
968,Kroondal Mine,K2,Sibanye-Stillwater,South Africa,-25.71688,27.3604,Active,2005.0,16000000.0,18400000.0,High,Global Tailing Dam [https://www.grida.no/publications/472],https://thevault.exchange/?get_group_doc=245/1559906270-sibanye-stillwater-tailings-storage-facilities-07jun2019.pdf
969,Kroondal Mine,Marikana,Sibanye-Stillwater,South Africa,-25.732519,27.40939,Active,1999.0,11900000.0,16800000.0,High,Global Tailing Dam [https://www.grida.no/publications/472],https://thevault.exchange/?get_group_doc=245/1559906270-sibanye-stillwater-tailings-storage-facilities-07jun2019.pdf
955,Leeudoorn,Leeudoorn TSF,Sibanye-Stillwater,South Africa,-26.460103,27.568003,Active,1982.0,19600000.0,24620000.0,Medium,Global Tailing Dam [https://www.grida.no/publications/472],https://thevault.exchange/?get_group_doc=245/1559906270-sibanye-stillwater-tailings-storage-facilities-07jun2019.pdf
962,Rustenburg operations,Paardekraal Central,Sibanye-Stillwater,South Africa,-25.6373,27.3171,Active,1983.0,160000000.0,181500000.0,High,Global Tailing Dam [https://www.grida.no/publications/472],https://thevault.exchange/?get_group_doc=245/1559906270-sibanye-stillwater-tailings-storage-facilities-07jun2019.pdf
963,Rustenburg operations,Paardekraal PK4,Sibanye-Stillwater,South Africa,-25.6273,27.3053,Active,2007.0,39500000.0,53000000.0,High,Global Tailing Dam [https://www.grida.no/publications/472],https://thevault.exchange/?get_group_doc=245/1559906270-sibanye-stillwater-tailings-storage-facilities-07jun2019.pdf
964,Rustenburg operations,Paardekraal PK5,Sibanye-Stillwater,South Africa,-25.6457,27.3271,Active,2008.0,16500000.0,23200000.0,High,Global Tailing Dam [https://www.grida.no/publications/472],https://thevault.exchange/?get_group_doc=245/1559906270-sibanye-stillwater-tailings-storage-facilities-07jun2019.pdf
965,Rustenburg operations,Western Limb Tailings Retreatment Plant,Sibanye-Stillwater,South Africa,-25.6727,27.4097,Active,2004.0,39500000.0,54000000.0,High,Global Tailing Dam [https://www.grida.no/publications/472],https://thevault.exchange/?get_group_doc=245/1559906270-sibanye-stillwater-tailings-storage-facilities-07jun2019.pdf
1180,Mamatwan,Adams pit,South32,South Africa,-27.381767,22.9879,Active,1988.0,,20000.0,Not applicable,Global Tailing Dam [https://www.grida.no/publications/472],https://www.south32.net/docs/default-source/all-financial-results/reports-and-presentations/south32-tailings-storage-facilities-management-2019.pdf?sfvrsn=4ced3a98_12
1181,Metalloys,New North Plant Sludge Dam,South32,South Africa,-26.567933,27.987683,Active,1998.0,60000.0,80000.0,Small Category 1,Global Tailing Dam [https://www.grida.no/publications/472],https://www.south32.net/docs/default-source/all-financial-results/reports-and-presentations/south32-tailings-storage-facilities-management-2019.pdf?sfvrsn=4ced3a98_12
1182,Metalloys,New West Plant Sludge Dam,South32,South Africa,-26.56065,27.9865,Active,1998.0,90000.0,110000.0,Small Category 2,Global Tailing Dam [https://www.grida.no/publications/472],https://www.south32.net/docs/default-source/all-financial-results/reports-and-presentations/south32-tailings-storage-facilities-management-2019.pdf?sfvrsn=4ced3a98_12
1179,Wessels,Wessels TSF,South32,South Africa,-27.111883,22.859583,Active,1973.0,250000.0,0.0,Low,Global Tailing Dam [https://www.grida.no/publications/472],https://www.south32.net/docs/default-source/all-financial-results/reports-and-presentations/south32-tailings-storage-facilities-management-2019.pdf?sfvrsn=4ced3a98_12
1205,SAEC,5# Slurry Cells,South32,South Africa,-26.105933,29.025933,Inactive,2004.0,0.0,0.0,Low,Global Tailing Dam [https://www.grida.no/publications/472],https://www.south32.net/docs/default-source/all-financial-results/reports-and-presentations/south32-tailings-storage-facilities-management-2019.pdf?sfvrsn=4ced3a98_12
1203,SAEC,Checkpoint 1 Slurry Dam,South32,South Africa,-25.931467,29.3966,Inactive,,700000.0,0.0,Medium,Global Tailing Dam [https://www.grida.no/publications/472],https://www.south32.net/docs/default-source/all-financial-results/reports-and-presentations/south32-tailings-storage-facilities-management-2019.pdf?sfvrsn=4ced3a98_12
1200,SAEC,Dam 45,South32,South Africa,-25.921,29.4041,Inactive,,5100000.0,0.0,Medium,Global Tailing Dam [https://www.grida.no/publications/472],https://www.south32.net/docs/default-source/all-financial-results/reports-and-presentations/south32-tailings-storage-facilities-management-2019.pdf?sfvrsn=4ced3a98_12
1201,SAEC,Dam 46,South32,South Africa,-25.919617,29.398583,Inactive,,4900000.0,0.0,Medium,Global Tailing Dam [https://www.grida.no/publications/472],https://www.south32.net/docs/default-source/all-financial-results/reports-and-presentations/south32-tailings-storage-facilities-management-2019.pdf?sfvrsn=4ced3a98_12
1197,SAEC,North Export Plant Slurry Facility,South32,South Africa,-25.944133,29.414367,Active,2010.0,10200000.0,10690000.0,Medium,Global Tailing Dam [https://www.grida.no/publications/472],https://www.south32.net/docs/default-source/all-financial-results/reports-and-presentations/south32-tailings-storage-facilities-management-2019.pdf?sfvrsn=4ced3a98_12
1204,SAEC,PSS Slurry Dam,South32,South Africa,-26.0845,29.2942,Inactive,2002.0,23500000.0,0.0,Medium,Global Tailing Dam [https://www.grida.no/publications/472],https://www.south32.net/docs/default-source/all-financial-results/reports-and-presentations/south32-tailings-storage-facilities-management-2019.pdf?sfvrsn=4ced3a98_12
1202,SAEC,Rietspruit Coal Fines Slurry Dam,South32,South Africa,-26.15885,29.1941,Inactive,,,0.0,Medium,Global Tailing Dam [https://www.grida.no/publications/472],https://www.south32.net/docs/default-source/all-financial-results/reports-and-presentations/south32-tailings-storage-facilities-management-2019.pdf?sfvrsn=4ced3a98_12
1199,SAEC,South Export Plant Slurry Cells,South32,South Africa,-26.008583,29.335517,Active,,300000.0,4000000.0,Low,Global Tailing Dam [https://www.grida.no/publications/472],https://www.south32.net/docs/default-source/all-financial-results/reports-and-presentations/south32-tailings-storage-facilities-management-2019.pdf?sfvrsn=4ced3a98_12
1198,SAEC,VDD Coal Fines Slurry Dams,South32,South Africa,-26.091333,29.293333,Inactive,,700000.0,0.0,Medium,Global Tailing Dam [https://www.grida.no/publications/472],https://www.south32.net/docs/default-source/all-financial-results/reports-and-presentations/south32-tailings-storage-facilities-management-2019.pdf?sfvrsn=4ced3a98_12
1735,BMM,Black Mountain TSF,Vedanta Resources,South Africa,-29.261167,18.797778,Active,1979.0,32100000.0,37100000.0,Category C,Global Tailing Dam [https://www.grida.no/publications/472],https://www.vedantaresources.com/FactSheet/Sustainable%20Tailings.pdf
1734,Gamsberg,Gamsberg Zinc TSF,Vedanta Resources,South Africa,-29.190972,18.946194,Active,2018.0,1600000.0,15900000.0,Category B,Global Tailing Dam [https://www.grida.no/publications/472],https://www.vedantaresources.com/FactSheet/Sustainable%20Tailings.pdf
552,San Ciprian,RSA 1,Alcoa,Spain,43.710602,-7.495062,Active,1980.0,22680000.0,28200000.0,Very High,Global Tailing Dam [https://www.grida.no/publications/472],https://www.alcoa.com/sustainability/en/pdf/impoundments-introduction.pdf
2021,N/A,Cobre Las Cruces TSF,First Quantum Minerals,Spain,37.508161,-6.110253,Active,2009.0,7076000.0,7052000.0,High ,Global Tailing Dam [https://www.grida.no/publications/472],https://s24.q4cdn.com/821689673/files/doc_downloads/tailings-management/Tailings-Dam-Management-Disclosure-Request-April-2020-FINAL.xlsx
759,Asturiana De Zinc Smelter,Tailings Management Facility (Balsa I),Glencore,Spain,43.581389,-5.939444,Closed,1967.0,500000.0,500000.0,Low,Global Tailing Dam [https://www.grida.no/publications/472],https://www.glencore.com/dam/jcr:58e3d8ff-97c1-422f-8d31-dd2fee89fcc3/Glencore_TSFs_190614.pdf
760,Asturiana De Zinc Smelter,Tailings Management Facility (Balsa II),Glencore,Spain,43.58,-5.942778,Closed,1985.0,1300000.0,1300000.0,Low,Global Tailing Dam [https://www.grida.no/publications/472],https://www.glencore.com/dam/jcr:58e3d8ff-97c1-422f-8d31-dd2fee89fcc3/Glencore_TSFs_190614.pdf
761,Asturiana De Zinc Smelter,Tailings Management Facility (Balsa III),Glencore,Spain,43.583611,-5.938056,Active,1995.0,1000000.0,1500000.0,High,Global Tailing Dam [https://www.grida.no/publications/472],https://www.glencore.com/dam/jcr:58e3d8ff-97c1-422f-8d31-dd2fee89fcc3/Glencore_TSFs_190614.pdf
553,Suralco LLC,DRDA 1,Alcoa,Suriname,5.588,-55.121,Inactive,1996.0,14000000.0,14000000.0,Significant,Global Tailing Dam [https://www.grida.no/publications/472],https://www.alcoa.com/sustainability/en/pdf/impoundments-introduction.pdf
554,Suralco LLC,DRDA 1Ext.,Alcoa,Suriname,5.591,-55.113,Inactive,2003.0,4500000.0,4500000.0,Significant,Global Tailing Dam [https://www.grida.no/publications/472],https://www.alcoa.com/sustainability/en/pdf/impoundments-introduction.pdf
555,Suralco LLC,DRDA 2,Alcoa,Suriname,5.608,-55.134,Inactive,2007.0,3700000.0,3700000.0,Significant,Global Tailing Dam [https://www.grida.no/publications/472],https://www.alcoa.com/sustainability/en/pdf/impoundments-introduction.pdf
556,Suralco LLC,Mine lands ponds (4x),Alcoa,Suriname,5.618,-54.277,Inactive,2006.0,934171.0,934171.0,Low,Global Tailing Dam [https://www.grida.no/publications/472],https://www.alcoa.com/sustainability/en/pdf/impoundments-introduction.pdf
557,Suralco LLC,RSA 1,Alcoa,Suriname,5.588,-55.111,Inactive,1965.0,1900000.0,1900000.0,Significant,Global Tailing Dam [https://www.grida.no/publications/472],https://www.alcoa.com/sustainability/en/pdf/impoundments-introduction.pdf
558,Suralco LLC,RSA 2,Alcoa,Suriname,5.587,-55.116,Inactive,1967.0,2400000.0,2400000.0,Significant,Global Tailing Dam [https://www.grida.no/publications/472],https://www.alcoa.com/sustainability/en/pdf/impoundments-introduction.pdf
559,Suralco LLC,RSA 3,Alcoa,Suriname,5.594,-55.113,Inactive,1969.0,2300000.0,2300000.0,Significant,Global Tailing Dam [https://www.grida.no/publications/472],https://www.alcoa.com/sustainability/en/pdf/impoundments-introduction.pdf
560,Suralco LLC,RSA 4,Alcoa,Suriname,5.585,-55.123,Inactive,1972.0,3300000.0,3300000.0,Significant,Global Tailing Dam [https://www.grida.no/publications/472],https://www.alcoa.com/sustainability/en/pdf/impoundments-introduction.pdf
561,Suralco LLC,RSA 5A,Alcoa,Suriname,5.588,-55.125,Inactive,1974.0,2000000.0,2000000.0,Significant,Global Tailing Dam [https://www.grida.no/publications/472],https://www.alcoa.com/sustainability/en/pdf/impoundments-introduction.pdf
562,Suralco LLC,RSA 5C,Alcoa,Suriname,5.591,-55.119,Inactive,1978.0,3000000.0,3000000.0,Significant,Global Tailing Dam [https://www.grida.no/publications/472],https://www.alcoa.com/sustainability/en/pdf/impoundments-introduction.pdf
563,Suralco LLC,RSA 6,Alcoa,Suriname,5.61,-55.129,Inactive,1984.0,14200000.0,14200000.0,Significant,Global Tailing Dam [https://www.grida.no/publications/472],https://www.alcoa.com/sustainability/en/pdf/impoundments-introduction.pdf
1542,Rosebel Gold Mines,ROSEBEL GOLD MINES N.V,IAMGOLD Corp,Suriname,5.143364,-55.2004,Active,2003.0,116200000.0,159000000.0,High risk,Global Tailing Dam [https://www.grida.no/publications/472],https://s1.q4cdn.com/060001837/files/doc_downloads/policies/2019/Copy-of-Church-of-England-Master_edits.pdf
1914,Merian,Merian TSF,Newmont Goldcorp,Suriname,5.098512,-54.577599,Active,2016.0,28000000.0,75000000.0,High,Global Tailing Dam [https://www.grida.no/publications/472],https://www.newmontgoldcorp.com/document/church-of-england-tailings-management/
253,Aitik,Aitik TMF,Boliden,Sweden,67.07,20.8,Active,1968.0,550000000.0,770000000.0,Category A,Global Tailing Dam [https://www.grida.no/publications/472],https://www.boliden.com/globalassets/sustainability/our-responsibilities/in-focus/tailings_safety_disclosure_response_boliden.pdf
259,Garpenberg,RyllshytteTMF(Garpenberg),Boliden,Sweden,60.31,16.15,Active,1963.0,30000000.0,37500000.0,Category A,Global Tailing Dam [https://www.grida.no/publications/472],https://www.boliden.com/globalassets/sustainability/our-responsibilities/in-focus/tailings_safety_disclosure_response_boliden.pdf
250,Gillervattnet,GillervattnetTMF(BolidenArea),Boliden,Sweden,64.86,20.31,Closed,1974.0,25000000.0,25000000.0,Category A,Global Tailing Dam [https://www.grida.no/publications/472],https://www.boliden.com/globalassets/sustainability/our-responsibilities/in-focus/tailings_safety_disclosure_response_boliden.pdf
251,Hotjarn Maurliden,HötjärnTMF(BolidenArea),Boliden,Sweden,64.85,20.32,Active,2011.0,8000000.0,13000000.0,Category A,Global Tailing Dam [https://www.grida.no/publications/472],https://www.boliden.com/globalassets/sustainability/our-responsibilities/in-focus/tailings_safety_disclosure_response_boliden.pdf
252,Kristineberg,Kristineberg TMF(BolidenArea),Boliden,Sweden,65.08,18.6,Inactive Care and Maintenance,1952.0,10000000.0,10000000.0,Category A,Global Tailing Dam [https://www.grida.no/publications/472],https://www.boliden.com/globalassets/sustainability/our-responsibilities/in-focus/tailings_safety_disclosure_response_boliden.pdf
258,Stekenjokk,Stekenjokk TMF,Boliden,Sweden,65.1,14.46,Closed,1974.0,2500000.0,2500000.0,Category A,Global Tailing Dam [https://www.grida.no/publications/472],https://www.boliden.com/globalassets/sustainability/our-responsibilities/in-focus/tailings_safety_disclosure_response_boliden.pdf
2072,Kiruna,Klarningsmagasinet Kiruna,LKAB,Sweden,67.810218,20.131592,Active,1977.0,,,C,Global Tailing Dam [https://www.grida.no/publications/472],https://www.lkab.com/en/
2073,Kiruna,KS-magasinet Kiruna,LKAB,Sweden,67.839683,20.14742,Active,2012.0,11500.0,11500.0,B,Global Tailing Dam [https://www.grida.no/publications/472],https://www.lkab.com/en/
2071,Kiruna,Sandmagasinet Kiruna,LKAB,Sweden,67.832396,20.121349,Active,1977.0,50000000.0,60000000.0,B,Global Tailing Dam [https://www.grida.no/publications/472],
2078,Malmberget,FoU-magasinet Malmberget,LKAB,Sweden,67.187953,20.732936,Active,,1600.0,1600.0,-,Global Tailing Dam [https://www.grida.no/publications/472],https://www.lkab.com/en/
2079,Malmberget,Gamla sandmagasinet Malmberget,LKAB,Sweden,67.198777,20.727898,Closed,1958.0,,,-,Global Tailing Dam [https://www.grida.no/publications/472],https://www.lkab.com/en/
2077,Malmberget,Klarningsmagasinet Malmberget,LKAB,Sweden,67.211646,20.695974,Active,1976.0,,,C,Global Tailing Dam [https://www.grida.no/publications/472],https://www.lkab.com/en/
2076,Malmberget,Sandmagasinet Malmberget,LKAB,Sweden,67.213875,20.664149,Active,1974.0,44000000.0,51300000.0,B,Global Tailing Dam [https://www.grida.no/publications/472],https://www.lkab.com/en/
2075,Svappavaara,Recipientmagasinet Svappavaara,LKAB,Sweden,67.654636,20.966305,Active,1964.0,,,B,Global Tailing Dam [https://www.grida.no/publications/472],https://www.lkab.com/en/
2074,Svappavaara,Sandmagasinet Svappavaara,LKAB,Sweden,67.642219,20.965394,Active,1967.0,18000000.0,21300000.0,B,Global Tailing Dam [https://www.grida.no/publications/472],https://www.lkab.com/en/
1340,Zinkgruvan,Enemossen East Tailings Facility,Lundin Mining,Sweden,58.7773,15.106731,Active,2017.0,1000000.0,5000000.0,Class B,Global Tailing Dam [https://www.grida.no/publications/472],https://www.lundinmining.com/site/assets/files/3607/190705_-_lun_-_tailings_summary_and_fact_sheet.pdf
1341,Zinkgruvan,Enemossen Tailings Facility,Lundin Mining,Sweden,58.778267,15.096828,Inactive,1977.0,12000000.0,13000000.0,Class B,Global Tailing Dam [https://www.grida.no/publications/472],https://www.lundinmining.com/site/assets/files/3607/190705_-_lun_-_tailings_summary_and_fact_sheet.pdf
840,Geita,Geita TSF,AngloGold Ashanti,Tanzania,-2.844858,32.173351,Active,2000.0,73000000.0,91000000.0,High,Global Tailing Dam [https://www.grida.no/publications/472],https://thevault.exchange/?get_group_doc=143/1560011239-AngloGoldAshantiMineTailingsDisclosurecertifiedbytheChairmanandChiefExecutiveOfficer.pdf
841,Geita,Old TSF,AngloGold Ashanti,Tanzania,-2.865639,32.181306,Inactive Care and Maintenance,1939.0,1900000.0,1900000.0,High,Global Tailing Dam [https://www.grida.no/publications/472],https://thevault.exchange/?get_group_doc=143/1560011239-AngloGoldAshantiMineTailingsDisclosurecertifiedbytheChairmanandChiefExecutiveOfficer.pdf
205,Bulyanhulu,Bulyanhulu TSF,Barrick Gold Corporation,Tanzania,-3.234281,32.486293,Active,2015.0,8000000.0,45000000.0,High,Global Tailing Dam [https://www.grida.no/publications/472],https://barrick.q4cdn.com/788666289/files/doc_downloads/2019/06/Letter-to-the-CoE-plus-inventory.pdf
206,Buzwagi,Buzwagi TSF,Barrick Gold Corporation,Tanzania,-3.857605,32.679994,Active,2009.0,32300000.0,33300000.0,High,Global Tailing Dam [https://www.grida.no/publications/472],https://barrick.q4cdn.com/788666289/files/doc_downloads/2019/06/Letter-to-the-CoE-plus-inventory.pdf
207,North Mara,North Mara TSF,Barrick Gold Corporation,Tanzania,-1.473721,34.499459,Active,2002.0,30000000.0,33000000.0,Extreme,Global Tailing Dam [https://www.grida.no/publications/472],https://barrick.q4cdn.com/788666289/files/doc_downloads/2019/06/Letter-to-the-CoE-plus-inventory.pdf
2016,Williamson Diamond Mine,"3 Tailings dams, Phase 1,2,3",Petra Diamonds,Tanzania,-3.5265,33.613667,Active,2005.0,25760000.0,9920634.0,High Hazard,Global Tailing Dam [https://www.grida.no/publications/472],https://www.petradiamonds.com/wp-content/uploads/CoE-Tailings-Safety-Disclosure-Response-Petra-Diamonds-All-Mines-June-2020-FINAL.pdf
2870,Ranong,Pond 15,Imerys,Thailand,9.94573,98.683597,Active,2001.0,3000.0,20000.0,Significant,Global Tailing Dam [https://www.grida.no/publications/472],
2866,Ranong,Pond 3,Imerys,Thailand,9.947129,98.686323,Active,1992.0,40000.0,50000.0,Significant,Global Tailing Dam [https://www.grida.no/publications/472],
2867,Ranong,Pond 4,Imerys,Thailand,9.948334,98.688382,Active,1992.0,7500.0,10000.0,Low,Global Tailing Dam [https://www.grida.no/publications/472],
2868,Ranong,Pond 5,Imerys,Thailand,9.949827,98.688492,Active,1995.0,5000.0,12000.0,Low,Global Tailing Dam [https://www.grida.no/publications/472],
2869,Ranong,Pond 6,Imerys,Thailand,9.950508,98.688549,Active,1995.0,6000.0,12500.0,Low,Global Tailing Dam [https://www.grida.no/publications/472],
1771,Copler Mine ,Çöpler Mine TSF,Alacer Gold,Turkey,39.43194,38.55639,Active,2018.0,3956012.0,19311491.0,Significant,Global Tailing Dam [https://www.grida.no/publications/472],https://www.alacergold.com/docs/default-source/general/tsf-letter-from-president-w-coe-responses-2019-07-final.pdf?sfvrsn=2
466,Whinnyhall,Whinnyhall Landfill,Rio Tinto,UK,56.07323,-3.21091,Closed,1945.0,2000000.0,2000000.0,Low,Global Tailing Dam [https://www.grida.no/publications/472],https://www.riotinto.com/sustainability/environment/tailings
1405,Kryvyi Rih,Kryvyi Rih TSF,ArcelorMittal,Ukraine,47.824903,33.408897,Active,1976.0,2600000.0,46700000.0,Extreme,Global Tailing Dam [https://www.grida.no/publications/472],https://drive.google.com/file/d/1Pj-UZaWctl9i0lKc4XpjybSoT9CN74tb/view
1407,Kryvyi Rih,Kryvyi Rih TSF - Centralnoie,ArcelorMittal,Ukraine,47.827197,33.394528,Active,2005.0,4000000.0,,High,Global Tailing Dam [https://www.grida.no/publications/472],https://drive.google.com/file/d/1Pj-UZaWctl9i0lKc4XpjybSoT9CN74tb/view
1406,Kryvyi Rih,Kryvyi Rih TSF - Karta 4,ArcelorMittal,Ukraine,47.797456,33.374936,Active,1971.0,7610000.0,,Extreme,Global Tailing Dam [https://www.grida.no/publications/472],https://drive.google.com/file/d/1Pj-UZaWctl9i0lKc4XpjybSoT9CN74tb/view
1535,Poltava Mine,Compartment 1,Ferrexpo,Ukraine,49.002778,33.727222,Active,1970.0,9960000.0,13000000.0,Category  ,Global Tailing Dam [https://www.grida.no/publications/472],https://www.ferrexpo.com/sites/default/files/attachments/pdf/ferrexpo-tsfs-factsheet-v8-8-2019.pdf
1536,Poltava Mine,Compartment 3,Ferrexpo,Ukraine,49.002778,33.727222,Active,1970.0,8833000.0,13000000.0,Category  ,Global Tailing Dam [https://www.grida.no/publications/472],https://www.ferrexpo.com/sites/default/files/attachments/pdf/ferrexpo-tsfs-factsheet-v8-8-2019.pdf
2853,UK Platform,Dorothy Pit,Imerys,United Kingdom,50.379709,-4.850785,Active,2016.0,500000.0,1000000.0,Low,Global Tailing Dam [https://www.grida.no/publications/472],
2865,UK Platform,Dubbers Mica Dam,Imerys,United Kingdom,50.372025,-4.850719,Rehabilitation Ongoing,1972.0,8000000.0,8000000.0,Significant,Global Tailing Dam [https://www.grida.no/publications/472],
2854,UK Platform,Gilleys Mica Dam,Imerys,United Kingdom,50.393855,-4.844699,Rehabilitated,,1500000.0,1500000.0,Low,Global Tailing Dam [https://www.grida.no/publications/472],
2862,UK Platform,Goonvean Residue Lagoon,Imerys,United Kingdom,50.36,-4.887942,Active,2019.0,750000.0,2000000.0,Low,Global Tailing Dam [https://www.grida.no/publications/472],
2859,UK Platform,Hendra Residue Lagoon,Imerys,United Kingdom,50.373344,-4.873669,Inactive,2004.0,4000000.0,4000000.0,Low,Global Tailing Dam [https://www.grida.no/publications/472],
2861,UK Platform,Kernick Mica Dam,Imerys,United Kingdom,50.360026,-4.897984,Rehabilitated,1972.0,15000000.0,15000000.0,Significant,Global Tailing Dam [https://www.grida.no/publications/472],
2855,UK Platform,Lower Ninestones Mica Dam,Imerys,United Kingdom,50.371025,-4.802389,Rehabilitated,,500000.0,500000.0,Significant,Global Tailing Dam [https://www.grida.no/publications/472],
2858,UK Platform,Maggie Pye Mica Dam,Imerys,United Kingdom,50.351928,-4.903939,Closed,1945.0,2100000.0,2100000.0,Significant,Global Tailing Dam [https://www.grida.no/publications/472],
2860,UK Platform,Old Trelavour Residue Lagoon,Imerys,United Kingdom,50.37995,-4.870157,Inactive,2017.0,100000.0,100000.0,Low,Global Tailing Dam [https://www.grida.no/publications/472],
2856,UK Platform,Penhale (Higher Ninestones) Dam,Imerys,United Kingdom,50.370857,-4.798539,Closed,,1500000.0,1500000.0,Low,Global Tailing Dam [https://www.grida.no/publications/472],
2850,UK Platform,Portworthy 1,Imerys,United Kingdom,50.425528,-4.03047,Inactive,1966.0,2000000.0,2000000.0,Significant,Global Tailing Dam [https://www.grida.no/publications/472],
2851,UK Platform,Portworthy 2,Imerys,United Kingdom,50.429665,-4.028245,Rehabilitated,1974.0,4500000.0,4500000.0,Significant,Global Tailing Dam [https://www.grida.no/publications/472],
2852,UK Platform,Portworthy 3,Imerys,United Kingdom,50.430389,-4.015282,Rehabilitated,1992.0,2500000.0,2500000.0,Significant,Global Tailing Dam [https://www.grida.no/publications/472],
2864,UK Platform,Rocks Residue Lagoon,Imerys,United Kingdom,50.38984,-4.789926,Active,2008.0,2000000.0,2500000.0,Low,Global Tailing Dam [https://www.grida.no/publications/472],
2857,UK Platform,West Carclaze Mica Dam,Imerys,United Kingdom,50.362514,-4.786394,Rehabilitated,,2500000.0,2500000.0,Significant,Global Tailing Dam [https://www.grida.no/publications/472],
2863,UK Platform,Wheal Henry Mica Dam,Imerys,United Kingdom,50.395531,-4.787313,Inactive,,400000.0,400000.0,Significant,Global Tailing Dam [https://www.grida.no/publications/472],
564,"Bauxite, AR (Alcoa)",Brown Mud Lake,Alcoa,USA,34.568,-92.523,Closed,1950.0,30800000.0,30800000.0,Significant,Global Tailing Dam [https://www.grida.no/publications/472],https://www.alcoa.com/sustainability/en/pdf/impoundments-introduction.pdf
565,"Bauxite, AR (Alcoa)",S. Red Mud Lake,Alcoa,USA,34.57,-92.615,Closed,1950.0,1848000.0,1848000.0,Significant,Global Tailing Dam [https://www.grida.no/publications/472],https://www.alcoa.com/sustainability/en/pdf/impoundments-introduction.pdf
566,"Bauxite, AR (Reynolds)",Brown Mud Lakes,Alcoa,USA,34.568,-92.467,Closed,1945.0,40800000.0,40800000.0,High,Global Tailing Dam [https://www.grida.no/publications/472],https://www.alcoa.com/sustainability/en/pdf/impoundments-introduction.pdf
567,"Bauxite, AR (Reynolds)",Red Mud Lake #2,Alcoa,USA,34.571,-92.492,Closed,1990.0,576000.0,576000.0,High,Global Tailing Dam [https://www.grida.no/publications/472],https://www.alcoa.com/sustainability/en/pdf/impoundments-introduction.pdf
568,"Listerhill, AL",West Red Mud Lake,Alcoa,USA,34.765,-87.598,Closed,1940.0,288000.0,288000.0,Significant,Global Tailing Dam [https://www.grida.no/publications/472],https://www.alcoa.com/sustainability/en/pdf/impoundments-introduction.pdf
573,Sherwin Copano,Bed 1,Alcoa,USA,27.991,-97.206,Inactive,1965.0,25600000.0,25600000.0,Significant,Global Tailing Dam [https://www.grida.no/publications/472],https://www.alcoa.com/sustainability/en/pdf/impoundments-introduction.pdf
574,Sherwin Copano,Bed 2,Alcoa,USA,28.017,-97.184,Inactive,1965.0,17000000.0,17000000.0,High,Global Tailing Dam [https://www.grida.no/publications/472],https://www.alcoa.com/sustainability/en/pdf/impoundments-introduction.pdf
575,Sherwin Copano,Bed 3,Alcoa,USA,28.0,-97.193,Inactive,1965.0,8400000.0,8400000.0,High,Global Tailing Dam [https://www.grida.no/publications/472],https://www.alcoa.com/sustainability/en/pdf/impoundments-introduction.pdf
569,Point Comfort,RSA 1,Alcoa,USA,28.66,-96.536,Inactive,1959.0,3544000.0,3544000.0,Low,Global Tailing Dam [https://www.grida.no/publications/472],https://www.alcoa.com/sustainability/en/pdf/impoundments-introduction.pdf
570,Point Comfort,RSA 2,Alcoa,USA,28.663,-96.537,Inactive,1964.0,12120000.0,12120000.0,Low,Global Tailing Dam [https://www.grida.no/publications/472],https://www.alcoa.com/sustainability/en/pdf/impoundments-introduction.pdf
571,Point Comfort,RSA 3,Alcoa,USA,28.668,-96.554,Inactive,1969.0,10800000.0,10800000.0,Low,Global Tailing Dam [https://www.grida.no/publications/472],https://www.alcoa.com/sustainability/en/pdf/impoundments-introduction.pdf
572,Point Comfort,RSA 4,Alcoa,USA,28.675,-96.545,Inactive,1973.0,24515000.0,24515000.0,Low,Global Tailing Dam [https://www.grida.no/publications/472],https://www.alcoa.com/sustainability/en/pdf/impoundments-introduction.pdf
1418,Minorca Mine,Minorca Mine TSF,ArcelorMittal,USA,47.590369,-92.457075,Active,1977.0,91000000.0,106000000.0,Moderate,Global Tailing Dam [https://www.grida.no/publications/472],https://drive.google.com/file/d/1Pj-UZaWctl9i0lKc4XpjybSoT9CN74tb/view
1419,Minorca Mine,Minorca Mine TSF 2 inpit,ArcelorMittal,USA,47.538875,-92.512267,Active,2001.0,32000000.0,32000000.0,Moderate,Global Tailing Dam [https://www.grida.no/publications/472],https://drive.google.com/file/d/1Pj-UZaWctl9i0lKc4XpjybSoT9CN74tb/view
1420,Hibbing Taconite,Hibbing Taconite TSF,ArcelorMittal,USA,47.500211,-92.983736,Active,1974.0,846000000.0,946000000.0,Moderate,Global Tailing Dam [https://www.grida.no/publications/472],https://drive.google.com/file/d/1Pj-UZaWctl9i0lKc4XpjybSoT9CN74tb/view
234,Bullfrog,Impoundment 1,Barrick Gold Corporation,USA,36.870915,-116.814836,Closed,1989.0,6000000.0,6000000.0,Low,Global Tailing Dam [https://www.grida.no/publications/472],https://barrick.q4cdn.com/788666289/files/doc_downloads/2019/06/Letter-to-the-CoE-plus-inventory.pdf
235,Bullfrog,Impoundment 2,Barrick Gold Corporation,USA,36.874481,-116.810404,Closed,1991.0,6000000.0,6000000.0,Low,Global Tailing Dam [https://www.grida.no/publications/472],https://barrick.q4cdn.com/788666289/files/doc_downloads/2019/06/Letter-to-the-CoE-plus-inventory.pdf
236,Bullfrog,Impoundment 3,Barrick Gold Corporation,USA,36.878424,-116.814814,Closed,1995.0,5000000.0,5000000.0,Low,Global Tailing Dam [https://www.grida.no/publications/472],https://barrick.q4cdn.com/788666289/files/doc_downloads/2019/06/Letter-to-the-CoE-plus-inventory.pdf
237,Bullfrog,Impoundment 4,Barrick Gold Corporation,USA,36.874791,-116.819066,Closed,1997.0,5000000.0,5000000.0,Low,Global Tailing Dam [https://www.grida.no/publications/472],https://barrick.q4cdn.com/788666289/files/doc_downloads/2019/06/Letter-to-the-CoE-plus-inventory.pdf
1927,Carlin,Carlin James Creek,Barrick Gold Corporation,USA,40.775343,-116.205448,Closed,1985.0,400881.0,,Significant,Global Tailing Dam [https://www.grida.no/publications/472],https://barrick.q4cdn.com/788666289/files/doc_downloads/2019/06/Letter-to-the-CoE-plus-inventory.pdf
1921,Carlin,"Carlin, Mill 1",Barrick Gold Corporation,USA,40.91805,-116.326583,Closed,1965.0,17000000.0,17000000.0,Significant,Global Tailing Dam [https://www.grida.no/publications/472],https://barrick.q4cdn.com/788666289/files/doc_downloads/2019/06/Letter-to-the-CoE-plus-inventory.pdf
1923,Carlin,"Carlin, Mill3 (rain)",Barrick Gold Corporation,USA,40.596529,-116.013734,Closed,1987.0,3900000.0,,Significant,Global Tailing Dam [https://www.grida.no/publications/472],https://barrick.q4cdn.com/788666289/files/doc_downloads/2019/06/Letter-to-the-CoE-plus-inventory.pdf
1922,Carlin,"Carlin, Mill 4/2",Barrick Gold Corporation,USA,40.947096,-116.335377,Inactive,1992.0,10700000.0,,Significant,Global Tailing Dam [https://www.grida.no/publications/472],https://barrick.q4cdn.com/788666289/files/doc_downloads/2019/06/Letter-to-the-CoE-plus-inventory.pdf
1924,Carlin,Carlin Mill 5/6,Barrick Gold Corporation,USA,40.753694,-116.19986,Active,1992.0,97000000.0,98000000.0,Significant,Global Tailing Dam [https://www.grida.no/publications/472],https://barrick.q4cdn.com/788666289/files/doc_downloads/2019/06/Letter-to-the-CoE-plus-inventory.pdf
1926,Carlin,Carlin Mill 5/6 East,Barrick Gold Corporation,USA,40.753694,-116.19986,Active,2019.0,0.0,18000000.0,Significant,Global Tailing Dam [https://www.grida.no/publications/472],https://barrick.q4cdn.com/788666289/files/doc_downloads/2019/06/Letter-to-the-CoE-plus-inventory.pdf
1925,Carlin,Carlin Mill 5/6 West,Barrick Gold Corporation,USA,40.753694,-116.19986,Active,2011.0,28000000.0,46000000.0,Significant,Global Tailing Dam [https://www.grida.no/publications/472],https://barrick.q4cdn.com/788666289/files/doc_downloads/2019/06/Letter-to-the-CoE-plus-inventory.pdf
238,Colosseum,Colosseum TSF,Barrick Gold Corporation,USA,35.557803,-115.570102,Closed,1988.0,4200000.0,4200000.0,Low,Global Tailing Dam [https://www.grida.no/publications/472],https://barrick.q4cdn.com/788666289/files/doc_downloads/2019/06/Letter-to-the-CoE-plus-inventory.pdf
182,Cortez,Cell 4,Barrick Gold Corporation,USA,40.266031,-116.686047,Active,2013.0,27000000.0,39000000.0,Low,Global Tailing Dam [https://www.grida.no/publications/472],https://barrick.q4cdn.com/788666289/files/doc_downloads/2019/06/Letter-to-the-CoE-plus-inventory.pdf
181,Cortez,Cells1&2,Barrick Gold Corporation,USA,40.26248,-116.702689,Closed,1995.0,35000000.0,35000000.0,Significant,Global Tailing Dam [https://www.grida.no/publications/472],https://barrick.q4cdn.com/788666289/files/doc_downloads/2019/06/Letter-to-the-CoE-plus-inventory.pdf
183,Cortez,TA1-3,Barrick Gold Corporation,USA,40.203921,-116.62253,Closed,1969.0,5600000.0,5600000.0,Low,Global Tailing Dam [https://www.grida.no/publications/472],https://barrick.q4cdn.com/788666289/files/doc_downloads/2019/06/Letter-to-the-CoE-plus-inventory.pdf
184,Cortez,TA4-5,Barrick Gold Corporation,USA,40.213596,-116.617825,Closed,1974.0,1800000.0,1800000.0,Low,Global Tailing Dam [https://www.grida.no/publications/472],https://barrick.q4cdn.com/788666289/files/doc_downloads/2019/06/Letter-to-the-CoE-plus-inventory.pdf
185,Cortez,TA6,Barrick Gold Corporation,USA,40.213491,-116.624058,Closed,1984.0,5200000.0,5200000.0,Low,Global Tailing Dam [https://www.grida.no/publications/472],https://barrick.q4cdn.com/788666289/files/doc_downloads/2019/06/Letter-to-the-CoE-plus-inventory.pdf
186,Cortez,TA7,Barrick Gold Corporation,USA,40.208789,-116.624296,Closed,1994.0,800000.0,4200000.0,Low,Global Tailing Dam [https://www.grida.no/publications/472],https://barrick.q4cdn.com/788666289/files/doc_downloads/2019/06/Letter-to-the-CoE-plus-inventory.pdf
188,Golden Sunlight,TSF1,Barrick Gold Corporation,USA,45.889086,-112.003863,Closed,1983.0,19000000.0,19000000.0,N/A,Global Tailing Dam [https://www.grida.no/publications/472],https://barrick.q4cdn.com/788666289/files/doc_downloads/2019/06/Letter-to-the-CoE-plus-inventory.pdf
187,Golden Sunlight,TSF2,Barrick Gold Corporation,USA,45.889132,-111.990559,Active,1993.0,34000000.0,34000000.0,N/A,Global Tailing Dam [https://www.grida.no/publications/472],https://barrick.q4cdn.com/788666289/files/doc_downloads/2019/06/Letter-to-the-CoE-plus-inventory.pdf
191,Goldstrike,AA TSF,Barrick Gold Corporation,USA,40.985307,-116.342606,Closed,1988.0,18000000.0,18000000.0,Significant,Global Tailing Dam [https://www.grida.no/publications/472],https://barrick.q4cdn.com/788666289/files/doc_downloads/2019/06/Letter-to-the-CoE-plus-inventory.pdf
193,Goldstrike,Arturo TSF (TD-1),Barrick Gold Corporation,USA,41.007315,-116.432022,Closed,1984.0,2600000.0,2600000.0,N/A,Global Tailing Dam [https://www.grida.no/publications/472],https://barrick.q4cdn.com/788666289/files/doc_downloads/2019/06/Letter-to-the-CoE-plus-inventory.pdf
192,Goldstrike,Mill 4 TSF,Barrick Gold Corporation,USA,40.989607,-116.357059,Closed,1989.0,8400000.0,8400000.0,High,Global Tailing Dam [https://www.grida.no/publications/472],https://barrick.q4cdn.com/788666289/files/doc_downloads/2019/06/Letter-to-the-CoE-plus-inventory.pdf
189,Goldstrike,North Block TDF,Barrick Gold Corporation,USA,41.003265,-116.358552,Active,1994.0,147000000.0,232000000.0,Significant,Global Tailing Dam [https://www.grida.no/publications/472],https://barrick.q4cdn.com/788666289/files/doc_downloads/2019/06/Letter-to-the-CoE-plus-inventory.pdf
190,Goldstrike,TSF3,Barrick Gold Corporation,USA,40.994527,-116.347161,Active,2014.0,37000000.0,73000000.0,Significant,Global Tailing Dam [https://www.grida.no/publications/472],https://barrick.q4cdn.com/788666289/files/doc_downloads/2019/06/Letter-to-the-CoE-plus-inventory.pdf
239,Grants,Large TSF,Barrick Gold Corporation,USA,35.243592,-107.8634,Closed,1958.0,15000000.0,15000000.0,Low,Global Tailing Dam [https://www.grida.no/publications/472],https://barrick.q4cdn.com/788666289/files/doc_downloads/2019/06/Letter-to-the-CoE-plus-inventory.pdf
240,Grants,Small TSF,Barrick Gold Corporation,USA,35.237594,-107.862084,Closed,1958.0,900000.0,900000.0,Significant,Global Tailing Dam [https://www.grida.no/publications/472],https://barrick.q4cdn.com/788666289/files/doc_downloads/2019/06/Letter-to-the-CoE-plus-inventory.pdf
241,Homestake,Grizzly Gulch TSF,Barrick Gold Corporation,USA,44.329214,-103.7379,Closed,1977.0,29000000.0,29000000.0,Category 1,Global Tailing Dam [https://www.grida.no/publications/472],https://barrick.q4cdn.com/788666289/files/doc_downloads/2019/06/Letter-to-the-CoE-plus-inventory.pdf
242,McDermitt,McDermitt TSFs,Barrick Gold Corporation,USA,41.931197,-117.799907,Closed,1975.0,400000.0,400000.0,Low,Global Tailing Dam [https://www.grida.no/publications/472],https://barrick.q4cdn.com/788666289/files/doc_downloads/2019/06/Letter-to-the-CoE-plus-inventory.pdf
243,McLaughlin,McLaughlin TSF,Barrick Gold Corporation,USA,38.866172,-122.438928,Closed,1985.0,27000000.0,27000000.0,High,Global Tailing Dam [https://www.grida.no/publications/472],https://barrick.q4cdn.com/788666289/files/doc_downloads/2019/06/Letter-to-the-CoE-plus-inventory.pdf
244,Mercur,Reservation Canyon TSF,Barrick Gold Corporation,USA,40.331531,-112.196932,Closed,1983.0,15600000.0,15600000.0,Low,Global Tailing Dam [https://www.grida.no/publications/472],https://barrick.q4cdn.com/788666289/files/doc_downloads/2019/06/Letter-to-the-CoE-plus-inventory.pdf
1929,Phoenix,"Phoenix, Lone Tree",Barrick Gold Corporation,USA,40.48,-117.13,Closed,,16000000.0,,N/A,Global Tailing Dam [https://www.grida.no/publications/472],https://barrick.q4cdn.com/788666289/files/doc_downloads/2019/06/Letter-to-the-CoE-plus-inventory.pdf
1928,Phoenix,"Phoenix, TSF",Barrick Gold Corporation,USA,40.494741,-117.132001,Active,2006.0,96000000.0,132000000.0,Low,Global Tailing Dam [https://www.grida.no/publications/472],https://barrick.q4cdn.com/788666289/files/doc_downloads/2019/06/Letter-to-the-CoE-plus-inventory.pdf
203,Turquoise Ridge,Turquoise Ridge TSF,Barrick Gold Corporation,USA,41.235985,-117.220018,Closed,1989.0,8700000.0,8700000.0,Low,Global Tailing Dam [https://www.grida.no/publications/472],https://barrick.q4cdn.com/788666289/files/doc_downloads/2019/06/Letter-to-the-CoE-plus-inventory.pdf
1930,Twin Creeks,"Twin Creeks, Juniper TSF",Barrick Gold Corporation,USA,41.277754,-117.136099,Active,1988.0,64000000.0,78000000.0,Low,Global Tailing Dam [https://www.grida.no/publications/472],https://barrick.q4cdn.com/788666289/files/doc_downloads/2019/06/Letter-to-the-CoE-plus-inventory.pdf
1931,Twin Creeks,"Twin Creeks, Pinon TSF",Barrick Gold Corporation,USA,41.233607,-117.148035,Closed,1980.0,8200000.0,,Low,Global Tailing Dam [https://www.grida.no/publications/472],https://barrick.q4cdn.com/788666289/files/doc_downloads/2019/06/Letter-to-the-CoE-plus-inventory.pdf
584,Ambrosia Lake,Cells 1 and 2,BHP Group,USA,35.399516,-107.830734,Closed,1958.0,18000000.0,18000000.0,High,Global Tailing Dam [https://www.grida.no/publications/472],https://www.bhp.com/-/media/documents/environment/2019/190607_coe.pdf?la=en
585,Copper Cities,No. 10 Tailings,BHP Group,USA,33.444556,-110.894123,Inactive,1966.0,2600000.0,2600000.0,Significant,Global Tailing Dam [https://www.grida.no/publications/472],https://www.bhp.com/-/media/documents/environment/2019/190607_coe.pdf?la=en
586,Copper Cities,No. 2 Tailings,BHP Group,USA,33.444885,-110.849794,Inactive,1950.0,34400000.0,34400000.0,Very High,Global Tailing Dam [https://www.grida.no/publications/472],https://www.bhp.com/-/media/documents/environment/2019/190607_coe.pdf?la=en
587,Copper Cities,No. 8 Tailings,BHP Group,USA,33.451026,-110.847079,Inactive,1965.0,7300000.0,7300000.0,Very High,Global Tailing Dam [https://www.grida.no/publications/472],https://www.bhp.com/-/media/documents/environment/2019/190607_coe.pdf?la=en
588,Copper Cities,No. 9 Tailings,BHP Group,USA,33.442478,-110.887516,Inactive,1966.0,2000000.0,2000000.0,Significant,Global Tailing Dam [https://www.grida.no/publications/472],https://www.bhp.com/-/media/documents/environment/2019/190607_coe.pdf?la=en
599,Lisbon,Lower Tailings Impoundment,BHP Group,USA,38.266665,-109.283435,Closed,1971.0,1300000.0,1300000.0,High,Global Tailing Dam [https://www.grida.no/publications/472],https://www.bhp.com/-/media/documents/environment/2019/190607_coe.pdf?la=en
600,Lisbon,Upper Tailings Impoundment,BHP Group,USA,38.266746,-109.289064,Closed,1971.0,1300000.0,1300000.0,High,Global Tailing Dam [https://www.grida.no/publications/472],https://www.bhp.com/-/media/documents/environment/2019/190607_coe.pdf?la=en
601,Miami,Canyon Tailings,BHP Group,USA,33.405426,-110.869838,Inactive,1911.0,2900000.0,2900000.0,Very High,Global Tailing Dam [https://www.grida.no/publications/472],https://www.bhp.com/-/media/documents/environment/2019/190607_coe.pdf?la=en
602,Miami,Miami Avenue Tailings,BHP Group,USA,33.404667,-110.873353,Inactive,1920.0,300000.0,300000.0,Extreme,Global Tailing Dam [https://www.grida.no/publications/472],https://www.bhp.com/-/media/documents/environment/2019/190607_coe.pdf?la=en
603,Miami,No. 2 Tailings Storage Facility,BHP Group,USA,33.408419,-110.866957,Closed,1909.0,400000.0,400000.0,Low,Global Tailing Dam [https://www.grida.no/publications/472],https://www.bhp.com/-/media/documents/environment/2019/190607_coe.pdf?la=en
604,Old Dominion,Old Dominion Tailings No 1 (ODT1),BHP Group,USA,33.415831,-110.79549,Closed,1918.0,900000.0,900000.0,Very High,Global Tailing Dam [https://www.grida.no/publications/472],https://www.bhp.com/-/media/documents/environment/2019/190607_coe.pdf?la=en
605,Old Dominion,Old Dominion Tailings No 2 (ODT2),BHP Group,USA,33.413253,-110.794813,Closed,1918.0,300000.0,300000.0,High,Global Tailing Dam [https://www.grida.no/publications/472],https://www.bhp.com/-/media/documents/environment/2019/190607_coe.pdf?la=en
606,Old Dominion,Old Dominion Tailings No 3 (ODT3),BHP Group,USA,33.421585,-110.799598,Closed,1927.0,3100000.0,3100000.0,High,Global Tailing Dam [https://www.grida.no/publications/472],https://www.bhp.com/-/media/documents/environment/2019/190607_coe.pdf?la=en
609,San Manuel,No. 10 Tailings Storage Facility,BHP Group,USA,32.644168,-110.612761,Closed,1970.0,91900000.0,91900000.0,Very High,Global Tailing Dam [https://www.grida.no/publications/472],https://www.bhp.com/-/media/documents/environment/2019/190607_coe.pdf?la=en
608,San Manuel,No. 1/2 Tailings Storage Facility,BHP Group,USA,32.626395,-110.601369,Closed,1955.0,59400000.0,59400000.0,Very High,Global Tailing Dam [https://www.grida.no/publications/472],https://www.bhp.com/-/media/documents/environment/2019/190607_coe.pdf?la=en
610,San Manuel,No. 3/4 Tailings Storage Facility,BHP Group,USA,32.61504,-110.588221,Closed,1957.0,87700000.0,87700000.0,Very High,Global Tailing Dam [https://www.grida.no/publications/472],https://www.bhp.com/-/media/documents/environment/2019/190607_coe.pdf?la=en
611,San Manuel,No. 5 Tailings Storage Facility,BHP Group,USA,32.606259,-110.574557,Closed,1964.0,45500000.0,45500000.0,Very High,Global Tailing Dam [https://www.grida.no/publications/472],https://www.bhp.com/-/media/documents/environment/2019/190607_coe.pdf?la=en
612,San Manuel,No. 6 Tailings Storage Facility,BHP Group,USA,32.608736,-110.560017,Closed,1970.0,43600000.0,43600000.0,Very High,Global Tailing Dam [https://www.grida.no/publications/472],https://www.bhp.com/-/media/documents/environment/2019/190607_coe.pdf?la=en
613,San Manuel,Tiger Tailings,BHP Group,USA,32.706177,-110.67929,Closed,1881.0,500000.0,500000.0,Low,Global Tailing Dam [https://www.grida.no/publications/472],https://www.bhp.com/-/media/documents/environment/2019/190607_coe.pdf?la=en
615,Solitude,Solitude Tailings Storage Facility,BHP Group,USA,33.392315,-110.830696,Inactive,1928.0,58700000.0,58700000.0,Very High,Global Tailing Dam [https://www.grida.no/publications/472],https://www.bhp.com/-/media/documents/environment/2019/190607_coe.pdf?la=en
646,Resolution Copper,No. 1 and  2 TSF Impoundment,BHP Group,USA,33.298117,-111.106052,Closed,1900.0,1800000.0,1800000.0,Low,Global Tailing Dam [https://www.grida.no/publications/472],https://www.bhp.com/-/media/documents/environment/2019/190607_coe.pdf?la=en
647,Resolution Copper,No. 3 and 4 TSF Impoundment,BHP Group,USA,33.296388,-111.104885,Closed,1940.0,2400000.0,2400000.0,Significant,Global Tailing Dam [https://www.grida.no/publications/472],https://www.bhp.com/-/media/documents/environment/2019/190607_coe.pdf?la=en
648,Resolution Copper,No. 5 TSF Impoundment,BHP Group,USA,33.301751,-111.107863,Closed,1957.0,1900000.0,1900000.0,Low,Global Tailing Dam [https://www.grida.no/publications/472],https://www.bhp.com/-/media/documents/environment/2019/190607_coe.pdf?la=en
649,Resolution Copper,No. 6 and  7 TSF Impoundment,BHP Group,USA,33.301415,-111.113384,Closed,1970.0,3000000.0,3000000.0,High,Global Tailing Dam [https://www.grida.no/publications/472],https://www.bhp.com/-/media/documents/environment/2019/190607_coe.pdf?la=en
828,Thompson Creek Mine,Bruno Creek TSF,Centerra Gold,USA,44.322467,-114.51478,Inactive Care and Maintenance,1983.0,150000000.0,150000000.0,Very High,Global Tailing Dam [https://www.grida.no/publications/472],https://cg-raw.s3.amazonaws.com/cg/reports/CenterraGold_TSFDisclosure_June2019_Final.pdf
1522,Kensington mine,Kensington,Coeur Mining,USA,58.807222,-135.03833,Active,2010.0,1500000.0,2700000.0,Moderate,Global Tailing Dam [https://www.grida.no/publications/472],https://www.coeur.com/_resources/pdfs/COE-Tailings-Dam-Disclosure.pdf
880,Marietta,Northern Impoundment,Eramet,USA,39.378404,-81.52164,Active,1977.0,4300000.0,4500000.0,Classe I,Global Tailing Dam [https://www.grida.no/publications/472],https://www.eramet.com/sites/default/files/2019-06/2019-06-06-Eramet-Responsible%20management%20of%20tailings_2.pdf
2029,N/A,White Pine TSF #1,First Quantum Minerals,USA,46.775556,-89.53,Closed site,1953.0,59400000.0,59400000.0,Low Hazard,Global Tailing Dam [https://www.grida.no/publications/472],https://s24.q4cdn.com/821689673/files/doc_downloads/tailings-management/Tailings-Dam-Management-Disclosure-Request-April-2020-FINAL.xlsx
2030,N/A,White Pine TSF #2,First Quantum Minerals,USA,46.795,-89.525556,Closed site,1954.0,59600000.0,59600000.0,Significant Hazard,Global Tailing Dam [https://www.grida.no/publications/472],https://s24.q4cdn.com/821689673/files/doc_downloads/tailings-management/Tailings-Dam-Management-Disclosure-Request-April-2020-FINAL.xlsx
2028,N/A,White Pine TSF SP,First Quantum Minerals,USA,46.753056,-89.528056,Closed site,1952.0,,,n/a,Global Tailing Dam [https://www.grida.no/publications/472],https://s24.q4cdn.com/821689673/files/doc_downloads/tailings-management/Tailings-Dam-Management-Disclosure-Request-April-2020-FINAL.xlsx
291,Ajo,East,Freeport McMoran,USA,32.381775,-112.829336,Closed,1961.0,102360000.0,102360000.0,Significant,Global Tailing Dam [https://www.grida.no/publications/472],https://www.fcx.com/sites/fcx/files/documents/sustainability/supporting_data.pdf
292,Ajo,North,Freeport McMoran,USA,32.383667,-112.842078,Closed,1942.0,75040000.0,75040000.0,Extreme,Global Tailing Dam [https://www.grida.no/publications/472],https://www.fcx.com/sites/fcx/files/documents/sustainability/supporting_data.pdf
293,Ajo,Northeast,Freeport McMoran,USA,32.395028,-112.830283,Closed,1980.0,25080000.0,25080000.0,Significant,Global Tailing Dam [https://www.grida.no/publications/472],https://www.fcx.com/sites/fcx/files/documents/sustainability/supporting_data.pdf
294,Ajo,South,Freeport McMoran,USA,32.375817,-112.844761,Closed,1922.0,52930000.0,52930000.0,Extreme,Global Tailing Dam [https://www.grida.no/publications/472],https://www.fcx.com/sites/fcx/files/documents/sustainability/supporting_data.pdf
272,Bagdad,Mammoth,Freeport McMoran,USA,34.583553,-113.270356,Active,1985.0,653000000.0,660700000.0,Very High,Global Tailing Dam [https://www.grida.no/publications/472],https://www.fcx.com/sites/fcx/files/documents/sustainability/supporting_data.pdf
274,Bagdad,Mulholland,Freeport McMoran,USA,34.591667,-113.248175,Active,2013.0,277000000.0,363000000.0,Very High,Global Tailing Dam [https://www.grida.no/publications/472],https://www.fcx.com/sites/fcx/files/documents/sustainability/supporting_data.pdf
273,Bagdad,Upper Mammoth,Freeport McMoran,USA,34.570631,-113.245497,Inactive,1977.0,80050000.0,80050000.0,Very High,Global Tailing Dam [https://www.grida.no/publications/472],https://www.fcx.com/sites/fcx/files/documents/sustainability/supporting_data.pdf
304,Bisbee,North,Freeport McMoran,USA,31.396572,-109.893689,Closed,1920.0,12460000.0,12460000.0,Very High,Global Tailing Dam [https://www.grida.no/publications/472],https://www.fcx.com/sites/fcx/files/documents/sustainability/supporting_data.pdf
305,Bisbee,South,Freeport McMoran,USA,31.386156,-109.894867,Closed,1950.0,56760000.0,56760000.0,Very High,Global Tailing Dam [https://www.grida.no/publications/472],https://www.fcx.com/sites/fcx/files/documents/sustainability/supporting_data.pdf
295,Bruce,East,Freeport McMoran,USA,34.544578,-113.231317,Inactive,1955.0,65000.0,65000.0,Low,Global Tailing Dam [https://www.grida.no/publications/472],https://www.fcx.com/sites/fcx/files/documents/sustainability/supporting_data.pdf
296,Bruce,North,Freeport McMoran,USA,34.545344,-113.233283,Inactive,1968.0,130000.0,130000.0,Low,Global Tailing Dam [https://www.grida.no/publications/472],https://www.fcx.com/sites/fcx/files/documents/sustainability/supporting_data.pdf
297,Bruce,South,Freeport McMoran,USA,34.543886,-113.23305,Inactive,1968.0,160000.0,160000.0,Low,Global Tailing Dam [https://www.grida.no/publications/472],https://www.fcx.com/sites/fcx/files/documents/sustainability/supporting_data.pdf
286,"Chino
",Axiflo Lake,Freeport McMoran,USA,32.674183,-108.120597,Active,1920.0,1100000.0,2290000.0,Significant,Global Tailing Dam [https://www.grida.no/publications/472],https://www.fcx.com/sites/fcx/files/documents/sustainability/supporting_data.pdf
279,"Chino
",Tailing Dam 1,Freeport McMoran,USA,32.635456,-108.100386,Closed,1911.0,1920000.0,1920000.0,Significant,Global Tailing Dam [https://www.grida.no/publications/472],https://www.fcx.com/sites/fcx/files/documents/sustainability/supporting_data.pdf
280,"Chino
",Tailing Dam 2,Freeport McMoran,USA,32.676386,-108.113014,Closed,1911.0,3850000.0,3850000.0,Significant,Global Tailing Dam [https://www.grida.no/publications/472],https://www.fcx.com/sites/fcx/files/documents/sustainability/supporting_data.pdf
283,"Chino
",Tailing Dam 4,Freeport McMoran,USA,32.849825,-108.084464,Closed,1921.0,18220000.0,18220000.0,Significant,Global Tailing Dam [https://www.grida.no/publications/472],https://www.fcx.com/sites/fcx/files/documents/sustainability/supporting_data.pdf
285,"Chino
",Tailing Dam 7,Freeport McMoran,USA,32.680989,-108.114339,Active,1988.0,214080000.0,251540000.0,Very High,Global Tailing Dam [https://www.grida.no/publications/472],https://www.fcx.com/sites/fcx/files/documents/sustainability/supporting_data.pdf
281,"Chino
",Tailing Dam B,Freeport McMoran,USA,32.655792,-108.103547,Closed,1939.0,16070000.0,16070000.0,Significant,Global Tailing Dam [https://www.grida.no/publications/472],https://www.fcx.com/sites/fcx/files/documents/sustainability/supporting_data.pdf
282,"Chino
",Tailing Dam C,Freeport McMoran,USA,32.853797,-108.091475,Closed,1940.0,7870000.0,7870000.0,Significant,Global Tailing Dam [https://www.grida.no/publications/472],https://www.fcx.com/sites/fcx/files/documents/sustainability/supporting_data.pdf
288,"Chino-Cobre
",Magnetite,Freeport McMoran,USA,32.66865,-108.108969,Inactive,1969.0,960000.0,960000.0,Significant,Global Tailing Dam [https://www.grida.no/publications/472],https://www.fcx.com/sites/fcx/files/documents/sustainability/supporting_data.pdf
287,"Chino-Cobre
",Main Dam No. 1,Freeport McMoran,USA,32.665903,-108.119972,Inactive,1968.0,7922000.0,7922000.0,Extreme,Global Tailing Dam [https://www.grida.no/publications/472],https://www.fcx.com/sites/fcx/files/documents/sustainability/supporting_data.pdf
306,Christmas,Dam #1,Freeport McMoran,USA,33.073572,-110.735878,Closed,1962.0,2710000.0,2710000.0,Low,Global Tailing Dam [https://www.grida.no/publications/472],https://www.fcx.com/sites/fcx/files/documents/sustainability/supporting_data.pdf
307,Christmas,Dam #2,Freeport McMoran,USA,33.074011,-110.741389,Closed,1962.0,1100000.0,1100000.0,Low,Global Tailing Dam [https://www.grida.no/publications/472],https://www.fcx.com/sites/fcx/files/documents/sustainability/supporting_data.pdf
308,Christmas,Dam #3,Freeport McMoran,USA,33.076586,-110.737203,Closed,1962.0,660000.0,660000.0,Low,Global Tailing Dam [https://www.grida.no/publications/472],https://www.fcx.com/sites/fcx/files/documents/sustainability/supporting_data.pdf
309,Christmas,Dam #5,Freeport McMoran,USA,33.077083,-110.732242,Closed,1960.0,25000.0,25000.0,Low,Global Tailing Dam [https://www.grida.no/publications/472],https://www.fcx.com/sites/fcx/files/documents/sustainability/supporting_data.pdf
310,Christmas,Dam #6,Freeport McMoran,USA,33.079,-110.739597,Closed,1970.0,4370000.0,4370000.0,Low,Global Tailing Dam [https://www.grida.no/publications/472],https://www.fcx.com/sites/fcx/files/documents/sustainability/supporting_data.pdf
311,Christmas,Dam #7,Freeport McMoran,USA,33.082497,-110.732289,Closed,1970.0,2820000.0,2820000.0,Very High,Global Tailing Dam [https://www.grida.no/publications/472],https://www.fcx.com/sites/fcx/files/documents/sustainability/supporting_data.pdf
312,Christmas,Dam #8,Freeport McMoran,USA,33.085611,-110.737222,Closed,1974.0,150000.0,150000.0,Very High,Global Tailing Dam [https://www.grida.no/publications/472],https://www.fcx.com/sites/fcx/files/documents/sustainability/supporting_data.pdf
275,Climax,Mayflower,Freeport McMoran,USA,39.433967,-106.179569,Active,1977.0,38620000.0,60230000.0,Extreme,Global Tailing Dam [https://www.grida.no/publications/472],https://www.fcx.com/sites/fcx/files/documents/sustainability/supporting_data.pdf
277,Climax,Robinson,Freeport McMoran,USA,39.399775,-106.201078,Active,1950.0,153000000.0,153350000.0,Extreme,Global Tailing Dam [https://www.grida.no/publications/472],https://www.fcx.com/sites/fcx/files/documents/sustainability/supporting_data.pdf
276,Climax,Tenmile,Freeport McMoran,USA,39.408819,-106.194594,Closed,1915.0,90100000.0,90100000.0,Extreme,Global Tailing Dam [https://www.grida.no/publications/472],https://www.fcx.com/sites/fcx/files/documents/sustainability/supporting_data.pdf
313,Copperstone,Tailing Impoundment,Freeport McMoran,USA,33.866389,-114.287778,Closed,1987.0,4050000.0,4050000.0,Very High,Global Tailing Dam [https://www.grida.no/publications/472],https://www.fcx.com/sites/fcx/files/documents/sustainability/supporting_data.pdf
314,Dante,Lower Dam,Freeport McMoran,USA,36.034531,-83.993489,Closed,1959.0,100000.0,100000.0,Very High,Global Tailing Dam [https://www.grida.no/publications/472],https://www.fcx.com/sites/fcx/files/documents/sustainability/supporting_data.pdf
315,Dante,Upper Dam,Freeport McMoran,USA,36.036419,-83.992269,Closed,1965.0,80000.0,80000.0,Very High,Global Tailing Dam [https://www.grida.no/publications/472],https://www.fcx.com/sites/fcx/files/documents/sustainability/supporting_data.pdf
316,Deming,Deming,Freeport McMoran,USA,32.284186,-107.784161,Closed,1990.0,280000.0,280000.0,Significant,Global Tailing Dam [https://www.grida.no/publications/472],https://www.fcx.com/sites/fcx/files/documents/sustainability/supporting_data.pdf
317,El Molino,Dam 1,Freeport McMoran,USA,35.588117,-105.701831,Closed,1927.0,765000.0,765000.0,Very High,Global Tailing Dam [https://www.grida.no/publications/472],https://www.fcx.com/sites/fcx/files/documents/sustainability/supporting_data.pdf
318,El Molino,Dam 2,Freeport McMoran,USA,35.579786,-105.689803,Closed,1927.0,96000.0,96000.0,Very High,Global Tailing Dam [https://www.grida.no/publications/472],https://www.fcx.com/sites/fcx/files/documents/sustainability/supporting_data.pdf
278,Henderson,1 Dam / 3 Dam,Freeport McMoran,USA,39.861178,-106.098714,Active,1976.0,140000000.0,150000000.0,Extreme,Global Tailing Dam [https://www.grida.no/publications/472],https://www.fcx.com/sites/fcx/files/documents/sustainability/supporting_data.pdf
319,Keystone,Dam 1,Freeport McMoran,USA,38.867861,-107.035772,Closed,1955.0,40000.0,40000.0,Very High,Global Tailing Dam [https://www.grida.no/publications/472],https://www.fcx.com/sites/fcx/files/documents/sustainability/supporting_data.pdf
320,Keystone,Dam 2,Freeport McMoran,USA,38.867989,-107.034486,Closed,1955.0,110000.0,110000.0,Very High,Global Tailing Dam [https://www.grida.no/publications/472],https://www.fcx.com/sites/fcx/files/documents/sustainability/supporting_data.pdf
321,Keystone,Dam 3,Freeport McMoran,USA,38.867753,-107.0334,Closed,1955.0,80000.0,80000.0,Very High,Global Tailing Dam [https://www.grida.no/publications/472],https://www.fcx.com/sites/fcx/files/documents/sustainability/supporting_data.pdf
322,Keystone,Dam 4,Freeport McMoran,USA,38.867683,-107.031394,Closed,1955.0,270000.0,270000.0,Very High,Global Tailing Dam [https://www.grida.no/publications/472],https://www.fcx.com/sites/fcx/files/documents/sustainability/supporting_data.pdf
298,Miami,Tailing Dam #2,Freeport McMoran,USA,33.416303,-110.850986,Closed,1915.0,7580000.0,7580000.0,Extreme,Global Tailing Dam [https://www.grida.no/publications/472],https://www.fcx.com/sites/fcx/files/documents/sustainability/supporting_data.pdf
299,Miami,Tailing Dam #3,Freeport McMoran,USA,33.416322,-110.841675,Closed,1922.0,17830000.0,17830000.0,Extreme,Global Tailing Dam [https://www.grida.no/publications/472],https://www.fcx.com/sites/fcx/files/documents/sustainability/supporting_data.pdf
300,Miami,Tailing Dam #4,Freeport McMoran,USA,33.422233,-110.840925,Closed,1957.0,36210000.0,36210000.0,Extreme,Global Tailing Dam [https://www.grida.no/publications/472],https://www.fcx.com/sites/fcx/files/documents/sustainability/supporting_data.pdf
301,Miami,Tailing Dam #5,Freeport McMoran,USA,33.435103,-110.84185,Closed,1974.0,28290000.0,28290000.0,Extreme,Global Tailing Dam [https://www.grida.no/publications/472],https://www.fcx.com/sites/fcx/files/documents/sustainability/supporting_data.pdf
302,Miami,Tailing Dam #6,Freeport McMoran,USA,33.423439,-110.848711,Closed,1974.0,15280000.0,15280000.0,Very High,Global Tailing Dam [https://www.grida.no/publications/472],https://www.fcx.com/sites/fcx/files/documents/sustainability/supporting_data.pdf
264,Morenci,3-East,Freeport McMoran,USA,33.020039,-109.335886,Inactive,1940.0,1360000.0,1360000.0,Significant,Global Tailing Dam [https://www.grida.no/publications/472],https://www.fcx.com/sites/fcx/files/documents/sustainability/supporting_data.pdf
260,Morenci,"Morenci 1-West
",Freeport McMoran,USA,33.031083,-109.340853,Active,1940.0,74800000.0,74800000.0,Extreme,Global Tailing Dam [https://www.grida.no/publications/472],https://www.fcx.com/sites/fcx/files/documents/sustainability/supporting_data.pdf
261,Morenci,Morenci 2-West,Freeport McMoran,USA,33.031083,-109.340853,Active,1940.0,37290000.0,37290000.0,Extreme,Global Tailing Dam [https://www.grida.no/publications/472],https://www.fcx.com/sites/fcx/files/documents/sustainability/supporting_data.pdf
262,Morenci,"Morenci 3-West
",Freeport McMoran,USA,33.036767,-109.340467,Active,1940.0,21280000.0,27780000.0,Extreme,Global Tailing Dam [https://www.grida.no/publications/472],https://www.fcx.com/sites/fcx/files/documents/sustainability/supporting_data.pdf
263,Morenci,"Morenci 4-West
",Freeport McMoran,USA,33.043919,-109.339675,Active,1940.0,18960000.0,18960000.0,Extreme,Global Tailing Dam [https://www.grida.no/publications/472],https://www.fcx.com/sites/fcx/files/documents/sustainability/supporting_data.pdf
266,Morenci,Silver Basin 1,Freeport McMoran,USA,33.015572,-109.355061,Active,1964.0,71690000.0,78200000.0,Very High,Global Tailing Dam [https://www.grida.no/publications/472],https://www.fcx.com/sites/fcx/files/documents/sustainability/supporting_data.pdf
267,Morenci,Silver Basin 1X,Freeport McMoran,USA,33.011947,-109.36805,Active,1981.0,65750000.0,65750000.0,Very High,Global Tailing Dam [https://www.grida.no/publications/472],https://www.fcx.com/sites/fcx/files/documents/sustainability/supporting_data.pdf
268,Morenci,Southwest 1,Freeport McMoran,USA,33.032367,-109.323689,Active,1979.0,237940000.0,263950000.0,Very High,Global Tailing Dam [https://www.grida.no/publications/472],https://www.fcx.com/sites/fcx/files/documents/sustainability/supporting_data.pdf
269,Morenci,Southwest 2,Freeport McMoran,USA,32.997167,-109.369189,Closed,1979.0,10190000.0,10190000.0,Very High,Global Tailing Dam [https://www.grida.no/publications/472],https://www.fcx.com/sites/fcx/files/documents/sustainability/supporting_data.pdf
265,Morenci,West/East Dam,Freeport McMoran,USA,33.024633,-109.361969,Active,2015.0,55560000.0,145670035.0,Extreme,Global Tailing Dam [https://www.grida.no/publications/472],https://www.fcx.com/sites/fcx/files/documents/sustainability/supporting_data.pdf
323,Shafter,Shafter,Freeport McMoran,USA,29.8146,-104.311042,Closed,1883.0,546320.0,546320.0,Low,Global Tailing Dam [https://www.grida.no/publications/472],https://www.fcx.com/sites/fcx/files/documents/sustainability/supporting_data.pdf
271,Sierrita,Esperanza,Freeport McMoran,USA,31.862825,-111.069636,Inactive,1959.0,37460000.0,37460000.0,Extreme,Global Tailing Dam [https://www.grida.no/publications/472],https://www.fcx.com/sites/fcx/files/documents/sustainability/supporting_data.pdf
270,Sierrita,Sierrita,Freeport McMoran,USA,31.847281,-111.046308,Active,1970.0,1083370000.0,1221000000.0,Extreme,Global Tailing Dam [https://www.grida.no/publications/472],https://www.fcx.com/sites/fcx/files/documents/sustainability/supporting_data.pdf
284,"TaiChino
",ling Dam 6,Freeport McMoran,USA,32.684889,-108.115114,Inactive,1956.0,82560000.0,82560000.0,Very High,Global Tailing Dam [https://www.grida.no/publications/472],https://www.fcx.com/sites/fcx/files/documents/sustainability/supporting_data.pdf
303,Tohono,Mill Tailings,Freeport McMoran,USA,32.488239,-111.913894,Closed,1970.0,1374000.0,1374000.0,Low,Global Tailing Dam [https://www.grida.no/publications/472],https://www.fcx.com/sites/fcx/files/documents/sustainability/supporting_data.pdf
324,Twin Buttes,Tailing Pond No.2,Freeport McMoran,USA,31.906253,-111.017244,Closed ,1969.0,50000000.0,50000000.0,Extreme,Global Tailing Dam [https://www.grida.no/publications/472],https://www.fcx.com/sites/fcx/files/documents/sustainability/supporting_data.pdf
325,Twin Buttes,Tailing Pond No.3,Freeport McMoran,USA,31.922711,-111.016919,Closed ,1977.0,36000000.0,36000000.0,Extreme,Global Tailing Dam [https://www.grida.no/publications/472],https://www.fcx.com/sites/fcx/files/documents/sustainability/supporting_data.pdf
326,Twin Buttes,Tailing Pond No. 4,Freeport McMoran,USA,31.916464,-111.033764,Closed,1986.0,304464.0,304464.0,Extreme,Global Tailing Dam [https://www.grida.no/publications/472],https://www.fcx.com/sites/fcx/files/documents/sustainability/supporting_data.pdf
334,Tyrone,Burro Mountain,Freeport McMoran,USA,32.636,-108.321489,Closed,1900.0,2260000.0,2260000.0,Significant,Global Tailing Dam [https://www.grida.no/publications/472],https://www.fcx.com/sites/fcx/files/documents/sustainability/supporting_data.pdf
328,Tyrone,Tailing Dam 1,Freeport McMoran,USA,32.680386,-108.396903,Closed,1969.0,61110000.0,61110000.0,Significant,Global Tailing Dam [https://www.grida.no/publications/472],https://www.fcx.com/sites/fcx/files/documents/sustainability/supporting_data.pdf
330,Tyrone,Tailing dam 1a,Freeport McMoran,USA,32.679856,-108.408319,Closed,1985.0,40740000.0,40740000.0,Significant,Global Tailing Dam [https://www.grida.no/publications/472],https://www.fcx.com/sites/fcx/files/documents/sustainability/supporting_data.pdf
329,Tyrone,Tailing Dam 1X,Freeport McMoran,USA,32.670822,-108.393014,Closed,1981.0,46960000.0,46960000.0,Significant,Global Tailing Dam [https://www.grida.no/publications/472],https://www.fcx.com/sites/fcx/files/documents/sustainability/supporting_data.pdf
331,Tyrone,Tailing Dam 2,Freeport McMoran,USA,32.711283,-108.405008,Closed,1970.0,54320000.0,54320000.0,High,Global Tailing Dam [https://www.grida.no/publications/472],https://www.fcx.com/sites/fcx/files/documents/sustainability/supporting_data.pdf
332,Tyrone,Tailing Dam 3,Freeport McMoran,USA,32.731661,-108.428706,Closed,1971.0,33380000.0,33380000.0,High,Global Tailing Dam [https://www.grida.no/publications/472],https://www.fcx.com/sites/fcx/files/documents/sustainability/supporting_data.pdf
333,Tyrone,Tailing Dam3X,Freeport McMoran,USA,32.720539,-108.414186,Closed,1979.0,26030000.0,26030000.0,High,Global Tailing Dam [https://www.grida.no/publications/472],https://www.fcx.com/sites/fcx/files/documents/sustainability/supporting_data.pdf
327,United Verde,Clarkdale,Freeport McMoran,USA,34.770122,-112.034017,Closed,1923.0,2260000.0,2260000.0,Significant,Global Tailing Dam [https://www.grida.no/publications/472],https://www.fcx.com/sites/fcx/files/documents/sustainability/supporting_data.pdf
335,URAD,Lower URAD,Freeport McMoran,USA,39.758864,-105.822942,Closed,1967.0,6900000.0,6900000.0,Extreme,Global Tailing Dam [https://www.grida.no/publications/472],https://www.fcx.com/sites/fcx/files/documents/sustainability/supporting_data.pdf
336,URAD,Upper URAD,Freeport McMoran,USA,39.750244,-105.832614,Closed,1967.0,3300000.0,3300000.0,Extreme,Global Tailing Dam [https://www.grida.no/publications/472],https://www.fcx.com/sites/fcx/files/documents/sustainability/supporting_data.pdf
698,Blackbird mine,West Fork TSF,Glencore,USA,45.091389,-114.309444,Closed,1950.0,1100000.0,1100000.0,Significant,Global Tailing Dam [https://www.grida.no/publications/472],https://www.glencore.com/dam/jcr:58e3d8ff-97c1-422f-8d31-dd2fee89fcc3/Glencore_TSFs_190614.pdf
699,Grey Eagle,Tailings Storage Facility (Tailings Dam),Glencore,USA,41.863611,-123.374444,Closed,1982.0,1000000.0,1000000.0,Significant,Global Tailing Dam [https://www.grida.no/publications/472],https://www.glencore.com/dam/jcr:58e3d8ff-97c1-422f-8d31-dd2fee89fcc3/Glencore_TSFs_190614.pdf
1689,Aurora,Aurora,Hecla Mining Company,USA,38.300028,-118.886944,In partial reclamation,1988.0,212376.0,,Significant,Global Tailing Dam [https://www.grida.no/publications/472],https://www.hecla-mining.com/wp-content/uploads/2019/06/2019-Hecla-TailingsMgmt_FactSheet.pdf
1678,Greens Creek,Greens Creek,Hecla Mining Company,USA,58.1174,-134.7463,Active,1989.0,3890000.0,840000.0,N/A,Global Tailing Dam [https://www.grida.no/publications/472],https://www.hecla-mining.com/wp-content/uploads/2019/06/2019-Hecla-TailingsMgmt_FactSheet.pdf
1688,Grouse Creek,Grouse Creek,Hecla Mining Company,USA,44.416667,-114.73333,Closed,1994.0,3300000.0,,N/A,Global Tailing Dam [https://www.grida.no/publications/472],https://www.hecla-mining.com/wp-content/uploads/2019/06/2019-Hecla-TailingsMgmt_FactSheet.pdf
1682,Lucky Friday ,Lucky Friday MTIS #1,Hecla Mining Company,USA,47.465622,-115.80505,Closed,1967.0,510000.0,,N/A,Global Tailing Dam [https://www.grida.no/publications/472],https://www.hecla-mining.com/wp-content/uploads/2019/06/2019-Hecla-TailingsMgmt_FactSheet.pdf
1683,Lucky Friday ,Lucky Friday MTIS #2,Hecla Mining Company,USA,47.469322,-115.78858,Closed,1972.0,170000.0,,N/A,Global Tailing Dam [https://www.grida.no/publications/472],https://www.hecla-mining.com/wp-content/uploads/2019/06/2019-Hecla-TailingsMgmt_FactSheet.pdf
1684,Lucky Friday ,Lucky Friday MTIS #3,Hecla Mining Company,USA,47.47055,-115.75613,Closure,1979.0,1680000.0,,Significant,Global Tailing Dam [https://www.grida.no/publications/472],https://www.hecla-mining.com/wp-content/uploads/2019/06/2019-Hecla-TailingsMgmt_FactSheet.pdf
1676,Lucky Friday ,Lucky Friday MTIS #4,Hecla Mining Company,USA,47.47055,-115.75613,Active,2010.0,427466.0,689785.0,Significant,Global Tailing Dam [https://www.grida.no/publications/472],https://www.hecla-mining.com/wp-content/uploads/2019/06/2019-Hecla-TailingsMgmt_FactSheet.pdf
1679,Midas,Midas,Hecla Mining Company,USA,41.232357,-116.76192,Active,1998.0,2700000.0,,Significant,Global Tailing Dam [https://www.grida.no/publications/472],https://www.hecla-mining.com/wp-content/uploads/2019/06/2019-Hecla-TailingsMgmt_FactSheet.pdf
1680,Midas,Midas Section 22,Hecla Mining Company,USA,41.241017,-116.76256,Active,2019.0,26650.0,500000.0,Significant,Global Tailing Dam [https://www.grida.no/publications/472],https://www.hecla-mining.com/wp-content/uploads/2019/06/2019-Hecla-TailingsMgmt_FactSheet.pdf
1691,Republic,Republic,Hecla Mining Company,USA,48.666667,-118.75,Closure,1940.0,1000000.0,,Significant,Global Tailing Dam [https://www.grida.no/publications/472],https://www.hecla-mining.com/wp-content/uploads/2019/06/2019-Hecla-TailingsMgmt_FactSheet.pdf
1690,Troy,Troy,Hecla Mining Company,USA,48.317967,-115.85858,Closure,1981.0,22900000.0,,Significant,Global Tailing Dam [https://www.grida.no/publications/472],https://www.hecla-mining.com/wp-content/uploads/2019/06/2019-Hecla-TailingsMgmt_FactSheet.pdf
2910,Kings Mountain,Pond #1,Imerys,USA,35.202561,-81.380088,Active,1999.0,25000.0,62500.0,Low,Global Tailing Dam [https://www.grida.no/publications/472],
2911,Kings Mountain,Pond #2,Imerys,USA,35.202904,-81.379036,Active,2000.0,10000.0,45000.0,Low,Global Tailing Dam [https://www.grida.no/publications/472],
2912,Langley,Pond #1,Imerys,USA,33.499078,-81.834666,Active,2005.0,15000.0,37500.0,,Global Tailing Dam [https://www.grida.no/publications/472],
2876,Lompoc,44 East Pond,Imerys,USA,34.590919,-120.442348,Active,1988.0,238000.0,238000.0,Low Risk,Global Tailing Dam [https://www.grida.no/publications/472],
2875,Lompoc,44 West Pond,Imerys,USA,34.591139,-120.44669,Active,1998.0,370000.0,370000.0,Low Risk,Global Tailing Dam [https://www.grida.no/publications/472],
2877,Lompoc,TJ Pond,Imerys,USA,34.599939,-120.446121,Active,2001.0,,,N/A,Global Tailing Dam [https://www.grida.no/publications/472],
2917,Marble Hill,Pond 1,Imerys,USA,34.42618,-84.336867,Active,2008.0,18000.0,20000.0,Low,Global Tailing Dam [https://www.grida.no/publications/472],
2918,Marble Hill,Pond 2,Imerys,USA,34.426757,-84.337783,Active,2008.0,12000.0,12000.0,Low,Global Tailing Dam [https://www.grida.no/publications/472],
2919,Marble Hill,Pond 3,Imerys,USA,34.427198,-84.337605,Active,2008.0,8000.0,8500.0,Significant,Global Tailing Dam [https://www.grida.no/publications/472],
2871,Sandersville,Doolittle West,Imerys,USA,32.990228,-82.883,Active,1998.0,10000000.0,12000000.0,Significant,Global Tailing Dam [https://www.grida.no/publications/472],
2874,Sandersville,Griffen Giff Pond,Imerys,USA,32.798495,-83.410839,Active,1999.0,100000.0,105000.0,Low,Global Tailing Dam [https://www.grida.no/publications/472],
2872,Sandersville,Pilot Plant,Imerys,USA,32.966006,-82.814051,Active,2000.0,20000.0,36000.0,Low,Global Tailing Dam [https://www.grida.no/publications/472],
2873,Sandersville,Rawlings Pond,Imerys,USA,33.00644,-82.843327,Active,1999.0,180000.0,200000.0,Low,Global Tailing Dam [https://www.grida.no/publications/472],
885,Robinson Mine,Giroux Wash Tailings Storage Facility,KGHM,USA,39.225128,-115.049117,Active,1995.0,180400000.0,258700000.0,High,Global Tailing Dam [https://www.grida.no/publications/472],https://kghm.com/en/sustainable-development/environment/tailings-and-waste-management
1562,Kettle River,Kettle River TSF,Kinross Gold Corporation,USA,48.674,-118.609,Inactive Care and Maintenance,1990.0,6600000.0,6600000.0,High,Global Tailing Dam [https://www.grida.no/publications/472],https://s2.q4cdn.com/496390694/files/doc_downloads/2020/Kinross-Tailings-Management-Report-Website-Jan-2020.pdf
1561,Fort Knox Gold mine,Fort Knox TSF,Kinross Gold Corporation,USA,65.001,-147.31,Active,1996.0,190000000.0,205000000.0,Extreme,Global Tailing Dam [https://www.grida.no/publications/472],https://s2.q4cdn.com/496390694/files/doc_downloads/2020/Kinross-Tailings-Management-Report-Website-Jan-2020.pdf
1568,Round Mountain Gold Mine,"Round Mountain
Cell A",Kinross Gold Corporation,USA,38.68,-117.119,Inactive,1997.0,41000000.0,41000000.0,Significant,Global Tailing Dam [https://www.grida.no/publications/472],https://s2.q4cdn.com/496390694/files/doc_downloads/2020/Kinross-Tailings-Management-Report-Website-Jan-2020.pdf
1569,Round Mountain Gold Mine,"Round Mountain
Cell B",Kinross Gold Corporation,USA,38.67,-117.125,Active,2016.0,11000000.0,18000000.0,Significant,Global Tailing Dam [https://www.grida.no/publications/472],https://s2.q4cdn.com/496390694/files/doc_downloads/2020/Kinross-Tailings-Management-Report-Website-Jan-2020.pdf
1342,Eagle,Humboldt Tailings Facility,Lundin Mining,USA,46.490714,-87.902417,Active,2014.0,1500000.0,3000000.0,N/A,Global Tailing Dam [https://www.grida.no/publications/472],https://www.lundinmining.com/site/assets/files/3607/190705_-_lun_-_tailings_summary_and_fact_sheet.pdf
1673,Tonkin springs,"Tonkin Springs, Eureka, Nevada",McEwen Mining,USA,39.904514,-116.4309,Inactive Care and Maintenance,1985.0,22500.0,2250000.0,Low,Global Tailing Dam [https://www.grida.no/publications/472],https://s21.q4cdn.com/390685383/files/doc_downloads/2019/McEwen-Mining-Tailings-Safety-Disclosure-Table.pdf
1899,San Luis Mine                   ,San Luis Tailings Storage Facility,Newmont Goldcorp,USA,37.2538,-105.341,Inactive,1989.0,920000.0,,Low,Global Tailing Dam [https://www.grida.no/publications/472],https://www.newmontgoldcorp.com/document/church-of-england-tailings-management/
1850,Carlin,James Creek,Newmont Goldcorp,USA,40.775343,-116.205448,Closed,1985.0,400000.0,,Significant,Global Tailing Dam [https://www.grida.no/publications/472],https://www.newmontgoldcorp.com/document/church-of-england-tailings-management/
1844,Carlin,Mill 1,Newmont Goldcorp,USA,40.91805,-116.326583,Closed,1965.0,17000000.0,,Significant,Global Tailing Dam [https://www.grida.no/publications/472],https://www.newmontgoldcorp.com/document/church-of-england-tailings-management/
1846,Carlin,Mill 3 (Rain),Newmont Goldcorp,USA,40.596529,-116.013734,Closed,1987.0,3900000.0,,Significant,Global Tailing Dam [https://www.grida.no/publications/472],https://www.newmontgoldcorp.com/document/church-of-england-tailings-management/
1845,Carlin,Mill 4/2,Newmont Goldcorp,USA,40.947096,-116.335377,Inactive Care and Maintenance,1992.0,10700000.0,,Significant,Global Tailing Dam [https://www.grida.no/publications/472],https://www.newmontgoldcorp.com/document/church-of-england-tailings-management/
1847,Carlin,Mill 5/6,Newmont Goldcorp,USA,40.753694,-116.19986,Active,1992.0,97000000.0,98000000.0,Significant,Global Tailing Dam [https://www.grida.no/publications/472],https://www.newmontgoldcorp.com/document/church-of-england-tailings-management/
1849,Carlin,Mill 5/6 East,Newmont Goldcorp,USA,40.753694,-116.19986,Active,2019.0,0.0,18000000.0,Significant,Global Tailing Dam [https://www.grida.no/publications/472],https://www.newmontgoldcorp.com/document/church-of-england-tailings-management/
1848,Carlin,Mill 5/6 West,Newmont Goldcorp,USA,40.753694,-116.19986,Active,2011.0,28000000.0,46000000.0,Significant,Global Tailing Dam [https://www.grida.no/publications/472],https://www.newmontgoldcorp.com/document/church-of-england-tailings-management/
1851,Phoenix ,Lone Tree Mine Section 23 TSF,Newmont Goldcorp,USA,40.48,-117.13,Closed,,16000000.0,,Unknown,Global Tailing Dam [https://www.grida.no/publications/472],https://www.newmontgoldcorp.com/document/church-of-england-tailings-management/
1852,Phoenix ,Phoenix TSF,Newmont Goldcorp,USA,40.494741,-117.132001,Active,2006.0,96000000.0,132000000.0,Low ,Global Tailing Dam [https://www.grida.no/publications/472],https://www.newmontgoldcorp.com/document/church-of-england-tailings-management/
1853,Twin Creeks,Juniper TSF,Newmont Goldcorp,USA,41.277754,-117.136099,Active,1988.0,64000000.0,78000000.0,Low,Global Tailing Dam [https://www.grida.no/publications/472],https://www.newmontgoldcorp.com/document/church-of-england-tailings-management/
1854,Twin Creeks,Pinon TSF,Newmont Goldcorp,USA,41.277754,-117.136099,Closed,1980.0,8200000.0,,Low ,Global Tailing Dam [https://www.grida.no/publications/472],https://www.newmontgoldcorp.com/document/church-of-england-tailings-management/
1904, Black Cloud     ,Iowa Gulch Tailings Impoundment,Newmont Goldcorp,USA,39.2241,-106.2341,Reclaimed  ,1997.0,950000.0,,High,Global Tailing Dam [https://www.grida.no/publications/472],https://www.newmontgoldcorp.com/document/church-of-england-tailings-management/
1900, California Gulch     ,Oregon Gulch Tailings Impoundment,Newmont Goldcorp,USA,39.2367,-106.2815,Inactive,1999.0,450000.0,,High,Global Tailing Dam [https://www.grida.no/publications/472],https://www.newmontgoldcorp.com/document/church-of-england-tailings-management/
1903, California Gulch     ,Res #1 Tailings Pond,Newmont Goldcorp,USA,39.2367,-106.2815,Closed,,,,Low,Global Tailing Dam [https://www.grida.no/publications/472],https://www.newmontgoldcorp.com/document/church-of-england-tailings-management/
1902, California Gulch     ,Res#2 Tailings Pond (2),Newmont Goldcorp,USA,39.2367,-106.2815,Closed,,,,Low,Global Tailing Dam [https://www.grida.no/publications/472],https://www.newmontgoldcorp.com/document/church-of-england-tailings-management/
1901, California Gulch     ,Yak WTP Surge Pond,Newmont Goldcorp,USA,39.2367,-106.2815,Inactive Care and Maintenance,1988.0,,,High,Global Tailing Dam [https://www.grida.no/publications/472],https://www.newmontgoldcorp.com/document/church-of-england-tailings-management/
1857,Cortez        ,Cell 4,Newmont Goldcorp,USA,40.2266,-116.686,Active,2013.0,27000000.0,39000000.0,Low,Global Tailing Dam [https://www.grida.no/publications/472],https://www.newmontgoldcorp.com/document/church-of-england-tailings-management/
1856,Cortez        ,Cells 1 &2,Newmont Goldcorp,USA,40.2624,-116.7027,Closed,1995.0,35000000.0,,Significant,Global Tailing Dam [https://www.grida.no/publications/472],https://www.newmontgoldcorp.com/document/church-of-england-tailings-management/
1858,Cortez        ,TA 1-3,Newmont Goldcorp,USA,40.2039,-116.6225,Closed,1969.0,5600000.0,,Low,Global Tailing Dam [https://www.grida.no/publications/472],https://www.newmontgoldcorp.com/document/church-of-england-tailings-management/
1859,Cortez        ,TA 4-5,Newmont Goldcorp,USA,40.2136,-116.612825,Closed,1974.0,1800000.0,,Low,Global Tailing Dam [https://www.grida.no/publications/472],https://www.newmontgoldcorp.com/document/church-of-england-tailings-management/
1860,Cortez        ,TA 6,Newmont Goldcorp,USA,40.2135,-116.624058,Closed,1984.0,5200000.0,,Low,Global Tailing Dam [https://www.grida.no/publications/472],https://www.newmontgoldcorp.com/document/church-of-england-tailings-management/
1861,Cortez        ,TA 7,Newmont Goldcorp,USA,40.2088,-116.6243,Closed,1994.0,800000.0,,Low,Global Tailing Dam [https://www.grida.no/publications/472],https://www.newmontgoldcorp.com/document/church-of-england-tailings-management/
1905,Dawn Mill                                 ,Tailings Disposal Area 1-3,Newmont Goldcorp,USA,47.9053,-117.8256,Reclaimed  ,1980.0,1760000.0,,Unknown,Global Tailing Dam [https://www.grida.no/publications/472],https://www.newmontgoldcorp.com/document/church-of-england-tailings-management/
1906,Dawn Mill                                 ,Tailings Disposal Area 4,Newmont Goldcorp,USA,47.9053,-117.8256,Reclaimed  ,1981.0,110000.0,,N/A,Global Tailing Dam [https://www.grida.no/publications/472],https://www.newmontgoldcorp.com/document/church-of-england-tailings-management/
1898,Empire Mine                ,Sand Dam -  Property owned by California State Parkes.,Newmont Goldcorp,USA,39.2047,-121.0476,Inactive ,1956.0,10000000.0,,High,Global Tailing Dam [https://www.grida.no/publications/472],https://www.newmontgoldcorp.com/document/church-of-england-tailings-management/
1897,Empire Mine                ,Stacy Lane Pond,Newmont Goldcorp,USA,39.2047,-121.0476,Inactive ,1955.0,250000.0,,High,Global Tailing Dam [https://www.grida.no/publications/472],https://www.newmontgoldcorp.com/document/church-of-england-tailings-management/
1864,Goldstrike        ,AA TSF,Newmont Goldcorp,USA,40.9853,-116.3426,Closed,1988.0,18000000.0,,Significant,Global Tailing Dam [https://www.grida.no/publications/472],https://www.newmontgoldcorp.com/document/church-of-england-tailings-management/
1866,Goldstrike        ,Arturo TSF      (TD-1),Newmont Goldcorp,USA,41.0073,-116.432,Closed,1984.0,2600000.0,,Unknown,Global Tailing Dam [https://www.grida.no/publications/472],https://www.newmontgoldcorp.com/document/church-of-england-tailings-management/
1865,Goldstrike        ,Mill 4 TSF,Newmont Goldcorp,USA,40.989607,-116.3471,Closed,1989.0,8400000.0,,High,Global Tailing Dam [https://www.grida.no/publications/472],https://www.newmontgoldcorp.com/document/church-of-england-tailings-management/
1862,Goldstrike        ,North Block TDF,Newmont Goldcorp,USA,41.0033,-116.3586,Active,1994.0,147000000.0,232000000.0,Significant,Global Tailing Dam [https://www.grida.no/publications/472],https://www.newmontgoldcorp.com/document/church-of-england-tailings-management/
1863,Goldstrike        ,TSF 3,Newmont Goldcorp,USA,40.9945,-116.3472,Active,2014.0,37000000.0,73000000.0,Significant,Global Tailing Dam [https://www.grida.no/publications/472],https://www.newmontgoldcorp.com/document/church-of-england-tailings-management/
1907,Idarado                              ,Red Mountain #1,Newmont Goldcorp,USA,37.91365,-107.7026,Dry Stack Reclaimed,1945.0,40000.0,,Unknown,Global Tailing Dam [https://www.grida.no/publications/472],https://www.newmontgoldcorp.com/document/church-of-england-tailings-management/
1908,Idarado                              ,Red Mountain #2,Newmont Goldcorp,USA,37.91365,-107.7026,Dry Stack Reclaimed,1950.0,100000.0,,Unknown,Global Tailing Dam [https://www.grida.no/publications/472],https://www.newmontgoldcorp.com/document/church-of-england-tailings-management/
1909,Idarado                              ,Red Mountain #3,Newmont Goldcorp,USA,37.91365,-107.7026,Dry Stack Reclaimed,1950.0,100000.0,,Unknown,Global Tailing Dam [https://www.grida.no/publications/472],https://www.newmontgoldcorp.com/document/church-of-england-tailings-management/
1910,Idarado                              ,Red Mountain #4,Newmont Goldcorp,USA,37.91365,-107.7026,Dry Stack Reclaimed,1956.0,1500000.0,,Unknown,Global Tailing Dam [https://www.grida.no/publications/472],https://www.newmontgoldcorp.com/document/church-of-england-tailings-management/
1911,Idarado                              ,Red Mountain Buried Tailings,Newmont Goldcorp,USA,37.91365,-107.7026,Dry Stack Reclaimed,1950.0,,,Unknown,Global Tailing Dam [https://www.grida.no/publications/472],https://www.newmontgoldcorp.com/document/church-of-england-tailings-management/
1912,Idarado                              ,Telluride Tailings Pile 1-4,Newmont Goldcorp,USA,37.91365,-107.7026,Dry Stack Reclaimed,1939.0,220000.0,,Unknown,Global Tailing Dam [https://www.grida.no/publications/472],https://www.newmontgoldcorp.com/document/church-of-england-tailings-management/
1913,Idarado                              ,Telluride Tailings Pile 5-6,Newmont Goldcorp,USA,37.91365,-107.7026,Dry Stack Reclaimed,1978.0,9500000.0,,Unknown,Global Tailing Dam [https://www.grida.no/publications/472],https://www.newmontgoldcorp.com/document/church-of-england-tailings-management/
1855,Turquoise Ridge,Turquoise Ridge TSF,Newmont Goldcorp,USA,41.236,-117.22,Closed,1989.0,8700000.0,,Low,Global Tailing Dam [https://www.grida.no/publications/472],https://www.newmontgoldcorp.com/document/church-of-england-tailings-management/
1963,,"Nutrien Aurora, NC (PCS Phosphate Company, Inc.) (R7) PCS R7 Blend Dam State ID EAUF-010",Nutrien,USA,35.31225,-76.82183,Active,2006.0,15500000.0,65980000.0,High,Global Tailing Dam [https://www.grida.no/publications/472],https://www.nutrien.com/sites/default/files/uploads/2020-02/Tailings%20Safety%20Disclosure_1.pdf
1964,,"Nutrien Aurora, NC (PCS Phosphate Company, Inc.) (R9) PCS Phosphate R9 Dike, State Dam ID: BEAUF-021",Nutrien,USA,35.33878,-76.79919,Active,2017.0,26600000.0,126633000.0,High,Global Tailing Dam [https://www.grida.no/publications/472],https://www.nutrien.com/sites/default/files/uploads/2020-02/Tailings%20Safety%20Disclosure_1.pdf
1965,,"Nutrien Aurora, NC Phosphogypsum Stacks Active: Gypsum Stack 4",Nutrien,USA,35.37931,-76.78769,Active,1976.0,3400000.0,61028000.0,Low,Global Tailing Dam [https://www.grida.no/publications/472],https://www.nutrien.com/sites/default/files/uploads/2020-02/Tailings%20Safety%20Disclosure_1.pdf
1966,,"Nutrien Aurora, NC Phosphogypsum Stacks Active: Gypsum Stack 5",Nutrien,USA,35.38139,-76.79389,Active,1980.0,6900000.0,,Low,Global Tailing Dam [https://www.grida.no/publications/472],https://www.nutrien.com/sites/default/files/uploads/2020-02/Tailings%20Safety%20Disclosure_1.pdf
1967,,"Nutrien Aurora, NC Phosphogypsum Stacks Active: Gypsum Stack 6",Nutrien,USA,35.373,-82.79389,Active,1986.0,10000000.0,,Low,Global Tailing Dam [https://www.grida.no/publications/472],https://www.nutrien.com/sites/default/files/uploads/2020-02/Tailings%20Safety%20Disclosure_1.pdf
1968,,"Nutrien White Springs, FL Phosphate Operations (Multiple)",Nutrien,USA,30.41131,-82.78378,Active,1965.0,442000000.0,,Very low,Global Tailing Dam [https://www.grida.no/publications/472],https://www.nutrien.com/sites/default/files/uploads/2020-02/Tailings%20Safety%20Disclosure_1.pdf
1969,,"Nutrien White Springs, FL Phosphogypsum Stacks Active: Swift Creek Chemical Lined Expansion ",Nutrien,USA,30.41131,-82.78378,Active,,148250.0,,Very low,Global Tailing Dam [https://www.grida.no/publications/472],https://www.nutrien.com/sites/default/files/uploads/2020-02/Tailings%20Safety%20Disclosure_1.pdf
1970,,"Nutrien White Springs, FL Phosphogypsum Stacks Inactive: Swift Creek Chemical",Nutrien,USA,30.41131,-82.78378,Inactive,1979.0,54873756.0,,Very low,Global Tailing Dam [https://www.grida.no/publications/472],https://www.nutrien.com/sites/default/files/uploads/2020-02/Tailings%20Safety%20Disclosure_1.pdf
1972,,"Nutrien White Springs, FL Phosphogypsum Stacks In closure: Chemical Dorr-Olive",Nutrien,USA,30.41131,-82.78378,In closure,,12608333.0,,Very low,Global Tailing Dam [https://www.grida.no/publications/472],https://www.nutrien.com/sites/default/files/uploads/2020-02/Tailings%20Safety%20Disclosure_1.pdf
1971,,"Nutrien White Springs, FL Phosphogypsum Stacks In closure: Suwannee River Chemical CTC Suwannee River ",Nutrien,USA,30.41131,-82.78378,In closure,1965.0,47609028.0,,Very low,Global Tailing Dam [https://www.grida.no/publications/472],https://www.nutrien.com/sites/default/files/uploads/2020-02/Tailings%20Safety%20Disclosure_1.pdf
1962,,"PCS Nitrogen Fertilizer, L.P. (Gesimar, LA)",Nutrien,USA,30.24476,-91.04091,Inactive and closed,1969.0,14985000.0,16100000.0,Low,Global Tailing Dam [https://www.grida.no/publications/472],https://www.nutrien.com/sites/default/files/uploads/2020-02/Tailings%20Safety%20Disclosure_1.pdf
922,Haile Gold Mine,Duckwood Tailings Storage Facility,OceanaGold,USA,34.615833,-80.5371,Active,2016.0,1800000.0,28000000.0,Low,Global Tailing Dam [https://www.grida.no/publications/472],https://www.oceanagold.com/sustainability/environment/tailings-management/
352,Blackbird,West Fork TSF,Rio Tinto,USA,45.09222,-114.30444,Closed,1951.0,1100000.0,1100000.0,Significant,Global Tailing Dam [https://www.grida.no/publications/472],https://www.riotinto.com/sustainability/environment/tailings
353,Boron,Boric Acid Pond 1,Rio Tinto,USA,35.04481,-117.7271,Active,1998.0,937446.0,937446.0,Low,Global Tailing Dam [https://www.grida.no/publications/472],https://www.riotinto.com/sustainability/environment/tailings
354,Boron,Boric Acid Pond 2,Rio Tinto,USA,35.04481,-117.73185,Active,1998.0,937451.0,937451.0,Low,Global Tailing Dam [https://www.grida.no/publications/472],https://www.riotinto.com/sustainability/environment/tailings
355,Boron,Boric Acid Pond 3,Rio Tinto,USA,35.0447,-117.7361,Active,1998.0,974451.0,974451.0,Low,Global Tailing Dam [https://www.grida.no/publications/472],https://www.riotinto.com/sustainability/environment/tailings
356,Boron,Boric Acid Pond 4,Rio Tinto,USA,35.0484,-117.73601,Active,2004.0,974451.0,974451.0,Low,Global Tailing Dam [https://www.grida.no/publications/472],https://www.riotinto.com/sustainability/environment/tailings
357,Boron,Boric Acid Pond5,Rio Tinto,USA,35.05234,-117.73613,Active,2006.0,1356830.0,1356830.0,Low,Global Tailing Dam [https://www.grida.no/publications/472],https://www.riotinto.com/sustainability/environment/tailings
358,Boron,Boric Acid Pond 6,Rio Tinto,USA,35.05308,-117.73198,Active,2012.0,1407000.0,1407000.0,Low,Global Tailing Dam [https://www.grida.no/publications/472],https://www.riotinto.com/sustainability/environment/tailings
359,Boron,Boric Acid Pond 7A,Rio Tinto,USA,35.05644,-117.736,Active,2019.0,643918.0,643918.0,Low,Global Tailing Dam [https://www.grida.no/publications/472],https://www.riotinto.com/sustainability/environment/tailings
360,Boron,Boric Acid Pond 7B,Rio Tinto,USA,35.05645,-117.7324,Active,2019.0,399673.0,399673.0,Low,Global Tailing Dam [https://www.grida.no/publications/472],https://www.riotinto.com/sustainability/environment/tailings
361,Boron,Evaporation Ponds R1,Rio Tinto,USA,35.04199,-117.7349,Inactive,1984.0,185022.0,185022.0,Low,Global Tailing Dam [https://www.grida.no/publications/472],https://www.riotinto.com/sustainability/environment/tailings
362,Boron,Evaporation Ponds R2,Rio Tinto,USA,35.04058,-117.73487,Inactive,1984.0,185022.0,185022.0,Low,Global Tailing Dam [https://www.grida.no/publications/472],https://www.riotinto.com/sustainability/environment/tailings
363,Boron,Evaporation Ponds R3,Rio Tinto,USA,35.03903,-117.73477,Inactive,1984.0,185022.0,185022.0,Low,Global Tailing Dam [https://www.grida.no/publications/472],https://www.riotinto.com/sustainability/environment/tailings
364,Boron,Evaporation Ponds R4,Rio Tinto,USA,35.0376,-117.73477,Active,1984.0,185022.0,185022.0,Low,Global Tailing Dam [https://www.grida.no/publications/472],https://www.riotinto.com/sustainability/environment/tailings
365,Boron,Evaporation Ponds R5,Rio Tinto,USA,35.03632,-117.73479,Active,1984.0,185022.0,185022.0,Low,Global Tailing Dam [https://www.grida.no/publications/472],https://www.riotinto.com/sustainability/environment/tailings
366,Boron,Evaporation Ponds R6,Rio Tinto,USA,35.03483,-117.7347,Active,1984.0,185022.0,185022.0,Low,Global Tailing Dam [https://www.grida.no/publications/472],https://www.riotinto.com/sustainability/environment/tailings
367,Boron,Evaporation Ponds R7,Rio Tinto,USA,35.03297,-117.73578,Active,2017.0,104359.0,104359.0,Low,Global Tailing Dam [https://www.grida.no/publications/472],https://www.riotinto.com/sustainability/environment/tailings
368,Boron,Pond 1,Rio Tinto,USA,35.0397,-117.71776,Closed,1956.0,1631894.0,1631894.0,Low,Global Tailing Dam [https://www.grida.no/publications/472],https://www.riotinto.com/sustainability/environment/tailings
369,Boron,Pond 2,Rio Tinto,USA,35.04029,-117.71147,Closed,1967.0,1654097.0,1654097.0,Low,Global Tailing Dam [https://www.grida.no/publications/472],https://www.riotinto.com/sustainability/environment/tailings
370,Boron,Pond 3,Rio Tinto,USA,35.0373,-117.71132,Closed,1970.0,1359295.0,1359295.0,Low,Global Tailing Dam [https://www.grida.no/publications/472],https://www.riotinto.com/sustainability/environment/tailings
371,Boron,Pond 4,Rio Tinto,USA,35.05091,-117.71392,Closed,1976.0,1191741.0,1191741.0,Low,Global Tailing Dam [https://www.grida.no/publications/472],https://www.riotinto.com/sustainability/environment/tailings
372,Boron,Pond 5,Rio Tinto,USA,35.05582,-117.71399,Closed,1976.0,3839730.0,3839730.0,Low,Global Tailing Dam [https://www.grida.no/publications/472],https://www.riotinto.com/sustainability/environment/tailings
373,Boron,Pond 6,Rio Tinto,USA,35.03917,-117.72759,Closed,1980.0,1906720.0,1906720.0,Low,Global Tailing Dam [https://www.grida.no/publications/472],https://www.riotinto.com/sustainability/environment/tailings
374,Boron,Ponds A-E,Rio Tinto,USA,35.0458,-117.71779,Closed,1972.0,0.0,0.0,Low,Global Tailing Dam [https://www.grida.no/publications/472],https://www.riotinto.com/sustainability/environment/tailings
388,Holden,Tailings Pile #1,Rio Tinto,USA,48.19753,-120.77576,Closed,1937.0,500000.0,500000.0,1C,Global Tailing Dam [https://www.grida.no/publications/472],https://www.riotinto.com/sustainability/environment/tailings
389,Holden,Tailings Pile #2,Rio Tinto,USA,48.19705,-120.76856,Closed,1937.0,2500000.0,2500000.0,1C,Global Tailing Dam [https://www.grida.no/publications/472],https://www.riotinto.com/sustainability/environment/tailings
390,Holden,Tailings Pile #3,Rio Tinto,USA,48.19687,-120.76329,Closed,1937.0,1500000.0,1500000.0,1C,Global Tailing Dam [https://www.grida.no/publications/472],https://www.riotinto.com/sustainability/environment/tailings
397,Kennecott,North TSF Impoundment,Rio Tinto,USA,40.75834,-112.12846,Active,1999.0,632000000.0,806000000.0,Moderate,Global Tailing Dam [https://www.grida.no/publications/472],https://www.riotinto.com/sustainability/environment/tailings
396,Kennecott,South (Magna) TSF Impoundment,Rio Tinto,USA,40.73433,-112.1256,Inactive,1906.0,1562000000.0,1562000000.0,High,Global Tailing Dam [https://www.grida.no/publications/472],https://www.riotinto.com/sustainability/environment/tailings
399,McGill,Kennecott Nevada Copper,Rio Tinto,USA,39.41564,-114.8023,Closed,1900.0,633750000.0,633750000.0,Low,Global Tailing Dam [https://www.grida.no/publications/472],https://www.riotinto.com/sustainability/environment/tailings
443,Resolution,No. 1 and 2 TSF Impoundment,Rio Tinto,USA,33.29812,-111.10605,Closed,1900.0,1800000.0,1800000.0,Low,Global Tailing Dam [https://www.grida.no/publications/472],https://www.riotinto.com/sustainability/environment/tailings
444,Resolution,No. 3 and 4 TSF Impoundment,Rio Tinto,USA,33.29639,-111.10489,Closed,1940.0,2400000.0,2400000.0,Significant,Global Tailing Dam [https://www.grida.no/publications/472],https://www.riotinto.com/sustainability/environment/tailings
445,Resolution,No. 5 TSF Impoundment,Rio Tinto,USA,33.30175,-111.10786,Closed,1957.0,1900000.0,1900000.0,Low,Global Tailing Dam [https://www.grida.no/publications/472],https://www.riotinto.com/sustainability/environment/tailings
446,Resolution,No. 6 and 7 TSF Impoundment,Rio Tinto,USA,33.30142,-111.11338,Closed,1970.0,2951000.0,2951000.0,High,Global Tailing Dam [https://www.grida.no/publications/472],https://www.riotinto.com/sustainability/environment/tailings
448,Ridgeway,Ridgeway TSF,Rio Tinto,USA,34.27101,-80.90087,Closed,1990.0,185200.0,185200.0,Significant,Global Tailing Dam [https://www.grida.no/publications/472],https://www.riotinto.com/sustainability/environment/tailings
453,Sweetwater,Kennecott Uranium Company,Rio Tinto,USA,42.05327,-107.89085,Inactive,1980.0,2400000.0,2400000.0,Low,Global Tailing Dam [https://www.grida.no/publications/472],https://www.riotinto.com/sustainability/environment/tailings
1769,Marigold Mine,Marigold Mine TSF ,SGO Mining,USA,40.751128,-117.13998,Inactive,1989.0,0.0,0.0,low,Global Tailing Dam [https://www.grida.no/publications/472],http://www.ssrmining.com/_resources/2019-08-30-SSR-Mining-Response-Letter-re-Investor-Mining-&-Tailings-Safety-Initiative.pdf
1510,Marigold Mine,"Marigold Mine TSF - inactive, on-land facility with one crescent dam",SGO Mining,USA,40.751128,-117.13998,Closed,1989.0,,,Low,Global Tailing Dam [https://www.grida.no/publications/472],http://www.ssrmining.com/_resources/2019-08-30-SSR-Mining-Response-Letter-re-Investor-Mining-&-Tailings-Safety-Initiative.pdf
970,East Boulder,TSF1,Sibanye-Stillwater,USA,45.507558,-110.087667,Active,2001.0,4090000.0,5330000.0,Significant,Global Tailing Dam [https://www.grida.no/publications/472],https://thevault.exchange/?get_group_doc=245/1559906270-sibanye-stillwater-tailings-storage-facilities-07jun2019.pdf
971,East Boulder,TSF2,Sibanye-Stillwater,USA,45.384656,-109.876653,Active,1986.0,3130000.0,3130000.0,High,Global Tailing Dam [https://www.grida.no/publications/472],https://thevault.exchange/?get_group_doc=245/1559906270-sibanye-stillwater-tailings-storage-facilities-07jun2019.pdf
972,East Boulder,TSF3,Sibanye-Stillwater,USA,45.453675,-109.787614,Active,2002.0,6170000.0,12140000.0,High,Global Tailing Dam [https://www.grida.no/publications/472],https://thevault.exchange/?get_group_doc=245/1559906270-sibanye-stillwater-tailings-storage-facilities-07jun2019.pdf
1196,Hermosa,Filtered tailings facility,South32,USA,31.465833,-110.727883,Active,2018.0,500000.0,3100000.0,High C,Global Tailing Dam [https://www.grida.no/publications/472],https://www.south32.net/docs/default-source/all-financial-results/reports-and-presentations/south32-tailings-storage-facilities-management-2019.pdf?sfvrsn=4ced3a98_12
1314,Magmont ,Tailings Dam,Teck,USA,37.630936,-91.108224,Inactive,1968.0,15435000.0,15435000.0,High,Global Tailing Dam [https://www.grida.no/publications/472],https://www.teck.com/Tailings/
1315,Pend Oreille,Tailings Pond 1,Teck,USA,48.889872,-117.35168,Closed,1968.0,954715.0,954715.0,High,Global Tailing Dam [https://www.grida.no/publications/472],https://www.teck.com/Tailings/
1316,Pend Oreille,Tailings Pond 2,Teck,USA,48.889117,-117.348237,Closed,1973.0,225330.0,225330.0,High,Global Tailing Dam [https://www.grida.no/publications/472],https://www.teck.com/Tailings/
1317,Pend Oreille,Tailings Pond 3,Teck,USA,48.881379,-117.348786,Active,2003.0,2812010.0,2915297.0,High,Global Tailing Dam [https://www.grida.no/publications/472],https://www.teck.com/Tailings/
1322,Red Dog ,Tailings Storage Facility,Teck,USA,68.060681,-162.871763,Active,1988.0,55040000.0,64100000.0,High,Global Tailing Dam [https://www.grida.no/publications/472],https://www.teck.com/Tailings/
1295,Douglas Mine,Douglas Mine,Teck,USA,46.523795,-113.182639,Closed,1963.0,108661.0,108661.0,Not High Hazard,Global Tailing Dam [https://www.grida.no/publications/472],https://www.teck.com/Tailings/
904,Carlsbad,Clay Settling Dyke,The Mosaic Company,USA,32.412,-103.939,Active,1931.0,419400.0,936300.0,Low,Global Tailing Dam [https://www.grida.no/publications/472],http://investors.mosaicco.com
1244,Royal Mountain King Mine,Flotation Tailings Reservoir,Yamana Gold,USA,38.008333,-120.684722,Closed,1989.0,5200000.0,5200000.0,N/A,Global Tailing Dam [https://www.grida.no/publications/472],https://s22.q4cdn.com/899716706/files/doc_downloads/2019/06/Tailings-Safety-Disclosure-Data.pdf
199,Lumwana,Lumwana TSF,Barrick Gold Corporation,Zambia,-12.234695,25.862281,Active,2008.0,160000000.0,480000000.0,Significant,Global Tailing Dam [https://www.grida.no/publications/472],https://barrick.q4cdn.com/788666289/files/doc_downloads/2019/06/Letter-to-the-CoE-plus-inventory.pdf
679,Mufulira,"(TD 11 TD2, 6, 7, & 9)",Glencore,Zambia,-12.546667,28.199444,Active,1990.0,79000000.0,87000000.0,Medium,Global Tailing Dam [https://www.grida.no/publications/472],https://www.glencore.com/dam/jcr:58e3d8ff-97c1-422f-8d31-dd2fee89fcc3/Glencore_TSFs_190614.pdf
680,Mufulira,"(TD 3, 4, 5, & 8)",Glencore,Zambia,-12.527778,28.240556,Closed,1980.0,10000000.0,10000000.0,Low,Global Tailing Dam [https://www.grida.no/publications/472],https://www.glencore.com/dam/jcr:58e3d8ff-97c1-422f-8d31-dd2fee89fcc3/Glencore_TSFs_190614.pdf
678,Nkana Mine,Nkana TD 15A (Central Wall),Glencore,Zambia,-12.8,28.116111,Active,1990.0,106000000.0,126000000.0,Medium,Global Tailing Dam [https://www.grida.no/publications/472],https://www.glencore.com/dam/jcr:58e3d8ff-97c1-422f-8d31-dd2fee89fcc3/Glencore_TSFs_190614.pdf
677,Nkana Mine,Nkana TD 15 (East Wall),Glencore,Zambia,-12.793056,28.1525,Closed,1980.0,10000000.0,10000000.0,Low,Global Tailing Dam [https://www.grida.no/publications/472],https://www.glencore.com/dam/jcr:58e3d8ff-97c1-422f-8d31-dd2fee89fcc3/Glencore_TSFs_190614.pdf
2027,N/A,Bwana Mkubwa TSF,First Quantum Minerals,Zambia    ,-13.04035,28.717292,Closed,1998.0,13000000.0,13000000.0,Category 1 - Extreme,Global Tailing Dam [https://www.grida.no/publications/472],https://s24.q4cdn.com/821689673/files/doc_downloads/tailings-management/Tailings-Dam-Management-Disclosure-Request-April-2020-FINAL.xlsx
2018,N/A,Kansanshi TSF1,First Quantum Minerals,Zambia    ,-12.131041,26.426155,Active,2005.0,179400000.0,216700000.0,Extreme,Global Tailing Dam [https://www.grida.no/publications/472],https://s24.q4cdn.com/821689673/files/doc_downloads/tailings-management/Tailings-Dam-Management-Disclosure-Request-April-2020-FINAL.xlsx
2019,N/A,Kansanshi TSF2,First Quantum Minerals,Zambia    ,-12.105305,26.475091,Active,2012.0,58300000.0,108300000.0,High A,Global Tailing Dam [https://www.grida.no/publications/472],https://s24.q4cdn.com/821689673/files/doc_downloads/tailings-management/Tailings-Dam-Management-Disclosure-Request-April-2020-FINAL.xlsx
2020,N/A,Sentinel TSF,First Quantum Minerals,Zambia    ,-12.18528212,25.31099968,Active,2014.0,140000000.0,340000000.0,Very High ,Global Tailing Dam [https://www.grida.no/publications/472],https://s24.q4cdn.com/821689673/files/doc_downloads/tailings-management/Tailings-Dam-Management-Disclosure-Request-April-2020-FINAL.xlsx
115,Unki,Dam 1,Anglo American Platinum,Zimbabwe,-19.62417,30.07222,Active,2010.0,7900000.0,14700000.0,Major,Global Tailing Dam [https://www.grida.no/publications/472],https://www.angloamericanplatinum.com/~/media/Files/A/Anglo-American-Platinum/documents/annual-updates-2019/platinum-tailings-storage-facilities-angloamerican-new.pdf
118,Unki,Unki Slag Stockpile,Anglo American Platinum,Zimbabwe,-19.613694,30.097567,Active,2018.0,10000.0,130000.0,Insignificant,Global Tailing Dam [https://www.grida.no/publications/472],https://www.angloamericanplatinum.com/~/media/Files/A/Anglo-American-Platinum/documents/annual-updates-2019/platinum-tailings-storage-facilities-angloamerican-new.pdf
1572,Blanket Mine,Blanket Mine tailings dam,Caledonia Mining Corporation,Zimbabwe,-20.843579,28.908992,Active,1994.0,4535432.0,5375663.0,25,Global Tailing Dam [https://www.grida.no/publications/472],http://www.mmc.co.jp/corporate/en/csr/social/pdf/tailings_dams.pdf
1553,Zimplats,Ngezi TSF,IMPALA Platinum,Zimbabwe,-18.601889,30.306194,Active,2009.0,19200000.0,21300000.0,low risk,Global Tailing Dam [https://www.grida.no/publications/472],http://www.implats.co.za/pdf/our-stories/2019/tailings-disclosures.pdf
1554,Zimplats,SMC TSF,IMPALA Platinum,Zimbabwe,-18.01,30.076111,Active,1996.0,23700000.0,24600000.0,Medium risk,Global Tailing Dam [https://www.grida.no/publications/472],http://www.implats.co.za/pdf/our-stories/2019/tailings-disclosures.pdf
1552,Mimosa,Mimosa Phase 3 Tailings facility,IMPALA Platinum,Zimbabwe,-20.3185,29.831806,Active,2002.0,20000000.0,28600000.0,High,Global Tailing Dam [https://www.grida.no/publications/472],http://www.implats.co.za/pdf/our-stories/2019/tailings-disclosures.pdf
