legend_id,source_id,scale,um_class,um_terms,um_rock,name,lith,area_km2,lith_id
67807,154,tiny,major,ultramaf,ultramafic rock (undifferentiated),Archean sedimentary and volcanic rocks,mafic-ultramafic volcanic rocks,6575.143,63;161
68776,154,tiny,major,ophiolit,ophiolite complex,Mesozoic volcanic and intrusive rocks,ophiolite complex; mafic volcanic rocks,1542.643,63;161
69745,154,tiny,major,ophiolit,ophiolite complex,Paleozoic tectonic rocks,ophiolitic melange; shale,312.509,8
67881,154,tiny,major,ultramaf,ultramafic rock (undifferentiated),Archean volcanic rocks,mafic-ultramafic volcanic rocks; tholeiite,58737.409,63;161
67866,154,tiny,major,ultramaf,ultramafic rock (undifferentiated),Archean volcanic rocks,mafic-ultramafic volcanic rocks; tholeiite,4551.964,63;161
68786,154,tiny,major,ophiolit,ophiolite complex,Mesozoic volcanic and intrusive rocks,ophiolite complex; mafic volcanic rocks,2723.717,63;161
68473,154,tiny,major,ophiolit,ophiolite complex,Mesozoic-Cenozoic sedimentary and volcanic rocks,ophiolite complex; mafic volcanic rocks; spilite,1605.151,63;161
69767,154,tiny,major,ophiolit,ophiolite complex,Paleozoic volcanic and intrusive rocks,ophiolite complex; mafic volcanic rocks; basalt,505.499,63;70;161
69244,154,tiny,major,komatiit;ultramaf,komatiite,Paleoproterozoic volcanic rocks,mafic-ultramafic volcanic rocks; komatiite,678.813,63;127;161
68766,154,tiny,major,ophiolit,ophiolite complex,Mesozoic tectonic rocks,ophiolitic melange; mafic-intermediate volcanic rocks; shale,159.199,8;63;161
69765,154,tiny,major,ophiolit,ophiolite complex,Paleozoic volcanic and intrusive rocks,ophiolite complex; mafic volcanic rocks,685.913,63;161
68601,154,tiny,major,ophiolit,ophiolite complex,Mesozoic sedimentary and volcanic rocks,ophiolite complex; unclassified volcanic rocks,39518.609,63
69757,154,tiny,major,ophiolit,ophiolite complex,Paleozoic volcanic and intrusive rocks,ophiolite complex; mafic volcanic rocks; basalt,587.407,63;70;161
67887,154,tiny,major,ultramaf,ultramafic rock (undifferentiated),Archean volcanic rocks,mafic-ultramafic volcanic rocks,8254.392,63;161
68778,154,tiny,major,ophiolit,ophiolite complex,Mesozoic volcanic and intrusive rocks,"ophiolite complex; mafic volcanic rocks; marl,limestone,radiolarian chert",638.473,19;30;45;63;161
68069,154,tiny,major,ophiolit,ophiolite complex,Cenozoic volcanic and intrusive rocks,ophiolite complex; mafic volcanic rocks; basalt,260.494,63;70;161
67882,154,tiny,major,ultramaf,ultramafic rock (undifferentiated),Archean volcanic rocks,mafic-ultramafic volcanic rocks; tholeiite,1372.279,63;161
67801,154,tiny,major,ultramaf,ultramafic rock (undifferentiated),Archean sedimentary and volcanic rocks,mafic-ultramafic volcanic rocks,2287.498,63;161
69249,154,tiny,major,komatiit;ultramaf,komatiite,Paleoproterozoic volcanic rocks,mafic-ultramafic volcanic rocks; komatiite,664.144,63;127;161
69752,154,tiny,major,ophiolit,ophiolite complex,Paleozoic volcanic and intrusive rocks,ophiolite complex; mafic volcanic rocks; basalt,340.393,63;70;161
67844,154,tiny,major,ultramaf,ultramafic rock (undifferentiated),Archean volcanic and intrusive rocks,greenstone belt; mafic-ultramafic volcanic rocks,23662.49,63;87;161
67880,154,tiny,major,ultramaf,ultramafic rock (undifferentiated),Archean volcanic rocks,mafic-ultramafic volcanic rocks,2129.666,63;161
68513,154,tiny,major,ophiolit,ophiolite complex,Mesozoic-Cenozoic volcanic and intrusive rocks,ophiolite complex; mafic volcanic rocks; basalt,6662.679,63;70;161
69738,154,tiny,major,ophiolit,ophiolite complex,Paleozoic tectonic rocks,"ophiolitic melange; shale,chert,breccia",1475.86,8;15;45
68777,154,tiny,major,ophiolit,ophiolite complex,Mesozoic volcanic and intrusive rocks,ophiolite complex; mafic volcanic rocks; boninite,1072.307,63;161
69248,154,tiny,major,ultramaf,ultramafic rock (undifferentiated),Paleoproterozoic volcanic rocks,mafic-ultramafic volcanic rocks,3969.045,63;161
67857,154,tiny,major,ultramaf,ultramafic rock (undifferentiated),Archean volcanic rocks,mafic-ultramafic volcanic rocks,1011.118,63;161
69742,154,tiny,major,ophiolit,ophiolite complex,Paleozoic tectonic rocks,ophiolitic melange; shale,63.505,8
69231,154,tiny,major,ultramaf,ultramafic rock (undifferentiated),Paleoproterozoic volcanic and intrusive rocks,mafic-ultramafic volcanic rocks; basalt,96.949,63;70;161
68512,154,tiny,major,ophiolit,ophiolite complex,Mesozoic-Cenozoic volcanic and intrusive rocks,ophiolite complex; mafic volcanic rocks,10580.628,63;161
68186,154,tiny,major,picrit,picrite,Cenozoic volcanic rocks,mafic volcanic rocks; picrite,5673.591,63;161
67845,154,tiny,major,ultramaf,ultramafic rock (undifferentiated),Archean volcanic and intrusive rocks,mafic-ultramafic volcanic rocks,4430.944,63;161
67870,154,tiny,major,ultramaf,ultramafic rock (undifferentiated),Archean volcanic rocks,greenstone belt; mafic-ultramafic volcanic rocks,76939.664,63;87;161
67802,154,tiny,major,ultramaf,ultramafic rock (undifferentiated),Archean sedimentary and volcanic rocks,mafic-ultramafic volcanic rocks; tholeiite,2482.559,63;161
69130,154,tiny,major,komatiit;ultramaf,komatiite,Paleoproterozoic sedimentary and volcanic rocks,mafic-ultramafic volcanic rocks; komatiite,331.749,63;127;161
69749,154,tiny,major,ophiolit,ophiolite complex,Paleozoic volcanic and intrusive rocks,ophiolite complex; mafic volcanic rocks; basalt,115.594,63;70;161
69760,154,tiny,major,ophiolit,ophiolite complex,Paleozoic volcanic and intrusive rocks,ophiolite complex; mafic volcanic rocks,126.951,63;161
69766,154,tiny,major,ophiolit,ophiolite complex,Paleozoic volcanic and intrusive rocks,ophiolite complex; mafic volcanic rocks,864.227,63;161
69751,154,tiny,major,ophiolit,ophiolite complex,Paleozoic volcanic and intrusive rocks,ophiolite complex; mafic volcanic rocks,69.997,63;161
13076,7,small,major,ultramaf,ultramafic rock (undifferentiated),Permian plutonic: ultramafic rocks,plutonic: ultramafic rocks,387.774,52
12607,7,small,major,ultramaf,ultramafic rock (undifferentiated),Devonian plutonic: mafic and ultramafic rocks,plutonic: mafic and ultramafic rocks,117.842,52;161
13181,7,small,major,ultramaf,ultramafic rock (undifferentiated),Triassic plutonic: ultramafic rocks,plutonic: ultramafic rocks,155.477,52
12967,7,small,major,ultramaf,ultramafic rock (undifferentiated),Ordovician-Silurian plutonic: ultramafic rocks,plutonic: ultramafic rocks,31.815,52
12563,7,small,major,ultramaf,ultramafic rock (undifferentiated),Cretaceous plutonic: ultramafic rocks,plutonic: ultramafic rocks,11.77,52
12700,7,small,major,ultramaf,ultramafic rock (undifferentiated),Jurassic plutonic: ultramafic rocks,plutonic: ultramafic rocks,376.922,52
12823,7,small,major,ultramaf,ultramafic rock (undifferentiated),Mississippian-Triassic plutonic: ultramafic rocks,plutonic: ultramafic rocks,716.269,52
13032,7,small,major,ultramaf,ultramafic rock (undifferentiated),Paleoproterozoic plutonic: ultramafic rocks,plutonic: ultramafic rocks,2178.305,52
12698,7,small,major,ultramaf,ultramafic rock (undifferentiated),Jurassic plutonic: mafic and ultramafic rocks,plutonic: mafic and ultramafic rocks,10798.739,52;161
13042,7,small,major,ultramaf,ultramafic rock (undifferentiated),Paleozoic-Mesozoic plutonic: ultramafic rocks,plutonic: ultramafic rocks,380.382,52
12613,7,small,major,ultramaf,ultramafic rock (undifferentiated),Devonian-Triassic plutonic: ultramafic rocks,plutonic: ultramafic rocks,180.15,52
12817,7,small,major,ultramaf,ultramafic rock (undifferentiated),Mississippian-Permian plutonic: ultramafic rocks,plutonic: ultramafic rocks,1018.849,52
12960,7,small,major,ultramaf,ultramafic rock (undifferentiated),Ordovician plutonic: ultramafic rocks,plutonic: ultramafic rocks,198.241,52
12541,7,small,major,ultramaf,ultramafic rock (undifferentiated),Cambrian-Ordovician plutonic: ultramafic rocks,plutonic: ultramafic rocks,2749.817,52
66537,147,small,major,ultramaf,ultramafic rock (undifferentiated),Ordovician volcanic,volcanic ultramafic group,3157.335,63
65343,147,small,major,ultramaf,serpentinite,Asenovgrad Ophiolite,"Major:{plutonic ultramafic group}, Minor{gabbro,serpentinite}",10.191,52;59;88
66939,147,small,major,ultramaf,ultramafic rock (undifferentiated),Proterozoic I plutonic,"Major:{plutonic ultramafic group}, Minor{plutonic alkaline group,gabbro}",240.498,52;59
66479,147,small,major,ophiolit,ophiolite complex,ophiolite complex,basalt,64.379,70
67001,147,small,major,ultramaf,ultramafic rock (undifferentiated),Rhum Central Complex,plutonic ultramafic group,42.904,52
67220,147,small,major,ultramaf,ultramafic rock (undifferentiated),Urals,plutonic ultramafic group,38.835,52
66488,147,small,major,ophiolit,ophiolite complex,ophiolite complex,gabbro,303.25,59
66482,147,small,major,ultramaf,serpentinite,ophiolite complex,"Major:{plutonic ultramafic group}, Minor{serpentinite,tholeiitic basalt,gabbro}",2017.549,52;59;70;88
65296,147,small,major,peridotit,peridotite,"Aar Massif, Austroalpine nappes, Ivia zone",meta-peridotite,189.712,61
67217,147,small,major,ultramaf,ultramafic rock (undifferentiated),Urals,plutonic ultramafic group,88.421,52
65297,147,small,major,peridotit,peridotite,"Aar Massif, Austroalpine nappes, Ivia zone",meta-peridotite,395.39,61
66008,147,small,major,ultramaf,ultramafic rock (undifferentiated),Ivrea Verbano Complex,plutonic ultramafic group,29.955,52
65565,147,small,major,ultramaf,ultramafic rock (undifferentiated),Caucasus,plutonic ultramafic group,196.597,52
67207,147,small,major,ultramaf,ultramafic rock (undifferentiated),Urals,plutonic ultramafic group,5719.933,52
67004,147,small,major,peridotit,peridotite,Ronda Peridotite,meta-peridotite,632.513,61
66953,147,small,major,serpentin,serpentinite,Proterozoic I serpentinite,serpentinite,66.604,88
67162,147,small,major,peridotit,peridotite,Upper Penninic Nappes,"meta-basalt group, meta-peridotite",704.508,61;70
65696,147,small,major,serpentin,serpentinite,"Dobromirtsi, Yakovitsa",serpentinite,66.668,88
67131,147,small,major,ophiolit,ophiolite complex,Troodos Ophiolite,plutonic ultramafic group,169.383,52
67132,147,small,major,ophiolit,serpentinite,Troodos Ophiolite,serpentinite,31.594,88
66477,147,small,major,ultramaf,ophiolite complex,ophiolite complex,"Major:{plutonic ultramafic group}, Minor{basalt group,gabbro}",82.772,52;59;70
66483,147,small,major,serpentin,serpentinite,ophiolite complex,"Major:{serpentinite}, Minor{gabbro,tholeiitic basalt,peridotite}",315.682,59;61;70;88
66489,147,small,major,ophiolit,ophiolite complex,ophiolite complex,plutonic ultramafic group,240.156,52
66009,147,small,major,ultramaf,ultramafic rock (undifferentiated),Ivrea Verbano Complex,plutonic ultramafic group,137.977,52
66490,147,small,major,ultramaf,serpentinite,ophiolite complex,"Major:{plutonic ultramafic group}, Minor{basalt group,serpentinite}",3120.011,52;70;88
67160,147,small,major,ultramaf,serpentinite,Unst/Fetlar Ophiolite Complex,"Major:{plutonic ultramafic group}, Minor{gabbro,serpentinite}",125.236,52;59;88
66221,147,small,major,ultramaf,ophiolite complex,Lizard Ophiolite Complex,"Major:{plutonic ultramafic group}, Minor{basalt group,gabbro}",75.066,52;59;70
67140,147,small,major,ophiolit,ophiolite complex,"Tyrone Ophiolite, part of Tyrone Igneous Complex",granite group,71.484,53
66448,147,small,major,peridotit,peridotite,ocean-continent transition of various ages,peridotite,79455.457,61
66573,147,small,major,ultramaf,ultramafic rock (undifferentiated),Palaeocene volcanic,volcanic ultramafic group,40.796,63
66447,147,small,major,serpentin,serpentinite,ocean-continent transition of various ages,serpentinite,7016.712,88
65295,147,small,major,peridotit,peridotite,"Aar Massif, Austroalpine nappes, Ivia zone",meta-peridotite,75.788,61
66476,147,small,major,ophiolit,peridotite,ophiolite complex,peridotite,5425.158,61
65575,147,small,major,ultramaf,ultramafic rock (undifferentiated),Caucasus,plutonic ultramafic group,101.679,52
66481,147,small,major,ophiolit,ophiolite complex,ophiolite complex,gabbro,177.927,59
66540,147,small,major,ultramaf,ultramafic rock (undifferentiated),Ostalpines Kristallin,"Major:{plutonic ultramafic group}, Minor{basalt group,gabbro}",40.068,52;59;70
65690,147,small,major,dunit;harzburg;lherzol,dunite,Dinaric Ophiolite Zone,"Major:{dunite, harzburgite, lherzolite}, Minor{amphibolite,serpentinite,gabbro}",1932.813,59;86;88;128
65672,147,small,major,ultramaf,ultramafic rock (undifferentiated),Devonian plutonic,plutonic ultramafic group,2026.531,52
66480,147,small,major,ophiolit,ophiolite complex,ophiolite complex,tholeiitic basalt,643.59,70
67257,147,small,major,ultramaf,ultramafic rock (undifferentiated),Urals; Timanian Ridge,plutonic ultramafic group,5360.991,52
66487,147,small,major,ophiolit,ophiolite complex,ophiolite complex,basalt group,54.104,70
66138,147,small,major,peridotit,peridotite,Late Cretaceous peridotite,peridotite,645.933,61
67239,147,small,major,ultramaf,ultramafic rock (undifferentiated),"Urals, Kazakhstan",plutonic ultramafic group,46.71,52
66737,147,small,major,ultramaf,ultramafic rock (undifferentiated),Precambrian plutonic,plutonic ultramafic group,1090.394,52
67305,147,small,major,ophiolit,serpentinite,Zobten Ophiolite,serpentinite,134.407,88
67229,147,small,major,ultramaf,ultramafic rock (undifferentiated),Urals,plutonic ultramafic group,4454.415,52
66494,147,small,major,ophiolit,ophiolite complex,ophiolite complex,plutonic ultramafic group,18.918,52
66486,147,small,major,ophiolit,ophiolite complex,ophiolite complex,plutonic ultramafic group,441.589,52
66492,147,small,major,ophiolit,ophiolite complex,ophiolite complex,gabbro,108.744,59
66485,147,small,major,ophiolit,ophiolite complex,ophiolite complex,basalt,4878.618,70
66495,147,small,major,ophiolit,ophiolite complex,ophiolite complex,basalt,16299.571,70
97546,2,small,minor,pyroxenit,pyroxenite,Igneous: intrusive; Intrusive: gabbroic,"gabbro, pyroxenite, anorthosite",120.389,59;62;101
97815,2,small,major,peridotit,peridotite,Igneous: intrusive; Intrusive: peridotitic,"pyroxenite, peridotite, dunite, harzburgite, wherlite, gabbro",638.433,59;61;62;128
98046,2,small,minor,peridotit;serpentin;ultramaf,serpentinite,Igneous: intrusive; Intrusive: undivided,"granite, quartz monzonite, monzogranite; syenite, trondhjemite, granite, pegmatite; ultramafic rocks: serpentinised peridotite, hornblendite",33503.87,53;54;56;61;99;131;144;151
97764,2,small,minor,pyroxenit,pyroxenite,Igneous: intrusive; Intrusive: granitic,"granitic migmatite, orthogneiss, megacrystic monzogranite, amphibolite, pyroxenite, meta-anorthositic gabbro, mylonite",29164.001,59;62;79;80;81;86;144
97831,2,small,major,peridotit,peridotite,Igneous: intrusive; Intrusive: peridotitic,"pyroxenite, peridotite, dunite, harzburgite, wherlite, gabbro; ",16.674,59;61;62;128
97811,2,small,major,peridotit,peridotite,Igneous: intrusive; Intrusive: peridotitic,"pyroxenite, peridotite, dunite, harzburgite, wherlite, gabbro; ",2039.885,59;61;62;128
100302,2,small,minor,dunit;peridotit;pyroxenit,peridotite,Sedimentary; Slope and deep water,"predominantly psammite, semipelite, and pelite interlayered with tonalite, leucogranite, peridotite, pyroxenite, dunite",22891.496,7;58;61;62;128;189
97829,2,small,major,peridotit,peridotite,Igneous: intrusive; Intrusive: peridotitic,"pyroxenite, peridotite, dunite, harzburgite, wherlite, gabbro; ",192.885,59;61;62;128
97817,2,small,major,peridotit,peridotite,Igneous: intrusive; Intrusive: peridotitic,"pyroxenite, peridotite, dunite, harzburgite, wherlite, gabbro; ",79.635,59;61;62;128
97825,2,small,major,peridotit,peridotite,Igneous: intrusive; Intrusive: peridotitic,"pyroxenite, peridotite, dunite, harzburgite, wherlite, gabbro; ",3255.268,59;61;62;128
97827,2,small,major,peridotit,peridotite,Igneous: intrusive; Intrusive: peridotitic,"pyroxenite, peridotite, dunite, harzburgite, wherlite, gabbro; ",480.274,59;61;62;128
97821,2,small,major,peridotit,peridotite,Igneous: intrusive; Intrusive: peridotitic,"mafic to ultramafic rocks: gabbro, pyroxenite,  peridotite, and schist",80.921,59;61;62;84;161
100488,2,small,minor,ultramaf,ultramafic rock (undifferentiated),Supracrustal; Sedimentary and/or volcanic: undivided,"metasedimentary gneiss, marble, ultramafic amphibolite, calc-silicate rocks",2315.655,79;86;90;122
97374,2,small,major,ultramaf,komatiite,Igneous: extrusive; Extrusive: ultramafic,"komatiite, picrite, peridotite, pyroxenite, gabbro, wehrlite, tholeiitic metabasalt",474.051,59;61;62;127;128;133
97803,2,small,major,peridotit,peridotite,Igneous: intrusive; Intrusive: peridotitic,"pyroxenite, peridotite, dunite, harzburgite, wherlite, gabbro or metamorphosed equivalent",35.779,59;61;62;128
98034,2,small,minor,peridotit;pyroxenit,peridotite,Igneous: intrusive; Intrusive: undivided,"granite, granodiorite; syenogranite; tonalite gneiss, quartz diorite; gabbro, anorthositic gabbro,  peridotite; pyroxenite",43802.179,53;55;57;58;59;61;62;79;145
98045,2,small,minor,peridotit;serpentin;ultramaf,serpentinite,Igneous: intrusive; Intrusive: undivided,"granite, quartz monzonite, monzogranite; syenite, trondhjemite, granite, pegmatite; ultramafic rocks: serpentinised peridotite, hornblendite",13762.886,53;54;56;61;99;131;144;151
97974,2,small,minor,pyroxenit,pyroxenite,Igneous: intrusive; Intrusive: tonalitic-granodioritic,"tonalite, quartz diorite; granodiorite; monzogranite, syenogranite; minor anorthosite, metapyroxenite, amphibolite",6780.549,55;57;58;86;101;144;145
100443,2,small,minor,peridotit,peridotite,Supracrustal; Sedimentary and/or volcanic: undivided,"metamorphosed siliciclastic rocks: pelitic gneiss/schist, marble,  metabasalt, gabbro, quartzite; peridotite; psammite, pelite, marble, dolomite, calc-silicate, arkose, wacke, iron-formation; pyroclastic rocks",34470.081,1;7;11;12;31;59;61;79;84;85;90;133
97805,2,small,major,peridotit,peridotite,Igneous: intrusive; Intrusive: peridotitic,"pyroxenite, peridotite, dunite, harzburgite, wherlite, gabbro; ",81.037,59;61;62;128
97809,2,small,major,peridotit,peridotite,Igneous: intrusive; Intrusive: peridotitic,"pyroxenite, peridotite, dunite, harzburgite, wherlite, gabbro; ",189.231,59;61;62;128
97834,2,small,major,peridotit,peridotite,Igneous: intrusive; Intrusive: peridotitic,"pyroxenite, peridotite, dunite, harzburgite, wherlite, gabbro or metamorphosed equivalent",140.737,59;61;62;128
98024,2,small,minor,ultramaf,ultramafic rock (undifferentiated),Igneous: intrusive; Intrusive: undivided,"acasta gneiss complex: granitic, granodioritic, tonalitic and dioritic orthogneiss, minor paragneiss, mafic and ultramafic enclaves",1933.833,79;120;161
98039,2,small,minor,pyroxenit,pyroxenite,Igneous: intrusive; Intrusive: undivided,"tonalite, quartz diorite gneiss; pyroxenite, amphibolite, hornblendite; migmatite",22518.641,57;58;62;79;80;86
97819,2,small,major,peridotit,peridotite,Igneous: intrusive; Intrusive: peridotitic,ultramafic rock; peridotite association,13.407,61
97272,2,small,major,peridotit;pyroxenit,pyroxenite,Igneous: extrusive; Extrusive: mafic,"basalt, gabbro, pyroxenite, peridotite",4918.303,59;61;62;70
97814,2,small,major,peridotit,peridotite,Igneous: intrusive; Intrusive: peridotitic,"pyroxenite, peridotite, dunite, harzburgite, wherlite, gabbro",389.138,59;61;62;128
98040,2,small,minor,pyroxenit,pyroxenite,Igneous: intrusive; Intrusive: undivided,"tonalite, quartz diorite gneiss; pyroxenite, amphibolite, hornblendite; migmatite",1353.224,57;58;62;79;80;86
97813,2,small,major,peridotit,peridotite,Igneous: intrusive; Intrusive: peridotitic,"peridotite, dunite, pyroxenite, serpentinite",88.901,61;62;88;128
98051,2,small,minor,peridotit;pyroxenit,pyroxenite,Igneous: intrusive; Intrusive: undivided,"tonalite, monzogranite to syenogranite; monzodiorite, granite, syenite, pyroxenite, peridotite, anorthosite",5351.734,53;56;58;61;62;101;144;145
97506,2,small,minor,pyroxenit,pyroxenite,Igneous: intrusive; Intrusive: anorthositic,"gabbro, pyroxenite, anorthosite",212.261,59;62;101
98053,2,small,minor,peridotit;serpentin;ultramaf,serpentinite,Igneous: intrusive; Intrusive: undivided,"diorite, monzodiorite, tonalite, granodiorite, monzogranite, syenogranite, quartz-monzonite, tonalite; gabbro, ultramafics: serpentinized peridotite ; charnockite and orthogneiss",15000.07,54;55;57;58;59;61;79;129;144;145
97457,2,small,minor,peridotit,peridotite,Igneous: extrusive; Extrusive: undivided,"basalt,  amphibolite, mafic schist; rhyolite,  trachyte; lapilli tuff; quartzite, gabbro, peridotite",5186.297,59;61;64;66;70;76;84;85;86;161
97596,2,small,minor,ultramaf,ultramafic rock (undifferentiated),Igneous: intrusive; Intrusive: gabbroic,"gabbro, diorite, ultramafic rocks, anorthosite, diabase",149.696,57;59;94;101
97816,2,small,major,peridotit,peridotite,Igneous: intrusive; Intrusive: peridotitic,"pyroxenite, peridotite, dunite, harzburgite, wherlite, gabbro; ",91.418,59;61;62;128
97519,2,small,minor,peridotit,peridotite,Igneous: intrusive; Intrusive: anorthositic,"gabbro, monzodiorite, mafic dykes and sills, anorthosite, peridotite",4551.122,59;61;101;161
97375,2,small,major,ultramaf,komatiite,Igneous: extrusive; Extrusive: ultramafic,"komatiite, picrite, peridotite, pyroxenite, gabbro, wehrlite, tholeiitic metabasalt",1370.864,59;61;62;127;128;133
97376,2,small,major,ultramaf,komatiite,Igneous: extrusive; Extrusive: ultramafic,"komatiite, nephelinite, picrite, basalt; ",490.792,70;127
97836,2,small,major,peridotit,peridotite,Igneous: intrusive; Intrusive: peridotitic,"pyroxenite, peridotite, dunite, harzburgite, wherlite, gabbro",34.363,59;61;62;128
97973,2,small,minor,pyroxenit,pyroxenite,Igneous: intrusive; Intrusive: tonalitic-granodioritic,"tonalite, quartz diorite; granodiorite; monzogranite, syenogranite; minor anorthosite, metapyroxenite, amphibolite",6246.089,55;57;58;86;101;144;145
97856,2,small,major,peridotit,peridotite,Igneous: intrusive; Intrusive: syenitic,"peridotite, subalkaline and alkaline gabbro, nepheline syenite, carbonatite",250.236,56;59;61;102
98003,2,small,minor,ultramaf,ultramafic rock (undifferentiated),Igneous: intrusive; Intrusive: undivided,"granitic, granodioritic, tonalitic and dioritic orthogneiss, minor paragneiss, mafic and ultramafic enclaves",27321.806,79;120;161
97520,2,small,minor,peridotit,peridotite,Igneous: intrusive; Intrusive: anorthositic,"gabbro, monzodiorite, mafic dykes and sills, anorthosite, peridotite",1.133,59;61;101;161
97599,2,small,minor,dunit;pyroxenit,pyroxenite,Igneous: intrusive; Intrusive: gabbroic,"basalt; diabase; pyroxenite, gabbro, peridotire, dunite",2514.66,59;62;70;94;128
97756,2,small,minor,peridotit,peridotite,Igneous: intrusive; Intrusive: granitic,"charnockite, monzogranite to syenogranite, granodiorite; quartz diorite, diorite, metaperidotite",75734.246,55;57;129;144;145
98035,2,small,minor,peridotit;pyroxenit,peridotite,Igneous: intrusive; Intrusive: undivided,"granite, granodiorite; syenogranite; tonalite gneiss, quartz diorite; gabbro, anorthositic gabbro,  peridotite; pyroxenite",353.663,53;55;57;58;59;61;62;79;145
100491,2,small,minor,komatiit,komatiite,Supracrustal; Sedimentary and/or volcanic: undivided,"mafic and intermediate metavolcanic rocks, pillowed flows, intercalated volcaniclastic rocks;iamphibolite, komatiite, banded iron-formation",14873.376,49;127;161;178
100468,2,small,minor,ultramaf,ultramafic rock (undifferentiated),Supracrustal; Sedimentary and/or volcanic: undivided,"mafic, intermediate and felsic volcanics, clastic metasedimentary rocks, schist, iron-formation; ultramafics, anorthosite",1195.465,63;84;101;122;161
99535,2,small,minor,peridotit,peridotite,Sedimentary; Marine sedimentary: undivided,"sandstone, quartzite; polymictic conglomerate; marble, calcsilicate; slate, ironstone, chert; minor basalt, gabbro, peridotite",3976.984,10;14;45;47;59;61;70;82;85;90
97798,2,small,major,peridotit,peridotite,Igneous: intrusive; Intrusive: peridotitic,"peridotite, dunite, pyroxenite, serpentinite",53.164,61;62;88;128
97797,2,small,major,kimberlit,kimberlite,Igneous: intrusive; Intrusive: kimberlitic,"kimberlite, lamproite",6.459,100
97597,2,small,minor,ultramaf,ultramafic rock (undifferentiated),Igneous: intrusive; Intrusive: gabbroic,"gabbro, diorite, ultramafic rocks, anorthosite, diabase",84.475,57;59;94;101
97969,2,small,minor,pyroxenit,pyroxenite,Igneous: intrusive; Intrusive: tonalitic-granodioritic,"granite, tonalite to diorite, leuconorite, gabbro, pyroxenite",1692.277,53;57;58;59;62
97835,2,small,major,peridotit,peridotite,Igneous: intrusive; Intrusive: peridotitic,"pyroxenite, peridotite, dunite, harzburgite, wherlite, gabbro or metamorphosed equivalent",258.971,59;61;62;128
100441,2,small,minor,peridotit,peridotite,Supracrustal; Sedimentary and/or volcanic: undivided,"metamorphosed siliciclastic rocks: pelitic gneiss/schist, marble,  metabasalt, gabbro, quartzite; peridotite; psammite, pelite, marble, dolomite, calc-silicate, arkose, wacke, iron-formation; pyroclastic rocks",1425.538,1;7;11;12;31;59;61;79;84;85;90;133
97826,2,small,major,peridotit,peridotite,Igneous: intrusive; Intrusive: peridotitic,"pyroxenite, peridotite, dunite, harzburgite, wherlite, gabbro; ",33.132,59;61;62;128
97760,2,small,minor,peridotit,peridotite,Igneous: intrusive; Intrusive: granitic,"granite, granodiorite, tonalite, quartz diorite, diorite hornblendite, norite, peridotite",3373.676,53;55;57;58;61;108
97806,2,small,major,peridotit,peridotite,Igneous: intrusive; Intrusive: peridotitic,"peridotite, dunite, pyroxenite, serpentinite",49.88,61;62;88;128
97602,2,small,major,pyroxenit;ultramaf,pyroxenite,Igneous: intrusive; Intrusive: gabbroic,"gabbro, metagabbro,  ultramafic rocks, pyroxenite",98.239,59;62;133
97810,2,small,major,peridotit,peridotite,Igneous: intrusive; Intrusive: peridotitic,"pyroxenite, peridotite, dunite, harzburgite, wherlite, gabbro; ",43.397,59;61;62;128
97804,2,small,major,peridotit,peridotite,Igneous: intrusive; Intrusive: peridotitic,"pyroxenite, peridotite, dunite, harzburgite, wherlite, gabbro; ",113.146,59;61;62;128
97170,2,small,minor,pyroxenit,pyroxenite,Igneous: extrusive; Extrusive: intermediate,"basalt, andesite, rhyolite, rhyodacite; tuff, mafic schist; slate, schist, semipelite, sandstone; pyroxenite, gabbro",1957.495,10;59;62;64;67;69;70;76;82;84;161
100442,2,small,minor,peridotit,peridotite,Supracrustal; Sedimentary and/or volcanic: undivided,"metamorphosed siliciclastic rocks: pelitic gneiss/schist, marble,  metabasalt, gabbro, quartzite; peridotite; psammite, pelite, marble, dolomite, calc-silicate, arkose, wacke, iron-formation; pyroclastic rocks",58777.295,1;7;11;12;31;59;61;79;84;85;90;133
97837,2,small,major,peridotit,peridotite,Igneous: intrusive; Intrusive: peridotitic,"pyroxenite, peridotite, dunite, harzburgite, wherlite, gabbro; ",780.595,59;61;62;128
97377,2,small,major,ultramaf,komatiite,Igneous: extrusive; Extrusive: ultramafic,"komatiite, nephelinite, picrite, basalt; ",154.567,70;127
100494,2,small,minor,ultramaf,ultramafic rock (undifferentiated),Supracrustal; Sedimentary and/or volcanic: undivided,"undifferentiated supracrustal rocks: pelite, metawacke, iron formation,  mafic and ultramafic volcanic rocks",14658.719,7;48;63;161
97812,2,small,major,peridotit,peridotite,Igneous: intrusive; Intrusive: peridotitic,"pyroxenite, peridotite, dunite, harzburgite, wherlite, gabbro; ",658.509,59;61;62;128
97373,2,small,major,ultramaf,komatiite,Igneous: extrusive; Extrusive: ultramafic,"komatiite, nephelinite, picrite, basalt",57.529,70;127
98054,2,small,minor,peridotit;serpentin;ultramaf,serpentinite,Igneous: intrusive; Intrusive: undivided,"diorite, monzodiorite, tonalite, granodiorite, monzogranite, syenogranite, quartz-monzonite, tonalite; gabbro, ultramafics: serpentinized peridotite ; charnockite and orthogneiss",327929.408,54;55;57;58;59;61;79;129;144;145
100493,2,small,minor,ultramaf,ultramafic rock (undifferentiated),Supracrustal; Sedimentary and/or volcanic: undivided,"quartzite, banded iron-formation, ultramafic rocks, felsic-intermediate volcanic rocks, conglomerate",462.358,14;63;85
97514,2,small,minor,ultramaf,ultramafic rock (undifferentiated),Igneous: intrusive; Intrusive: anorthositic,"gabbro, diorite, ultramafic rocks, anorthosite, diabase",2.082,57;59;94;101
97527,2,small,minor,peridotit,peridotite,Igneous: intrusive; Intrusive: gabbroic,"mafic gneiss, amphibolite, metagabbro, peridotite",1752.802,61;79;86;133;161
97513,2,small,minor,ultramaf,ultramafic rock (undifferentiated),Igneous: intrusive; Intrusive: anorthositic,"gabbro, diorite, ultramafic rocks, anorthosite, diabase",2226.178,57;59;94;101
97526,2,small,minor,peridotit,peridotite,Igneous: intrusive; Intrusive: gabbroic,"mafic gneiss, amphibolite, metagabbro, peridotite",28.086,61;79;86;133;161
97818,2,small,major,peridotit,peridotite,Igneous: intrusive; Intrusive: peridotitic,"pyroxenite, peridotite, dunite, harzburgite, wherlite, gabbro",68.336,59;61;62;128
97807,2,small,major,peridotit,peridotite,Igneous: intrusive; Intrusive: peridotitic,"pyroxenite, peridotite, dunite, harzburgite, wherlite, gabbro; metamorphosed equivalent",6.279,59;61;62;128
100440,2,small,minor,peridotit;ultramaf,peridotite,Supracrustal; Sedimentary and/or volcanic: undivided,"basalt, amphibolite; ultramafic ? intermediate volcanic rocks; volcaniclastics; quartzite, semipelite, iron-formation, conglomerate; metagabbro, metaperidotite",1102.503,14;49;63;70;85;86;133
97507,2,small,minor,pyroxenit,pyroxenite,Igneous: intrusive; Intrusive: anorthositic,"gabbro, pyroxenite, anorthosite",194.345,59;62;101
97820,2,small,major,peridotit,peridotite,Igneous: intrusive; Intrusive: peridotitic,"pyroxenite, peridotite, dunite, harzburgite, wherlite, gabbro",64.486,59;61;62;128
97822,2,small,major,peridotit,peridotite,Igneous: intrusive; Intrusive: peridotitic,"dunite, peridotite, pyroxenite, gabbro, picritic dykes; includes muskox intrusion in wopmay orogen",380.312,59;61;62;128
97808,2,small,major,peridotit,peridotite,Igneous: intrusive; Intrusive: peridotitic,"pyroxenite, peridotite, dunite, harzburgite, wherlite, gabbro; metamorphosed equivalent",37.242,59;61;62;128
97800,2,small,major,peridotit,peridotite,Igneous: intrusive; Intrusive: peridotitic,"pyroxenite, peridotite, dunite, harzburgite, wherlite, gabbro; ",123.05,59;61;62;128
97830,2,small,major,peridotit,peridotite,Igneous: intrusive; Intrusive: peridotitic,"pyroxenite, peridotite, dunite, harzburgite, wherlite, gabbro; ",325.801,59;61;62;128
97801,2,small,major,peridotit,peridotite,Igneous: intrusive; Intrusive: peridotitic,"pyroxenite, peridotite, dunite, harzburgite, wherlite, gabbro; ",162.057,59;61;62;128
97832,2,small,major,peridotit,peridotite,Igneous: intrusive; Intrusive: peridotitic,"pyroxenite, peridotite, dunite, harzburgite, wherlite, gabbro or metamorphosed equivalent",84.963,59;61;62;128
97833,2,small,major,peridotit,peridotite,Igneous: intrusive; Intrusive: peridotitic,"pyroxenite, peridotite, dunite, harzburgite, wherlite, gabbro or metamorphosed equivalent",154.497,59;61;62;128
97802,2,small,major,peridotit,peridotite,Igneous: intrusive; Intrusive: peridotitic,"pyroxenite, peridotite, dunite, harzburgite, wherlite, gabbro; ",26.851,59;61;62;128
97828,2,small,major,peridotit,peridotite,Igneous: intrusive; Intrusive: peridotitic,"pyroxenite, peridotite, dunite, harzburgite, wherlite, gabbro; ",63.531,59;61;62;128
97799,2,small,major,peridotit,peridotite,Igneous: intrusive; Intrusive: peridotitic,"pyroxenite, peridotite, dunite, harzburgite, wherlite, gabbro; ",88.707,59;61;62;128
97823,2,small,major,peridotit,peridotite,Igneous: intrusive; Intrusive: peridotitic,peridotite,73.233,61
97547,2,small,minor,pyroxenit,pyroxenite,Igneous: intrusive; Intrusive: gabbroic,"gabbro, pyroxenite, anorthosite",0.008,59;62;101
97824,2,small,major,peridotit,peridotite,Igneous: intrusive; Intrusive: peridotitic,"diorite, gabbro, pyroxenite",321.46,57;59;62
100469,2,small,minor,ultramaf,ultramafic rock (undifferentiated),Supracrustal; Sedimentary and/or volcanic: undivided,"mafic, intermediate and felsic volcanics, clastic metasedimentary rocks, schist, iron-formation; ultramafics, anorthosite",4397.742,63;84;101;122;161
13560,11,small,major,serpentin,serpentinite,Mesoproterozoic serpentinites ,meta-igneous ultramafic,156.167,95
13574,11,small,major,ultramaf,ultramafic rock (undifferentiated),Ordovician mafic-ultramafic intrusives ,igneous mafic intrusive; igneous ultramafic intrusive,741.501,95;161
13554,11,small,major,ultramaf,ultramafic rock (undifferentiated),Mesoproterozoic mafic-ultramafic intrusives ,igneous mafic intrusive; igneous ultramafic intrusive,3784.376,95;161
13594,11,small,major,ultramaf,ultramafic rock (undifferentiated),Paleoproterozoic mafic-ultramafic intrusives ,igneous mafic intrusive; igneous ultramafic intrusive,6140.043,95;161
13623,11,small,major,serpentin,serpentinite,Silurian serpentinites ,meta-igneous ultramafic,567.819,95
13498,11,small,major,serpentin,serpentinite,Cambrian serpentinites ,meta-igneous ultramafic,231.63,95
13618,11,small,major,serpentin,serpentinite,Permian serpentinites ,meta-igneous ultramafic,2078.365,95
55237,114,medium,major,ultramaf,ultramafic rock (undifferentiated),Apa Ultramafics,ultramafic rocks,64.735,
49855,49,medium,minor,ophiolit,ophiolite complex,"Metamorphe Gesteine, meist Metamagmatite","Sediments, crystalline and ophiolite. Origin in marly matrix (tectonic melange)",0.128,
47256,43,medium,minor,pyroxenit,pyroxenite,Canabrava - Zona Máfica Inferior,"metanorite, meta norite, meta pyroxenite",70.873,62;108
56553,125,medium,major,ultramaf,ultramafic rock (undifferentiated),Ultramafitas de Cerro Matoso,,4.542,61
94538,5,medium,idonly,harmonised-lith-id,,Panton intrusions,,30.379,59;61;101;108;128
54033,95,medium,minor,ultrabasic,ultramafic rock (undifferentiated),,"Gabbro, dioritoid, dolerite, ultrabasic rock and metamorphic equivalents",202.551,59;78;94
72790,191,medium,idonly,harmonised-lith-id,,,,17.237,128
40379,24,medium,major,ultramaf,ultramafic rock (undifferentiated),Finlayson Gp,"Major: {cl-bi-schist,amphibolite,hb-gneiss,ac-pg-cl-bi-schist,pg-ac-cl-schist,phyllite,quartzite,ultramafics}",79.088,79;83;84;85;86
48804,43,medium,minor,lherzol,lherzolite,Tapuruquara Suíte intrusiva,"hornblende gabbro, lherzolite, olivine websterite",240.484,59;128
93273,5,medium,major,komatiit,komatiite,Lake Harris Komatiite,,1.565,127
30704,21,medium,major,ultramaf,ultramafic rock (undifferentiated),Ultramafic complexes of western Alaska,Igneous,2.036,95
73585,205,medium,major,serpentin;ultramaf,serpentinite,Butterfield Lake Intrusive Complex,serpentinite ultramafic rocks,1.735,88
47254,43,medium,major,serpentin,serpentinite,Campo Formoso,"serpentinite, talc schist, Cromitito",86.886,84;88
55270,114,medium,major,ultramaf,ultramafic rock (undifferentiated),Chacao Ultramafics,ultramafic rocks,48.514,
50950,63,medium,major,ophiolit,ophiolite complex,,metamorphic ophiolite complex,146.885,78
29337,21,medium,major,ophiolit,ophiolite complex,Newenham ophiolite complex,Igneous,253.5,95
80732,133,medium,minor,serpentin,serpentinite,Metagabbro,"Major:{amphibolite,amphibole schist,greenstone}, Minor:{serpentinite}",20.76,84;86;87;88
81780,133,medium,major,peridotit,peridotite,Peridotite intrusion,Major:{peridotite},1.141,61
29583,21,medium,major,ophiolit,ophiolite complex,Ophiolite of the Brooks Range,Igneous,2.768,95
47536,43,medium,minor,dunit;serpentin,dunite,Figueira Branca Suíte Intrusiva,"anorthosite, dunite, troctolite, gabbro, serpentinite, norite",6.297,59;88;101;105;108;128
40473,24,medium,major,dunit;harzburg;pyroxenit;serpentin,harzburgite,Finlayson? Gp,"Major: {harzburgite, dunite, orthopyroxenite, serpentinite}",1.715,62;88;128
75502,205,medium,major,ultramaf,ultramafic rock (undifferentiated),Valleau Creek Plutonic Suite,ultramafic igneous rocks,59.201,95
94656,5,medium,major,kimberlit,kimberlite,Pine Creek Kimberlitic Diatreme,,0.684,95;100
80,1,medium,major,ultramaf,ultramafic rock (undifferentiated),Mafic and ultramafic rocks,gabbro,333.695,59
77139,43,medium,major,ultramáf,ultramafic rock (undifferentiated),Tapirapé Formação,"slate ultramáfico, Chert, banded iron formation",1828.827,45;48;82
50912,63,medium,major,serpentin,serpentinite,,serpentinite,107.175,88
40368,24,medium,minor,serpentin;ultramaf,serpentinite,Finlayson Gp,"Major: {gabbro},Minor: {ultramafics, serpentinite}",2.997,59;88
87309,249,medium,major,serpentin;ultramaf,serpentinite,,metamorphic rock [50.0%..95.0%]; serpentinite [5.0%..50.0%]; ultramafic igneous rock [5.0%..50.0%],187.983,78;88;95
42195,24,medium,major,dunit;harzburg;peridotit;serpentin,dunite,Slide Mountain Gp,"Major: {dunite,peridotite,harzburgite,diabase,serpentinite}",32.811,61;88;94;128
76590,43,medium,major,ultramáf,ultramafic rock (undifferentiated),Corpos metamáficos e metaultramáficos,"ultramafic metamorphic rocks, metamorphic rock",1294.502,78
29546,21,medium,major,ophiolit,ophiolite complex,Ophiolite of the Brooks Range,Igneous,0.555,95
55977,125,medium,idonly,harmonised-lith-id,,Complejo Arquía,,47.844,86;88;133
52134,77,medium,major,peridotit;serpentin;ultrabasic,serpentinite,,serpentinite and peridotite. basic and ultrabasic rocks,145.077,61;88
42221,24,medium,minor,pyroxenit,pyroxenite,Snag Creek Fm,"Major: {gabbro},Minor: {pyroxenite}",3.532,59;62
13660,12,medium,minor,ultramaf,ultramafic rock (undifferentiated),Aspiring lithologic association Permian-Triassic TZIV schist,"schist, greenschist, amphibolite, marble, metachert, ultramafic igneous rock",5591.983,84;86;90;95;98
84582,205,medium,major,ultramaf,ultramafic rock (undifferentiated),ultramafic rocks,ultramafic igneous rocks,46.756,95
56551,125,medium,major,ultramáf,ultramafic rock (undifferentiated),Ultramáfico de Mumbú,,2.666,59;108;128
48146,43,medium,major,peridotit;pyroxenit,pyroxenite,Maraconai Complexo,"pyroxenite, peridotite",70.647,61;62
72791,191,medium,idonly,harmonised-lith-id,,,,440.103,61;128
28712,21,medium,major,ultramaf,ultramafic rock (undifferentiated),Mafic and ultramafic rocks of the Valdez and Orca Groups,Igneous,13.143,95
30738,21,medium,major,ultramaf,ultramafic rock (undifferentiated),Ultramafic rocks of southeast Alaska,Igneous,2.497,95
90682,5,medium,idonly,harmonised-lith-id,,Argentine Metamorphics - schist,,232.432,62;84;85;86
13657,12,medium,major,ultramaf,ultramafic rock (undifferentiated),Arthur River Complex,"orthogneiss, ultramafic igneous rock",261.307,79;95
14035,12,medium,minor,peridotit,peridotite,Tangihua Complex,"basalt, dolerite, gabbro, peridotite, mudstone, limestone",1583.529,7;30;59;61;70;94
95133,5,medium,idonly,harmonised-lith-id,,Sholl Intrusion,,11.52,59;61;84;101
95650,5,medium,major,ultramaf,ultramafic rock (undifferentiated),ultramafic intrusives 42183,,3.852,95
47049,43,medium,minor,pyroxenit;serpentin,serpentinite,Anápolis-Itauçu - Associação Ortogranulitos,"charnockite, serpentinite, talc schist, metagabbro, meta norite, meta pyroxenite",4321.589,62;84;88;108;129;133
56554,125,medium,major,ultramaf,ultramafic rock (undifferentiated),Ultramafitas de la Cordillera Occidental,,25.344,59;108;128
39728,23,medium,major,ultramaf,ultramafic rock (undifferentiated),"Unnamed Igneous Intrusion, Late Silurian To Early Devonian",ultramafitite,4.622,95
47053,43,medium,major,pyroxenit,pyroxenite,"Anápolis-Itauçu, metaultrabasito","metaigneous, pyroxenite",41.244,62;190
29545,21,medium,major,ophiolit,ophiolite complex,Ophiolite of the Brooks Range,Igneous,65.291,95
30737,21,medium,major,ultramaf,ultramafic rock (undifferentiated),Ultramafic rocks of southeast Alaska,Igneous,2.376,95
75540,205,medium,major,ultramaf,ultramafic rock (undifferentiated),Wasi and Aiken Lake Intrusive Complexes,ultramafic igneous rocks,7.245,95
54122,95,medium,minor,komatiit,komatiite,,"Basalt, andesite, komatiite, metamorphic",128.324,69;70;78;127
87311,249,medium,major,peridotit;serpentin;ultramaf,peridotite,,peridotite [50.0%..95.0%]; serpentinite [5.0%..50.0%]; ultramafic igneous rock [5.0%..50.0%],2.117,61;88;95
94410,5,medium,idonly,harmonised-lith-id,,North Mooney Complex,,6.328,128
80813,133,medium,major,dunit;peridotit,dunite,Meta-ultramafic Rock,"Major:{metadunite,metaperidotite}, Minor:{serpentinite}",0.873,88
87018,248,medium,idonly,harmonised-lith-id,,Prince Albert Group,,1.946,18;49;127
28696,21,medium,major,ultramaf,ultramafic rock (undifferentiated),Mafic and ultramafic rocks,Igneous,0.28,95
82146,133,medium,major,pyroxenit,pyroxenite,Pyroxenite,Major:{pyroxenite},10.284,62
74944,205,medium,major,ultramaf,ultramafic rock (undifferentiated),Polaris Ultramafic Suite,ultramafic igneous rocks,22.819,95
91715,5,medium,idonly,harmonised-lith-id,,Coongan Subgroup,,1172.511,8;10;12;14;45;48;61;63;68;69;70;84;86;127;161
29574,21,medium,major,ophiolit,ophiolite complex,Ophiolite of the Brooks Range,Igneous,13.358,95
91717,5,medium,idonly,harmonised-lith-id,,Coonta Gabbro,,1.211,57;59;61
52116,77,medium,major,peridotit;serpentin;ultrabasic,serpentinite,,serpentinite and peridotite. basic and ultrabasic rocks,213.529,61;88
28705,21,medium,major,ultramaf,ultramafic rock (undifferentiated),Mafic and ultramafic rocks in the vicinity of the Denali Fault System,Igneous,0.031,95
48729,43,medium,minor,ultramaf,ultramafic rock (undifferentiated),Serrote da Batateira,"slate, gneiss, siliciclastic, ultramafic metamorphic rocks, banded iron formation (BIF'S), metamorphic rock",201.339,1;48;78;79;82
75070,205,medium,major,harzburg;ultramaf,harzburgite,Shulaps Ultramafic Complex - Harzburgite unit,ultramafic igneous rocks,144.914,95
94314,5,medium,idonly,harmonised-lith-id,,Narndee Igneous Complex,,188.727,59;62;101;128;161
13953,12,medium,minor,peridotit,peridotite,"Paringa Suite gabbro, diorite and quartz diorite","gabbro, diorite, quartz diorite, norite, anorthosite, tonalite, peridotite, hornblendite",102.464,57;58;59;61;101;108
73437,205,medium,major,serpentin;ultramaf,serpentinite,Big Salmon Complex,serpentinite ultramafic rocks,2.937,88
79262,133,medium,minor,peridotit,peridotite,Gabbroic rocks of Keweenawan affinity,"Major:{gabbro}, Minor:{anorthosite,peridotite,granite}",2.969,53;59;61;101
87045,248,medium,idonly,harmonised-lith-id,,Roche Bay Greenstone Belt,,337.991,62;88
95103,5,medium,major,serpentin;ultramaf,serpentinite,serpentinised mafic and ultramafic rocks 42190,,115.096,59;61;70;88;94;108;128;131
40058,24,medium,major,dunit;peridotit;serpentin,peridotite,Cache Creek Gp,"Major: {shale,chert,sandstone,breccia,limestone,greenstone,metabasite,gabbro,peridotite,dunite,serpentinite}",3.509,8;10;15;30;45;59;61;87;88;128
77076,43,medium,minor,ultramaf,ultramafic rock (undifferentiated),Sapucaia Grupo,"chlorite schist, metamorphic mafic rock, metasiltstone, Metaultramafito",861.124,78;84;161
48309,43,medium,minor,ultramaf,ultramafic rock (undifferentiated),Ortognaisses e supracrustais-Santa Luz,"migmatite, gneiss, siliciclastic, ferruginous quartzite, ultramafic metamorphic rocks, orthogneiss, paragneiss, metamorphic rock",6002.328,1;78;79;80;85;120
47039,43,medium,major,ultramaf,pyroxenite,Americano do Brasil - Zona Ultramafica,"ultramafic igneous rocks, pyroxenite",8.442,62;95
29689,21,medium,major,peridotit,peridotite,Peridotite,Igneous,1.744,95
96,1,medium,major,ultramaf,ultramafic rock (undifferentiated),Mafic to ultramafic metavolcanic rocks,mafic metavolcanic rocks metasedimentary rocks and pyroclastic rocks,0.007,122;161;178
82733,133,medium,major,ultramaf,ultramafic rock (undifferentiated),Silurian gabbro/diorite/ultramafic rocks,"Major:{gabbro,diorite,ultramafic}",290.622,57;59
82,1,medium,major,ultramaf,ultramafic rock (undifferentiated),Mafic and ultramafic rocks,ultramafic rocks,483.935,161
41430,24,medium,major,dunit;peridotit;pyroxenit;serpentin,peridotite,Nahlin Fm,"Major: {gabbro,peridotite,dunite,serpentinite,pyroxenite}",0.819,59;61;62;88;128
40381,24,medium,major,dunit;harzburg;peridotit;serpentin,dunite,Finlayson Gp,"Major: {dunite,peridotite,harzburgite,diabase,serpentinite}",6.168,61;88;94;128
77363,133,medium,major,serpentin,serpentinite,Amphibolite/ Ultramafic,"Major:{amphibolite,serpentinite}",47.582,86;88
56358,125,medium,idonly,harmonised-lith-id,,Late Cretaceous igneous rocks,,354.883,59;108;128
63055,133,medium,major,peridotit;serpentin,peridotite,Ultramafic and related rocks of ophiolite sequences,"Major:{peridotite,serpentinite}, Minor:{gabbro,diorite}",4.242,57;59;61;88
41073,24,medium,major,peridotit,peridotite,Kluane ultramafic Gp,"Major: {gabbro,greenstone,sills,peridotite},Minor: {dunite}",4.024,59;61;87;128
82099,133,medium,minor,serpentin,serpentinite,"Pre-Tertiary sedimentary and metasedimentary rocks, undivided","Major:{graywacke,argillite,phyllite}, Minor:{chert,serpentinite,greenstone,schist,limestone}, Incidental:{basalt, dacite, marble, hornfels}",508.386,12;30;45;68;70;83;84;87;88;89;90;91
45935,41,medium,idonly,harmonised-lith-id,,Buffelskraal Complex,,6.561,62;102
13723,12,medium,minor,ultramaf,ultramafic rock (undifferentiated),Devil River Volcanics Group,"basalt, andesite, greenschist, ultramafic igneous rock",164.686,69;70;95;98
46373,41,medium,idonly,harmonised-lith-id,,,,81.964,62
48185,43,medium,major,ultramáf,ultramafic rock (undifferentiated),Metamáfica-ultramáfica,"metagabbro, Granada amphibolite",33.45,86;133
55434,114,medium,major,ultramaf,ultramafic rock (undifferentiated),Ultramafic rocks,ultramafic rocks,89.213,
84564,205,medium,major,ultramaf,ultramafic rock (undifferentiated),ultramafic rocks,ultramafic igneous rocks,0.934,95
93744,5,medium,major,ultramaf,ultramafic rock (undifferentiated),metamorphosed ultramafic rocks 72665,,28.906,95
49912,49,medium,minor,ophiolit,ophiolite complex,Quartre Lockergesteine,"Sediments, crystalline and ophiolite. Origin in marly matrix (tectonic melange)",0.577,
76578,43,medium,major,ultramáf,ultramafic rock (undifferentiated),Complexo Brejo Seco - Corpo Brejo Seco - zona metaultramáfica,meta ultramafic rocks,11.416,
76862,43,medium,major,dunit;peridotit;pyroxenit,dunite,Mirabela e Palestina,"dunite, peridotite, pyroxenite, gabbronorito",38.812,61;62;128
72792,191,medium,idonly,harmonised-lith-id,,,,8.443,88
48174,43,medium,major,pyroxenit,pyroxenite,Massapê Suíte Intrusiva,"pyroxenite, gabbro",13.879,59;62
92026,5,medium,idonly,harmonised-lith-id,,Du Faur Suite,,1.892,62;86;94;161
95120,5,medium,idonly,harmonised-lith-id,,Shay Intrusion,,5.117,59;62;108
28707,21,medium,major,ultramaf,ultramafic rock (undifferentiated),Mafic and ultramafic rocks in the vicinity of the Denali Fault System,Metamorphic,61.905,78
30705,21,medium,major,ultramaf,ultramafic rock (undifferentiated),Ultramafic complexes of western Alaska,Igneous,118.081,95
94901,5,medium,idonly,harmonised-lith-id,,Rockley Volcanics,,586.643,9;10;12;14;15;45;49;61;62;69;82;84;161
82902,133,medium,idonly,harmonised-lith-id,,Stillwater complex,,190.643,59;61;62;101;161
29690,21,medium,major,ophiolit;peridotit,peridotite,Peridotite of dismembered ophiolite of the Yukon-Tanana region,Igneous,98.87,95
13877,12,medium,minor,peridotit,peridotite,Median Batholith Devonian-Carboniferous mafic intrusive rocks,"gabbro, anorthosite, diorite, quartz diorite, amphibolite, troctolite, peridotite",58.158,57;59;61;86;101;105
29331,21,medium,major,ophiolit,ophiolite complex,Newenham ophiolite complex,Igneous,56.494,95
28704,21,medium,major,ultramaf,ultramafic rock (undifferentiated),Mafic and ultramafic rocks in the vicinity of the Denali Fault System,Igneous,13.255,95
29330,21,medium,major,ophiolit,ophiolite complex,Newenham ophiolite complex,Igneous,5.153,95
83485,133,medium,minor,picrit,picrite,Valley and Ridge Igneous Intrusions; Basalt,"Major:{basalt,andesite}, Minor:{nepheline syenite,picrite}",0.549,56;69;70
29536,21,medium,major,ultramaf,ultramafic rock (undifferentiated),Older ultramafic rocks of southeast Alaska,Igneous,3.712,95
47359,43,medium,major,ultramáf,ultramafic rock (undifferentiated),Complexo Paulistana - Corpo metaultramáfico,ultramafic metamorphic rocks,14.452,78
93513,5,medium,idonly,harmonised-lith-id,,mafic intrusive rocks 74263,,1169.993,59;61;62;94;161
77643,133,medium,major,peridotit,peridotite,Belchertown Complex,Major:{peridotite},0.03,61
42361,24,medium,major,peridotit,peridotite,Steele Creek Gp,"Major: {gabbro,diabase,peridotite,flows,volcanics},Minor: {screens,argillite,chert}",11.323,45;59;61;63;91;94
41077,24,medium,major,dunit;peridotit,peridotite,Kluane ultramafic Gp,"Major: {peridotite,dunite},Minor: {pyroxenite,gabbro}",2.437,59;61;62;128
94178,5,medium,idonly,harmonised-lith-id,,Mulgathing Complex,,637.704,53;58;59;61;62;70;79;127
27235,21,medium,major,ultramaf,ultramafic rock (undifferentiated),Gabbronorite and other mafic and ultramafic rocks of Hidden terrane,Tectonite,54.757,59;61;62;128
73610,205,medium,major,serpentin;ultramaf,serpentinite,Cache Creek Complex,serpentinite ultramafic rocks,29.562,88
84580,205,medium,major,ultramaf,ultramafic rock (undifferentiated),ultramafic rocks,ultramafic igneous rocks,0.429,95
41433,24,medium,major,dunit;peridotit;pyroxenit;serpentin,peridotite,Nahlin Fm,"Major: {gabbro,peridotite,dunite,serpentinite,pyroxenite}",12.644,59;61;62;88;128
74569,205,medium,major,serpentin;ultramaf,serpentinite,Lay Range assemblage,serpentinite ultramafic rocks,8.048,88
26757,21,medium,major,dunit;serpentin,dunite,"Dunite and serpentinite, undivided",Metamorphic,2.22,78
54089,95,medium,minor,ultrabasic,ultramafic rock (undifferentiated),,"Gabbro, dioritoid, dolerite, ultrabasic rock, anorthosite and metamorphic equivalents",62.164,59;78;94;101
74472,205,medium,major,pyroxenit,pyroxenite,Kleanza plutonic suite,pyroxenite,4.99,62
80793,133,medium,major,peridotit;pyroxenit,peridotite,"Metaperidotite, Metapyroxenite, and Hornblende Metagabbro","Major:{metaperidotite,metagabbro,metapyroxenite}",0.15,133
47339,43,medium,major,ultramáf,serpentinite,Complexo Brejo Seco - Corpo metamáfico-metaultramáfico São Francisco,"metagabbro, serpentinite, metaperidotite, peridotite",48.327,61;88;133
52104,77,medium,major,peridotit;serpentin;ultrabasic,serpentinite,,serpentinite and peridotite. basic and ultrabasic rocks,48.151,61;88
29560,21,medium,major,ophiolit,ophiolite complex,Ophiolite of the Brooks Range,Igneous,11.101,95
46329,41,medium,idonly,harmonised-lith-id,,Tugela Rand Layered Suite,,36.669,62;88;105;128;161
92419,5,medium,idonly,harmonised-lith-id,,Geordies Spur Gabbro,,7.394,57;59;62
54092,95,medium,minor,ultrabasic,ultramafic rock (undifferentiated),,"Gabbro, dioritoid, dolerite, ultrabasic rock, anorthosite and metamorphic equivalents",904.133,59;78;94;101
47276,43,medium,minor,dunit;peridotit;pyroxenit,dunite,Catalão I e II Complexo alcalino,"andesite, Basanito, dunite, trachyte, Rocha gabróide, pyroxenite, peridotite",13.045,61;62;66;69;128
27233,21,medium,major,ultramaf,ultramafic rock (undifferentiated),Gabbronorite and other mafic and ultramafic rocks of Hidden terrane,Metamorphic,0.162,78
30701,21,medium,major,ultramaf,ultramafic rock (undifferentiated),Ultramafic complexes of western Alaska,Igneous,6.057,95
40380,24,medium,major,dunit;harzburg;peridotit;serpentin,dunite,Finlayson Gp,"Major: {dunite,peridotite,harzburgite,diabase,serpentinite}",0.926,61;88;94;128
47290,43,medium,major,ultramáf,serpentinite,Cerro Mantiqueiras Complexo máfico-ultramáfico,"slate magnesiano, serpentinite, metagabbro, metamorphic mafic rock",143.064,78;82;88;133;161
56029,125,medium,major,peridotit,peridotite,Early Cretaceous peridotite,,61.985,61
29567,21,medium,major,ophiolit,ophiolite complex,Ophiolite of the Brooks Range,Igneous,63.918,95
52115,77,medium,major,peridotit;serpentin;ultrabasic,serpentinite,,serpentinite and peridotite. basic and ultrabasic rocks,590.38,61;88
94769,5,medium,idonly,harmonised-lith-id,,Pyradie Formation,,423.295,45;127;133
29697,21,medium,major,ophiolit;peridotit,peridotite,Peridotite of dismembered ophiolite of the Yukon-Tanana region,Metamorphic,0.794,78
30732,21,medium,major,ultramaf,ultramafic rock (undifferentiated),Ultramafic rocks of southeast Alaska,Igneous,0.86,95
78516,133,medium,minor,ultramaf,ultramafic rock (undifferentiated),Cretaceous quartz diorite - gabbro/diorite/ultramafic rocks,"Major:{quartz diorite}, Minor:{gabbro,diorite,ultramafic}",3.301,57;59
48120,43,medium,minor,ultramaf,ultramafic rock (undifferentiated),"Macambira, Complexo Lagoa do Alegre","slate, ultramafic metamorphic rocks, chert, metasedimentary, metamorphic rock",132.413,45;78;82;122
29562,21,medium,major,ophiolit,ophiolite complex,Ophiolite of the Brooks Range,Igneous,0.098,95
42293,24,medium,minor,ultramaf,ultramafic rock (undifferentiated),Snowcap Gp,"Major: {schists, gabbros},Minor: {carbonates, quartzfeldspathic, ultramafics}",27.172,18;59;84
73912,205,medium,major,serpentin;ultramaf,serpentinite,Eagle Bay assemblage,serpentinite ultramafic rocks,4.933,88
47230,43,medium,minor,peridotit;pyroxenit,peridotite,Cacoal Suíte Intrusiva,"anorthosite, troctolite, peridotite, pyroxenite, gabbro, olivine gabbro, norite",164.332,59;61;62;101;105;108
48425,43,medium,major,ultramáf,ultramafic rock (undifferentiated),"Porangatu, metaultramáfica Litofácies","slate, ultramafic metamorphic rocks",5.111,78;82
96050,5,medium,idonly,harmonised-lith-id,,Wongella Metamorphics,,3.224,10;79;84;88
84572,205,medium,major,ultramaf,ultramafic rock (undifferentiated),ultramafic rocks,ultramafic igneous rocks,1.076,95
95007,5,medium,idonly,harmonised-lith-id,,Sally Malay intrusions,,29.721,59;61;101;105;128;161
42200,24,medium,major,dunit;harzburg;peridotit;serpentin,dunite,Slide Mountain Gp,"Major: {dunite,peridotite,harzburgite,diabase,serpentinite},Minor: {ash}",5.309,61;75;88;94;128
79272,133,medium,minor,pyroxenit,pyroxenite,Gabbro or norite to hornblende diorite,"Major:{gabbro,norite,diorite}, Minor:{pyroxenite}",3.733,57;59;62;108
13728,12,medium,major,ultramaf,harzburgite,Dun Mountain Ultramafics Group,"harzburgite, dunite, pyroxenite, gabbro, dolerite",181.922,59;62;94;128
42214,24,medium,major,serpentin,serpentinite,Slide Mountain Gp,Major: {serpentinite},26.342,88
95107,5,medium,major,serpentin,serpentinite,serpentinite 69542,,2.399,62;88
75541,205,medium,major,serpentin;ultramaf,serpentinite,Wasi Metamorphic Complex,serpentinite ultramafic rocks,2.899,88
48,1,medium,major,pyroxenit,pyroxenite,Hornblendite - nepheline syenite suite (saturated to undersaturated suite),"pyroxenite, diorite, monzonite, syenite, nepheline syenite",263.671,54;56;57;62
95667,5,medium,idonly,harmonised-lith-id,,undifferentiated sediments and volcanics 39457,,12.691,7;9;10;30;63;70;88
80687,133,medium,major,ultramaf,ultramafic rock (undifferentiated),Mesozoic gabbro/diorite/ultramafic rocks,"Major:{gabbro,diorite,ultramafic}",0.43,57;59
93688,5,medium,idonly,harmonised-lith-id,,McLean Basalt,,233.24,70;128
40461,24,medium,major,serpentin,serpentinite,Finlayson Gp,Major: {serpentinite},5.355,88
48692,43,medium,major,peridotit,peridotite,Serra do Cantagalo,"metabasite, metaigneous, metaperidotite, peridotite",22.488,61;190
48681,43,medium,major,pyroxenit,pyroxenite,Serra de Maicuru Complexo,"carbonitite, pyroxenite",29.359,62
56483,125,medium,major,serpentin,serpentinite,Serpentinitas del Cabo de La Vela,,5.058,88
54123,95,medium,minor,serpentin,serpentinite,,"Basic metavolcanic rock, banded silicate-carbonate rock, serpentinite",33.064,18;88;178
75164,205,medium,major,ultramaf,ultramafic rock (undifferentiated),Slide Mountain Complex - Ultramafic and Gabbroic Thrust Sheets,gabbroic to dioritic intrusive igneous rocks,24.508,95
41075,24,medium,major,dunit;peridotit,peridotite,Kluane ultramafic Gp,"Major: {peridotite,dunite},Minor: {pyroxenite,gabbro}",54.172,59;61;62;128
48487,43,medium,minor,ultramaf,ultramafic rock (undifferentiated),Rio Capim,"siliciclastic, mafic metavolcanic, volcanic rocks, gneiss, ultramafic metavolcanic, felsic metavolcanic, metagabbro, chert, metasedimentary, metasedimentary, slate",99.936,1;45;63;79;82;122;133;161;178
51397,68,medium,major,ophiolit,ophiolite complex,"Muslim Bagh Ophiolite Complex, undivided",,39.552,57;59;62;86;128;131;161
72353,191,medium,idonly,harmonised-lith-id,,,,723.56,61;88;128
30722,21,medium,major,ultramaf,ultramafic rock (undifferentiated),Ultramafic rocks of southeast Alaska,Igneous,7.782,95
40715,24,medium,major,harzburg,harzburgite,Harzburgite Gp,"Major: {harzburgite},Minor: {lherzolite}",3.225,128
56549,125,medium,idonly,harmonised-lith-id,,Triassic metasedimentary rocks,,3421.501,83;84;85;88;90
80816,133,medium,major,dunit,dunite,Meta-ultramafic Rock,"Major:{metadunite}, Minor:{serpentinite,metaperidotite}",42.027,88
48639,43,medium,minor,ultramaf,ultramafic rock (undifferentiated),Saúde - unidade 2,"slate, migmatite, banded iron formation (BIF'S), gneiss, ultramafic metamorphic rocks, metamorphic rock",2589.39,48;78;79;80;82
73668,205,medium,major,ultramaf,serpentinite,Cache Creek Complex - Trembleur Ultramafite Unit,serpentinite ultramafic rocks,67.676,88
41270,24,medium,major,pyroxenit,pyroxenite,Menzie Creek Fm,Major: {pyroxenite},1.148,62
30726,21,medium,major,ultramaf,ultramafic rock (undifferentiated),Ultramafic rocks of southeast Alaska,Igneous,7.639,95
74942,205,medium,major,ultramaf,ultramafic rock (undifferentiated),Polaris ultramafic suite,ultramafic igneous rocks,46.212,95
83344,133,medium,major,peridotit,peridotite,"Ultramafic rocks, chiefly Mesozoic, unit 1 (Trinity Ophiolite)","Major:{peridotite}, Minor:{pyroxenite,serpentinite}",1404.498,61;62;88
42198,24,medium,major,dunit;harzburg;peridotit;serpentin,dunite,Slide Mountain Gp,"Major: {dunite,peridotite,harzburgite,diabase,serpentinite}",59.614,61;88;94;128
29547,21,medium,major,ophiolit,ophiolite complex,Ophiolite of the Brooks Range,Igneous,27.494,95
30714,21,medium,major,ultramaf,ultramafic rock (undifferentiated),Ultramafic complexes of western Alaska,Igneous,13.195,95
94322,5,medium,major,ultramaf,ultramafic rock (undifferentiated),Narracoota Formation - metamorphosed ultramafics,,12.448,61;62;70;84;161
73671,205,medium,major,ultramaf,ultramafic rock (undifferentiated),Cache Creek Complex - Trembleur Ultramafite Unit,ultramafic igneous rocks,106.421,95
55981,125,medium,idonly,harmonised-lith-id,,Complejo Cajamarca,,6266.029,83;84;85;88;90
86969,248,medium,idonly,harmonised-lith-id,,Committee Bay and Woodburn Lake Groups,,520.009,12;49;76;127
94502,5,medium,idonly,harmonised-lith-id,,Opaline Well Intrusion,,20.86,59;61;62;94;128
27229,21,medium,major,ultramaf,ultramafic rock (undifferentiated),Gabbronorite and other mafic and ultramafic rocks of Hidden terrane,Igneous,6.365,95
53976,95,medium,minor,ultrabasic,ultramafic rock (undifferentiated),,"Gabbro, diorite, ultrabasic rock and metamorphic equivalents",40.183,57;59;78
84578,205,medium,major,ultramaf,ultramafic rock (undifferentiated),ultramafic rocks,ultramafic igneous rocks,37.439,95
30707,21,medium,major,ultramaf,ultramafic rock (undifferentiated),Ultramafic complexes of western Alaska,Igneous,37.398,95
92558,5,medium,idonly,harmonised-lith-id,,Goondicum Gabbro,,31.519,56;59;62;101;105
29571,21,medium,major,ophiolit,ophiolite complex,Ophiolite of the Brooks Range,Igneous,8.131,95
29701,21,medium,major,ophiolit;peridotit,peridotite,Peridotite of dismembered ophiolite of the Yukon-Tanana region,Metamorphic,0.102,78
95612,5,medium,idonly,harmonised-lith-id,,Tumut Pond Group,,19.274,59;88
46378,41,medium,idonly,harmonised-lith-id,,,,653.412,57;59;62;84;86;88
47569,43,medium,major,ultramaf,ultramafic rock (undifferentiated),Gabro Mata Grande Corpo,"metagabbro, ultramafic metamorphic rocks",4.475,78;133
95955,5,medium,idonly,harmonised-lith-id,,Wilagee intrusion,,17.413,59;61;101;105;161
40065,24,medium,major,serpentin,serpentinite,"Cambrian - Devonian serpentinite, listwaenite","Major: {serpentinite, listwaenite},Minor: {pyroxenite}",0.261,62;88
83347,133,medium,major,ultramaf,ultramafic rock (undifferentiated),Ultramafic rocks undifferentiated,Major:{ultramafic},100.755,
41431,24,medium,major,dunit;peridotit;pyroxenit;serpentin,peridotite,Nahlin Fm,"Major: {gabbro,peridotite,dunite,serpentinite,pyroxenite}",0.686,59;61;62;88;128
92568,5,medium,major,serpentin,serpentinite,Gordonbrook Serpentinite,,93.816,61;62;128
42362,24,medium,major,peridotit,peridotite,Steele Creek Gp,"Major: {gabbro,diabase,peridotite,flows,volcanics},Minor: {screens,argillite,chert}",31.884,45;59;61;63;91;94
95106,5,medium,major,serpentin,serpentinite,serpentinite 41581,,0.984,86;88
84583,205,medium,major,ultramaf,ultramafic rock (undifferentiated),ultramafic rocks,ultramafic igneous rocks,7.054,95
30716,21,medium,major,ultramaf,ultramafic rock (undifferentiated),Ultramafic complexes of western Alaska,Metamorphic,27.072,78
81510,133,medium,major,ultramaf,ultramafic rock (undifferentiated),Ordovician gabbro/diorite/ultramafic rocks,"Major:{gabbro,diorite,ultramafic}",66.076,57;59
72356,191,medium,idonly,harmonised-lith-id,,,,35.989,62
73565,205,medium,major,ultramaf,ultramafic rock (undifferentiated),Bridge River Complex,ultramafic igneous rocks,15.976,95
55998,125,medium,idonly,harmonised-lith-id,,Complejo Ultamáfico Zonado del Alto Condoto,,30.923,59;108;128
46250,41,medium,idonly,harmonised-lith-id,,Rietfontein Complex,,12.346,53;59;105;128
84566,205,medium,major,ultramaf,ultramafic rock (undifferentiated),ultramafic rocks,ultramafic igneous rocks,16.217,95
46321,41,medium,idonly,harmonised-lith-id,,Thole Suite,,28.924,62;128
73667,205,medium,major,ultramaf,ultramafic rock (undifferentiated),Cache Creek Complex - Trembleur Ultramafite Unit,ultramafic igneous rocks,260.301,95
28701,21,medium,major,ultramaf,ultramafic rock (undifferentiated),Mafic and ultramafic rocks in the vicinity of the Denali Fault System,Igneous,0.055,95
82097,133,medium,major,dunit,dunite,Pre-Tertiary dunite intrusive rocks,Major:{dunite},1.747,128
30744,21,medium,major,ultramaf,ultramafic rock (undifferentiated),Ultramafic rocks of southeast Alaska,Metamorphic,28.709,78
49854,49,medium,major,serpentin,serpentinite,"Metamorphe Gesteine, meist Metamagmatite","Serpentinite, talc schist",303.218,84;88
52103,77,medium,major,peridotit;serpentin;ultrabasic,serpentinite,,serpentinite and peridotite. basic and ultrabasic rocks,3035.333,61;88
42508,24,medium,major,pyroxenit,pyroxenite,Tombstone Gp,"Major: {syenite,quartz syenite,granite,monzogranite,clinopyroxenite,tinguiate}",33.53,53;56;62;144
26754,21,medium,major,dunit;serpentin,dunite,"Dunite and serpentinite, undivided",Igneous,7.886,95
54132,95,medium,minor,ultrabasic,ultramafic rock (undifferentiated),,"Gabbro, dioritoid, dolerite, ultrabasic rock and metamorphic equivalents",23.174,59;78;94
42220,24,medium,minor,pyroxenit,pyroxenite,Snag Creek Fm,"Major: {gabbro},Minor: {pyroxenite}",9.723,59;62
79274,133,medium,major,pyroxenit,pyroxenite,"Gabbro, pyroxenite, diorite, and lamprophyre","Major:{gabbro,pyroxenite,diorite}, Incidental:{lamprophyre}",289.386,57;59;62;107
78505,133,medium,major,ultramaf,ultramafic rock (undifferentiated),Cretaceous gabbro/diorite/ultramafic rocks,"Major:{gabbro,diorite,ultramafic}",11.876,57;59
28697,21,medium,major,ultramaf,ultramafic rock (undifferentiated),Mafic and ultramafic rocks,Metamorphic,0.03,78
47250,43,medium,major,ultramáf,ultramafic rock (undifferentiated),"Campinorte, metaultramáfica Litofácies","chlorite schist, quartzite, muscovite-quartz schist",1.306,84;85
42295,24,medium,major,ultramaf,ultramafic rock (undifferentiated),Snowcap Gp,"Major: {ultramafic},Minor: {metabasalt}",0.028,133
78330,133,medium,major,serpentin,serpentinite,Cobble Mountain Formation,Major:{serpentinite},0.278,88
76775,43,medium,minor,ultramaf,ultramafic rock (undifferentiated),Ibitira - Ubiraçaba,"siliciclastic, banded iron formation (BIF'S), gneiss, marble, ultramafic metamorphic rocks, chert, metasedimentary",793.244,1;45;48;78;79;90;122
54034,95,medium,minor,ultrabasic,ultramafic rock (undifferentiated),,"Gabbro, dioritoid, dolerite, ultrabasic rock and metamorphic equivalents",5.254,59;78;94
76544,43,medium,minor,peridotit;pyroxenit,peridotite,Canindé Suíte Intrusiva,"anorthosite, troctolite, peridotite, pyroxenite, gabbro, hornblende, norite",25.005,59;61;62;101;105;108
74590,205,medium,major,ultramaf,serpentinite,Mason Lakes Ultramafics,serpentinite ultramafic rocks,14.022,88
29580,21,medium,major,ophiolit,ophiolite complex,Ophiolite of the Brooks Range,Igneous,0.109,95
42186,24,medium,major,dunit;peridotit;serpentin,dunite,Slide Mountain Gp,"Major: {basalt,diorite,gabbro,greenstone,argillite,siltstone,tuff,dunite,peridotite,serpentinite},Minor: {eclogite,orthogneiss,sandstone}",14.127,9;10;57;59;61;70;76;79;87;88;91;128;132
26751,21,medium,major,dunit;serpentin,dunite,"Dunite and serpentinite, undivided",Igneous,5.862,95
30706,21,medium,major,ultramaf,ultramafic rock (undifferentiated),Ultramafic complexes of western Alaska,Igneous,0.107,95
92200,5,medium,major,serpentin,serpentinite,Eurongilly Serpentinite,,3.659,88
14019,12,medium,minor,dunit;peridotit;pyroxenit,pyroxenite,Riwaka Igneous Complex,"gabbro, norite, diorite, quartz diorite, pyroxenite, amphibolite, peridotite, dunite",121.822,57;59;61;62;86;108;128
46370,41,medium,idonly,harmonised-lith-id,,Zoetveld Subsuite of Rustenburg Layered Suite of Bushveld Complex,,59.852,62;128
28702,21,medium,major,ultramaf,ultramafic rock (undifferentiated),Mafic and ultramafic rocks in the vicinity of the Denali Fault System,Igneous,3.454,95
94743,5,medium,major,serpentin,serpentinite,Princhester Serpentinite,,527.916,59;62;88;94;128
48084,43,medium,major,piroxenit;pyroxenit,pyroxenite,Juquiá Complexo alcalino,"clinopyroxenite, nepheline syenite, Olivina clinopiroxenito",22.351,56;62
29338,21,medium,major,ophiolit,ophiolite complex,Newenham ophiolite complex,Igneous,20.061,95
75557,205,medium,major,serpentin;ultramaf,serpentinite,Whitewater Metamorphic Complex,serpentinite ultramafic rocks,0.11,88
13680,12,medium,major,ultramaf,dunite,Brook Street Terrane mafic and ultramafic intrusive rocks,"dunite, pyroxenite, peridotite, gabbro",17.262,59;61;62;128
47342,43,medium,minor,ultramaf,ultramafic rock (undifferentiated),Complexo Cabrobó - Unidade 1,"biotite schist, siliciclastic, biotite gneiss, marble, muscovite-biotite schist, Muscovita biotita gneiss, ultramafic metamorphic rocks, paragneiss migmatítico",1271.322,1;78;79;84;90;120
28713,21,medium,major,ultramaf,ultramafic rock (undifferentiated),Mafic and ultramafic rocks of the Valdez and Orca Groups,Igneous,5.452,95
30723,21,medium,major,ultramaf,ultramafic rock (undifferentiated),Ultramafic rocks of southeast Alaska,Igneous,1.045,95
29566,21,medium,major,ophiolit,ophiolite complex,Ophiolite of the Brooks Range,Igneous,2.286,95
74940,205,medium,major,ultramaf,ultramafic rock (undifferentiated),Polaris ultramafic suite,dioritic intrusive igneous rocks,4.406,95
47055,43,medium,major,serpentin,serpentinite,"Anápolis-Itauçu, serpentinito",serpentinite,17.679,88
42197,24,medium,major,dunit;harzburg;peridotit;serpentin,dunite,Slide Mountain Gp,"Major: {dunite,peridotite,harzburgite,diabase,serpentinite}",19.402,61;88;94;128
76413,43,medium,major,komatiit,komatiite,Alto Jauru Grupo,"komatiitic basalt, metabasalt, slate, tuff, banded iron formation (BIF'S)",1579.923,48;70;76;82;133
55996,125,medium,idonly,harmonised-lith-id,,Complejo Rosario,,437.745,86;88;133
40214,24,medium,major,ultramaf,ultramafic rock (undifferentiated),Devonian - Tournaisian cl-bi-schist/amphibolite/hb-gneiss/ac-pg-cl-bi-schist/pg-ac-cl-schist/phyllite/quartzite/ultramafics,"Major: {cl-bi-schist,amphibolite,hb-gneiss,ac-pg-cl-bi-schist,pg-ac-cl-schist,phyllite,quartzite,ultramafics}",149.744,79;83;84;85;86
73618,205,medium,major,ultramaf,ultramafic rock (undifferentiated),Cache Creek Complex,ultramafic igneous rocks,76.081,95
29575,21,medium,major,ophiolit,ophiolite complex,Ophiolite of the Brooks Range,Igneous,63.963,95
54090,95,medium,minor,ultrabasic,ultramafic rock (undifferentiated),,"Gabbro, dioritoid, dolerite, ultrabasic rock, anorthosite and metamorphic equivalents",410.78,59;78;94;101
45980,41,medium,idonly,harmonised-lith-id,,Dwarsfontein Complex,,60.907,59;62;101
82145,133,medium,major,pyroxenit,pyroxenite,Pyroxenite,Major:{pyroxenite},9.92,62
56314,125,medium,idonly,harmonised-lith-id,,Grupo Ayurá Montebello,,2789.906,83;84;85;88;90
95281,5,medium,idonly,harmonised-lith-id,,Strutton Intrusion,,8.123,61;88;133
95836,5,medium,major,ultramaf,ultramafic rock (undifferentiated),Warrawoona Group - ultramafic and mafic rocks,,86.204,18;70;84;86;161
40382,24,medium,major,dunit;harzburg;peridotit;serpentin,dunite,Finlayson Gp,"Major: {dunite,peridotite,harzburgite,diabase,serpentinite}",5.542,61;88;94;128
26753,21,medium,major,dunit;serpentin,dunite,"Dunite and serpentinite, undivided",Igneous,16.186,95
83339,133,medium,major,ultramaf,ultramafic rock (undifferentiated),Ultramafic Rocks,"Major:{ultramafic,amphibole schist}",39.42,84
28716,21,medium,major,ultramaf,ultramafic rock (undifferentiated),Mafic and ultramafic rocks of the Valdez and Orca Groups,Igneous,0.181,95
79871,133,medium,minor,ultramaf,ultramafic rock (undifferentiated),Hurricane Mountain Formation,"Major:{slate,schist}, Minor:{metasedimentary,metavolcanic,ultramafic}",10.493,82;84;122;178
40470,24,medium,minor,pyroxenit,pyroxenite,Finlayson Gp,"Major: {gabbro},Minor: {pyroxenite, diabase}",0.227,59;62;94
30733,21,medium,major,ultramaf,ultramafic rock (undifferentiated),Ultramafic rocks of southeast Alaska,Igneous,1.447,95
41078,24,medium,major,dunit;peridotit,peridotite,Kluane ultramafic Gp,"Major: {peridotite,dunite},Minor: {pyroxenite,gabbro}",3.809,59;61;62;128
48416,43,medium,major,piroxenit;pyroxenit,pyroxenite,Ponte Nova Complexo alcalino,"pyroxenite, Olivina piroxenito, olivine gabbro",4.184,59;62
48753,43,medium,minor,peridotit;pyroxenit;serpentin,serpentinite,Siriquiqui Suíte intrusiva,"anorthosite, diabase, gabbro, serpentinite, pyroxenite, peridotite, norite",147.449,59;61;62;88;94;101;108
94220,5,medium,idonly,harmonised-lith-id,,Munni Munni Intrusion,,95.805,59;61;62;101;128
84574,205,medium,major,ultramaf,ultramafic rock (undifferentiated),ultramafic rocks,ultramafic igneous rocks,6.579,95
30725,21,medium,major,ultramaf,ultramafic rock (undifferentiated),Ultramafic rocks of southeast Alaska,Igneous,0.21,95
54130,95,medium,minor,ultrabasic,ultramafic rock (undifferentiated),,"Gabbro, dioritoid, dolerite, ultrabasic rock",94.526,59;94
88,1,medium,minor,ultramaf,ultramafic rock (undifferentiated),Mafic intrusive rocks,"gabbro, diorite, ultramafic rocks, and granophyre",55.104,57;59
56424,125,medium,major,peridotit,peridotite,Peridotitas de Planeta Rica,,15.351,59;108;128
95648,5,medium,major,ultramaf,ultramafic rock (undifferentiated),ultramafic cumulates and lava 42020,,18.5,63;95
41180,24,medium,major,pyroxenit,pyroxenite,Lost Horses stock,"Major: {syenite,quartz syenite,granite,monzogranite,clinopyroxenite,tinguiate}",11.174,53;56;62;144
75163,205,medium,major,ultramaf,ultramafic rock (undifferentiated),Slide Mountain Complex - Ultramafic and Gabbroic Thrust Sheets,gabbroic to dioritic intrusive igneous rocks,9.133,95
46299,41,medium,idonly,harmonised-lith-id,,Stavoren Granophyre of Rashoop Granophyre Suite of Bushveld Complex,,17.083,59;62;101
93679,5,medium,idonly,harmonised-lith-id,,McIntosh Gabbro,,68.942,59;61;101;105;161
41074,24,medium,major,dunit;peridotit,peridotite,Kluane ultramafic Gp,"Major: {peridotite,dunite},Minor: {pyroxenite,gabbro}",1.849,59;61;62;128
96067,5,medium,idonly,harmonised-lith-id,,Woodsreef Melange,,139.7,59;62;70;88;94;111;128
56195,125,medium,idonly,harmonised-lith-id,,Formación Paráunkrein,,29.615,15;63;83;88;90;184
28694,21,medium,major,ultramaf,ultramafic rock (undifferentiated),Mafic and ultramafic rocks,Igneous,4.375,95
77911,133,medium,minor,peridotit;pyroxenit,peridotite,Buckingham Complex - Metamorphosed mafic and ultramafic rocks,"Major:{metagabbro}, Minor:{metaperidotite,metapyroxenite}",45.702,133
29563,21,medium,major,ophiolit,ophiolite complex,Ophiolite of the Brooks Range,Igneous,5.167,95
47258,43,medium,major,ultramáf,peridotite,Canabrava - Zona Ultramáfica,"Websterito, metaperidotite, peridotite",27.697,61
95222,5,medium,idonly,harmonised-lith-id,,Spring Creek intrusion,,12.688,59;61;101;105;161
75009,205,medium,major,ultramaf,ultramafic rock (undifferentiated),Rapid River Tectonite,ultramafic igneous rocks,18.476,95
53841,94,medium,minor,serpentin,serpentinite,,"Diabase, spilite, greenschist, amphibolite, gabbro, serpentinite",171.182,59;86;88;94;98
86994,248,medium,idonly,harmonised-lith-id,,Hudson Suite,,10.381,59;61;62
73629,205,medium,major,ultramaf,ultramafic rock (undifferentiated),Cache Creek Complex,ultramafic igneous rocks,949.534,95
74784,205,medium,major,ultramaf,ultramafic rock (undifferentiated),Mount Roberts Formation?,ultramafic igneous rocks,15.649,95
83001,133,medium,minor,pyroxenit,pyroxenite,Syenite and related rocks,"Major:{syenite,monzonite,quartz monzonite}, Minor:{pyroxenite}",54.353,54;56;62;99
91266,5,medium,idonly,harmonised-lith-id,,Bullock Hide Intrusion,,11.65,59;61;62;101;128
13692,12,medium,minor,serpentin,serpentinite,Caples Group TZIII-IV schist,"limestone, quartzite, chert, serpentinite",58.994,30;45;85;88
29699,21,medium,major,ophiolit;peridotit,peridotite,Peridotite of dismembered ophiolite of the Yukon-Tanana region,Metamorphic,13.582,78
74466,205,medium,minor,pyroxenit,pyroxenite,Kleanza plutonic suite,"gabbro, pyroxenite, diorite",0.008,57;59;62
54133,95,medium,minor,ultrabasic,ultramafic rock (undifferentiated),,"Gabbro, dioritoid, dolerite, ultrabasic rock and metamorphic equivalents",115.568,59;78;94
28691,21,medium,major,ultramaf,ultramafic rock (undifferentiated),Mafic and ultramafic rocks,Igneous,5.189,95
83337,133,medium,major,pyroxenit,pyroxenite,Ultramafic rock,Major:{pyroxenite},2.367,62
42203,24,medium,major,pyroxenit,pyroxenite,Slide Mountain Gp,"Major: {gabbro,pyroxenite}",2.892,59;62
79263,133,medium,minor,peridotit,peridotite,Gabbroic rocks of Keweenawan affinity,"Major:{gabbro}, Minor:{anorthosite,peridotite,granite}",275.125,53;59;61;101
27231,21,medium,major,ultramaf,ultramafic rock (undifferentiated),Gabbronorite and other mafic and ultramafic rocks of Hidden terrane,Igneous,4.326,95
48540,43,medium,major,ultramáf,pyroxenite,Rochas metamáfico-ultramáficas,"amphibolite, pyroxenite",4.427,62;86
41704,24,medium,major,pyroxenit,pyroxenite,Pyroxenite Creek Gp,"Major: {gabbro,diorite,clinopyroxenite}",0.467,57;59;62
53972,95,medium,minor,pyroxenit,pyroxenite,,"Nepheline syenite, pyroxenite, carbonatite, foidolite",29.123,56;60;62;102
73837,205,medium,major,ultramaf,ultramafic rock (undifferentiated),Copper Mountain Plutonic Suite,ultramafic igneous rocks,6.678,95
84575,205,medium,major,ultramaf,ultramafic rock (undifferentiated),ultramafic rocks,ultramafic igneous rocks,1.796,95
54147,95,medium,minor,ultrabasic,ultramafic rock (undifferentiated),,"Gabbro, dioritoid, dolerite, ultrabasic rock, anorthosite and metamorphic equivalents",13.921,59;78;94;101
81781,133,medium,major,peridotit,peridotite,Peridotite intrusive rocks,Major:{peridotite},17.991,61
27222,21,medium,major,ultramaf,ultramafic rock (undifferentiated),Gabbronorite and other mafic and ultramafic rocks of Hidden terrane,Igneous,200.599,95
27232,21,medium,major,ultramaf,ultramafic rock (undifferentiated),Gabbronorite and other mafic and ultramafic rocks of Hidden terrane,Igneous,19.328,95
47253,43,medium,minor,pyroxenit,pyroxenite,Campo Alegre de Lourdes,"metanorite, Magnetitito, Metanortosito, meta pyroxenite, metagabbro",17.763,62;133
93747,5,medium,major,ultramaf,ultramafic rock (undifferentiated),metamorphosed ultramafic rocks 74284,,2.967,84
95652,5,medium,major,ultramaf,ultramafic rock (undifferentiated),ultramafic rocks 74474,,88.287,84;88
29556,21,medium,major,ophiolit,ophiolite complex,Ophiolite of the Brooks Range,Igneous,26.381,95
30728,21,medium,major,ultramaf,ultramafic rock (undifferentiated),Ultramafic rocks of southeast Alaska,Igneous,0.308,95
80263,133,medium,minor,pyroxenit,pyroxenite,Litchfield Norite,"Major:{norite}, Minor:{pyroxenite}",4.502,62;108
92442,5,medium,major,ultramaf,ultramafic rock (undifferentiated),Giles Complex - ultramafic rocks,,8.374,61;62;128
80631,133,medium,major,serpentin,serpentinite,Melange,"Major:{serpentinite}, Incidental:{basalt, chert, argillite, sandstone, marble, conglomerate}",121.535,10;14;45;70;88;90;91
56006,125,medium,idonly,harmonised-lith-id,,Conjunto Metamórfico de Etpana,,26.04,88
54131,95,medium,minor,ultrabasic,ultramafic rock (undifferentiated),,"Gabbro, dioritoid, dolerite, ultrabasic rock and metamorphic equivalents",21.571,59;78;94
28709,21,medium,major,ultramaf,ultramafic rock (undifferentiated),Mafic and ultramafic rocks in the vicinity of the Denali Fault System,Metamorphic,36.48,78
82631,133,medium,major,serpentin,serpentinite,Serpentinite,Major:{serpentinite},0.05,88
56055,125,medium,idonly,harmonised-lith-id,,Esquistos de Mazamorras,,318.919,83;84;85;88;90
78571,133,medium,major,pyroxenit,pyroxenite,Dadeville Complex; Mafic and ultramafic rock,"Major:{pyroxenite}, Minor:{amphibolite,metagabbro}, Incidental:{hornblendite}",97.279,62;86;133
48662,43,medium,major,piroxenit,pyroxenite,"Serra da Malacacheta, anfibolito/piroxenito Fácies",amphibolite,136.416,86
84563,205,medium,major,ultramaf,ultramafic rock (undifferentiated),ultramafic rocks,ultramafic igneous rocks,19.688,95
87046,248,medium,idonly,harmonised-lith-id,,Roche Bay Greenstone Belt,,240.02,57;59;63;70;85;127
44918,29,medium,idonly,harmonised-lith-id,,Blanket Sand Deposits,,341.813,3;30;88;93
42199,24,medium,major,dunit;harzburg;peridotit;serpentin,dunite,Slide Mountain Gp,"Major: {dunite,peridotite,harzburgite,diabase,serpentinite}",16.907,61;88;94;128
30713,21,medium,major,ultramaf,ultramafic rock (undifferentiated),Ultramafic complexes of western Alaska,Igneous,203.086,95
27223,21,medium,major,ultramaf,ultramafic rock (undifferentiated),Gabbronorite and other mafic and ultramafic rocks of Hidden terrane,Igneous,10.35,95
56038,125,medium,major,serpentin,serpentinite,Early Cretaceous serpentinite,,1.519,88
47268,43,medium,minor,peridotit;pyroxenit,pyroxenite,"Canindé, parte inferior Corpo","olivine gabbro, troctolite, pyroxenite, peridotite, norite",67.402,59;61;62;105;108
55428,114,medium,major,peridotit,peridotite,Tinaquillo Peridotite,peridotite,61.512,61
30717,21,medium,major,ultramaf,ultramafic rock (undifferentiated),Ultramafic complexes of western Alaska,Metamorphic,3.106,78
30710,21,medium,major,ultramaf,ultramafic rock (undifferentiated),Ultramafic complexes of western Alaska,Igneous,0.854,95
95653,5,medium,major,ultramaf,ultramafic rock (undifferentiated),ultramafic rocks 74478,,26.24,59;61;84;88;128
83340,133,medium,major,serpentin,serpentinite,Ultramafic Rocks,"Major:{serpentinite}, Incidental:{dunite, peridotite, pyroxenite, gabbro}",95.53,59;61;62;88;128
40464,24,medium,major,serpentin,serpentinite,Finlayson Gp,Major: {serpentinite},0.021,88
40377,24,medium,major,ultramaf,ultramafic rock (undifferentiated),Finlayson Gp,"Major: {cl-bi-schist,amphibolite,hb-gneiss,ac-pg-cl-bi-schist,pg-ac-cl-schist,phyllite,quartzite,ultramafics}",277.037,79;83;84;85;86
95656,5,medium,major,ultramaf,ultramafic rock (undifferentiated),"ultramafic rocks, gabbronorite 74513",,3.655,59;61;105;161
90680,5,medium,idonly,harmonised-lith-id,,Argentine Metamorphics - amphibolite,,110.483,62;79;84;86
91530,5,medium,idonly,harmonised-lith-id,,Champion Hills Diorite,,5.589,57;59;62;94
92394,5,medium,idonly,harmonised-lith-id,,Gap Intrusion,,4.812,61;84;88;128
47277,43,medium,major,dunit;peridotit;pyroxenit;serpentin,dunite,Cateté Suíte intrusiva,"diabase, dunite, gabbro, serpentinite, pyroxenite, peridotite, norite",383.864,59;61;62;88;94;108;128
55939,125,medium,idonly,harmonised-lith-id,,Anfibolita y Metagabro de San Antonio,,33.745,86;88;133
42509,24,medium,major,pyroxenit,pyroxenite,Tombstone Gp,"Major: {syenite,quartz syenite,granite,monzogranite,clinopyroxenite,tinguiate}",2.908,53;56;62;144
80818,133,medium,major,dunit;peridotit;serpentin,dunite,Meta-ultramafic rocks - undifferentiated,"Major:{metadunite,metaperidotite,serpentinite}, Minor:{calc silicate rock,metacarbonate}",25.064,88
30721,21,medium,major,ultramaf,ultramafic rock (undifferentiated),Ultramafic rocks of southeast Alaska,Igneous,18.813,95
51406,68,medium,major,ultramaf,ultramafic rock (undifferentiated),Ultramafic tectonites,,162.703,128
29557,21,medium,major,ophiolit,ophiolite complex,Ophiolite of the Brooks Range,Igneous,12.545,95
12,1,medium,minor,ultramaf,ultramafic rock (undifferentiated),Carbonate-alkalic intrusive suite (450 to 600 Ma),"carbonatite, nepheline syenite, alkalic syenite, ijolite, fenite; associated mafic and ultramafic intrusions",37.969,56;102;161
29582,21,medium,major,ophiolit,ophiolite complex,Ophiolite of the Brooks Range,Igneous,158.258,95
14091,12,medium,major,ultramaf,ultramafic rock (undifferentiated),Western Fiordland Orthogneiss ultramafics,hornblendite,7.53,79
13709,12,medium,idonly,harmonised-lith-id,,Croisilles Melange,melange,59.09,88;95;111;161
40713,24,medium,major,harzburg,harzburgite,Harzburgite Gp,"Major: {harzburgite},Minor: {lherzolite}",5.523,128
73627,205,medium,major,ultramaf,ultramafic rock (undifferentiated),Cache Creek Complex,ultramafic igneous rocks,59.006,95
29700,21,medium,major,ophiolit;peridotit,peridotite,Peridotite of dismembered ophiolite of the Yukon-Tanana region,Metamorphic,12.821,78
29585,21,medium,major,ophiolit,ophiolite complex,Ophiolite of the Brooks Range,Metamorphic,12.046,78
42507,24,medium,major,pyroxenit,pyroxenite,Tombstone Gp,"Major: {syenite,quartz syenite,granite,monzogranite,clinopyroxenite,tinguiate}",2.846,53;56;62;144
54022,95,medium,minor,komatiit,komatiite,,"Basalt, trachyandesite, andesite, komatiite and metamorphic equivalents",1333.047,69;70;78;126;127
74941,205,medium,major,ultramaf,ultramafic rock (undifferentiated),Polaris ultramafic suite,mafic to ultramafic rocks,26.592,161
41071,24,medium,major,dunit;peridotit,peridotite,Kluane ultramafic Gp,"Major: {peridotite, dunite, gabbro},Minor: {serpentinite}",1.818,59;61;88;128
29696,21,medium,major,ophiolit;peridotit,peridotite,Peridotite of dismembered ophiolite of the Yukon-Tanana region,Igneous,16.965,95
48852,43,medium,major,ultramáf,ultramafic rock (undifferentiated),Trincheira Complexo máfico-ultramáfico,"Metamarga, gneiss calc-silicate, actinolite schist, talc schist, diorite, meta norite, metagabbro, amphibolite, gneiss",781.453,57;79;84;86;108;133
28714,21,medium,major,ultramaf,ultramafic rock (undifferentiated),Mafic and ultramafic rocks of the Valdez and Orca Groups,Igneous,0.276,95
76532,43,medium,minor,ultramáf,ultramafic rock (undifferentiated),Caicó Complexo,"amphibolite, metaultramáfica, augen - gneiss, metamáfica, migmatite, para - gneiss, orto - gneiss",3108.29,79;80;86
79253,133,medium,minor,picrit,picrite,"Gabbro complex, anorthosite, and albitite","Major:{gabbro,anorthosite}, Minor:{picrite,igneous}",172.131,59;95;101
40465,24,medium,major,serpentin,serpentinite,Finlayson Gp,Major: {serpentinite},9.4,88
93094,5,medium,idonly,harmonised-lith-id,,Kelly Group,,845.141,8;9;10;14;45;48;61;64;70;76;84;94
41070,24,medium,major,dunit;peridotit,peridotite,Kluane ultramafic Gp,"Major: {peridotite,dunite},Minor: {pyroxenite,gabbro}",0.09,59;61;62;128
91687,5,medium,major,serpentin,serpentinite,Coolac Serpentinite,,70.487,88;128
54005,95,medium,minor,ultrabasic,ultramafic rock (undifferentiated),,"Gabbro, dioritoid, ultrabasic rock and metamorphic equivalents",98.574,59;78
40482,24,medium,major,serpentin,serpentinite,Fire Lake Gp,Major: {serpentinite},45.671,88
75071,205,medium,major,serpentin;ultramaf,serpentinite,Shulaps Ultramafic Complex - Serpentinite Melange unit,ultramafic igneous rocks,181.179,95
40548,24,medium,major,pyroxenit,pyroxenite,"Furongian - Llandovery gabbro, pyroxenite","Major: {gabbro, pyroxenite}",0.018,59;62
42213,24,medium,major,serpentin,serpentinite,Slide Mountain Gp,Major: {serpentinite},21.933,88
46380,41,medium,idonly,harmonised-lith-id,,,,83.525,62;86;88;128;133
30724,21,medium,major,ultramaf,ultramafic rock (undifferentiated),Ultramafic rocks of southeast Alaska,Igneous,5.744,95
73586,205,medium,major,ultramaf,ultramafic rock (undifferentiated),Butterfield Lake Intrusive Complex,ultramafic igneous rocks,23.02,95
80444,133,medium,major,peridotit;pyroxenit,pyroxenite,"Mafic intrusions including pyroxenite, peridotite, gabbro, and lamprophyre",,315.887,53;59;61;62;107;161
29561,21,medium,major,ophiolit,ophiolite complex,Ophiolite of the Brooks Range,Igneous,13.414,95
72360,191,medium,idonly,harmonised-lith-id,,,,610.263,88
76888,43,medium,major,ultramáf,dunite,Niquelândia - Zona Ultramáfica,"dunite, orthopyroxenite",85.089,62;128
56000,125,medium,major,ultramáf,ultramafic rock (undifferentiated),Complejo Ultramáfico de Bolívar,,10.863,59;108;128
29339,21,medium,major,ophiolit,ophiolite complex,Newenham ophiolite complex,Igneous,40.797,95
42215,24,medium,major,serpentin,serpentinite,Slide Mountain Gp,Major: {serpentinite},2.872,88
42211,24,medium,major,serpentin,serpentinite,Slide Mountain Gp,Major: {serpentinite},3.146,88
83388,133,medium,major,serpentin,serpentinite,"Undivided pre-Cenozoic metavolcanic rocks, unit 1 (Southwestern Sierra Nevada)","Major:{basalt,serpentinite}, Minor:{gabbro}, Incidental:{chert}",158.655,45;59;70;88
87,1,medium,major,ultramaf,ultramafic rock (undifferentiated),Mafic dikes and related intrusive rocks (Keweenawan age) (circa 1.1 to 1.2 Ga),"ultramafic, gabbroic and granophyric intrusions (probably related to 35)",162.846,161
91944,5,medium,idonly,harmonised-lith-id,,Dingo Intrusion,,2.144,59;61;62;101;128
55336,114,medium,major,ophiolit,ophiolite complex,Loma de Hierro Ophiolitic Complex,gabbro,96.61,59
80814,133,medium,major,dunit,dunite,Meta-ultramafic Rock,"Major:{metadunite}, Minor:{serpentinite,metaperidotite}",15.594,88
75498,205,medium,major,ultramaf,ultramafic rock (undifferentiated),Unnamed Mafic-Ultramafic Complex,gabbroic to dioritic intrusive igneous rocks,0.809,95
95655,5,medium,major,ultramaf,ultramafic rock (undifferentiated),ultramafic rocks 74480,,270.414,61;62;70;84;86;88;94;127;128
53948,95,medium,minor,pyroxenit,pyroxenite,,"Gabbro, pyroxenite, anorthosite, dolerite, granophyric granite and metamorphic equivalents",9.115,53;59;62;78;94;101
75159,205,medium,major,ultramaf,ultramafic rock (undifferentiated),Slide Mountain Complex - Ultramafic and Gabbroic Thrust Sheets,eclogite/mantle tectonite,30.16,132
28700,21,medium,major,ultramaf,ultramafic rock (undifferentiated),Mafic and ultramafic rocks in the vicinity of the Denali Fault System,Igneous,8.768,95
46160,41,medium,idonly,harmonised-lith-id,,Mlalazi Complex,,27.324,79;84;86;88;133
80454,133,medium,minor,ultramaf,ultramafic rock (undifferentiated),Mafic metavolcanic rocks,"Major:{basalt,basaltic andesite}, Minor:{metagabbro,ultramafic}",7874.698,69;70;133
95646,5,medium,major,ultramaf,ultramafic rock (undifferentiated),ultramafic and meta-ultramafic rock 74281,,78.562,18;61;84;88
40481,24,medium,major,serpentin,serpentinite,Fire Lake Gp,Major: {serpentinite},75.925,88
76706,43,medium,minor,serpentin;ultramaf,serpentinite,Gradaús Grupo,"slate, slate, phyllite, banded iron formation, serpentinite, metabasalt, meta dacite, metagabbro, metagraywacke, quartzite, Metarriodacito, metasiltstone, tuff, Metaultramafito, chert, metasedimentary",334.721,45;48;68;76;82;83;85;88;122;133;193
48714,43,medium,major,ultramáf,serpentinite,Serra do Tapa - ultramáfica,serpentinite,47.705,88
46348,41,medium,idonly,harmonised-lith-id,,Vlakfontein Subsuite of Rustenburg Layered Suite of Bushveld Complex,,1627.299,62;108;128
81869,133,medium,major,serpentin,serpentinite,Piney Branch Complex,"Major:{schist,serpentinite}, Minor:{granitic}",23.574,84;88
13659,12,medium,minor,serpentin,serpentinite,Aspiring lithologic association Permian-Triassic TZIII schist,"schist, serpentinite, marble, chert, gabbro, metabasite",282.7,45;59;84;88;90
54031,95,medium,minor,ultrabasic,ultramafic rock (undifferentiated),,"Gabbro, dioritoid, dolerite, ultrabasic rock and metamorphic equivalents",4.756,59;78;94
74293,205,medium,major,ultramaf,ultramafic rock (undifferentiated),Hogem Plutonic Suite,ultramafic igneous rocks,0.241,95
29544,21,medium,major,ophiolit,ophiolite complex,Ophiolite of the Brooks Range,Igneous,13.496,95
84577,205,medium,major,ultramaf,ultramafic rock (undifferentiated),ultramafic rocks,ultramafic igneous rocks,62.311,95
46221,41,medium,idonly,harmonised-lith-id,,Phalaborwa Complex,,29.346,56;62;102
76594,43,medium,major,serpentin,serpentinite,Córrego Fundo Formação,"slate, serpentinite",134.85,82;88
41429,24,medium,major,dunit;peridotit;pyroxenit;serpentin,peridotite,Nahlin Fm,"Major: {gabbro,peridotite,dunite,serpentinite,pyroxenite}",118.03,59;61;62;88;128
53946,95,medium,minor,pyroxenit,pyroxenite,,"Gabbro, pyroxenite, anorthosite, dolerite, granophyric granite",492.14,53;59;62;94;101
94643,5,medium,major,ultramaf,ultramafic rock (undifferentiated),Pilbara Supergroup - ultramafic rocks,,70.516,45;61;62;85;127;161
28708,21,medium,major,ultramaf,ultramafic rock (undifferentiated),Mafic and ultramafic rocks in the vicinity of the Denali Fault System,Metamorphic,101.962,78
55435,114,medium,major,ultramaf,ultramafic rock (undifferentiated),"Ultramafic rocks, undiv.",ultramafic rocks,8.638,
29333,21,medium,major,ophiolit,ophiolite complex,Newenham ophiolite complex,Igneous,47.388,95
80815,133,medium,major,dunit,dunite,Meta-ultramafic Rock,"Major:{metadunite}, Minor:{serpentinite,metaperidotite}",0.599,88
54121,95,medium,minor,ultrabasic,ultramafic rock (undifferentiated),,"Layered intrusion: gabbro, ultrabasic rock, metamorphic",14.09,59;78
39717,23,medium,major,ultramaf,ultramafic rock (undifferentiated),"Unnamed Igneous Intrusion, Cambrian To Ordovician",ultramafitite,80.416,95
72342,191,medium,idonly,harmonised-lith-id,,,,331.834,128
26756,21,medium,major,dunit;serpentin,dunite,"Dunite and serpentinite, undivided",Metamorphic,3.673,78
93541,5,medium,major,ultramaf,ultramafic rock (undifferentiated),"mafic, ultramafic and metasedimentary rocks 74414",,58.362,79;83;84;85;86
77087,43,medium,major,peridotit;pyroxenit;serpentin,serpentinite,Serra da Jacobina,"talc schist, serpentinite, meta pyroxenite, metaperidotite, peridotite",95.246,61;62;84;88
39845,24,medium,major,pyroxenit,pyroxenite,Antimony Mtn stock,"Major: {syenite,quartz syenite,granite,monzogranite,clinopyroxenite,tinguiate}",18.816,53;56;62;144
29551,21,medium,major,ophiolit,ophiolite complex,Ophiolite of the Brooks Range,Igneous,7.421,95
28718,21,medium,major,ultramaf,ultramafic rock (undifferentiated),Mafic and ultramafic rocks of the Valdez and Orca Groups,Igneous,0.289,95
76887,43,medium,major,ultramaf,ultramafic rock (undifferentiated),Nicolau - Campo Grande - metavulcânica félsica,ultramafic metavolcanic,120.309,178
80780,133,medium,minor,komatiit;serpentin;ultramaf,serpentinite,Metamorphosed mafic and ultramafic rocks,"Major:{gneiss,metagabbro,amphibolite}, Minor:{serpentinite,komatiite,ultramafic}",220.895,79;86;88;127;133
45991,41,medium,idonly,harmonised-lith-id,,Empangeni Metamorphic Suite,,78.588,62;79;86
42210,24,medium,major,serpentin,serpentinite,Slide Mountain Gp,Major: {serpentinite},4.014,88
52102,77,medium,major,peridotit;serpentin;ultrabasic,serpentinite,,serpentinite and peridotite. basic and ultrabasic rocks,148.462,61;88
55979,125,medium,major,ultrabásic,ultramafic rock (undifferentiated),Complejo Básico Ultrabásico de Uré,,184.405,7;9;10;14;70
79,1,medium,major,ultramaf,ultramafic rock (undifferentiated),Mafic and ultramafic rocks,anorthosite,582.208,101
92970,5,medium,idonly,harmonised-lith-id,,Jindalee Group,,377.758,18;45;62;63;82;83;84;85;88;128;133;161
92198,5,medium,idonly,harmonised-lith-id,,Euro Basalt,,1198.562,8;10;18;45;59;70;76;84;85;86;88;94;127;161
29554,21,medium,major,ophiolit,ophiolite complex,Ophiolite of the Brooks Range,Igneous,52.584,95
75072,205,medium,major,serpentin;ultramaf,serpentinite,Shulaps Ultramafic Complex - Serpentinite Melange unit - gabbro,gabbroic to dioritic intrusive igneous rocks,3.889,95
56001,125,medium,major,ultramáf,ultramafic rock (undifferentiated),"Complejo Ultramáfico de Bolívar, Gabro de Río Frío",,84.845,59;108
44903,29,medium,major,serpentin,serpentinite,Amphibolite-Serpentinite,,0.442,86;88
55269,114,medium,major,ultramaf,ultramafic rock (undifferentiated),Cerro Pelón Ultramafics,ultramafic rocks,0.9,
47063,43,medium,minor,pyroxenit,pyroxenite,Angico dos Dias,"carbonitite, Sövito, pyroxenite, quartz syenite, albitite, Lamprófiro",2.89,56;62
79273,133,medium,major,peridotit;pyroxenit,peridotite,"Gabbro, peridotite, pyroxenite, lamprophyre, and metamorphic equivalents","Major:{gabbro,peridotite,pyroxenite}, Incidental:{lamprophyre, metamorphic}",1446.582,59;61;62;78;107
95647,5,medium,major,ultramaf,ultramafic rock (undifferentiated),ultramafic and minor mafic rocks 74475,,1634.622,61;62;70;84;86;88;127
93745,5,medium,major,ultramaf,ultramafic rock (undifferentiated),metamorphosed ultramafic rocks 72666,,1.193,63;95
84565,205,medium,major,ultramaf,ultramafic rock (undifferentiated),ultramafic rocks,ultramafic igneous rocks,2.72,95
95256,5,medium,idonly,harmonised-lith-id,,Stenhouse Creek Amphibolite,,52.884,62;86;133
63068,133,medium,major,peridotit;serpentin,peridotite,"Ultramafic rocks, chiefly Mesozoic, unit 2 (Western Sierra Nevada and Klamath Mountains)","Major:{peridotite,serpentinite}, Minor:{pyroxenite}",0.985,61;62;88
95657,5,medium,major,ultramaf,ultramafic rock (undifferentiated),ultramafic schist 74282,,47.65,61;62;84
77976,133,medium,major,pyroxenit,pyroxenite,"Cambrian Hurricane Mountain Formation, metapyroxenite",Major:{metapyroxenite},0.608,82;84;98;122;161;178
27224,21,medium,major,ultramaf,ultramafic rock (undifferentiated),Gabbronorite and other mafic and ultramafic rocks of Hidden terrane,Igneous,21.482,95
29568,21,medium,major,ophiolit,ophiolite complex,Ophiolite of the Brooks Range,Igneous,130.107,95
76479,43,medium,minor,pyroxenit,pyroxenite,Bacaeri-Mogno,"metagabbro, meta pyroxenite, meta norite",65.117,62;108;133
76973,43,medium,minor,peridotit;pyroxenit;serpentin,serpentinite,Quixadá Formação,"actinolite schist, banded iron formation, Tremolite - chlorite schist, Talco-sericita schist, Talco-clorita-serpentina schist, metabasalt, metaperidotite, peridotite, meta pyroxenite, Ortoamphibolite",963.362,48;61;62;84;133
54093,95,medium,minor,ultrabasic,ultramafic rock (undifferentiated),,"Gabbro, dioritoid, dolerite, ultrabasic rock, anorthosite and metamorphic equivalents",127.082,59;78;94;101
40405,24,medium,major,pyroxenit;serpentin,pyroxenite,Finlayson Gp,"Major: {m_gabbro,m_pyroxenite,serpentinite,talc-schist}",28.829,84;88
30712,21,medium,major,ultramaf,ultramafic rock (undifferentiated),Ultramafic complexes of western Alaska,Igneous,49.187,95
29581,21,medium,major,ophiolit,ophiolite complex,Ophiolite of the Brooks Range,Igneous,9.05,95
41434,24,medium,major,dunit;peridotit;pyroxenit;serpentin,peridotite,Nahlin Fm,"Major: {gabbro,peridotite,dunite,serpentinite,pyroxenite},Minor: {ash}",2.823,59;61;62;75;88;128
92278,5,medium,idonly,harmonised-lith-id,,felsic to mafic volcanics 74398,,122.557,63;88;161
97,1,medium,major,ultramaf,ultramafic rock (undifferentiated),Mafic to ultramafic metavolcanic rocks,ultramafic metavolcanic rocks,21.654,178
95,1,medium,major,ultramaf,komatiite,Mafic to ultramafic metavolcanic rocks,"mafic metavolcanic and basaltic rocks with minor komatiitic flows, metasedimentary and pyroclastic rocks",891.616,122;161;178
81042,133,medium,minor,ultramaf,ultramafic rock (undifferentiated),Moretown Formation - mariposite-bearing metarodingite member,"Major:{granofels,gneiss}, Minor:{greenstone,ultramafic}",0.192,79;87;109
48894,43,medium,minor,peridotit;pyroxenit,peridotite,Vale do Curaçá,"metanorite, metaperidotite, peridotite, meta pyroxenite, meta norite, metagabbro, metadiorite, metaigneous",28.108,61;62;108;133;190
30709,21,medium,major,ultramaf,ultramafic rock (undifferentiated),Ultramafic complexes of western Alaska,Igneous,30.477,95
94917,5,medium,idonly,harmonised-lith-id,,Roebourne Group,,451.973,18;45;48;61;63;70;84;127
61829,133,medium,minor,serpentin,serpentinite,"Pre-Tertiary sedimentary and metasedimentary rocks, undivided","Major:{graywacke,argillite,phyllite}, Minor:{chert,serpentinite,greenstone,schist,limestone}, Incidental:{basalt, dacite, marble, hornfels}",0.538,12;30;45;68;70;83;84;87;88;89;90;91
90687,5,medium,idonly,harmonised-lith-id,,Armanda intrusion,,3.72,59;61;101;105;161
53947,95,medium,minor,pyroxenit,pyroxenite,,"Gabbro, pyroxenite, anorthosite, dolerite, granophyric granite and metamorphic equivalents",686.059,53;59;62;78;94;101
53833,94,medium,minor,serpentin,serpentinite,,"Greenschist, prasinite, metadiabase, serpentinite",12.584,88;98
13781,12,medium,idonly,harmonised-lith-id,,Greenstone Melange,melange,15.054,7;10;59;88;94;98
93749,5,medium,major,ultramaf,ultramafic rock (undifferentiated),metamorphosed ultramafic to mafic rocks 74283,,505.239,84;86;88;122;133;161
84567,205,medium,major,ultramaf,ultramafic rock (undifferentiated),ultramafic rocks,ultramafic igneous rocks,23.748,95
51393,68,medium,major,ultramaf,ultramafic rock (undifferentiated),Mafic and ultramafic cumulates,,26.446,59;62;128
29550,21,medium,major,ophiolit,ophiolite complex,Ophiolite of the Brooks Range,Igneous,69.983,95
30715,21,medium,major,ultramaf,ultramafic rock (undifferentiated),Ultramafic complexes of western Alaska,Igneous,16.732,95
28695,21,medium,major,ultramaf,ultramafic rock (undifferentiated),Mafic and ultramafic rocks,Igneous,4.255,95
80734,133,medium,major,ultramaf,ultramafic rock (undifferentiated),Metagabbro,"Major:{ultramafic,metagabbro}, Minor:{diorite}",18.169,57;133
29564,21,medium,major,ophiolit,ophiolite complex,Ophiolite of the Brooks Range,Igneous,255.889,95
76577,43,medium,major,wehrlit,wehrlite,Colorado Suíte Metamórfica,"Wehrlito, slate, Muscovita biotita syenogranite, leucogranite",1274.215,82;145;189
45947,41,medium,idonly,harmonised-lith-id,,Commondale Formation,,38.701,84;85;86;88;122;133;161;178
46296,41,medium,idonly,harmonised-lith-id,,Spitskop Complex,,19.883,56;62;102
90810,5,medium,idonly,harmonised-lith-id,,Barrambie gabbro,,22.852,59;62;101
95105,5,medium,major,serpentin,serpentinite,serpentinite 39487,,68.331,59;62;88;128
54032,95,medium,minor,ultrabasic,ultramafic rock (undifferentiated),,"Gabbro, dioritoid, dolerite, ultrabasic rock and metamorphic equivalents",2474.188,59;78;94
56318,125,medium,idonly,harmonised-lith-id,,Grupo Cajamarca,,983.726,83;84;85;88;90
73670,205,medium,major,ultramaf,serpentinite,Cache Creek Complex - Trembleur Ultramafite Unit,serpentinite ultramafic rocks,27.575,88
76463,43,medium,major,ultramáf,ultramafic rock (undifferentiated),"Arenópolis-Piranhas, máfico-ultramáfica",metabasalt,369.206,133
56377,125,medium,idonly,harmonised-lith-id,,Metamorfitas de Pompeya,,373.899,83;84;85;88;90
48048,43,medium,major,dunit;pyroxenit,dunite,Jacupiranga Complexo alcalino,"dunite, clinopyroxenite",62.343,62;128
30741,21,medium,major,ultramaf,ultramafic rock (undifferentiated),Ultramafic rocks of southeast Alaska,Igneous,32.105,95
82797,133,medium,major,ultramaf,ultramafic rock (undifferentiated),Silurian ultramafic rocks,Major:{ultramafic},6.299,63;86;98
82629,133,medium,major,serpentin,serpentinite,Serpentine,Major:{serpentinite},1.727,88
61830,133,medium,major,serpentin,serpentinite,Pre-Tertiary ultrabasic intrusive rocks,"Major:{serpentinite}, Minor:{peridotite}, Incidental:{pyroxenite, hornfels, schist, amphibolite, granofels, greenstone, phyllite, diorite, gabbro}",1.526,57;59;61;62;83;84;86;87;88;89;109
47352,43,medium,minor,ultramaf,ultramafic rock (undifferentiated),Complexo Marancó - Unidade Morro do Bugi,"rhythmites, metasedimentary, metaconglomerate, metabasite, metaigneous, marble, Rocha volcanic and metavolcanic rocks, ultramafic metamorphic rocks",87.193,63;78;90;122;178;184;190
46263,41,medium,idonly,harmonised-lith-id,,Rustenburg Layered Suite of Bushveld Complex,,545.735,108;128
28689,21,medium,major,ultramaf,ultramafic rock (undifferentiated),Mafic and ultramafic rocks,Igneous,0.086,95
91224,5,medium,idonly,harmonised-lith-id,,Bucknalla Gabbro,,7.66,59;62;101;105
46042,41,medium,idonly,harmonised-lith-id,,Hlagothi Complex,,19.928,59;62;128
14087,12,medium,minor,ultramaf,ultramafic rock (undifferentiated),Wanaka lithologic association TZIV schist,"schist, greenschist, marble, chert, ultramafic igneous rock",2413.917,45;84;90;95;98
26755,21,medium,major,dunit;serpentin,dunite,"Dunite and serpentinite, undivided",Igneous,0.165,95
56059,125,medium,idonly,harmonised-lith-id,,Filitas de Tapoa,,4.165,83;84;85;88;90
48158,43,medium,minor,ultramaf,ultramafic rock (undifferentiated),Mara Rosa 3 Unidade,"chlorite schist, Ultramafito, quartz schist",653.586,84
91763,5,medium,major,ophiolit,ophiolite complex,Cowley Ophiolite Complex,,2.529,18;59;88
73858,205,medium,major,ultramaf,ultramafic rock (undifferentiated),Deformed Stikine assemblage?,ultramafic igneous rocks,3.101,95
95226,5,medium,idonly,harmonised-lith-id,,Springvale intrusion,,31.627,59;61;101;105;161
73556,205,medium,major,serpentin;ultramaf,serpentinite,Bralorne-East Liza Complex,serpentinite ultramafic rocks,52.076,88
80085,133,medium,major,kimberlit,kimberlite,Kimberlite and alnoite dikes and diatremes,Major:{kimberlite},0.092,100
29694,21,medium,major,ophiolit;peridotit,peridotite,Peridotite of dismembered ophiolite of the Yukon-Tanana region,Igneous,0.027,95
30734,21,medium,major,ultramaf,ultramafic rock (undifferentiated),Ultramafic rocks of southeast Alaska,Igneous,12.65,95
93284,5,medium,major,ultramaf,ultramafic rock (undifferentiated),Lamboo Ultramafics,,158.812,59;61;62;86;101;161
94957,5,medium,major,ultramaf,ultramafic rock (undifferentiated),Rudall Complex - metamafics and ultramafics,,33.782,88;94;133
73443,205,medium,major,ultramaf,ultramafic rock (undifferentiated),Black Riders Mafic-Ultramafic Complex,ultramafic igneous rocks,11.949,95
41702,24,medium,major,pyroxenit,pyroxenite,Pyroxenite Creek Gp,"Major: {gabbro,diorite,clinopyroxenite}",0.459,57;59;62
40483,24,medium,major,serpentin,serpentinite,Fire Lake Gp,Major: {serpentinite},7.88,88
72354,191,medium,idonly,harmonised-lith-id,,,,961.444,61;128
92618,5,medium,idonly,harmonised-lith-id,,Gray Creek Complex,,43.133,62;86;88;133
84568,205,medium,major,ultramaf,ultramafic rock (undifferentiated),ultramafic rocks,ultramafic igneous rocks,5.644,95
48121,43,medium,minor,ultramaf,ultramafic rock (undifferentiated),"Macambira, Complexo Lagoa do Alegre Unidade","slate, ultramafic metamorphic rocks, chert, metasedimentary, metamorphic rock",101.907,45;78;82;122
73896,205,medium,major,ultramaf,ultramafic rock (undifferentiated),Dorsey Complex,ultramafic igneous rocks,3.656,95
87029,248,medium,idonly,harmonised-lith-id,,Prince Albert Group,,3.572,59;61;62
53956,95,medium,minor,ultrabasic,ultramafic rock (undifferentiated),,"Gabbro, diorite, ultrabasic rock, dolerite, metamorphic",324.292,57;59;78;94
56473,125,medium,major,ultramáf,ultramafic rock (undifferentiated),Secuencia de Rocas Ultramáficas de Guayabillas,,25.975,59;108;128
93746,5,medium,major,ultramaf,ultramafic rock (undifferentiated),metamorphosed ultramafic rocks 72700,,3.76,86;161
26752,21,medium,major,dunit;serpentin,dunite,"Dunite and serpentinite, undivided",Igneous,26.105,95
48285,43,medium,minor,ultramaf,ultramafic rock (undifferentiated),NP2ch1 Formação,"slate, banded iron formation (BIF'S), siliciclastic, Rocha metaultramafito, metamorphic rock, meta arkose, metasedimentary",2935.811,1;11;48;78;82;122
56002,125,medium,major,ultramáf,ultramafic rock (undifferentiated),Complejo Ultramáfico de Venus,,10.035,59;108;128
30718,21,medium,major,ultramaf,ultramafic rock (undifferentiated),Ultramafic complexes of western Alaska,Metamorphic,2.198,78
30702,21,medium,major,ultramaf,ultramafic rock (undifferentiated),Ultramafic complexes of western Alaska,Igneous,0.826,95
78826,133,medium,minor,pyroxenit,pyroxenite,Diorite at Goff Ledges,"Major:{diorite}, Minor:{pyroxenite}",3.436,57;62
29336,21,medium,major,ophiolit,ophiolite complex,Newenham ophiolite complex,Igneous,11.285,95
48653,43,medium,minor,pyroxenit,pyroxenite,Serra Céu Azul Suíte Intrusiva,"metagabbro, anorthosite, hornblende gabbro, gabbro, olivine gabbronorito, meta pyroxenite",63.825,59;62;101;133
48762,43,medium,minor,pyroxenit,pyroxenite,Soleira do Rio Jacaré,"Magnetitito, metagabbro, meta pyroxenite, Metanortosito, metadiorite, metaigneous",42.988,62;133;190
40421,24,medium,major,serpentin,serpentinite,Finlayson Gp,Major: {serpentinite},9.336,88
40467,24,medium,major,serpentin,serpentinite,Finlayson Gp,Major: {serpentinite},14.675,88
27225,21,medium,major,ultramaf,ultramafic rock (undifferentiated),Gabbronorite and other mafic and ultramafic rocks of Hidden terrane,Igneous,4.886,95
84571,205,medium,major,ultramaf,ultramafic rock (undifferentiated),ultramafic rocks,ultramafic igneous rocks,1.143,95
48119,43,medium,major,ultrabásic,dunite,Luanga Complexo básico-ultrabásico,"anorthosite, Cromitito, dunite, gabbro, Harzburgito, peridotite, norite",57.33,59;61;101;108;128
54030,95,medium,minor,ultrabasic,ultramafic rock (undifferentiated),,"Gabbro, dioritoid, dolerite, ultrabasic rock and metamorphic equivalents",994.535,59;78;94
42185,24,medium,major,dunit;peridotit;serpentin,dunite,Slide Mountain Gp,"Major: {basalt,diorite,gabbro,greenstone,argillite,siltstone,tuff,dunite,peridotite,serpentinite},Minor: {eclogite,orthogneiss,sandstone}",567.089,9;10;57;59;61;70;76;79;87;88;91;128;132
87487,249,medium,major,peridotit;serpentin;ultramaf,peridotite,,peridotite [5.0%..50.0%]; serpentinite [5.0%..50.0%]; ultramafic igneous rock [50.0%..95.0%],115.385,61;88;95
44808,28,medium,major,ultramaf,ultramafic rock (undifferentiated),Eocene ultramafic intrusions,ultramafic intrusions,1054.344,61;88;128
42201,24,medium,major,dunit;harzburg;peridotit;serpentin,dunite,Slide Mountain Gp,"Major: {dunite,peridotite,harzburgite,diabase,serpentinite},Minor: {ash}",2.755,61;75;88;94;128
55989,125,medium,idonly,harmonised-lith-id,,Complejo La Cristalina,,2.239,59;108;128
47593,43,medium,minor,ultramaf,ultramafic rock (undifferentiated),Gnaisses bandados-Santa Luz,"gneiss, gneiss, siliciclastic, marble, ultramafic metamorphic rocks, paragneiss",2120.622,1;78;79;90;120
54021,95,medium,minor,komatiit,komatiite,,"Basalt, trachyandesite, andesite, komatiite and metamorphic equivalents",1806.595,69;70;78;126;127
92840,5,medium,major,serpentin,serpentinite,Hummocks Serpentinite,,0.804,84;88
94321,5,medium,idonly,harmonised-lith-id,,Narracoota Formation,,295.558,45;49;59;61;62;70;84;94;161
29332,21,medium,major,ophiolit,ophiolite complex,Newenham ophiolite complex,Igneous,0.459,95
40378,24,medium,major,ultramaf,ultramafic rock (undifferentiated),Finlayson Gp,"Major: {cl-bi-schist,amphibolite,hb-gneiss,ac-pg-cl-bi-schist,pg-ac-cl-schist,phyllite,quartzite,ultramafics}",171.613,79;83;84;85;86
53829,94,medium,minor,serpentin,serpentinite,,"Gabbro, norite, metagabbro, serpentinite",15.416,59;88;108;133
77059,43,medium,minor,serpentin,serpentinite,São Félix Grupo,"chlorite schist, slate, phyllite, banded iron formation, serpentinite, metabasalt, metagraywacke, meta arkose, metasedimentary, quartzite, felsic metavolcanic",1819.254,11;48;82;83;84;85;88;122;133;178;193
75162,205,medium,major,ultramaf,ultramafic rock (undifferentiated),Slide Mountain Complex - Ultramafic and Gabbroic Thrust Sheets,eclogite/mantle tectonite,46.157,132
82814,133,medium,major,peridotit,peridotite,Silver City Dome Lamproite,"Major:{lamprophyre,peridotite}",1.041,61;107
78672,133,medium,major,ultramaf,ultramafic rock (undifferentiated),Devonian gabbro/diorite/ultramafic rocks - quartz diorite,,870.883,56;57;59
48598,43,medium,major,ultramaf,ultramafic rock (undifferentiated),São Domingos Sequência metavulcanossedimentar,"slate aluminoso, ultramafic metamorphic rocks",81.483,78;82
74938,205,medium,major,ultramaf,ultramafic rock (undifferentiated),Polaris Ultramafic Complex,ultramafic igneous rocks,50.756,95
76596,43,medium,major,serpentin,serpentinite,Córrego Manoel Leocádio Formação,serpentinite,181.029,88
54091,95,medium,minor,ultrabasic,ultramafic rock (undifferentiated),,"Gabbro, dioritoid, dolerite, ultrabasic rock, anorthosite and metamorphic equivalents",384.092,59;78;94;101
95108,5,medium,major,serpentin,serpentinite,serpentinite 69549,,1.24,88
93143,5,medium,idonly,harmonised-lith-id,,Killara Formation - dolerite,,218.717,62;63;69;70;94
76765,43,medium,minor,ultramaf,ultramafic rock (undifferentiated),Grupo Rio Novo Grupo,"slate pelítico, banded iron formation, metamorphic mafic rock, ultramafic metamorphic rocks",1290.71,48;78;82;161
13729,12,medium,major,ultramaf,harzburgite,Dun Mountain Ultramafics Group of Otago and Southland,"harzburgite, dunite, pyroxenite, gabbro, serpentinite, melange",228.159,59;62;88;128
29558,21,medium,major,ophiolit,ophiolite complex,Ophiolite of the Brooks Range,Igneous,9.237,95
83346,133,medium,major,serpentin,serpentinite,"Ultramafic rocks, chiefly Mesozoic, unit 3 (Coast Ranges and Western Klamath Mountains)","Major:{serpentinite}, Minor:{peridotite}",2310.517,61;88
84318,205,medium,major,serpentin;ultramaf,serpentinite,metamorphic rocks,serpentinite ultramafic rocks,5.729,88
92440,5,medium,idonly,harmonised-lith-id,,Giles Complex,,1453.227,59;62;101;105;108;161
56360,125,medium,idonly,harmonised-lith-id,,Late Cretaceous igneous rocks,,8.269,15;70;127
49877,49,medium,minor,ophiolit,ophiolite complex,"Metamorphe Gesteine, meist Metamagmatite","Sediments, crystalline and ophiolite. Origin in marly matrix (tectonic melange)",1.809,
40468,24,medium,major,serpentin,serpentinite,Finlayson Gp,Major: {serpentinite},6.267,88
29555,21,medium,major,ophiolit,ophiolite complex,Ophiolite of the Brooks Range,Igneous,105.803,95
47229,43,medium,minor,peridotit;pyroxenit,peridotite,Cacoal Suíte Intrusiva,"anorthosite, troctolite, peridotite, pyroxenite, gabbro, norite, olivine gabbro",219.021,59;61;62;101;105;108
90632,5,medium,idonly,harmonised-lith-id,,Andover Intrusion,,161.841,59;61;62;101;128
48640,43,medium,minor,ultramaf,ultramafic rock (undifferentiated),Saúde - unidade 3,"siliciclastic, ultramafic metamorphic rocks, metamorphic rock",400.124,1;78
42209,24,medium,major,serpentin,serpentinite,Slide Mountain Gp,Major: {serpentinite},0.004,88
80466,133,medium,major,pyroxenit,pyroxenite,"Mafic to ultramafic hypabyssal intrusive complexes composed of gabbro, pyroxenite, diorite, and anorthosite","Major:{gabbro,pyroxenite,diorite}, Minor:{anorthosite}",408.348,57;59;62;101
95975,5,medium,major,serpentin,serpentinite,Williamsons Road Serpentinite,,5.39,88
78573,133,medium,minor,ultramaf,ultramafic rock (undifferentiated),Dadeville Complex; Ropes Creek Amphibolite,"Major:{amphibolite}, Minor:{migmatite,ultramafic}",628.646,80;86
39724,23,medium,major,ultramaf,ultramafic rock (undifferentiated),"Unnamed Igneous Intrusion, Devonian",ultramafitite,51.643,95
28693,21,medium,major,ultramaf,ultramafic rock (undifferentiated),Mafic and ultramafic rocks,Igneous,5.794,95
93540,5,medium,major,ultramaf,ultramafic rock (undifferentiated),mafic to ultramafic rock 74430,,25.676,86
47383,43,medium,major,serpentin,serpentinite,Córrego Dourado Suíte Intrusiva,"metagabbro, serpentinite",100.277,88;133
30711,21,medium,major,ultramaf,ultramafic rock (undifferentiated),Ultramafic complexes of western Alaska,Igneous,221.644,95
14065,12,medium,major,ultramaf,harzburgite,Undifferentiated Dun Mountain Ultramafics and Livingstone Volcanics,"harzburgite, dunite, pyroxenite, gabbro, igneous rock, gabbro",75.194,59;62;95;128
56552,125,medium,major,ultramaf,ultramafic rock (undifferentiated),Ultramafita de Puente Umbría-La Isla,,3.427,59;108;128
48895,43,medium,minor,pyroxenit,pyroxenite,Vale do Jacurici,"metanorite, Cromitito, meta pyroxenite, meta norite",64.994,62;108
29579,21,medium,major,ophiolit,ophiolite complex,Ophiolite of the Brooks Range,Igneous,130.755,95
27230,21,medium,major,ultramaf,ultramafic rock (undifferentiated),Gabbronorite and other mafic and ultramafic rocks of Hidden terrane,Igneous,29.031,95
93097,5,medium,major,ultramaf,ultramafic rock (undifferentiated),Kelly Group - ultramafic rock,,12.554,95
80455,133,medium,minor,ultramaf,ultramafic rock (undifferentiated),Mafic metavolcanic rocks,"Major:{basalt,basaltic andesite}, Minor:{ultramafic,metagabbro}",50.938,69;70;133
76592,43,medium,major,serpentin;ultramáf,serpentinite,Córrego do Alagadinho Formação,"serpentinite, metasedimentary, graphic schist, Rocha volcanic and metavolcanic rocks ultramáfica",248.443,63;84;88;122;178
54029,95,medium,minor,ultrabasic,ultramafic rock (undifferentiated),,"Gabbro, dioritoid, dolerite, ultrabasic rock and metamorphic equivalents",1828.087,59;78;94
30736,21,medium,major,ultramaf,ultramafic rock (undifferentiated),Ultramafic rocks of southeast Alaska,Igneous,15.257,95
29572,21,medium,major,ophiolit,ophiolite complex,Ophiolite of the Brooks Range,Igneous,89.402,95
84573,205,medium,major,ultramaf,ultramafic rock (undifferentiated),ultramafic rocks,ultramafic igneous rocks,16.2,95
47585,43,medium,major,pyroxenit;serpentin,serpentinite,Gnaisse Banguê,"gneiss, serpentinite, meta pyroxenite",598.056,62;79;88
45979,41,medium,idonly,harmonised-lith-id,,Dwalile Formation,,45.691,70;84;86;88
92964,5,medium,idonly,harmonised-lith-id,,Jimberlana Norite,,62.535,59;61;62;94;108
45906,41,medium,idonly,harmonised-lith-id,,Bandelierkop Complex,,520.717,61;62;161
52135,77,medium,major,peridotit;serpentin;ultrabasic,serpentinite,,serpentinite and peridotite. basic and ultrabasic rocks,449.82,61;88
42184,24,medium,major,dunit;peridotit;serpentin,dunite,Slide Mountain Gp,"Major: {basalt,diorite,gabbro,greenstone,argillite,siltstone,tuff,dunite,peridotite,serpentinite},Minor: {eclogite,orthogneiss,sandstone}",0.235,9;10;57;59;61;70;76;79;87;88;91;128;132
29535,21,medium,major,ultramaf,ultramafic rock (undifferentiated),Older ultramafic rocks of southeast Alaska,Igneous,13.89,95
81,1,medium,major,ultramaf,ultramafic rock (undifferentiated),Mafic and ultramafic rocks,"gabbro, anorthosite, ultramafic rocks",7176.084,59;101
29548,21,medium,major,ophiolit,ophiolite complex,Ophiolite of the Brooks Range,Igneous,0.176,95
93832,5,medium,major,kimberlit,kimberlite,Mittopitta Kimberlitic Diatreme,,0.674,95;100
80140,133,medium,major,serpentin;ultramaf,serpentinite,Lahore Complex - Mafic and ultramafic rocks,"Major:{ultramafic,serpentinite}",4.097,88
82414,133,medium,major,peridotit,peridotite,Rose Dome Lamproite,"Major:{lamprophyre,peridotite}",0.428,61;107
30727,21,medium,major,ultramaf,ultramafic rock (undifferentiated),Ultramafic rocks of southeast Alaska,Igneous,5.599,95
42202,24,medium,minor,serpentin;ultramaf,serpentinite,Slide Mountain Gp,"Major: {gabbro},Minor: {ultramafics, serpentinite}",7.233,59;88
47330,43,medium,minor,ultramaf,ultramafic rock (undifferentiated),Colomi,"phyllite, banded iron formation (BIF'S), Magnesitito, marble magnesiano, dolomite, ultramafic metamorphic rocks, chert, metasedimentary, metasedimentary, slate, quartzite",273.107,31;45;48;78;82;83;85;90;122
30730,21,medium,major,ultramaf,ultramafic rock (undifferentiated),Ultramafic rocks of southeast Alaska,Igneous,14.05,95
13229,9,medium,major,ultramaf,ultramafic rock (undifferentiated),(Diorite)-gabbro-(ultramafite),(diorite)-gabbro-(ultramafite),161.705,57;59
94954,5,medium,idonly,harmonised-lith-id,,"Rudall Complex - amphibolite, metamafic intrusives",,220.621,79;84;86;88
73812,205,medium,major,serpentin;ultramaf,serpentinite,Chism Creek Schist,serpentinite ultramafic rocks,273.919,88
95341,5,medium,idonly,harmonised-lith-id,,Talga Talga Subgroup,,296.733,1;45;48;53;61;63;70;84;86;94;161
28892,21,medium,idonly,harmonised-lith-id,,McHugh and Uyak Complexes,Tectonite,130.898,5;9;10;45;59;70;76;78;88;95;111
1,1,medium,minor,ultramaf,ultramafic rock (undifferentiated),Alkalic Intrusive Suite and Carbonatite (circa 1.1 to 1.2 Ga),"alkalic syenite, ijolite, nepheline syenite, fenite, associated mafic and ultramafic rocks, and minor carbonatite",809.492,56;102;161
28715,21,medium,major,ultramaf,ultramafic rock (undifferentiated),Mafic and ultramafic rocks of the Valdez and Orca Groups,Igneous,0.041,95
28711,21,medium,major,ultramaf,ultramafic rock (undifferentiated),Mafic and ultramafic rocks of the Valdez and Orca Groups,Igneous,2.853,95
39736,23,medium,major,ultramaf,ultramafic rock (undifferentiated),"Unnamed Igneous Intrusion, Ordovician To Silurian",ultramafitite,51.771,95
46100,41,medium,idonly,harmonised-lith-id,,Koringkoppies Complex,,2.995,62;88
28692,21,medium,major,ultramaf,ultramafic rock (undifferentiated),Mafic and ultramafic rocks,Igneous,3.26,95
29576,21,medium,major,ophiolit,ophiolite complex,Ophiolite of the Brooks Range,Igneous,3.333,95
83345,133,medium,major,peridotit;serpentin,peridotite,"Ultramafic rocks, chiefly Mesozoic, unit 2 (Western Sierra Nevada and Klamath Mountains)","Major:{peridotite,serpentinite}, Minor:{pyroxenite}",2074.078,61;62;88
27226,21,medium,major,ultramaf,ultramafic rock (undifferentiated),Gabbronorite and other mafic and ultramafic rocks of Hidden terrane,Igneous,14.484,95
29693,21,medium,major,ophiolit;peridotit,peridotite,Peridotite of dismembered ophiolite of the Yukon-Tanana region,Igneous,0.068,95
79249,133,medium,minor,pyroxenit,pyroxenite,Gabbro and ultramafic rocks associated with granitic plutons,"Major:{gabbro}, Minor:{pyroxenite}, Incidental:{peridotite, serpentinite}",20.611,59;61;62;88
41699,24,medium,major,pyroxenit,pyroxenite,Pyroxene Mtn pluton,"Major: {clinopyroxenite, hornblendite, hornblende pyroxenite, gabbro}",21.266,59;62
80467,133,medium,major,komatiit,komatiite,Mafic to ultramafic (komatiitic) volcanic rocks,"Major:{komatiite,mafic volcanic}",124.228,63;127;161
76788,43,medium,major,peridotit;pyroxenit,peridotite,Intrusivas alcalinas Corpo,"peridotite, pyroxenite",39.626,61;62
82633,133,medium,major,serpentin,serpentinite,Serpentinite and/or talc rock,Major:{serpentinite},3.746,88
28973,21,medium,idonly,harmonised-lith-id,,Metabasite,Tectonite,17.701,45;49;70;78;86;88;95;97;98;133;161;176
91997,5,medium,idonly,harmonised-lith-id,,Doubtful River Gabbro,,9.912,57;59;62
28710,21,medium,major,ultramaf,ultramafic rock (undifferentiated),Mafic and ultramafic rocks of the Valdez and Orca Groups,Igneous,19.503,95
94385,5,medium,idonly,harmonised-lith-id,,Nob Well Intrusion,,1.581,61;88
47349,43,medium,minor,serpentin,serpentinite,Complexo Marancó - Unidade Belém,"rhythmites, metasedimentary, quartzite, slate, Cloritito, serpentinite, marble, metaconglomerate, metabasite, metaigneous, Rocha volcanic and metavolcanic rocks, metasiltstone, metasedimentary",161.692,63;82;85;88;90;122;178;184;190
82630,133,medium,major,serpentin,serpentinite,Serpentinite,Major:{serpentinite},40.329,88
55447,114,medium,minor,pyroxenit,pyroxenite,Yumare Complex,"gneiss, anorthosite, granulite, amphibolite, and pyroxenite",35.506,62;79;86;101;110
45035,29,medium,major,serpentin,serpentinite,Serpentinite,,110.674,88;128
95996,5,medium,idonly,harmonised-lith-id,,Windimurra Igneous Complex,,467.856,59;62;101
93748,5,medium,major,ultramaf,ultramafic rock (undifferentiated),metamorphosed ultramafic rocks 74286,,431.472,18;62;84;88;127
83092,133,medium,major,dunit,dunite,Tertiary dunite intrusive rocks,"Major:{dunite}, Minor:{serpentinite}, Incidental:{pyroxenite}",105.963,62;88;128
82147,133,medium,major,pyroxenit,pyroxenite,Pyroxenite and syenite,"Major:{pyroxenite,syenite}",15.28,56;62
13697,12,medium,major,ultramaf,pyroxenite,Central Marlborough igneous province ultramafic and mafic intrusives,"pyroxenite, peridotite, anorthosite, gabbro, carbonatite, basanite, syenite",29.016,56;59;61;62;101;102
83336,133,medium,major,ultramaf,ultramafic rock (undifferentiated),Ultramafic rock,Major:{ultramafic},8.61,
83486,133,medium,major,peridotit,peridotite,Valley and Ridge Igneous Intrusions; Peridotite,Major:{peridotite},0.099,61
73669,205,medium,major,ultramaf,serpentinite,Cache Creek Complex - Trembleur Ultramafite Unit,serpentinite ultramafic rocks,143.933,88
45981,41,medium,idonly,harmonised-lith-id,,Dwars River Subsuite of Rustenburg Layered Suite of Bushveld Complex,,687.23,62;101;108
93659,5,medium,major,serpentin,serpentinite,"McAdam Formation, Serpentine Creek Formation",,548.431,9;10
73557,205,medium,major,ultramaf,ultramafic rock (undifferentiated),Bralorne-East Liza Complex,ultramafic igneous rocks,7.168,95
56024,125,medium,major,dunit,dunite,Dunita de Medellín,,65.489,84;88;128
47257,43,medium,major,pyroxenit,pyroxenite,Canabrava - Zona Máfica Superior,"pyroxenite, metanorite, meta norite",166.344,62;108
82841,133,medium,major,pyroxenit,pyroxenite,Small mafic intrusive stocks,"Major:{mafic hypabyssal,diorite,pyroxenite}, Minor:{gabbro}",9.806,57;59;62;161
95649,5,medium,major,ultramaf,ultramafic rock (undifferentiated),ultramafic intrusive rocks - Macquarie Island 75383,,4.982,59;94;105;128
30720,21,medium,major,ultramaf,ultramafic rock (undifferentiated),Ultramafic rocks of southeast Alaska,Igneous,0.08,95
41438,24,medium,major,dunit;peridotit;pyroxenit;serpentin,peridotite,Nakina Fm,"Major: {gabbro,peridotite,dunite,serpentinite,pyroxenite},Minor: {ash}",508.314,59;61;62;75;88;128
47963,43,medium,major,dunit;peridotit;serpentin,dunite,Guara-pará,"dunite, serpentinite, peridotite, olivine gabbro",14.722,59;61;88;128
40376,24,medium,major,ultramaf,ultramafic rock (undifferentiated),Finlayson Gp,"Major: {cl-bi-schist,amphibolite,hb-gneiss,ac-pg-cl-bi-schist,pg-ac-cl-schist,phyllite,quartzite,ultramafics}",255.484,79;83;84;85;86
73599,205,medium,major,serpentin;ultramaf,serpentinite,Cache Creek Complex,serpentinite ultramafic rocks,5.667,88
87108,249,medium,minor,serpentin,serpentinite,,amphibolite [50.0%..95.0%]; metamorphic rock [5.0%..50.0%]; serpentinite [5.0%..50.0%],68.117,78;86;88
93733,5,medium,idonly,harmonised-lith-id,,metamorphic rocks 39465,,3.018,79;83;84;86;88;89;90
79648,133,medium,major,pyroxenit;serpentin,pyroxenite,Hammett Grove Meta-igneous Suite - ultramafic rocks,"Major:{hornblendite,pyroxenite,serpentinite}, Minor:{schist}",3.867,62;84;88
42359,24,medium,major,peridotit,peridotite,Steele Ck complex,"Major: {gabbro,diabase,peridotite,flows,volcanics},Minor: {screens,argillite,chert}",15.108,45;59;61;63;91;94
75008,205,medium,major,ultramaf,ultramafic rock (undifferentiated),Rapid River Tectonite,ultramafic igneous rocks,6.271,95
96002,5,medium,idonly,harmonised-lith-id,,Windy Creek Diorite,,10.646,57;59;62
30735,21,medium,major,ultramaf,ultramafic rock (undifferentiated),Ultramafic rocks of southeast Alaska,Igneous,0.446,95
73561,205,medium,major,serpentin;ultramaf,serpentinite,Bridge River Complex,serpentinite ultramafic rocks,13.109,88
28698,21,medium,major,ultramaf,ultramafic rock (undifferentiated),Mafic and ultramafic rocks,Metamorphic,0.678,78
75149,205,medium,major,serpentin;ultramaf,serpentinite,Slide Mountain Complex - Blue Dome Fault Zone,serpentinite ultramafic rocks,130.659,88
13677,12,medium,minor,dunit,dunite,Bluff Intrusives Complex,"norite, gabbro, dunite, diorite, tonalite, granodiorite",44.361,55;57;58;59;108;128
72581,191,medium,idonly,harmonised-lith-id,,,,642.364,61;88;128
91845,5,medium,idonly,harmonised-lith-id,,Dalton Suite,,282.608,59;61;84;88;94;128
30742,21,medium,major,ultramaf,ultramafic rock (undifferentiated),Ultramafic rocks of southeast Alaska,Igneous,3.694,95
51405,68,medium,major,ultramaf,ultramafic rock (undifferentiated),Ultramafic cumulates,,243.999,62;128;161
29570,21,medium,major,ophiolit,ophiolite complex,Ophiolite of the Brooks Range,Igneous,0.769,95
41435,24,medium,major,pyroxenit;serpentin,serpentinite,Nahlin Fm,"Major: {listwaenite, serpentinite, pyroxenite}",21.285,62;88
48893,43,medium,major,dunit;peridotit;serpentin,serpentinite,Vale do Alegre Suíte Intrusiva,"serpentinite, gabbro, peridotite, dunite, diabase",113.194,59;61;88;94;128
56556,125,medium,major,serpentin;ultramaf,serpentinite,Ultramafitas Serpentinizadas de Filadelfia,,88.706,88
46274,41,medium,idonly,harmonised-lith-id,,Schilpadnest Subsuite of Rustenburg Layered Suite of Bushveld Complex,,767.399,62;101
44776,28,medium,major,ultramaf,ultramafic rock (undifferentiated),Early Cretaceous ultramafic intrusions,ultramafic intrusions,129.15,61;88;128
86966,248,medium,idonly,harmonised-lith-id,,Committee Bay and Woodburn Lake Groups,,506.936,70;127
29559,21,medium,major,ophiolit,ophiolite complex,Ophiolite of the Brooks Range,Igneous,80.185,95
77505,133,medium,minor,pyroxenit,pyroxenite,Baltimore Gabbro Complex,"Major:{gabbro}, Minor:{norite,pyroxenite}",410.502,59;62;108
40714,24,medium,major,harzburg,harzburgite,Harzburgite Gp,"Major: {harzburgite},Minor: {lherzolite}",115.631,128
41432,24,medium,major,dunit;peridotit;pyroxenit;serpentin,peridotite,Nahlin Fm,"Major: {gabbro,peridotite,dunite,serpentinite,pyroxenite}",32.226,59;61;62;88;128
42217,24,medium,major,dunit;harzburg;peridotit;serpentin,dunite,Slide Mountain Gp,"Major: {dunite,peridotite,harzburgite,diabase,serpentinite}",0.166,61;88;94;128
29552,21,medium,major,ophiolit,ophiolite complex,Ophiolite of the Brooks Range,Igneous,23.087,95
74554,205,medium,major,ultramaf,ultramafic rock (undifferentiated),La Perouse Plutonic Suite,ultramafic igneous rocks,0.837,95
32892,21,medium,idonly,harmonised-lith-id,,Youngest volcanic rocks,Unconsolidated,0.65,3;14;61;70;76
77936,133,medium,major,ultramaf,ultramafic rock (undifferentiated),"Burkes Mountain complex, ultramafic rock",Major:{ultramafic},0.592,161
13767,12,medium,minor,pyroxenit,pyroxenite,Foulwind Suite mafic intrusive rocks,"diorite, gabbro, quartz diorite, tonalite, pyroxenite",25.246,57;58;59;62
93090,5,medium,idonly,harmonised-lith-id,,Keilambete Tonalite,,22.726,58;62
75161,205,medium,major,ultramaf,ultramafic rock (undifferentiated),Slide Mountain Complex - Ultramafic and Gabbroic Thrust Sheets,ultramafic igneous rocks,14.412,95
48650,43,medium,major,ultramáf,dunite,Serra Azul Complexo máfico-ultramáfico,"anorthosite, dunite, gabbro, pyroxenite, peridotite",26.986,59;61;62;101;128
28690,21,medium,major,ultramaf,ultramafic rock (undifferentiated),Mafic and ultramafic rocks,Igneous,3.1,95
46130,41,medium,idonly,harmonised-lith-id,,Macala Complex,,8.948,59;62;84;88
29569,21,medium,major,ophiolit,ophiolite complex,Ophiolite of the Brooks Range,Igneous,287.745,95
54127,95,medium,minor,ultrabasic,ultramafic rock (undifferentiated),,"Anorthosite, gabbro, ultrabasic rock and metamorphic equivalents",119.874,59;78;101
30703,21,medium,major,ultramaf,ultramafic rock (undifferentiated),Ultramafic complexes of western Alaska,Igneous,3.198,95
46044,41,medium,idonly,harmonised-lith-id,,Hlobane Complex,,18.398,84;88;133
29703,21,medium,major,ophiolit;peridotit,peridotite,Peridotite of dismembered ophiolite of the Yukon-Tanana region,Metamorphic,70.726,78
73788,205,medium,major,serpentin;ultramaf,serpentinite,Chapperon Group,serpentinite ultramafic rocks,1.245,88
29565,21,medium,major,ophiolit,ophiolite complex,Ophiolite of the Brooks Range,Igneous,146.448,95
54004,95,medium,minor,ultrabasic,ultramafic rock (undifferentiated),,"Gabbro, dioritoid, ultrabasic rock and metamorphic equivalents",61.134,59;78
72318,191,medium,idonly,harmonised-lith-id,,,,11.411,128
29534,21,medium,major,ultramaf,ultramafic rock (undifferentiated),Older ultramafic rocks of southeast Alaska,Igneous,4.355,95
81444,133,medium,major,pyroxenit,pyroxenite,Olivine pyroxenite,"Major:{pyroxenite}, Minor:{peridotite}",7.152,61;62
73843,205,medium,major,serpentin;ultramaf,serpentinite,Crooked Amphibolite,serpentinite ultramafic rocks,91.104,88
40406,24,medium,major,peridotit;serpentin,peridotite,Finlayson Gp,"Major: {peridotite,serpentinite,gabbro}",5.797,59;61;88
40422,24,medium,major,peridotit;pyroxenit;serpentin,serpentinite,Finlayson Gp,"Major: {serpentinite,peridotite,pyroxenite},Minor: {metagabbro}",23.588,61;62;88;133
42216,24,medium,major,serpentin,serpentinite,Slide Mountain Gp,"Major: {serpentinite},Minor: {gabbro, pyroxentie, amphibolite}",76.433,59;86;88
56555,125,medium,major,ultramaf,ultramafic rock (undifferentiated),Ultramafitas de Uré,,11.235,61
83335,133,medium,major,ultramaf,serpentinite,Ultramafic rock,"Major:{ultramafic}, Minor:{serpentinite}",0.564,88
29533,21,medium,major,ultramaf,ultramafic rock (undifferentiated),Older ultramafic rocks of southeast Alaska,Igneous,1.133,95
73666,205,medium,major,ultramaf,serpentinite,Cache Creek Complex - Trembleur Ultramafite Unit,serpentinite ultramafic rocks,61.802,88
30739,21,medium,major,ultramaf,ultramafic rock (undifferentiated),Ultramafic rocks of southeast Alaska,Igneous,7.91,95
95127,5,medium,idonly,harmonised-lith-id,,Sherlock Intrusion,,41.699,59;62
46124,41,medium,idonly,harmonised-lith-id,,Losberg Complex,,11.197,59;108;128
75073,205,medium,major,serpentin;ultramaf,serpentinite,Shulaps Ultramafic Complex - Serpentinite Melange unit - layered ultramafic rocks,ultramafic igneous rocks,0.029,95
53975,95,medium,minor,ultrabasic,ultramafic rock (undifferentiated),,"Gabbro, diorite, ultrabasic rock and metamorphic equivalents",328.465,57;59;78
29549,21,medium,major,ophiolit,ophiolite complex,Ophiolite of the Brooks Range,Igneous,0.334,95
28699,21,medium,major,ultramaf,ultramafic rock (undifferentiated),Mafic and ultramafic rocks,Tectonite,3.043,15;78;88;122;178
40369,24,medium,major,serpentin,serpentinite,Finlayson Gp,"Major: {gabbro, serpentinite}",4.288,59;88
76880,43,medium,minor,ultramaf,ultramafic rock (undifferentiated),Mundo Novo,"meta dacite, dacite, siliciclastic, meta dacite, banded iron formation (BIF'S), slate, gneiss, metabasalt, ultramafic metamorphic rocks, chert, metasedimentary, tuff",298.223,1;45;48;68;76;78;79;82;122;133
83331,133,medium,major,peridotit;pyroxenit,serpentinite,Ultramafic and mafic intrusive rocks and serpentinized equivalents,"Major:{peridotite,pyroxenite,gabbro}, Minor:{norite,serpentinite,metavolcanic,chert}",262.496,45;59;61;62;88;108;178
40462,24,medium,major,serpentin,serpentinite,Finlayson Gp,Major: {serpentinite},0.247,88
30708,21,medium,major,ultramaf,ultramafic rock (undifferentiated),Ultramafic complexes of western Alaska,Igneous,39.438,95
42360,24,medium,major,peridotit,peridotite,Steele Creek Gp,"Major: {gabbro,diabase,peridotite}",10.176,59;61;94
77646,133,medium,major,ultramaf,ultramafic rock (undifferentiated),Belchertown Complex,"Major:{quartz monzodiorite,ultramafic}",22.135,15;57;161
13712,12,medium,minor,ultramaf,ultramafic rock (undifferentiated),Darran Suite Cretaceous mafic and intermediate intrusive rocks,"gabbro, gabbronorite, diorite, leucogabbronorite, quartz diorite, tonalite, ultramafic igneous rock",1024.422,57;58;59;95
42196,24,medium,major,dunit;harzburg;peridotit;serpentin,dunite,Slide Mountain Gp,"Major: {dunite,peridotite,harzburgite,diabase,serpentinite}",46.872,61;88;94;128
82632,133,medium,major,serpentin,serpentinite,Serpentinite,Major:{serpentinite},3.907,88
90785,5,medium,major,kimberlit,kimberlite,Bangar Kimberlitic Diatreme,,1.259,95;100
29334,21,medium,major,ophiolit,ophiolite complex,Newenham ophiolite complex,Igneous,43.36,95
13693,12,medium,minor,serpentin,serpentinite,Caples Group TZIII schist,"limestone, quartzite, chert, serpentinite",5215.028,30;45;85;88
42222,24,medium,minor,pyroxenit,pyroxenite,Snag Creek Fm,"Major: {gabbro},Minor: {pyroxenite}",0.013,59;62
53971,95,medium,minor,ultrabasic,ultramafic rock (undifferentiated),,"Amphibolite, metadolerite including sheeted dyke complex, metagabbro, metamorphosed ultrabasic rock",7613.751,86;133
73564,205,medium,major,serpentin;ultramaf,serpentinite,Bridge River Complex,serpentinite ultramafic rocks,29.29,88
41705,24,medium,major,pyroxenit,pyroxenite,Pyroxenite Creek Gp,"Major: {gabbro,diorite,clinopyroxenite}",55.256,57;59;62
41698,24,medium,major,pyroxenit,pyroxenite,Pyroxene Mountain Gp,"Major: {clinopyroxenite, hornblendite, hornblende pyroxenite, gabbro}",8.082,59;62
42204,24,medium,minor,harzburg;serpentin,serpentinite,Slide Mountain Gp,"Major: {greestone},Minor: {serpentinite, harzburgite}",0.556,88;128
54006,95,medium,minor,ultrabasic,ultramafic rock (undifferentiated),,"Gabbro, dioritoid, ultrabasic rock and metamorphic equivalents",9.73,59;78
29573,21,medium,major,ophiolit,ophiolite complex,Ophiolite of the Brooks Range,Igneous,21.246,95
29698,21,medium,major,ophiolit;peridotit,peridotite,Peridotite of dismembered ophiolite of the Yukon-Tanana region,Metamorphic,18.707,78
42212,24,medium,major,serpentin,serpentinite,Slide Mountain Gp,Major: {serpentinite},25.798,88
74943,205,medium,major,ultramaf,ultramafic rock (undifferentiated),Polaris Ultramafic Suite,mafic to ultramafic rocks,26.69,161
41106,24,medium,major,pyroxenit;serpentin,pyroxenite,"Late Devonian - Tournaisian pyroxenite, serpentinite","Major: {pyroxenite, serpentinite}",9.207,62;88
44765,28,medium,major,ultramaf,ultramafic rock (undifferentiated),Early Carboniferous ultramafic intrusions,ultramafic intrusions,170.581,61;88;128
82768,133,medium,major,ultramaf,ultramafic rock (undifferentiated),Silurian - Precambrian Z ultramafic rocks,Major:{ultramafic},0.195,7;86;98
45949,41,medium,idonly,harmonised-lith-id,,Constantia Suite,,93.943,53;56;62;79
41701,24,medium,major,pyroxenit,pyroxenite,Pyroxenite Creek Gp,"Major: {gabbro,diorite,clinopyroxenite}",1.355,57;59;62
29553,21,medium,major,ophiolit,ophiolite complex,Ophiolite of the Brooks Range,Igneous,1.103,95
41076,24,medium,major,dunit;peridotit,peridotite,Kluane ultramafic Gp,"Major: {peridotite,dunite},Minor: {pyroxenite,gabbro}",1.186,59;61;62;128
27234,21,medium,major,ultramaf,ultramafic rock (undifferentiated),Gabbronorite and other mafic and ultramafic rocks of Hidden terrane,Metamorphic,0.924,78
46016,41,medium,idonly,harmonised-lith-id,,Glenover Carbonatite Complex,,36.849,62;102
40224,24,medium,major,harzburg,harzburgite,Doghead Gp,"Major: {harzburgite},Minor: {gabbro}",68.307,59;128
109,1,medium,major,ultramaf,komatiite,Metasedimentary rocks and mafic to ultramafic metavolcanic rocks,"coarse clastic metasedimentary rocks, marble, quartz arenite, iron formation, komatiite, mafic metavolcanic rocks, and minor felsic metavolcanic rocks",386.415,10;48;90;122;127;161;178
94414,5,medium,idonly,harmonised-lith-id,,North Whundo Intrusion,,2.977,59;62;94;161
29335,21,medium,major,ophiolit,ophiolite complex,Newenham ophiolite complex,Igneous,29.541,95
94803,5,medium,idonly,harmonised-lith-id,,Radio Hill Intrusion,,5.995,59;61;62;161
30729,21,medium,major,ultramaf,ultramafic rock (undifferentiated),Ultramafic rocks of southeast Alaska,Igneous,1.32,95
40469,24,medium,minor,pyroxenit,pyroxenite,Finlayson Gp,"Major: {gabbro},Minor: {pyroxenite, diabase}",4.707,59;62;94
42194,24,medium,major,dunit;harzburg;peridotit;serpentin,dunite,Slide Mountain Gp,"Major: {dunite,peridotite,harzburgite,diabase,serpentinite}",6.5,61;88;94;128
82100,133,medium,major,serpentin,serpentinite,Pre-Tertiary ultrabasic intrusive rocks,"Major:{serpentinite}, Minor:{peridotite}, Incidental:{pyroxenite, hornfels, schist, amphibolite, granofels, greenstone, phyllite, diorite, gabbro}",290.831,57;59;61;62;83;84;86;87;88;89;109
82634,133,medium,major,peridotit;serpentin,serpentinite,Serpentinized peridotite stocks,"Major:{peridotite,serpentinite}",0.052,61;88
28703,21,medium,major,ultramaf,ultramafic rock (undifferentiated),Mafic and ultramafic rocks in the vicinity of the Denali Fault System,Igneous,0.402,95
55436,114,medium,major,ultramaf,peridotite,"Ultramafic rocks, undivided","metaperidotite, metapyroxenite, serpentinite, and talc schist",59.374,84;88
80084,133,medium,major,kimberlit,kimberlite,Kimberlite,Major:{kimberlite},1.368,100
29691,21,medium,major,ophiolit;peridotit,peridotite,Peridotite of dismembered ophiolite of the Yukon-Tanana region,Igneous,1.544,95
48581,43,medium,minor,ultramaf,ultramafic rock (undifferentiated),"Santa Luz, ortognaisses e supracrustais Unidade","marble, migmatite, gneiss, siliciclastic, granodioritic orthogneiss, ferruginous quartzite, paragneiss, metamorphic mafic rock, ultramafic metamorphic rocks",609.827,1;78;79;80;85;90;120;161
77102,43,medium,minor,serpentin,serpentinite,Serra do Cotovelo Formação,"phyllite, serpentinite, Komatiíto",99.053,83;88
41072,24,medium,major,peridotit,peridotite,Kluane ultramafic Gp,"Major: {gabbro,greenstone,sills,peridotite},Minor: {dunite}",5.507,59;61;87;128
26758,21,medium,major,dunit;serpentin,dunite,"Dunite and serpentinite, undivided",Metamorphic,1.536,78
84570,205,medium,major,ultramaf,ultramafic rock (undifferentiated),ultramafic rocks,ultramafic igneous rocks,3.24,95
29692,21,medium,major,ophiolit;peridotit,peridotite,Peridotite of dismembered ophiolite of the Yukon-Tanana region,Igneous,5.575,95
28717,21,medium,major,ultramaf,ultramafic rock (undifferentiated),Mafic and ultramafic rocks of the Valdez and Orca Groups,Igneous,10.189,95
94068,5,medium,major,serpentin,serpentinite,Mount Mia Serpentinite,,236.97,59;83;84;85;86;88;90;98;128;161;176
54115,95,medium,minor,komatiit,komatiite,,"Basalt, komatiite, metamorphic",817.568,70;78;127
83334,133,medium,major,ultramaf,ultramafic rock (undifferentiated),Ultramafic rock,Major:{ultramafic},2.213,161
29695,21,medium,major,ophiolit;peridotit,peridotite,Peridotite of dismembered ophiolite of the Yukon-Tanana region,Igneous,3.724,95
95104,5,medium,major,serpentin,serpentinite,serpentinite 39486,,13.486,18;59;84;88
29543,21,medium,major,ophiolit,ophiolite complex,Ophiolite of the Brooks Range,Igneous,0.458,95
80733,133,medium,minor,ultramaf,ultramafic rock (undifferentiated),Metagabbro,"Major:{metagabbro}, Minor:{ultramafic}, Incidental:{diorite}",542.422,57;133
78673,133,medium,major,ultramaf,ultramafic rock (undifferentiated),Devonian gabbro - ultramafic rocks,"Major:{gabbro,ultramafic}",158.671,59
29340,21,medium,major,ophiolit,ophiolite complex,Newenham ophiolite complex,Metamorphic,10.458,78
40463,24,medium,major,serpentin,serpentinite,Finlayson Gp,Major: {serpentinite},5.384,88
84576,205,medium,major,ultramaf,ultramafic rock (undifferentiated),ultramafic rocks,ultramafic igneous rocks,5.38,95
73317,205,medium,major,ultramaf,ultramafic rock (undifferentiated),Aiken Lake Intrusive Complex,ultramafic igneous rocks,10.57,95
30743,21,medium,major,ultramaf,ultramafic rock (undifferentiated),Ultramafic rocks of southeast Alaska,Igneous,0.106,95
44890,28,medium,major,ultramaf,ultramafic rock (undifferentiated),Permian ultramafic intrusions,ultramafic intrusions,0.694,
46285,41,medium,major,serpentin,serpentinite,Sithilo Serpentinite-Talc Complex,,10.226,84;88
80817,133,medium,major,dunit,dunite,Meta-ultramafic Rock,"Major:{metadunite}, Minor:{serpentinite,metaperidotite}",28.487,88
29577,21,medium,major,ophiolit,ophiolite complex,Ophiolite of the Brooks Range,Igneous,0.043,95
74939,205,medium,major,ultramaf,ultramafic rock (undifferentiated),Polaris ultramafic suite,dioritic intrusive igneous rocks,49.805,95
74785,205,medium,major,ultramaf,ultramafic rock (undifferentiated),Mount Roberts Formation?,ultramafic igneous rocks,3.183,95
30731,21,medium,major,ultramaf,ultramafic rock (undifferentiated),Ultramafic rocks of southeast Alaska,Igneous,0.335,95
40466,24,medium,major,serpentin,serpentinite,Finlayson Gp,Major: {serpentinite},0.37,88
78671,133,medium,major,ultramaf,ultramafic rock (undifferentiated),Devonian gabbro/diorite/ultramafic rocks,"Major:{gabbro,diorite,ultramafic}",683.059,57;59
72323,191,medium,idonly,harmonised-lith-id,,,,275.381,57;59;61;63;94;131
56048,125,medium,idonly,harmonised-lith-id,,Esquistos de Buesaco,,0.522,86;88;133
40710,24,medium,major,harzburg,harzburgite,Harzburgite Gp,"Major: {harzburgite},Minor: {dunite}",0.944,128
77171,43,medium,major,ultramáf,ultramafic rock (undifferentiated),Unidade metaultramáfica-COmplexo Apiaí Mirim,"amphibole schist, hornblende, ultramafic metamorphic rocks",8.358,78;84
48871,43,medium,minor,ultramaf,ultramafic rock (undifferentiated),Uauá,"siliciclastic, orthogneiss, gneiss, ultramafic metamorphic rocks",1459.606,1;78;79
27227,21,medium,major,ultramaf,ultramafic rock (undifferentiated),Gabbronorite and other mafic and ultramafic rocks of Hidden terrane,Igneous,92.93,95
95654,5,medium,major,ultramaf,ultramafic rock (undifferentiated),ultramafic rocks 74479,,46.105,61;62
76836,43,medium,minor,peridotit,peridotite,"Macururé, metagabro Unidade","talc schist, metaperidotite, peridotite, metagabbro, metabasalt",30.418,61;84;133
73622,205,medium,major,serpentin;ultramaf,serpentinite,Cache Creek Complex,serpentinite ultramafic rocks,187.612,88
48386,43,medium,minor,pyroxenit,pyroxenite,Peixes,"Magnetitito, metagabbro, meta pyroxenite, metanorite",26.837,62;133
30740,21,medium,major,ultramaf,ultramafic rock (undifferentiated),Ultramafic rocks of southeast Alaska,Igneous,4.173,95
30719,21,medium,major,ultramaf,ultramafic rock (undifferentiated),Ultramafic complexes of western Alaska,Metamorphic,0.467,78
13681,12,medium,major,ultramaf,ultramafic rock (undifferentiated),Brook Street Volcanics Group mafic and ultramafic extrusive and intrusive rocks and volcaniclastic sediments,"sandstone, mudstone, conglomerate, breccia, tuffite, limestone, igneous rock",310.992,7;10;14;15;30;95
75160,205,medium,major,ultramaf,ultramafic rock (undifferentiated),Slide Mountain Complex - Ultramafic and Gabbroic Thrust Sheets,gabbroic to dioritic intrusive igneous rocks,0.404,95
48608,43,medium,minor,pyroxenit,pyroxenite,São José do Jacuípe,"meta granodiorite, meta pyroxenite, meta norite",354.907,55;62;108
53987,95,medium,minor,komatiit,komatiite,,"Basalt, komatiite, andesite, dacite, rhyolite, metamorphic",34.539,64;68;69;70;78;127
40460,24,medium,major,serpentin,serpentinite,Finlayson Gp,Major: {serpentinite},9.039,88
91974,5,medium,idonly,harmonised-lith-id,,"dolerite, metagabbro 74261",,125.375,59;88;94;128;133
27228,21,medium,major,ultramaf,ultramafic rock (undifferentiated),Gabbronorite and other mafic and ultramafic rocks of Hidden terrane,Igneous,0.664,95
40712,24,medium,major,harzburg,harzburgite,Harzburgite Gp,"Major: {harzburgite},Minor: {dunite}",153.655,128
50904,63,medium,major,ophiolit,ophiolite complex,,metamorphic ophiolite complex,29.278,78
78045,133,medium,major,ultramaf,ultramafic rock (undifferentiated),Carboniferous gabbro/diorite/ultramafic rocks,"Major:{gabbro,diorite,ultramafic}",55.577,57;59
95833,5,medium,idonly,harmonised-lith-id,,Warrawoona Group - basalt,,207.061,61;70;88
29584,21,medium,major,ophiolit,ophiolite complex,Ophiolite of the Brooks Range,Metamorphic,0.043,78
29702,21,medium,major,ophiolit;peridotit,peridotite,Peridotite of dismembered ophiolite of the Yukon-Tanana region,Metamorphic,0.388,78
56026,125,medium,idonly,harmonised-lith-id,,Early Cretaceous igneous rocks,,28.76,86;88;133
47165,43,medium,major,piroxenit,pyroxenite,"Barro Alto, metapiroxenito Litofácies",metamorphic pyroxenite,3.118,62;78
3,1,medium,minor,ultramaf,ultramafic rock (undifferentiated),Alkalic plutonic rocks,"nepheline syenite, alkalic syenite, fenite; associated mafic, ultramafic and carbonatitic rocks",846.142,56;161
95014,5,medium,major,serpentin,serpentinite,Sandalwood Serpentinite,,4.301,62;88;133
40385,24,medium,major,dunit;serpentin,serpentinite,Finlayson Gp,"Major: {gabbro,serpentinite,dunite}",2,59;88;128
55999,125,medium,major,ultramáf,ultramafic rock (undifferentiated),Complejo Ultramáfico de Bolívar,,23.32,59;108
29578,21,medium,major,ophiolit,ophiolite complex,Ophiolite of the Brooks Range,Igneous,4.308,95
46064,41,medium,idonly,harmonised-lith-id,,Kaffirskraal Complex,,1.528,59;62;108;128
83342,133,medium,major,ultramaf,ultramafic rock (undifferentiated),Ultramafic Rocks,Major:{ultramafic},3.935,
39740,23,medium,major,ultramaf,ultramafic rock (undifferentiated),"Unnamed Igneous Intrusion, Palaeogene",ultramafitite,28.379,95
48449,43,medium,major,ultramáf,serpentinite,Quatipuru Complexo máfico-ultramáfico,serpentinite,232.044,88
49875,49,medium,major,peridotit,peridotite,"Metamorphe Gesteine, meist Metamagmatite",Metaperidotite,9.709,
55425,114,medium,major,ophiolit;ultramaf,ultramafic rock (undifferentiated),Tausabana-El Rodeo Complex,ultramafic ophiolite complex,8.796,
39732,23,medium,major,ultramaf,ultramafic rock (undifferentiated),"Unnamed Igneous Intrusion, Neoproterozoic",ultramafitite,2.829,95
81795,133,medium,major,ultramaf,ultramafic rock (undifferentiated),Permian ultramafic intrusions,Major:{ultramafic},0.132,
40428,24,medium,major,ultramaf,ultramafic rock (undifferentiated),Finlayson Gp,Major: {ultramafics},4.897,
84569,205,medium,major,ultramaf,ultramafic rock (undifferentiated),ultramafic rocks,ultramafic igneous rocks,2.228,95
47168,43,medium,major,ultramáf,peridotite,Barro Alto - Zona Ultramáfica,"metaperidotite, peridotite",33.247,61
76477,43,medium,major,dunit;peridotit;pyroxenit;serpentin,dunite,Babaçu Grupo,"dunite, banded iron formation, serpentinite, talc schist, metabasalt, metagabbro, metaperidotite, peridotite, meta pyroxenite, chert, metasedimentary",343.668,45;48;61;62;84;88;122;128;133
48334,43,medium,major,ultrabásic,pyroxenite,"Palmeirópolis 2, ultrabásica Litofácies","ultramafic rocks, orthopyroxenite, olivine Websterite",2.24,62;128
77673,133,medium,major,dunit;peridotit;serpentin,dunite,Belvidere Mountain Structural Complex - ultramafic rocks,"Major:{dunite,peridotite,serpentinite}, Minor:{carbonate}",3.236,18;61;88;128
81438,133,medium,major,serpentin,talc-carbonate (listwanite),Olistoliths of Metagabbro and Soapstone-Serpentine,"Major:{gabbro,serpentinite}",0.152,59;88
40064,24,medium,major,serpentin,serpentinite,"Cambrian - Devonian serpentinite, listwaenite","Major: {serpentinite, listwaenite}",14.755,88
80632,133,medium,major,serpentin,serpentinite,Melange of Dutchmans Peak,"Major:{metasedimentary,metavolcanic,serpentinite}, Incidental:{gabbro}",120.999,59;88;122;178
83330,133,medium,major,pyroxenit;serpentin,pyroxenite,Ultramafic and Gabbroic Rocks,"Major:{metagabbro,metapyroxenite,serpentinite}, Minor:{amphibole schist}",7.617,84;88;133
95791,5,medium,major,serpentin,serpentinite,Wambidgee Serpentinite,,38.264,18;88
83343,133,medium,major,serpentin;ultramaf,serpentinite,Ultramafic rocks and serpentine,"Major:{ultramafic,serpentinite}",7.704,88
84581,205,medium,major,ultramaf,ultramafic rock (undifferentiated),ultramafic rocks,ultramafic igneous rocks,1.511,95
95455,5,medium,idonly,harmonised-lith-id,,Thiele Igneous Complex,,4.432,61;63;128;161
83338,133,medium,major,serpentin,serpentinite,Ultramafic rocks,"Major:{serpentinite}, Minor:{metaperidotite,metapyroxenite}",62.65,88
39580,23,medium,major,serpentin,serpentinite,Highland Border Complex [Under Review; Possibly Obsolete],"serpentinite, metabasalt, marble, meta-limestone and psammite",29.82,30;88;90;133
83332,133,medium,major,peridotit;serpentin,peridotite,Ultramafic and related rocks of ophiolite sequences,"Major:{peridotite,serpentinite}, Minor:{gabbro,diorite}",1531.062,57;59;61;88
77969,133,medium,major,ultramaf,ultramafic rock (undifferentiated),Cambrian gabbro/diorite/ultramafic rocks,"Major:{gabbro,diorite,ultramafic}",32.525,57;59
81000,133,medium,major,peridotit,peridotite,Monson Gneiss,Major:{peridotite},0.136,61
40066,24,medium,major,serpentin,serpentinite,"Cambrian - Devonian serpentinite, listwaenite","Major: {serpentinite, listwaenite},Minor: {pyroxenite}",0.379,62;88
77993,133,medium,major,ultramaf,ultramafic rock (undifferentiated),Cambrian ultramafic rocks,Major:{ultramafic},11.598,
95651,5,medium,major,ultramaf,ultramafic rock (undifferentiated),ultramafic rock 69569,,110.149,61;88
53678,94,medium,minor,serpentin,serpentinite,Habach Group; ältere Schieferhülle of the Tauern,"Black shale(-phyllite), phyllite, augen gneiss, acidic meta-volcanics, serpentinite",79.143,8;63;79;83;88
13650,12,medium,minor,serpentin,serpentinite,Anita Shear Zone gneiss and mylonite,"schist, gneiss, marble, granite, serpentinite",115.953,53;79;84;88;90
93506,5,medium,major,ultramaf,ultramafic rock (undifferentiated),mafic and ultramafic intrusives 39489,,0.721,52;59
84579,205,medium,major,ultramaf,ultramafic rock (undifferentiated),ultramafic rocks,ultramafic igneous rocks,0.328,95
76886,43,medium,minor,ultramaf,ultramafic rock (undifferentiated),Nicolau - Campo Grande,"orthogneiss, slate, marble, ultramafic metamorphic rocks, banded iron formation (BIF'S), paragneiss",916.142,48;78;79;82;90;120
76844,43,medium,major,ultramáf,serpentinite,Máfico-Ultramáficas Tipo Morro Feio,"serpentinite, talc schist",36.853,84;88
13399,10,medium,major,ultramaf,ultramafic rock (undifferentiated),Intrusive Rocks,ultramafic intrusives,297.62,61;62;88
76657,43,medium,major,serpentin,serpentinite,Diques de Açude das Pedras,"serpentinite, talc schist",27.343,84;88
87038,248,medium,idonly,harmonised-lith-id,,Queen Maud Granitoid Belt,,1340.91,61;62;79;85;86;90;133;161
93542,5,medium,major,ultramaf,ultramafic rock (undifferentiated),"mafic, ultramafic, intermediate intrusions 74431",,938.297,57;58;59;61;62;86;94;108
78316,133,medium,major,serpentin,serpentinite,Coal Creek Serpentinite,Major:{serpentinite},7.019,88
98,1,medium,major,ultramaf,peridotite,Mafic to ultramafic plutonic rocks,"diorite, gabbro, peridotite, pyroxenite, anorthosite, derived metamorphic rocks",1462.487,57;59;61;62;78;101
13432,10,medium,idonly,harmonised-lith-id,,Metamorphic Supracrustal Rocks,fox river supracrustals,3312.359,8;9;10;30;48;61;62;70;88;122;127;161;178
48140,43,medium,major,ultramáf,dunite,Máfico-Ultramáfica Tipo Americano do Brasil,"dunite, gabbro, pyroxenite, peridotite",146.474,59;61;62;128
79938,133,medium,major,peridotit,peridotite,Intrusive igneous rocks,"Major:{peridotite}, Minor:{metagabbro,metadiorite}",0.535,61;133
81101,133,medium,major,peridotit;serpentin,peridotite,Mount Mineral Formation,"Major:{peridotite,serpentinite}",0.061,61;88
82070,133,medium,idonly,harmonised-lith-id,,Precambrian Rocks,,1740.317,14;48;52;76;79;80;81;86;88;98;133
83341,133,medium,major,ultramaf,ultramafic rock (undifferentiated),Ultramafic Rocks,Major:{ultramafic},3.535,84;109
77805,133,medium,major,serpentin,serpentinite,"Blackstone Group - greenstone, amphibolite, serpentinite","Major:{greenstone,amphibolite,serpentinite}",21.904,86;87;88
47054,43,medium,major,piroxenit,pyroxenite,"Anápolis-Itauçu, piroxenito",pyroxenite,22.318,62
72355,191,medium,idonly,harmonised-lith-id,,,,298.9,128
55380,114,medium,major,ultramaf,ultramafic rock (undifferentiated),Paraguachí Complex,ultramafic rocks,62.782,
42219,24,medium,minor,pyroxenit,pyroxenite,Snag Creek Fm,"Major: {gabbro},Minor: {pyroxenite}",228.859,59;62
72445,191,medium,idonly,harmonised-lith-id,,,,210.934,88
72337,191,medium,idonly,harmonised-lith-id,,,,82.549,128
47376,43,medium,major,ultramáf,serpentinite,Corpos de rochas metamáfico - metaultramáfica,"serpentinite, talc schist",424.189,84;88
72435,191,medium,idonly,harmonised-lith-id,,,,38.201,128
55337,114,medium,major,ophiolit,ophiolite complex,Loma de Hierro Ophiolitic Complex,ultramafic rocks,30.977,
48600,43,medium,major,ultramáf,pyroxenite,"São Domingos, ultramáfica Corpo","ultramafic rocks, orthopyroxenite, olivine Websterite",1.94,62;128
40427,24,medium,major,ultramaf,ultramafic rock (undifferentiated),Finlayson Gp,Major: {ultramafics},11.671,
41703,24,medium,major,pyroxenit,pyroxenite,Pyroxenite Creek Gp,"Major: {gabbro,diorite,clinopyroxenite}",1.607,57;59;62
54120,95,medium,minor,ultrabasic,ultramafic rock (undifferentiated),,"Layered intrusion: gabbro, ultrabasic rock, metamorphic",15.075,59;78
28706,21,medium,major,ultramaf,ultramafic rock (undifferentiated),Mafic and ultramafic rocks in the vicinity of the Denali Fault System,Igneous,7.488,95
40711,24,medium,major,harzburg,harzburgite,Harzburgite Gp,"Major: {harzburgite},Minor: {dunite}",17.548,128
19375,20,large,major,dunit;serpentin,peridotite,Baker Terrane,"Major: {peridotite, dark gray, brown; olivine orthopyroxene talc grains; veins: chrysotile serpentine chromite spinel}; Major: {harzburgite, dark gray, brown; olivine orthopyroxene talc grains; veins: chrysotile serpentine chromite spinel}; Major: {dunite, brown, dark gray; olivine orthopyroxene talc grains; veins: chrysotile serpentine chromite spinel}",0.578,61;128
18841,19,large,major,ultramaf,ultramafic rock (undifferentiated),"Wenatchee Ridge, light-colored gneiss and ultramafics of",orthogneiss,8.326,79
25706,20,large,major,serpentin,serpentinite,Western Klamath Terrane; Smith River Subterrane; Josephine Ophiolite,Major: {serpentinite},5.671,88
16484,13,large,minor,pyroxenit,pyroxenite,Tower Intrusives (Foulwind Suite),"Major:: {diorite},Minor:: {quartz diorite, gabbro, tonalite, pyroxenite}",25.274,57;58;59;62
86159,221,large,major,kimberlit;ultramaf,kimberlite,Ultramafic Kimberlite Diatreme,,0.3,8;10
18413,19,large,major,serpentin,serpentinite,"Parmenter Creek, serpentinite near",ultrabasic (ultramafic) rocks,0.933,88
18797,19,large,major,dunit,dunite,Twin Sisters Dunite of Ragan (1961),ultrabasic (ultramafic) rocks,71.36,128
86736,237,large,major,ophiolit,ophiolite complex,Ophiolitic intrusive rocks,,0.143,
25710,20,large,major,serpentin,serpentinite,Western Klamath Terrane; Smith River Subterrane; Josephine Ophiolite,"Major: {serpentinite, mineralization: chromite, nickel, copper, asbestos} Minor: {pyroxenite, mineralization: chromite, nickel, copper, asbestos}; Minor: {harzburgite, mineralization: chromite, nickel, copper, asbestos}; Minor: {dunite, mineralization: chromite, nickel, copper, asbestos}",38.076,62;88;128
17482,19,large,major,ultramaf,ultramafic rock (undifferentiated),"Bridge Creek, ultramafic and mafic bodies of",gabbro,21.17,59
64024,139,large,major,serpentin,serpentinite,"Franciscan Complex, serpentine",,4.923,
25572,20,large,minor,ultramaf,ultramafic rock (undifferentiated),Western Klamath Terrane; Illinois River Plutonic Complex,Major: {gabbro} Minor: {ultramafic rocks},24.26,59
54187,96,large,major,ophiolit,ophiolite complex,Coast Range ophiolite,,2.262,15;70;94
63584,134,large,major,ultramaf,ultramafic rock (undifferentiated),Ultramafic rocks,,1.027,84
71130,176,large,major,ultramaf,ultramafic rock (undifferentiated),mafic intrusive rocks ~1800 Ma: ultramafic,,0.416,161
16582,13,large,major,harzburg;serpentin;ultramaf,serpentinite,Undifferentiated Dun Mountain Ultramafics Group serpentinised harzburgite,"Major:: {harzburgite},Minor:: {dunite, pyroxenite, rodingite}",4.225,62;128
14375,13,large,minor,serpentin,serpentinite,Deep Cove Gneiss amphibolite,"Major:: {amphibolite},Minor:: {psammite, pelite, metaconglomerate, serpentinite, hornblendite}",9.1,7;86;88;184
53383,91,large,major,ophiolit,ophiolite complex,"Coast Range Ophiolite, Cumulate rocks",,8.073,59;61;128
51663,69,large,major,ultramaf,ultramafic rock (undifferentiated),ultramafic rocks,ultramafic rocks,0.31,52
53523,92,large,idonly,harmonised-lith-id,,"Great Valley complex, Gabbro",,1.073,62;88;94
53381,91,large,major,ophiolit,ophiolite complex,"Coast Range Ophiolite, Antigorite schist",,0.238,78;88;193
51561,69,large,major,pyroxenit,pyroxenite,metapyroxenite,metapyroxenite,0.998,52
18972,19,large,major,ultrabasic;ultramaf,ultramafic rock (undifferentiated),,ultrabasic (ultramafic) rocks,4.426,
25150,20,large,major,serpentin,serpentinite,Sexton Mtn. Terrane; Sexton Mountain Ophiolite,"Major: {steatite, metamorphism: amphibolite facies}; Major: {talc, metamorphism: amphibolite facies}; Major: {serpentinite, metamorphism: amphibolite facies}",2.586,86;88
15157,13,large,major,peridotit;pyroxenit,pyroxenite,Misty Pluton hornblendite (Western Fiordland Orthogneiss),"Major:: {hornblendite},Minor:: {pyroxenite, peridotite}",0.795,61;62
25683,20,large,major,dunit,harzburgite,Western Klamath Terrane; Smith River Subterrane; Josephine Ophiolite,"Major: {harzburgite}; Major: {peridotite}; Major: {chromite, mineralization: chromite}; Major: {dunite}",33.941,61;128
70432,162,large,major,peridotit,peridotite,Rearing Pond,Major: {peridotite},1.009,61
51819,72,large,major,ophiolit,ophiolite complex,"Unknown lithology, likely Franciscan or ophiolite",,0.019,
14997,13,large,minor,ultramaf,ultramafic rock (undifferentiated),Malaspina Pluton two pyroxene diorite and monzodiorite (Western Fiordland Orthogneiss),"Major:: {diorite},Minor:: {monzodiorite, monzonite, orthogneiss, ultramafics}",255.92,54;57;79
19218,20,large,major,serpentin,serpentinite,Applegate Group; Applegate Amphibolite,"Major: {amphibole gneiss, alteration: serpentine, sediments, volcanic rocks}",0.026,63;79
51664,69,large,major,ultramaf,ultramafic rock (undifferentiated),ultramafic sills,ultramafic intrusives,1.405,
54977,111,large,idonly,harmonised-lith-id,,Turtleback Complex; undivided intrusive rocks,,0.638,57;58;59;62;79;86;94;98;131
64007,139,large,major,ophiolit,ophiolite complex,"Coast Range Ophiolite, gabbro",,0.306,59;88
44656,25,large,major,peridotit;ultramaf,peridotite,"Wyoming Province, Stillwater Complex, Peridotite zone of the Ultramafic series and Basal series, undivided",Major:: {peridotite},24.563,61
46801,42,large,major,dunit,dunite,Rocks of Menifee Valley: Marble associated with metadunite,,0.009,18;88;90
17795,19,large,major,ophiolit,ophiolite complex,Fidalgo ophiolite of Brown and others (1979),basalt flows,3.211,70
16989,13,large,major,peridotit;ultramaf,peridotite,Upukerora Melange dominated by peridotite (Dun Mountain Ultramafics Group),"Major:: {serpentinite},Minor:: {peridotite, gabbro}",3.05,59;61;88
25210,20,large,major,peridotit,serpentinite,Sixes River Terrane,Major: {serpentinite}; Major: {peridotite} Minor: {meta-volcanic rocks}; Minor: {meta-sedimentary rocks},0.177,61;63;88;111
25707,20,large,major,serpentin,serpentinite,Western Klamath Terrane; Smith River Subterrane; Josephine Ophiolite,Major: {serpentinite},0.139,88
25096,20,large,major,serpentin,serpentinite,Sexton Mtn. Terrane,"Major: {serpentinite, metamorphism: greenschist facies; mineralogy: antigorite, chrysotile; mineralogy: chromite}",10.181,88;98
14240,13,large,minor,peridotit,peridotite,Black Giants Anorthosite,"Major:: {anorthosite},Minor:: {gabbro, amphibolite, troctolite, peridotite}",7.419,59;61;86;101;105
25669,20,large,major,dunit;serpentin,dunite,Western Klamath Terrane; Smith River Subterrane; Josephine Ophiolite,"Major: {dunite, serpentinization: serpentinized; mineralogy: olivine-rich} Minor: {lherzolite}",0.051,128
18613,19,large,major,ultrabasic;ultramaf,ultramafic rock (undifferentiated),Skagit Gneiss,ultrabasic (ultramafic) rocks,0.047,79
54184,96,large,major,ophiolit,ophiolite complex,Coast Range ophiolite,,9.049,59
16122,13,large,minor,peridotit,peridotite,Pahia Intrusives,"Major:: {gabbro},Minor:: {norite, peridotite, troctolite}",6.921,59;61;105;108
25224,20,large,major,serpentin,serpentinite,Snow Camp Terrane,Major: {serpentinite},0.149,88
15034,13,large,minor,dunit;harzburg,dunite,Marguerite Amphibolite,"Major:: {amphibolite},Minor:: {gabbro, gabbronorite, troctolite, dunite, harzburgite, pelite}",2.259,7;59;86;105;128
19200,20,large,major,serpentin,serpentinite,Applegate Group,Major: {serpentinite},0.674,88
88912,268,large,major,serpentin,serpentinite,Palaeozoic - serpentinite,,0.074,88;128
19545,20,large,major,serpentin,serpentinite,Baker Terrane; Miller Mountain Melange,Major: {serpentinite},0.269,88
17585,19,large,major,ultrabasic;ultramaf,ultramafic rock (undifferentiated),"Chiwaukum Schist, Nason terrane",ultrabasic (ultramafic) rocks,0.107,84
64006,139,large,major,ophiolit,ophiolite complex,"Coast Range Ophiolite, breccia",,0.446,15
25120,20,large,major,peridotit,peridotite,Sexton Mtn. Terrane; Greenback Melange,"Major: {peridotite, black, very dark green; mineralization: strong magnetism} Minor: {amphibolite}",31.558,61;86
14128,13,large,major,dunit;ultramaf,dunite,Anita Ultramafics dunite (Anita Shear Zone),"Major:: {dunite},Minor:: {harzburgite, serpentinite, mylonite}",9.24,81;88;128
17588,19,large,major,ultrabasic;ultramaf,ultramafic rock (undifferentiated),Chopaka intrusive complex,ultrabasic (ultramafic) rocks,5.078,
18855,19,large,major,ultrabasic;ultramaf,ultramafic rock (undifferentiated),"western melange belt, rocks of the",ultrabasic (ultramafic) rocks,0.683,
53539,92,large,idonly,harmonised-lith-id,,"Great Valley complex, Silica-carbonate rock",,0.011,18;88
52606,82,large,idonly,harmonised-lith-id,,Franciscan Complex,,0.681,8;10;12;14;30;45;57;63;87;88;132;161;176
45573,35,large,major,kimberlit,kimberlite,Kimberlite,,0.003,100
17791,19,large,major,ophiolit,ophiolite complex,Fidalgo ophiolite of Brown and others (1979),argillite,0.943,91
52622,82,large,idonly,harmonised-lith-id,,Great Valley Complex,,0.069,18;88
53527,92,large,idonly,harmonised-lith-id,,"Great Valley complex, Limestone",,0.002,18;30;88
19117,19,large,major,ultrabasic;ultramaf,ultramafic rock (undifferentiated),,ultrabasic (ultramafic) rocks,8.609,
18010,19,large,major,ultrabasic;ultramaf,ultramafic rock (undifferentiated),"Ingalls tectonic complex, silicate-carbonate rock of",ultrabasic (ultramafic) rocks,0.456,18
51661,69,large,major,ultramaf,ultramafic rock (undifferentiated),ultramafic and mafic rock,,3.655,161
18009,19,large,major,serpentin,serpentinite,"Ingalls tectonic complex, serpentinite of",ultrabasic (ultramafic) rocks,33.724,88
86664,236,large,major,ophiolit,ophiolite complex,Ophiolitic intrusive rocks,,14.989,59
25686,20,large,major,harzburg,harzburgite,Western Klamath Terrane; Smith River Subterrane; Josephine Ophiolite,Major: {harzburgite} Minor: {dunite},1.69,128
17736,19,large,major,ultrabasic;ultramaf,ultramafic rock (undifferentiated),"Easton metamorphic suite, northwest Cascade system",ultrabasic (ultramafic) rocks,0.807,78
53640,93,large,major,ophiolit;ultramaf,ophiolite complex,"Great Valley Complex; Coast Range ophiolite, ultramafic rocks",,0.758,52;61;62
18005,19,large,major,ultrabasic;ultramaf,ultramafic rock (undifferentiated),Ingalls tectonic complex,ultrabasic (ultramafic) rocks,151.869,
52854,86,large,major,ophiolit,ophiolite complex,"Coast Range Ophiolite, Diabase",,10.153,70
85160,25,large,major,ultramaf,dunite,"Wyoming Province, ultramafic rocks, southwestern Montana","Major:: {dunite, pyroxenite}",3.321,62;128
42991,25,large,major,serpentin,serpentinite,"Blue Mountains island arc, serpentinite melange",Major:: {metamorphosed ultramafic rocks},0.717,88
18889,19,large,major,ultrabasic;ultramaf,ultramafic rock (undifferentiated),Yellow Aster Complex of Misch (1966),ultrabasic (ultramafic) rocks,0.343,
19544,20,large,major,serpentin,serpentinite,Baker Terrane; Miller Mountain Melange,Major: {serpentinite},12.178,88
18770,19,large,major,ultrabasic;ultramaf,ultramafic rock (undifferentiated),Tonga Formation,ultrabasic (ultramafic) rocks,0.037,
18734,19,large,major,ultrabasic;ultramaf,ultramafic rock (undifferentiated),"tectonic zone, rocks of a",ultrabasic (ultramafic) rocks,0.2,
19454,20,large,major,serpentin,serpentinite,Baker Terrane; Burnt River Schist,"Major: {quartz intrusives, veins: veinlets clinozoisite quartz}; Major: {albite pegmatite, albite quartz phenocrysts; veins: veinlets minute quartz}; Major: {serpentinite}",0.078,88;151
25104,20,large,major,serpentin,serpentinite,Sexton Mtn. Terrane; Greenback Melange,"Major: {basalt flows, matrix: serpentinite}",4.304,70;88
14815,13,large,major,serpentin,serpentinite,Knobs Gabbro,"Major:: {gabbro},Minor:: {serpentinite}",0.702,59;88
45709,38,large,idonly,harmonised-lith-id,,Franciscan Complex,,0.084,61;88
25657,20,large,major,dunit;serpentin,serpentinite,Western Klamath Terrane; Smith River Subterrane; Josephine Ophiolite,"Major: {chromite, zones: melange; alteration: hydrothermal; matrix: serpentine}; Major: {peridotite, zones: melange; alteration: hydrothermal; matrix: serpentine}; Major: {harzburgite, alteration: hydrothermal; matrix: serpentine; zones: melange}; Major: {dunite, zones: melange; alteration: hydrothermal; matrix: serpentine}",39.866,61;128
14386,13,large,minor,ultramaf,ultramafic rock (undifferentiated),Dolphin Intrusive Complex (Paringa Suite),"Major:: {diorite},Minor:: {quartz diorite, tonalite, granodiorite, granite, ultramafics}",1.826,53;55;57;58
25258,20,large,major,serpentin,peridotite,Snow Camp Terrane; Coast Range Ophiolite,Major: {peridotite}; Major: {serpentinite} Minor: {meta-volcanic rocks}; Minor: {meta-sedimentary rocks},7.082,61;63;88;111
16587,13,large,major,peridotit;serpentin;ultramaf,serpentinite,Undifferentiated Dun Mountain Ultramafics Group weakly serpentinised peridotite,"Major:: {peridotite},Minor:: {harzburgite, dunite, lherzolite, wehrlite, serpentinite, rodingite}",39.583,61;88;128
45480,33,large,major,ultramaf,ultramafic rock (undifferentiated),Ultramafic rock,,0.378,133;161
16176,13,large,major,pyroxenit,pyroxenite,Pokororo Pyroxenite (Riwaka Igneous Complex Group),"Major:: {clinopyroxenite},Minor:: {pyroxenite, peridotite, dunite}",11.82,61;62;128
25701,20,large,major,serpentin,serpentinite,Western Klamath Terrane; Smith River Subterrane; Josephine Ophiolite,"Major: {pillow flows, alteration: hydrothermal; matrix: serpentine; zones: melange}; Major: {breccia flows, zones: melange; alteration: hydrothermal; matrix: serpentine} Minor: {volcanic rocks}",0.121,15;63
19239,20,large,minor,serpentin,serpentinite,Applegate Group; Applegate Amphibolite,"Major: {mica schist, mineralogy: plagioclase, quartz, hornblende}; Major: {talc schist, mineralogy: plagioclase, biotite(?)}; Major: {amphibolite schist, mineralogy: biotite} Minor: {serpentinite}",88.144,84;86;88
24667,20,large,major,serpentin,serpentinite,Quaternary surficial deposits; Landslide deposits,"Major: {landslide, zones: zones of sheared serpentine}",11.127,
16948,13,large,major,serpentin,serpentinite,Undifferentiated Tangihua Complex serpentinite in Northland Allochthon,,0.112,88
20666,20,large,idonly,harmonised-lith-id,,Gold Beach Terrane,,12.679,88
17794,19,large,major,ophiolit,ophiolite complex,Fidalgo ophiolite of Brown and others (1979),volcaniclastic deposits or rocks,8.672,49
19470,20,large,major,ultramaf,ultramafic rock (undifferentiated),Baker Terrane; Burnt River Schist,"Major: {unspecified ultramafic rocks, facies: greenschist amphibolite}",0.823,86;98
53638,93,large,major,ophiolit;serpentin,serpentinite,"Great Valley Complex; Coast Range ophiolite, serpentinite matrix mélange",,7.265,12;78;87;88;176
14251,13,large,major,dunit,dunite,Bluff Intrusives dunite (Bluff Intrusives Complex),Major:: {dunite},11.195,128
53331,90,large,major,serpentin,serpentinite,Serpentinite,,12.601,18;84;88
16297,13,large,minor,ultramaf,ultramafic rock (undifferentiated),Seal Lake Gabbro,"Major:: {gabbro},Minor:: {gabbronorite, ultramafics, troctolite, tonalite}",5.159,58;59;105
46653,42,large,idonly,harmonised-lith-id,,Mixed metamorphic and granitic rocks of Big Dalton Canyon,,114.451,54;55;57;58;59;62;68;69;70;78;79;99;161
17190,13,large,minor,ultramaf,ultramafic rock (undifferentiated),"Worsley Pluton two pyroxene diorite, monzodiorite and monzonite (Western Fiordland Orthogneiss)","Major:: {diorite},Minor:: {monzodiorite, monzonite, orthogneiss, ultramafics}",429.176,54;57;79
55922,124,large,major,pyroxenit,pyroxenite,"Pyroxenite, hornblende gabbronorite, and diorite","Major:: {Gabbro}, Minor:: {gabbronorite}",4.242,59
53408,91,large,idonly,harmonised-lith-id,,"Great Valley Sequence, Mudstone",,2.319,7;10;12;15;18;45;76;88;91;161
25704,20,large,major,dunit,pyroxenite,Western Klamath Terrane; Smith River Subterrane; Josephine Ophiolite,Major: {pyroxenite}; Major: {wehrlite}; Major: {peridotite}; Major: {dunite} Minor: {harzburgite},14.396,61;62;128
17061,13,large,major,serpentin;ultramaf,serpentinite,Wairere Serpentinite (Dun Mountain Ultramafics Group),"Major:: {harzburgite},Minor:: {gabbro}",0.131,59;128
45715,38,large,idonly,harmonised-lith-id,,Franciscan Complex,,19.071,88
53450,91,large,major,serpentin;ultramaf,serpentinite,Serpentinized ultramafic rocks,,25.647,61;88;128
53634,93,large,idonly,harmonised-lith-id,,"Great Valley(?) Complex, Anchor Bay member of Gualala Formation of Wentworth and others (1998b)",,5.344,10;14;57;59;62;69;70;94;161
72939,195,large,major,pyroxenit,pyroxenite,Pyroxenite plug,,0.717,62
14966,13,large,major,ultramaf,peridotite,Lone Stag Ultramafics,"Major:: {peridotite},Minor:: {dunite, pyroxenite, gabbro, serpentinite, granitoid}",5.979,59;61;62;88;128
25481,20,large,major,peridotit,peridotite,Wallowa Terrane; Sparta Complex,"Major: {peridotite, dark gray, green; alteration: hydrothermal} Minor: {dunite}; Minor: {pyroxenite}",0.309,61;62;128
25121,20,large,major,peridotit;serpentin,peridotite,Sexton Mtn. Terrane; Greenback Melange,"Major: {peridotite, matrix: serpentinite}",1.928,61;88
52857,86,large,major,ophiolit,ophiolite complex,"Coast Range Ophiolite, Silica carbonate rocks",,0.058,88
23670,20,large,minor,serpentin,serpentinite,Olds Ferry Terrane; Vester Formation,"Major: {argillite}; Major: {carbonaceous siltstone, dark gray, dark green}; Major: {sandstone, dark gray, gray green; chert grains}; Major: {carbonaceous mudstone, dark gray, dark green} Minor: {keratophyre flows, albite augite phenocrysts}; Minor: {lithic arenite, chert argillite felsite quartz quartzite mafic chloritic metavolcanics cloudy albite grains; mineralogy: subfeldspathic; detrital limestone grains}; Minor: {sedimentary breccia}; Minor: {conglomerate, dark gray, gray green; chert pebbles clasts}; Minor: {felsic tuff, pale tan, green; lithology: debris volcanic epiclastic quartz keratophyre}; Minor: {tuff, black, light green; white plagioclase cloudy albite quartz lithic fragments grains; recrystallization: diagenetic}; Minor: {lapilli tuff, black, light green; white plagioclase grains}; Minor: {polymictic rudite, felsite porphyry quartzite slate schist marble serpentine granitoid rocks grains; angular to subrounded chert limestone sandstone conglomerate breccia clasts; matrix: poorly sorted sandy; sandstone fragments}",33.413,7;9;10;14;15;30;45;63;72;76;82;84;85;90;91;111;161;178
14621,13,large,major,serpentin,serpentinite,Greenstone Melange (Caples Terrane),"Major:: {serpentinite},Minor:: {sandstone, mudstone, schist, greenschist, gabbro, dolerite}",15.605,7;10;59;84;88;94;98
53635,93,large,major,ophiolit,ophiolite complex,"Great Valley Complex; Coast Range ophiolite, mafic and intermediate intrusive rocks",,11.217,52;57;59;94
54688,102,large,idonly,harmonised-lith-id,,Franciscan Complex,,2.146,18;88
16290,13,large,minor,dunit,dunite,Saddle Suite,"Major:: {gabbro},Minor:: {dunite, norite, anorthosite, diorite}",46.352,57;59;101;108;128
45706,38,large,idonly,harmonised-lith-id,,Franciscan Complex,,74.722,8;10;78;88;133;176;184;193
17796,19,large,major,ophiolit,ophiolite complex,Fidalgo ophiolite of Brown and others (1979),gabbro,0.575,59
25202,20,large,major,serpentin,peridotite,Sixes River Terrane,Major: {peridotite}; Major: {serpentinite},0.894,61;88
54188,96,large,major,ophiolit,ophiolite complex,"Coast Range ophiolite, Silica carbonate rocks",,0.054,88
25715,20,large,major,wehrlit,wehrlite,Western Klamath Terrane; Smith River Subterrane; Josephine Ophiolite,"Major: {wehrlite, mineralogy: clinopyroxene, olivine}",1.882,128
63611,135,large,idonly,harmonised-lith-id,,Metagabbro,,53.235,57;59;62;101;133
51767,72,large,idonly,harmonised-lith-id,,Cambria Felsite,,1.91,10;15;63;64;68;70;72;76;88;150;179
19242,20,large,major,peridotit;serpentin,peridotite,Applegate Group; Applegate Amphibolite,"Major: {peridotite, serpentinization: massive}",0.022,61
14605,13,large,minor,peridotit,peridotite,Grasseed Volcanics (Muzzle Group),"Major:: {basalt},Minor:: {peridotite, gabbro, dolerite}",1.789,59;61;70;94
25659,20,large,major,pyroxenit,pyroxenite,Western Klamath Terrane; Smith River Subterrane; Josephine Ophiolite,Major: {clinopyroxenite} Minor: {wehrlite},5.455,62;128
53384,91,large,major,ophiolit,ophiolite complex,"Coast Range Ophiolite, Intrusive complex",,10.753,52;57;59;88;94
63933,138,large,major,serpentin;ultramaf,serpentinite,Serpentinized ultramafic rocks of the Franciscan Complex Mélange,,2.3,
25149,20,large,major,serpentin,serpentinite,Sexton Mtn. Terrane; Sexton Mountain Ophiolite,"Major: {serpentinite, metamorphism: greenschist facies; mineralogy: antigorite, chrysotile; mineralogy: chromite}",0.293,88;98
16586,13,large,major,peridotit;serpentin;ultramaf,serpentinite,Undifferentiated Dun Mountain Ultramafics Group weakly serpentinised peridotite,"Major:: {peridotite},Minor:: {gabbro, dolerite, amphibolite, diorite, granite, schist, ultramafics}",0.722,53;57;59;61;84;86;94
44110,25,large,major,pyroxenit,pyroxenite,"Pyroxenite, leucosyenite, and hornblende syenite of the Skalkaho stock","Major:: {pyroxenite, leucosyenite, hornblende syenite}",15.696,56;62
63981,138,large,major,ophiolit,ophiolite complex,"Volcanic rocks, Coast Range Ophiolite",,2.911,70;87
86737,237,large,major,ophiolit,ophiolite complex,Ophiolitic intrusive rocks,,0.268,59
56700,127,large,major,kimberlit,kimberlite,Kimberlitic diatremes,,0.102,30;31;61;132
14153,13,large,major,ultramaf,serpentinite,Aspiring lithologic association Pounamu Ultramafics TZIV (Rakaia Terrane),"Major:: {serpentinite},Minor:: {schist, gabbro}",0.548,59;84;88
52856,86,large,major,ophiolit;serpentin,serpentinite,"Coast Range Ophiolite, Serpentinite",,4.122,88;128
16577,13,large,major,ultramaf,serpentinite,Undifferentiated Dun Mountain Ultramafics Group melange,"Major:: {serpentinite},Minor:: {harzburgite, dunite, peridotite, gabbro, rodingite, dolerite}",84.189,59;61;88;94;128
14317,13,large,minor,pyroxenit,pyroxenite,Campbell Gabbro (Riwaka Igneous Complex Group),"Major:: {gabbro},Minor:: {norite, pyroxenite, amphibolite}",24.32,59;62;86;108
25635,20,large,major,serpentin,serpentinite,Western Klamath Terrane; Rogue Valley Subterrane; Rogue Formation,Major: {serpentinite},1.483,88
19248,20,large,minor,serpentin,serpentinite,Applegate Group; Applegate Amphibolite,"Major: {schist}; Major: {amphibolite, hornblende, plagioclase clasts; metamorphism: retrograde greenschist and lower grade alterations}; Major: {amphibole gneiss, hornblende, plagioclase clasts; metamorphism: retrograde greenschist and lower grade alterations} Minor: {serpentinite}",0.216,79;84;86;88;98
25137,20,large,major,pyroxenit,pyroxenite,Sexton Mtn. Terrane; Sexton Mountain Ophiolite,"Major: {cumulate gabbro, pyroxene-plagioclase phenocrysts; metamorphism: greenschist, epidote-amphibolite, amphibolite facies; lithology: pyroxenite to anorthosite}",0.867,59;62;86;98;101
19491,20,large,major,pyroxenit,peridotite,Baker Terrane; Canyon Mountain Complex,"Major: {peridotite}; Major: {gabbro, mineralogy: olivine clinopyroxene orthopyroxene}; Major: {clinopyroxenite}",0.055,59;61;62
25479,20,large,major,peridotit,peridotite,Wallowa Terrane; Sparta Complex,"Major: {gabbro, dark gray; coarse peridotite schlieren; alteration: hydrothermal; mineralogy: orthopyroxene clinopyroxene hornblende} Minor: {amphibolite}; Minor: {chlorite schist, bluish black}",63.456,59;61;84;86
53637,93,large,major,ophiolit;serpentin,serpentinite,"Great Valley Complex; Coast Range ophiolite, serpentinite",,68.554,18;88;128
51817,72,large,major,ophiolit,ophiolite complex,Undifferentiated ophiolitic rocks,,3.787,57;63;88;94;161
14368,13,large,minor,peridotit,peridotite,Darran Leucogabbro gabbronorite (Darran Suite),"Major:: {gabbronorite},Minor:: {hornblende, diorite, anorthosite, peridotite, pegmatite, trondhjemite}",300.317,57;61;101;131;151
86838,240,large,idonly,harmonised-lith-id,,Frobisher Suite,,0.245,61;62;78;128
25520,20,large,major,serpentin,serpentinite,Western Klamath Terrane; Elk Subterrane,"Major: {serpentinite, mineralization: chromite, nickel, copper, asbestos} Minor: {pyroxenite, mineralization: chromite, nickel, copper, asbestos}; Minor: {dunite, mineralization: chromite, nickel, copper, asbestos}; Minor: {harzburgite, mineralization: chromite, nickel, copper, asbestos}",4.253,62;88;128
52853,86,large,major,ophiolit,ophiolite complex,Coast Range Ophiolite,,3.041,15;70;94
56795,129,large,idonly,harmonised-lith-id,,Mafic rocks,,1.021,53;57;59;61;88;93;94
89747,276,large,major,ultramaf,pyroxenite,Eastern Salmon River Belt: Eastern Salmon River Belt: Ultramafic rocks,pyroxenite,2.32,62
15148,13,large,major,ultramaf,ultramafic rock (undifferentiated),Milford Orthogneiss ultramafics (Arthur River Complex),"Major:: {ultramafics},Minor:: {gneiss, gabbro, diorite}",5.308,57;59;79
19433,20,large,minor,serpentin,serpentinite,Baker Terrane; Burnt River Schist,"Major: {greenschist, augite phenocrysts; mineralogy: actinolite chlorite-muscovite}; Major: {greenstone, veins: veinlets dark green pumpellyite; facies: greenschist; mineralogy: actinolite albite pumpellyite epidote chlorite sphene/leucoxene} Minor: {marble}; Minor: {meta-basalt, veins: veinlets pumpellyite; mineralogy: actinolite albite pumpellyite epidote chlorite sphene/leucoxene}; Minor: {meta-andesite, veins: veinlets pumpellyite; mineralogy: actinolite albite pumpellyite epidote chlorite sphene/leucoxene}; Minor: {phyllite}; Minor: {tuff breccia}; Minor: {flow breccia}; Minor: {serpentinite, veins: veinlets talc chalcedony; mineralogy: clinochrysotile/lizardite hornblende}",39.824,15;69;70;76;83;87;88;90;98
96527,292,large,major,ultramaf,ultramafic rock (undifferentiated),Ultramafic dikes,ultramafic intrusive igneous rock,0.015,95
54533,99,large,major,ultramaf,ultramafic rock (undifferentiated),Ultramafic rocks,,10.146,95
19257,20,large,major,serpentin,serpentinite,Applegate Group; Applegate Amphibolite,"Major: {tremolite schist, facies: upper greenschist-middle amphibolite; alteration: serpentinized; metamorphism: signs of retrograde}; Major: {dunite, alteration: serpentinized; facies: upper greenschist-middle amphibolite; metamorphism: signs of retrograde}; Major: {pyroxenite, alteration: serpentinized; facies: upper greenschist-middle amphibolite; metamorphism: signs of retrograde}; Major: {talc schist, alteration: serpentinized; facies: upper greenschist-middle amphibolite; metamorphism: signs of retrograde}; Major: {serpentinite, alteration: serpentinized; facies: upper greenschist-middle amphibolite; metamorphism: signs of retrograde}",56.938,62;84;86;88;98;128
88149,262,large,major,ultramaf,ultramafic rock (undifferentiated),Meta-ultramafic and mafic rocks of Farmington Canyon Complex,"Black to green-black, variably foliated, pyroxene-bearing meta-gabbro to amphibolite, with varying amounts of plagioclase, and dark-green to black pyroxene-amphibole-olivine bearing ultramafic rock, hornblendite, and amphibolite",0.028,59;86
55921,124,large,major,peridotit;pyroxenit,peridotite,Pyroxene-bearing plug-like intrusions,"Major:: {peridotite}, Minor:: {pyroxenite}",26.177,61;62
25263,20,large,major,serpentin,serpentinite,Snow Camp Terrane; Coast Range Ophiolite,"Major: {serpentinite, mineralization: podiform and disseminated chromite; mineralization: minor copper and gold; mineralization: nickel in laterites} Minor: {peridotite, mineralization: podiform and disseminated chromite; mineralization: nickel in laterites; mineralization: minor copper and gold}; Minor: {dunite, mineralization: minor copper and gold; mineralization: nickel in laterites; mineralization: podiform and disseminated chromite}; Minor: {harzburgite, mineralization: minor copper and gold; mineralization: podiform and disseminated chromite; mineralization: nickel in laterites}; Minor: {pyroxenite, mineralization: minor copper and gold; mineralization: podiform and disseminated chromite; mineralization: nickel in laterites}",0.483,61;62;88;128;159
17799,19,large,major,ophiolit,ophiolite complex,Fidalgo ophiolite of Brown and others (1979),volcanic rocks,6.153,63
19489,20,large,major,peridotit;serpentin,peridotite,Baker Terrane; Canyon Mountain Complex,"Major: {peridotite, alteration: serpentinized}",4.766,61
19550,20,large,major,serpentin,serpentinite,Baker Terrane; Miller Mountain Melange,"Major: {serpentinite, mineralization: chromite}",6.796,88
25674,20,large,major,serpentin,serpentinite,Western Klamath Terrane; Smith River Subterrane; Josephine Ophiolite,"Major: {gabbro, alteration: hydrothermal; matrix: serpentine; zones: melange}; Major: {breccia flows, alteration: hydrothermal; matrix: serpentine; zones: melange}; Major: {pillow flows, zones: melange; alteration: hydrothermal; matrix: serpentine}; Major: {mafic dikes, alteration: hydrothermal; matrix: serpentine; zones: melange}",0.383,15;59;161
55133,112,large,major,serpentin,serpentinite,Serpentinite,,0.092,61;88
46803,42,large,major,dunit;serpentin,dunite,"Rocks of Menifee Valley: Metadunite and serpentinite, serpentinized metadunite",,0.076,78;128;151
19256,20,large,major,peridotit;serpentin,harzburgite,Applegate Group; Applegate Amphibolite,"Major: {tectonite harzburgite, alteration: hydrothermal; matrix: serpentine; zones: melange}; Major: {dunite, alteration: hydrothermal; matrix: serpentine; zones: melange}; Major: {peridotite, zones: melange; alteration: hydrothermal; matrix: serpentine} Minor: {websterite}; Minor: {chromite}; Minor: {lherzolite}",0.123,61;128
16143,13,large,idonly,harmonised-lith-id,,Patuki Melange,Major:: {melange},26.036,88;95;111;161
16579,13,large,major,peridotit;ultramaf,peridotite,Undifferentiated Dun Mountain Ultramafics Group peridotite,"Major:: {peridotite},Minor:: {harzburgite, dunite, serpentinite, pyroxenite, dolerite, rodingite}",12.307,61;62;88;94;128
70221,158,large,major,serpentin;ultramaf,serpentinite,Ultramafic rocks including serpentinite,,0.353,88
16897,13,large,minor,pyroxenit,pyroxenite,Undifferentiated Riwaka Igneous Complex,"Major:: {gabbro},Minor:: {diorite, norite, pyroxenite, amphibolite}",35.757,57;59;62;86;108
24697,20,large,major,peridotit,peridotite,Quaternary surficial deposits; Laterite deposits,"Major: {lateritic soil, alteration: chemical weathering of peridotite; mineralogy: iron rich}",16.764,61;157
64008,139,large,major,ophiolit,ophiolite complex,"Coast Range Ophiolite, volcanic rocks",,0.815,70;87
54185,96,large,major,ophiolit,ophiolite complex,Coast Range ophiolite,,2.965,59;94
52874,86,large,idonly,harmonised-lith-id,,Franciscan Complex,,0.033,8;10;12;18;45;63;70;78;87;88;111
44614,25,large,major,ultramaf,lherzolite,"Wyoming Province, meta-igneous rocks, meta-ultramafic rocks, southwestern Montana","Major:: {ultramafic rock, olivine websterite, lherzolite, olivine clinopyroxinite}",7.385,128
86787,238,large,major,ophiolit,ophiolite complex,Ophiolitic intrusive rocks,,0.012,59;62
22978,20,large,major,serpentin,serpentinite,Mitchell Group; Hornbrook Formation,"Major: {fossiliferous sandstone, matrix: chloritic; angular quartz and feldspar clasts}; Major: {conglomerate, quartzite, slate, mafic and silicic volcanics, altered diabase, granitic rock, serpentinite clasts; matrix: sandy}",11.191,10;14;63;82;85;88;94;161
14357,13,large,minor,serpentin,serpentinite,Crescent Formation TZIII schist (Caples Terrane),"Major:: {schist},Minor:: {psammite, pelite, greenschist, metachert, serpentinite}",4.543,7;84;88;98
46506,42,large,major,pyroxenit,pyroxenite,Gabbro and pyroxenite,,0.005,57;59;62;78;79
14995,13,large,minor,ultramaf,ultramafic rock (undifferentiated),Malaspina Pluton hornblende diorite and monzodiorite (Western Fiordland Orthogneiss),"Major:: {diorite},Minor:: {monzodiorite, monzonite, orthogneiss, ultramafics}",88.525,54;57;79
44462,25,large,major,ultramaf,pyroxenite,Ultramafic rock in the Clearwater and Bitterroot Mountains,Major:: {pyroxenite},0.144,62
23060,20,large,major,ultramaf,ultramafic rock (undifferentiated),Neogene sedimentary rocks,"Major: {mixed fluvial sediment, reddish to yellowish brown; recrystallized argillite chert amphibolite meta-ultramafic fragments; feldspar quartz amphibole clasts; lithology: arkosic} Minor: {gravel, basalt dacite clasts; mineralization: gold}",3.465,2;45;68;70;86;91
44109,25,large,major,pyroxenit,pyroxenite,Pyroxenite at Vermiculite Mountain,"Major:: {biotitite, biotite pyroxenite, magnetite pyroxenite}",4.186,62
51642,69,large,major,serpentin,serpentinite,serpentinite and talc block,serpentinite,0.118,88
14647,13,large,minor,ultramaf,ultramafic rock (undifferentiated),Harrison Gneiss (Arthur River Complex),"Major:: {dioritic orthogneiss},Minor:: {gneiss, tonalite, quartz diorite, ultramafics}",37.591,57;58;79
19490,20,large,major,peridotit;serpentin,peridotite,Baker Terrane; Canyon Mountain Complex,"Major: {peridotite, alteration: serpentinized; mineralogy: olivine}",2.594,61
84692,208,large,major,kimberlit,kimberlite,Kimberlite,kimberlite,0.402,100
25264,20,large,major,peridotit,serpentinite,Snow Camp Terrane; Coast Range Ophiolite,"Major: {serpentinite, unaltered peridotite blocks}; Major: {peridotite, brown; olivine grains; veins: veinlets of fibrous chrysotile; alteration: unaltered saxonite}",23.209,61;88
19500,20,large,major,wehrlit,wehrlite,Baker Terrane; Canyon Mountain Complex,Major: {wehrlite},1.744,128
86364,228,large,idonly,harmonised-lith-id,,Mary River Group,,28.251,7;63;85;127;161
19482,20,large,major,serpentin,serpentinite,Baker Terrane; Canyon Mountain Complex,"Major: {gabbro, mineralogy: clinopyroxene serpentine chlorite amphibole}",10.324,59
14976,13,large,minor,dunit;peridotit;serpentin,dunite,Luxmore Mafic Igneous Complex (Darran Suite),"Major:: {gabbro},Minor:: {troctolite, dunite, peridotite, anorthosite, diorite, serpentinite}",15.942,57;59;61;88;101;105;128
19388,20,large,major,serpentin,serpentinite,Baker Terrane,"Major: {serpentinite, black, green; mineralization: stringers light-green to pale-yellow serpentine talc} Minor: {anthophyllite, mineralogy: olivine talc}; Minor: {hornfels, mineralogy: olivine enstatite}",4.272,88;89
23875,20,large,major,peridotit,serpentinite,Pickett Peak Terrane; Colebrook Schist,Major: {serpentinite}; Major: {harzburgite}; Major: {peridotite},0.062,61;88;128
15187,13,large,minor,dunit,dunite,Mount George Gabbro (Inboard Darran Suite),"Major:: {gabbro},Minor:: {diorite, gabbronorite, amphibolite, dunite}",48.4,57;59;86;128
25711,20,large,major,serpentin,serpentinite,Western Klamath Terrane; Smith River Subterrane; Josephine Ophiolite,"Major: {serpentinite, mineralization: minor copper and gold; mineralization: podiform and disseminated chromite; mineralization: nickel in laterites} Minor: {peridotite, mineralization: minor copper and gold; mineralization: podiform and disseminated chromite; mineralization: nickel in laterites}; Minor: {pyroxenite, mineralization: nickel in laterites; mineralization: podiform and disseminated chromite; mineralization: minor copper and gold}; Minor: {dunite, mineralization: nickel in laterites; mineralization: minor copper and gold; mineralization: podiform and disseminated chromite}; Minor: {harzburgite, mineralization: minor copper and gold; mineralization: podiform and disseminated chromite; mineralization: nickel in laterites}",2.351,61;62;88;128;159
25604,20,large,major,ophiolit,ophiolite complex,Western Klamath Terrane; Rogue Valley Subterrane; Fiddler Mountain Olistostrome,"Major: {polymictic conglomerate, ophiolite derived clasts}",0.548,14
25505,20,large,major,serpentin,serpentinite,Western Klamath Terrane,Major: {serpentinite},1.755,88
25482,20,large,major,pyroxenit,peridotite,Wallowa Terrane; Sparta Complex,"Major: {peridotite, dark gray, green; lithology: gabbroic; mineralogy: orthopyroxene clinopyroxene olivine}; Major: {pyroxenite, dark gray, green; mineralogy: orthopyroxene clinopyroxene olivine}",4.274,61;62
25099,20,large,major,serpentin,serpentinite,Sexton Mtn. Terrane,Major: {talc}; Major: {steatite}; Major: {serpentinite},0.102,88
16574,13,large,major,dunit;harzburg;ultramaf,harzburgite,Undifferentiated Dun Mountain Ultramafics Group harzburgite and minor dunite,"Major:: {harzburgite},Minor:: {dunite, pyroxenite, gabbro, serpentinite}",1.524,59;62;88;128
25682,20,large,major,dunit,harzburgite,Western Klamath Terrane; Smith River Subterrane; Josephine Ophiolite,"Major: {harzburgite}; Major: {dunite} Minor: {chromitite}; Minor: {pyroxenite dikes}; Minor: {pyroxenite}; Minor: {peridotite, mineralization: chromite}",2.407,61;62;128
87819,257,large,idonly,harmonised-lith-id,,,,0.369,59;62;128
25697,20,large,major,peridotit,peridotite,Western Klamath Terrane; Smith River Subterrane; Josephine Ophiolite,"Major: {peridotite, mineralogy: olivine, orthopyroxene, clinopyroxene}",0.399,61
25101,20,large,major,serpentin,serpentinite,Sexton Mtn. Terrane; Greenback Melange,"Major: {andesite flows, matrix: serpentinite}",6.385,69;88
19499,20,large,major,pyroxenit,pyroxenite,Baker Terrane; Canyon Mountain Complex,Major: {websterite dikes}; Major: {orthopyroxenite dikes}; Major: {clinopyroxenite dikes},3.763,62;128
25673,20,large,major,serpentin,serpentinite,Western Klamath Terrane; Smith River Subterrane; Josephine Ophiolite,"Major: {gabbro, alteration: hydrothermal; matrix: serpentine; zones: melange}",1.301,59
16585,13,large,major,serpentin;ultramaf,serpentinite,Undifferentiated Dun Mountain Ultramafics Group serpentinite,"Major:: {serpentinite},Minor:: {peridotite, rodingite}",2.664,61;88
16142,13,large,major,serpentin;ultramaf,serpentinite,Patuki Melange,"Major:: {melange},Minor:: {serpentinite, ultramafic volcanics, mafic volcanics}",137.69,63;88;161
17189,13,large,minor,ultramaf,ultramafic rock (undifferentiated),Worsley Pluton hornblende diorite and monzodiorite (Western Fiordland Orthogneiss),"Major:: {diorite},Minor:: {monzodiorite, orthogneiss, ultramafics}",139.835,57;79
16583,13,large,major,serpentin;ultramaf,serpentinite,Undifferentiated Dun Mountain Ultramafics Group serpentinite,"Major:: {serpentinite},Minor:: {harzburgite, dunite, peridotite, pyroxenite, dolerite, rodingite}",23.414,61;62;88;94;128
14725,13,large,minor,ultramaf,ultramafic rock (undifferentiated),Jagged Gneiss derived from Arthur River Complex (Median Batholith),"Major:: {amphibolite},Minor:: {mylonite, dioritic orthogniess, gabbro, ultramafics}",43.898,59;81;86
25370,20,large,major,serpentin,serpentinite,Umpqua Group; Bushnell Rock Formation,"Major: {conglomeratic sandstone}; Major: {conglomerate, volcanic rocks, granitic rocks, gabbroic rocks, slate, chert, schist, gneiss, sandstone, serpentinite clasts; veins: vein quartz; lithology: lithic; quartz, plagioclase, chert, volcanic rock fragments; matrix: chloritic}",13.613,10;14;45;63;79;82;84;88
37502,22,large,major,peridotit,peridotite,Oxidized and hydrated peridotite,peridotite,0.018,61
19228,20,large,major,peridotit;serpentin,dunite,Applegate Group; Applegate Amphibolite,"Major: {dunite, alteration: hydrothermal; matrix: serpentine; zones: melange}; Major: {tectonite harzburgite, alteration: hydrothermal; matrix: serpentine; zones: melange}; Major: {peridotite, alteration: hydrothermal; matrix: serpentine; zones: melange} Minor: {chromite}; Minor: {websterite}; Minor: {lherzolite}",1.638,61;128
54191,96,large,idonly,harmonised-lith-id,,"Franciscan Complex, melange",,110.145,8;10;12;14;45;70;76;84;86;87;88;90;91;98;132
25670,20,large,major,dunit,dunite,Western Klamath Terrane; Smith River Subterrane; Josephine Ophiolite,"Major: {dunite, veins: cross-cutting the fabric; mineralogy: olivine}",1.874,128
14726,13,large,minor,ultramaf,ultramafic rock (undifferentiated),Jagged Gneiss derived from Western Fiordland Orthogneiss (Median Batholith),"Major:: {amphibolite},Minor:: {mylonite, dioritic orthogniess, gabbro, ultramafics}",11.418,59;81;86
53622,93,large,idonly,harmonised-lith-id,,"Central Belt of the Franciscan Complex, sandstone",,20.211,7;8;10;12;14;45;59;69;70;88;94;176
25125,20,large,major,serpentin,serpentinite,Sexton Mtn. Terrane; Greenback Melange,"Major: {serpentinite, dark green, black; serpentinization: serpentinized} Minor: {peridotite}",1.669,61;88
53649,93,large,idonly,harmonised-lith-id,,"Great Valley(?) Complex, Undifferentiated German Rancho Formation and Gualala Formation",,10.14,7;10;11;14;57;59;62;63;69;70;79;84;85;86;94;161
25207,20,large,major,serpentin,serpentinite,Sixes River Terrane,Major: {serpentinite},1.452,88
25219,20,large,major,peridotit,dunite,Snow Camp Terrane,"Major: {dunite, greenish to black black; serpentinization: partial; mineralogy: olivine, orthopyroxene}; Major: {peridotite} Minor: {gabbro dikes}; Minor: {harzburgite}; Minor: {feldspathic harzburgite}",2.338,59;61;128
70368,160,large,major,peridotit;serpentin,serpentinite,Serpentine and serpentined peridotite,serpentine and serpentined peridotite,23.437,61
16576,13,large,major,dunit;harzburg;pyroxenit;ultramaf,harzburgite,"Undifferentiated Dun Mountain Ultramafics Group harzburgite, dunite and pyroxenite","Major:: {harzburgite},Minor:: {dunite, pyroxenite, gabbro, serpentinite}",36.316,59;62;88;128
16141,13,large,major,serpentin;ultramaf,serpentinite,Patuki Melange,"Major:: {melange},Minor:: {serpentinite, ultramafic volcanics, mafic volcanics}",5.084,63;88;161
24828,20,large,major,ultrabasic,ultramafic rock (undifferentiated),Quaternary surficial deposits; Terrace deposits,"Major: {gravel, Elkhorn Ridge Argillite basic ultrabasic rock dioritic rocks Columbia River Basalt clasts}",0.983,2;70;91
85863,210,large,minor,ultramaf,ultramafic rock (undifferentiated),Paleozoic intrusive breccia diatreme,"breccia, tuff, ultramafic intrusion, dolostone, quartzite, shale, conglomerate",0.688,8;14;15;31;76;85
25141,20,large,major,pyroxenit,pyroxenite,Sexton Mtn. Terrane; Sexton Mountain Ophiolite,"Major: {gabbro intrusives, lithology: ranges from pyroxenite to anorthosite; metamorphism: metamorphosed; mineralogy: pyroxene, plagioclase} Minor: {diabase dikes}; Minor: {cumulate gabbro, metamorphism: metamorphosed}",6.278,59;62;94;101
23870,20,large,major,serpentin,peridotite,Pickett Peak Terrane; Colebrook Schist,Major: {peridotite}; Major: {harzburgite}; Major: {serpentinite},3.046,61;88;128
20665,20,large,major,serpentin,serpentinite,Gold Beach Terrane,"Major: {serpentinite, mineralization: chromite, nickel, copper, asbestos} Minor: {pyroxenite, mineralization: chromite, nickel, copper, asbestos}; Minor: {dunite, mineralization: chromite, nickel, copper, asbestos}; Minor: {harzburgite, mineralization: chromite, nickel, copper, asbestos}",1.582,62;88;128
44461,25,large,major,ultramaf,pyroxenite,Ultramafic rock in the Clearwater and Bitterroot Mountains,"Major:: {pyroxenite, amphibolite}",0.111,62;86
16573,13,large,major,ultramaf,ultramafic rock (undifferentiated),Undifferentiated Dun Mountain Ultramafics Group gabbro,"Major:: {gabbro},Minor:: {norite}",6.416,59;108
86945,247,large,idonly,harmonised-lith-id,,Qikiqtarjuaq Plutonic Suite,,3.065,62;79;97;129;161
25522,20,large,idonly,harmonised-lith-id,,Western Klamath Terrane; Elk Subterrane,,2.983,88
19547,20,large,major,serpentin,serpentinite,Baker Terrane; Miller Mountain Melange,Major: {serpentinite},4.372,88
86925,246,large,idonly,harmonised-lith-id,,Qikiqtarjuaq Plutonic Suite,,5.689,62;79;97;129;161
53621,93,large,idonly,harmonised-lith-id,,"Central Belt of the Franciscan Complex, mélange",,52.901,12;18;30;45;76;78;84;86;87;88;91;132;133;176
19497,20,large,major,lherzol,harzburgite,Baker Terrane; Canyon Mountain Complex,"Major: {tectonite harzburgite, mineralogy: olivine serpentinized olivine orthopyroxene; zones: soil unsuitable for vegetation}; Major: {lherzolite}",35.13,128;157
25506,20,large,major,serpentin,serpentinite,Western Klamath Terrane,"Major: {serpentinite, green, blue black; serpentinization: complete}",1.259,88
25703,20,large,major,pyroxenit;serpentin,pyroxenite,Western Klamath Terrane; Smith River Subterrane; Josephine Ophiolite,"Major: {pyroxenite dikes, mineralogy: large platy enstatite, serpentine, bastite}",0.014,62
14278,13,large,minor,harzburg;pyroxenit,pyroxenite,Breaksea Orthogneiss (Western Fiordland Orthogneiss),"Major:: {orthogneiss},Minor:: {granulite, eclogite, diorite, gabbo, norite, pyroxenite, harzburgite}",46.661,57;62;79;108;110;128;132
19383,20,large,major,serpentin,serpentinite,Baker Terrane,Major: {serpentinite},9.664,88
46793,42,large,major,dunit;serpentin,dunite,Rocks of Menifee Valley: Amphibole- and pyroxene-bearing rocks associated with metadunite-serpentinite,,0.006,18;62;84;86;88;128
14658,13,large,major,ultramaf,pyroxenite,Hawes Head Ultramafics (Western Fiordland Orthogneiss),"Major:: {hornblendite},Minor:: {pyroxenite, peridotite, dunite}",4.175,61;62;128
25111,20,large,major,peridotit;serpentin,dunite,Sexton Mtn. Terrane; Greenback Melange,"Major: {dunite, serpentinization: serpentinized}; Major: {peridotite, serpentinization: serpentinized} Minor: {chromite}",41.34,61;128
53470,91,large,idonly,harmonised-lith-id,,Ward Creek (?) terrane,,0.332,78;84;88;193
86666,236,large,major,ophiolit,ophiolite complex,Ophiolitic intrusive rocks,,9.106,33
26083,20,large,major,serpentin,serpentinite,Yolla Bolly Terrane; Dothan Formation,"Major: {serpentinite, mineralization: chromite, nickel, copper, asbestos} Minor: {harzburgite, mineralization: chromite, nickel, copper, asbestos}; Minor: {pyroxenite, mineralization: chromite, nickel, copper, asbestos}; Minor: {dunite, mineralization: chromite, nickel, copper, asbestos}",2.164,62;88;128
53328,90,large,idonly,harmonised-lith-id,,Santa Clara Formation,,20.128,6;7;9;10;12;14;30;38;45;75;76;84;87;88
19183,20,large,minor,wehrlit,dunite,Applegate Group,"Major: {dunite, serpentinization: serpentinized}; Major: {peridotite, serpentinization: serpentinized}; Major: {chromitite} Minor: {wehrlite}",0.549,61;128
52689,83,large,minor,serpentin,serpentinite,Franciscan complex,"graywacke, shale, conglomerate, chert, and serpentinite",61.292,8;12;14;45;88
19492,20,large,major,peridotit,peridotite,Baker Terrane; Canyon Mountain Complex,"Major: {peridotite, mineralization: chromite; mineralogy: olivine}",0.498,61
16312,13,large,major,pyroxenit,pyroxenite,Seventeen Gabbro (Tasman Intrusives),"Major:: {gabbro},Minor:: {pyroxenite}",0.865,59;62
16990,13,large,major,ultramaf,serpentinite,Upukerora Melange (Dun Mountain Ultramafics Group),"Major:: {serpentinite},Minor:: {peridotite, harzburgite, gabbro, dolerite, rodingite}",57.417,59;61;88;94;128
14151,13,large,major,ultramaf,serpentinite,Aspiring lithologic association Pounamu Ultramafics TZIII (Rakaia Terrane),"Major:: {serpentinite},Minor:: {schist, gabbro}",0.617,59;84;88
25211,20,large,major,peridotit,serpentinite,Sixes River Terrane,"Major: {serpentinite, unaltered peridotite blocks}; Major: {peridotite, brown; olivine grains; veins: veinlets of fibrous chrysotile; alteration: unaltered saxonite}",0.055,61;88
25714,20,large,major,wehrlit,wehrlite,Western Klamath Terrane; Smith River Subterrane; Josephine Ophiolite,"Major: {wehrlite, greenish black; mineralogy: olivine, clinopyroxene}",0.089,128
25093,20,large,major,peridotit,peridotite,Sexton Mtn. Terrane,"Major: {peridotite, very dark green, black; mineralization: strong magnetism} Minor: {amphibolite}",12.358,61;86
45710,38,large,idonly,harmonised-lith-id,,Franciscan Complex,,492.082,8;10;12;18;30;45;78;87;88
25698,20,large,major,peridotit;serpentin,peridotite,Western Klamath Terrane; Smith River Subterrane; Josephine Ophiolite,"Major: {peridotite, serpentinization: massive}",63.379,61
86730,237,large,major,ophiolit,ophiolite complex,Ophiolitic intrusive rocks,,0.094,59;131
25115,20,large,major,serpentin,serpentinite,Sexton Mtn. Terrane; Greenback Melange,"Major: {gabbro, matrix: serpentinite}",0.265,59;88
44649,25,large,major,peridotit;pyroxenit,peridotite,"Wyoming Province, Stillwater Complex","Major:: {peridotites, pyroxenites, gabbros, anorthosite}",0.814,59;61;62;101
14996,13,large,minor,ultramaf,ultramafic rock (undifferentiated),Malaspina Pluton orthogneiss (Western Fiordland Orthogneiss),"Major:: {orthogneiss},Minor:: {diorite, monzodiorite, amphibolite, ultramafics}",249.583,57;79;86
25140,20,large,major,peridotit;serpentin,dunite,Sexton Mtn. Terrane; Sexton Mountain Ophiolite,"Major: {dunite, serpentinization: serpentinized}; Major: {peridotite, serpentinization: serpentinized} Minor: {chromite}",1.488,61;128
25261,20,large,major,serpentin;ultramaf,serpentinite,Snow Camp Terrane; Coast Range Ophiolite,"Major: {serpentinite, green, blue; mineralogy: lizardite; alteration: alteration of ultramafic rocks; mineralogy: antigorite; mineralogy: chrysotile}",12.239,88
19458,20,large,major,serpentin,serpentinite,Baker Terrane; Burnt River Schist,Major: {serpentinite},0.573,88
19241,20,large,major,dunit,peridotite,Applegate Group; Applegate Amphibolite,Major: {peridotite}; Major: {harzburgite}; Major: {dunite},0.177,61;128
25116,20,large,major,serpentin,serpentinite,Sexton Mtn. Terrane; Greenback Melange,"Major: {gabbro, matrix: serpentinite}; Major: {diabase, matrix: serpentinite}",3.751,59;88;94
52621,82,large,idonly,harmonised-lith-id,,Great Valley Complex,,1.956,78;84;86;88
45609,35,large,idonly,harmonised-lith-id,,"Rocks of Montezuma stock and vicinity, diorite, gabbro, and lamprophyre",,0.472,57;59;62;69;94;107
23450,20,large,major,ultrabasic,ultramafic rock (undifferentiated),Nevadan Intrusives,"Major: {gabbro, black, mottling gray; melagabbro hornblendites erratically-shaped schlieren; mineralogy: quartz labradorite pyroxene hornblende; ultrabasic skarn inclusions}; Major: {hornblende norite, mottling gray, black; melagabbro hornblendites erratically-shaped schlieren; mineralogy: quartz labradorite pyroxene hornblende; ultrabasic skarn inclusions}",7.857,59;108;177
25681,20,large,major,dunit,harzburgite,Western Klamath Terrane; Smith River Subterrane; Josephine Ophiolite,Major: {harzburgite}; Major: {chromite}; Major: {dunite},25.432,128
51641,69,large,major,serpentin,serpentinite,serpentinite and mafic block,serpentinite,1.45,88
86724,237,large,idonly,harmonised-lith-id,,Oceanic mantle (Advocate Complex),,7.994,18;62;128
54712,102,large,major,ultramaf,ultramafic rock (undifferentiated),Mafic-ultramafic complex,,4.238,59;62;161
15147,13,large,minor,ultramaf,ultramafic rock (undifferentiated),Milford Orthogneiss orthogneiss (Arthur River Complex),"Major:: {orthogneiss},Minor:: {gabbro, diorite, quartz diorite, ultramafics, granitoid, migmatite}",157.483,57;59;79;80
67641,152,large,major,serpentin,serpentinite,Serpentinite intrusive rocks,,4.572,88
22500,20,large,major,serpentin,serpentinite,Little Butte Volcanics,"Major: {basalt flows, green biotite phenocrysts; alteration: sericite, carbonate and epidote in feldspars; matrix: plagioclase feldspar, augite, magnetite; devitrification: devitrified glass; alteration: biotite altered to chlorite; alteration: augite altered to chlorite and magnetite; plagioclase, augite, olivine phenocrysts; alteration: olivine altered to serpentine; zones: feldspars typically normally zoned}; Major: {andesite flows, devitrification: devitrified glass; plagioclase, augite, olivine phenocrysts; alteration: olivine altered to serpentine; zones: feldspars typically normally zoned; green biotite phenocrysts; alteration: sericite, carbonate and epidote in feldspars; matrix: plagioclase feldspar, augite, magnetite; alteration: augite altered to chlorite and magnetite; alteration: biotite altered to chlorite} Minor: {volcanic tuff, plagioclase feldspar and pyroxene phenocrysts; devtrified glass with microlites, pumice fragments; fragments of flow rock fragments}",13.16,18;63;69;70;76;150
25685,20,large,major,harzburg,harzburgite,Western Klamath Terrane; Smith River Subterrane; Josephine Ophiolite,"Major: {harzburgite, mineralogy: olivine rich layers} Minor: {dunite, mineralogy: olivine rich layers}",234.032,128
86662,236,large,major,ophiolit,ophiolite complex,Ophiolitic intrusive rocks,,1.961,57;59;131
25091,20,large,major,dunit;serpentin,peridotite,Sexton Mtn. Terrane,"Major: {peridotite, serpentinization: serpentinized}; Major: {chromitite}; Major: {dunite, serpentinization: serpentinized} Minor: {wehrlite}",0.045,61;128
54243,96,large,major,serpentin,serpentinite,Serpentinite,,14.985,10;12;18;76;88;91;128
63971,138,large,major,ophiolit;ultramaf,ultramafic rock (undifferentiated),"Ultramafic rocks, Coast Range Ophiolite",,26.737,
46802,42,large,major,dunit;serpentin,dunite,Rocks of Menifee Valley: Metadunite and serpentinite containing magnesite veins,,0.008,88
51601,69,large,major,soapstone,talc-carbonate (listwanite),Piney Branch Complex,soapstone,22.211,59;61;62;84;88;133
44262,25,large,major,serpentin,serpentinite,Serpentine in the Boehls Butte area,Major:: {serpentinite},0.218,88
22512,20,large,major,serpentin,serpentinite,Little Butte Volcanics,"Major: {basaltic andesite intrusives, medium dark gray, dark gray; staining: hematite, limonite staining; fracture fill: zeolites; alteration: palagonite, serpentine, iddingsite, coating of silica glass; labradorite, augite phenocrysts; cavity fill: zeolites; oxidation: ocherous rind; matrix: pyroxene, plagioclase laths, interstitial glass}",2.471,69
25407,20,large,minor,peridotit,serpentinite,Wallowa Terrane,"Major: {serpentinite}; Major: {gabbro, facies: epidote-chlorite; mineralogy: actinolite tremolite calcite} Minor: {talc}; Minor: {pyroxenite}; Minor: {peridotite}",15.525,59;61;62;88
19220,20,large,minor,serpentin,serpentinite,Applegate Group; Applegate Amphibolite,"Major: {amphibolite, hornblende, plagioclase clasts; metamorphism: retrograde greenschist and lower grade alterations}; Major: {schist}; Major: {amphibole gneiss, hornblende, plagioclase clasts; metamorphism: retrograde greenschist and lower grade alterations} Minor: {serpentinite}",1.741,79;84;86;88;98
19480,20,large,major,harzburg,harzburgite,Baker Terrane; Canyon Mountain Complex,"Major: {gabbro dikes, mineralogy: olivine clinopyroxene orthopyroxene}; Major: {feldspathic harzburgite, zones: feldspar broad layerlike or isolated single lobate blobs}",5.68,59;128
19549,20,large,major,peridotit;pyroxenit;serpentin,serpentinite,Baker Terrane; Miller Mountain Melange,"Major: {serpentinite, light olive to dark green; veins: vein fill cross-fiber chrysotile; facies: lower greenschist; matrix: pyroxenite peridotite metagabbro serpentinite; cavity fill: secondary albite quartz epidote calcite; mineralogy: antigorite chrysotile} Minor: {pyroxenite, facies: lower greenschist}",11.944,61;62;88;98;133
52611,82,large,idonly,harmonised-lith-id,,Franciscan Complex,,11.456,8;12;14;45;70;76;84;86;87;88;90;91;98;132
17935,19,large,major,ultrabasic;ultramaf,ultramafic rock (undifferentiated),Helena Haystack melange,ultrabasic (ultramafic) rocks,53.898,
19431,20,large,major,serpentin,serpentinite,Baker Terrane; Burnt River Schist,"Major: {gabbro, facies: greenschist amphibolite; alteration: serpentinized}",3.307,59;86;98
19252,20,large,major,lherzol,serpentinite,Applegate Group; Applegate Amphibolite,"Major: {serpentinite, dark olive green, dark green, bluish gray}; Major: {lherzolite, alteration: saxonite}",0.073,88;128
25519,20,large,major,serpentin,serpentinite,Western Klamath Terrane; Elk Subterrane,Major: {serpentinite},11.363,88
25226,20,large,major,pyroxenit,serpentinite,Snow Camp Terrane,"Major: {serpentinite}; Major: {harzburgite tectonite, serpentinization: serpentinized}; Major: {pyroxenite}",0.415,62;88;128
23138,20,large,major,peridotit,peridotite,Neogene sedimentary rocks,"Major: {sand, gabbro, metavolcanic rocks, peridotite, quartzite, amphibolite, graywacke, chert clasts}; Major: {gravel, gabbro, metavolcanic rocks, peridotite, quartzite, amphibolite, graywacke, chert clasts}",0.802,2;3;12;45;59;61;85;86;178
25502,20,large,major,peridotit,harzburgite,Western Klamath Terrane,Major: {harzburgite}; Major: {dunite}; Major: {peridotite},2.548,61;128
14367,13,large,minor,peridotit,peridotite,Darran Leucogabbro anorthosite (Darran Suite),"Major:: {anorthosite},Minor:: {troctolite, peridotite}",15.726,61;101;105
25244,20,large,major,peridotit,peridotite,Snow Camp Terrane; Coast Range Ophiolite,"Major: {diorite intrusives, dark gray, medium gray, slight tinge green; alteration: hydrothermal; mineralogy: plagioclase; alteration: saussuritization; mineralogy: hornblende; facies: greenschist; mineralogy: hypersthene}; Major: {peridotite intrusives}",5.742,57;61;98
88573,263,large,major,ultramaf,serpentinite,"Farmington Canyon Complex, metamorphosed ultramafic rock","Dark-green to black meta-ultramafic rock with amphibole, pyroxene, and rare olivine that are variably altered to chlorite, serpentine, and talc, and commonly with some surrounding hornblende-rich gneiss; forms small isolated pods within layered gneiss at",0.016,79
15158,13,large,minor,ultramaf,ultramafic rock (undifferentiated),Misty Pluton orthogneiss (Western Fiordland Orthogneiss),"Major:: {orthogneiss},Minor:: {diorite, monzodiorite, amphibolite, ultramafics}",95.147,57;79;86
19461,20,large,major,serpentin,serpentinite,Baker Terrane; Burnt River Schist,"Major: {serpentinite, green; light green asbestos quartz fragments; mineralogy: talc amethyst}",0.001,88
18796,19,large,major,dunit,dunite,Twin Sisters Dunite,ultrabasic (ultramafic) rocks,4.997,128
25656,20,large,major,harzburg,dunite,Western Klamath Terrane; Smith River Subterrane; Josephine Ophiolite,Major: {chromite}; Major: {dunite}; Major: {harzburgite},3.287,128
15201,13,large,minor,ultramaf,ultramafic rock (undifferentiated),Mt Edgar Diorite (Inboard Darran Suite),"Major:: {diorite},Minor:: {gabbro, ultramafics, gneiss}",26.693,57;59;79
15159,13,large,minor,ultramaf,ultramafic rock (undifferentiated),Misty Pluton two pyroxene diorite and monzodiorite (Western Fiordland Orthogneiss),"Major:: {diorite},Minor:: {monzodiorite, monzonite, orthogneiss, ultramafics}",341.538,54;57;79
25699,20,large,major,dunit;serpentin,peridotite,Western Klamath Terrane; Smith River Subterrane; Josephine Ophiolite,"Major: {peridotite, serpentinization: serpentinized}; Major: {chromitite}; Major: {dunite, serpentinization: serpentinized} Minor: {wehrlite}",0.128,61;128
44617,25,large,major,ultramaf,ultramafic rock (undifferentiated),"Wyoming Province, meta-igneous rocks, ultramafic rocks, southwestern Montana",Major:: {biotite-plagioclase-clinopyroxene metamorphic rock},0.116,78
86732,237,large,major,ophiolit,ophiolite complex,Ophiolitic intrusive rocks,,24.651,59;62
51640,69,large,major,serpentin,serpentinite,serpentinite,talc schist,1.331,84
17797,19,large,major,ophiolit,ophiolite complex,Fidalgo ophiolite of Brown and others (1979),"intrusive igneous rocks, undivided",25.681,95
51787,72,large,idonly,harmonised-lith-id,,Mélange of Franciscan Complex,,356.582,12;14;45;84;87;88;91;94
25665,20,large,major,peridotit;serpentin,dunite,Western Klamath Terrane; Smith River Subterrane; Josephine Ophiolite,"Major: {dunite, alteration: hydrothermal; matrix: serpentine; zones: melange}; Major: {tectonite harzburgite, alteration: hydrothermal; matrix: serpentine; zones: melange}; Major: {peridotite, zones: melange; alteration: hydrothermal; matrix: serpentine} Minor: {lherzolite}; Minor: {chromite}; Minor: {websterite}",7.638,61;128
25692,20,large,minor,peridotit,peridotite,Western Klamath Terrane; Smith River Subterrane; Josephine Ophiolite,"Major: {meta-dolerite}; Major: {amphibolite}; Major: {meta-quartzite, lithology: feldspathic}; Major: {dolerite intrusives, mineralogy: augite}; Major: {amphibolite}; Major: {meta-volcanic rocks, mineralogy: quartz}; Major: {amphibole schist, pale green; mineralogy: chlorite, albite or oligoclase, epidote or clinozoisite, or actinolite, albite and epidote or clinozoisite}; Major: {amphibole gneiss, alteration: feldspars sericitized or saussuritized, mafic minerals uralitized or altered; mineralogy: chlorite}; Major: {greenschist} Minor: {peridotite}",23.05,61;63;79;84;85;86;94;98;161
19238,20,large,major,harzburg;serpentin,dunite,Applegate Group; Applegate Amphibolite,"Major: {meta-volcanic rocks, lithology: mafic}; Major: {mafic intrusives}; Major: {dunite, serpentinization: serpentinized}; Major: {argillaceous meta-sedimentary rocks}; Major: {chert}; Major: {harzburgite, serpentinization: serpentinized} Minor: {amphibole gneiss}; Minor: {serpentinite}; Minor: {quartzite, mineralogy: garnet-mica}",14.596,45;63;79;85;88;111;128;161
25676,20,large,major,serpentin,serpentinite,Western Klamath Terrane; Smith River Subterrane; Josephine Ophiolite,"Major: {gabbro intrusives, mineralogy: clinopyroxene}; Major: {mafic dikes, zones: melange; alteration: hydrothermal; matrix: serpentine}",2.816,59;161
15156,13,large,minor,ultramaf,ultramafic rock (undifferentiated),Misty Pluton hornblende diorite and quartz monzonite (Western Fiordland Orthogneiss),"Major:: {diorite},Minor:: {monzodiorite, quartz monzodiorite, orthogneiss, ultramafics}",233.033,57;79
63847,138,large,major,ophiolit,ophiolite complex,"Gabbro and diabase, Coast Range Ophiolite",,5.344,59;94
23866,20,large,major,serpentin,serpentinite,Pickett Peak Terrane,"Major: {serpentinite, mineralization: chromite, nickel, copper, asbestos} Minor: {dunite, mineralization: chromite, nickel, copper, asbestos}; Minor: {harzburgite, mineralization: chromite, nickel, copper, asbestos}; Minor: {pyroxenite, mineralization: chromite, nickel, copper, asbestos}",41.823,62;88;128
51531,69,large,major,pyroxenit,pyroxenite,Mafic pluton,metapyroxenite,4.479,62
25667,20,large,major,dunit,dunite,Western Klamath Terrane; Smith River Subterrane; Josephine Ophiolite,"Major: {dunite, mineralogy: olivine, minor pyroxene; mineralization: chromite}",0.828,128
25653,20,large,major,serpentin,serpentinite,Western Klamath Terrane; Smith River Subterrane; Josephine Ophiolite,"Major: {breccia flows, alteration: hydrothermal; matrix: serpentine; zones: melange}; Major: {pillow flows, alteration: hydrothermal; matrix: serpentine; zones: melange} Minor: {volcanic rocks}",0.625,15;63
46845,42,large,major,serpentin,serpentinite,Serpentinite,,0.001,63
53063,88,large,major,serpentin,serpentinite,Franciscan Complex serpentinite,,1.537,59;94
70115,157,large,idonly,harmonised-lith-id,,Diamond Springs Formation,,3.223,84;86;88;133;161
54714,102,large,major,ultramaf,ultramafic rock (undifferentiated),Mafic-ultramafic complex,,1.228,63;86;161
19201,20,large,major,serpentin,serpentinite,Applegate Group,Major: {serpentinite},4.102,88
25209,20,large,major,harzburg,serpentinite,Sixes River Terrane,Major: {serpentinite}; Major: {peridotite}; Major: {harzburgite},10.055,61;88;128
63570,134,large,idonly,harmonised-lith-id,,Mafic intrusive rocks,,2.144,59;62;101
22509,20,large,major,serpentin,serpentinite,Little Butte Volcanics,"Major: {basaltic andesite flows, dark gray; plagioclase serpentinized monoclinic pyroxene phenocrysts}; Major: {breccia}; Major: {andesite flows, dark gray; plagioclase serpentinized monoclinic pyroxene phenocrysts}; Major: {lapilli tuff}; Major: {dacite flows, plagioclase serpentinized monoclinic pyroxene phenocrysts}",0.086,15;68;69;76
53563,92,large,idonly,harmonised-lith-id,,Neroly Sandstone,,8.468,7;8;9;10;14;45;63;69;70;76;85;87;88;89;91
54253,96,large,idonly,harmonised-lith-id,,Undivided Franciscan complex,,0.963,8;10;12;14;30;45;63;87;88;132;161;176
22775,20,large,major,serpentin,serpentinite,Little Butte Volcanics; Scorpion Mountain Formation,"Major: {basaltic andesite flows, medium dark gray; plagioclase, pyroxene phenocrysts; oxidation: ocherous rind; matrix: brownish gray glass; country rocks xenoliths; alteration: serpentine, iddingsite; staining: hematite, limonite staining}",6.977,69
25708,20,large,major,peridotit;serpentin,serpentinite,Western Klamath Terrane; Smith River Subterrane; Josephine Ophiolite,"Major: {serpentinite, ; alteration: peridotite}; Major: {peridotite, reddish brown; alteration: serpentine, saxonite}",0.073,61;88
63982,138,large,major,ophiolit,ophiolite complex,Volcanic rocks of the Coast Range Ophiolite,,0.139,70;87
25705,20,large,major,serpentin,serpentinite,Western Klamath Terrane; Smith River Subterrane; Josephine Ophiolite,Major: {serpentinite},0.054,88
25256,20,large,major,serpentin,peridotite,Snow Camp Terrane; Coast Range Ophiolite,"Major: {peridotite}; Major: {peridotite, alteration: altered to serpentinite}; Major: {peridotite}; Major: {serpentinite, yellow green, black, green, greenish black; veins: quartz}",1.216,61;88
16364,13,large,major,serpentin,serpentinite,Surville Serpentinite (Tangihua Complex) in Northland Allochthon,Major:: {peridotite},2.034,61
51662,69,large,major,ultramaf,serpentinite,ultramafic block,serpentinite,21.952,88
25208,20,large,major,serpentin,serpentinite,Sixes River Terrane,Major: {serpentinite},0.416,88
25229,20,large,major,serpentin,serpentinite,Snow Camp Terrane,Major: {serpentinite},1.59,88
14695,13,large,minor,dunit;pyroxenit,pyroxenite,Howitt Peaks Gabbro (Darran Suite),"Major:: {gabbronorite},Minor:: {gabbro, pyroxenite, dunite, microdiorite}",6.55,59;62;128
16949,13,large,major,pyroxenit,pyroxenite,Undifferentiated Tapuaenuku Igneous Complex pyroxenite,"Major:: {pyroxenite},Minor:: {peridotite, anorthosite, gabbro, syenite}",15.446,56;59;61;62;101
53636,93,large,major,ophiolit,ophiolite complex,"Great Valley Complex; Coast Range ophiolite, mafic and intermediate volcanic rocks",,25.609,45;63;69;70;94
25687,20,large,major,dunit,harzburgite,Western Klamath Terrane; Smith River Subterrane; Josephine Ophiolite,"Major: {harzburgite, serpentinization: unserpentinized}; Major: {dunite} Minor: {chromite, mineralization: chromite}",0.017,128
25695,20,large,major,dunit;serpentin,peridotite,Western Klamath Terrane; Smith River Subterrane; Josephine Ophiolite,"Major: {peridotite, alteration: hydrothermal; matrix: serpentine; zones: melange}; Major: {tectonite harzburgite, zones: melange; alteration: hydrothermal; matrix: serpentine}; Major: {dunite, alteration: hydrothermal; matrix: serpentine; zones: melange} Minor: {websterite}; Minor: {chromite}; Minor: {lherzolite}",1.771,61;128
22502,20,large,major,serpentin,serpentinite,Little Butte Volcanics,"Major: {basalt flows, medium dark gray, dark gray; labradorite, augite phenocrysts; fracture fill: zeolites; oxidation: ocherous rind; matrix: plagioclase and pyroxene laths, interstitial glass; vesicle fill: chalcedony, zeolites; staining: iron stains, hematite and limonite, coating of silica glass; magnetite grains; cavity fill: zeolites; alteration: palagonite, serpentine, iddingsite, magnetite}; Major: {basaltic andesite flows, medium dark gray, dark gray; labradorite, augite phenocrysts; fracture fill: zeolites; oxidation: ocherous rind; matrix: plagioclase and pyroxene laths, interstitial glass; vesicle fill: chalcedony, zeolites; staining: iron stains, hematite and limonite, coating of silica glass; magnetite grains; cavity fill: zeolites; alteration: palagonite, serpentine, iddingsite, magnetite}",25.415,69;70
24456,20,large,major,peridotit,peridotite,Quaternary surficial deposits; Glacial deposits,"Major: {mixed glacial sediment, peridotite, gneiss, schist debris clasts}",0.119,61;79;84
87818,257,large,idonly,harmonised-lith-id,,,,37.176,7;62;85;161;189
25684,20,large,major,dunit,harzburgite,Western Klamath Terrane; Smith River Subterrane; Josephine Ophiolite,"Major: {harzburgite, mineralization: chromite; mineralogy: olivine, orthopyroxene}; Major: {dunite, mineralization: chromite; mineralogy: olivine, orthopyroxene} Minor: {dunite dikes}; Minor: {peridotite}; Minor: {pyroxenite dikes}; Minor: {pyroxenite}",57.426,61;62;128
25269,20,large,major,ophiolit,ophiolite complex,Snow Camp Terrane; Coast Range Ophiolite,,0.879,52;57;161
19258,20,large,major,harzburg;serpentin,serpentinite,Applegate Group; Applegate Amphibolite,Major: {serpentine dunite}; Major: {serpentine pyroxenite}; Major: {serpentine harzburgite},0.001,62;128
25425,20,large,major,serpentin,serpentinite,Wallowa Terrane,"Major: {serpentinite, unspecified xenoliths}",0.003,88
70923,173,large,major,ultramaf,ultramafic rock (undifferentiated),Mafic and ultramafic rocks,,1.327,52;59;86
25126,20,large,major,serpentin,serpentinite,Sexton Mtn. Terrane; Greenback Melange,"Major: {serpentinite, matrix: serpentinite}",10.942,88
19196,20,large,major,peridotit,peridotite,Applegate Group,"Major: {peridotite, very dark green, black; mineralization: strong magnetism} Minor: {amphibolite}",33.223,61;86
25259,20,large,major,serpentin,peridotite,Snow Camp Terrane; Coast Range Ophiolite,"Major: {peridotite, pale to dark green}; Major: {serpentinite, pale to dark green}",30.464,61;88
53382,91,large,major,ophiolit,ophiolite complex,"Coast Range Ophiolite, Basalt, andesite, and quartz keratophyre",,17.808,15;45;63;64;76
14359,13,large,idonly,harmonised-lith-id,,Croisilles Melange (Caples Terrane),Major:: {melange},0.155,88;95;111;161
19202,20,large,major,serpentin,serpentinite,Applegate Group,"Major: {serpentinite, alteration: chlorite-talc-magnetite reaction rinds}",1.017,88
44584,25,large,major,serpentin,serpentinite,"Wyoming Province, amphibolite, micaceous quartzite, gneiss, and chromite-bearing serpentinite, Beartooth Mountains","Major:: {amphibolite, micaceous quartzite, gneiss}; Minor:: {serpentinite}",8.717,79;85;86;88
50177,55,large,major,ultramaf,ultramafic rock (undifferentiated),Mafic and ultramafic intrusion,,8.804,57;59;61;62
53302,90,large,idonly,harmonised-lith-id,,"Franciscan Complex, undivided",,5.688,8;9;10;11;12;14;15;30;45;57;63;76;78;84;85;87;88;93;110
25122,20,large,major,dunit;serpentin,peridotite,Sexton Mtn. Terrane; Greenback Melange,"Major: {peridotite, serpentinization: serpentinized; mineralogy: chromite}; Major: {dunite, serpentinization: serpentinized; mineralogy: chromite} Minor: {diabase dikes}; Minor: {meta-gabbro}; Minor: {gabbro}; Minor: {amphibolite}",19.727,59;61;86;94;128
14696,13,large,minor,serpentin,serpentinite,Hukawakawa Sequence (Caples Terrane),"Major:: {sandstone},Minor:: {siltstone, basalt, gabbro, serpentinite}",13.73,9;10;59;70;88
25504,20,large,major,serpentin,serpentinite,Western Klamath Terrane,Major: {serpentinite},0.133,88
25696,20,large,major,peridotit,peridotite,Western Klamath Terrane; Smith River Subterrane; Josephine Ophiolite,"Major: {peridotite, dark green; mineralogy: olivine, other mafic minerals}",2.159,61;161
16988,13,large,major,ultramaf,ultramafic rock (undifferentiated),Upukerora Melange dominated by gabbro (Dun Mountain Ultramafics Group),"Major:: {gabbro},Minor:: {serpenitinite, basalt}",3.034,59;70
86667,236,large,major,ophiolit,ophiolite complex,Ophiolitic intrusive rocks,,11.853,59
15176,13,large,minor,peridotit,peridotite,Mount Anau Complex (Inboard Darran Suite),"Major:: {gabbroic orthogneiss},Minor:: {dioritic, orthogneiss, amphibolite, gabbro, gabbronorite, peridotite}",32.835,59;61;79;86
45524,34,large,major,ultramaf,ultramafic rock (undifferentiated),Ultramafic rocks,,0.23,
53659,93,large,idonly,harmonised-lith-id,,Sedimentary rocks of Little Sulphur Creek,,7.617,7;9;10;11;12;14;15;45;59;70;88;94;176
25668,20,large,major,harzburg;serpentin,dunite,Western Klamath Terrane; Smith River Subterrane; Josephine Ophiolite,"Major: {dunite, serpentinization: serpentinized}; Major: {harzburgite, serpentinization: serpentinized}",0.263,128
25095,20,large,major,peridotit;serpentin,serpentinite,Sexton Mtn. Terrane,"Major: {serpentinite, basalt, diabase, gabbro, peridotite, amphibolite blocks}",7.607,59;61;70;86;88;94
19553,20,large,major,serpentin,serpentinite,Baker Terrane; Miller Mountain Melange,"Major: {serpentinite, mineralization: chromite} Minor: {gabbro, mineralization: chromite}; Minor: {pyroxenite, mineralization: chromite}",6.134,59;62;88
86731,237,large,major,ophiolit,ophiolite complex,Ophiolitic intrusive rocks,,3.557,59;84
44616,25,large,major,ultramaf,serpentinite,"Wyoming Province, meta-igneous rocks, ultramafic rocks, Beartooth Mountains","Major:: {ultramafic rocks, olivine-bearing rocks, serpentinite}",0.078,88
86663,236,large,major,ophiolit,ophiolite complex,Ophiolitic intrusive rocks,,0.006,61;62;128
25109,20,large,major,serpentin,serpentinite,Sexton Mtn. Terrane; Greenback Melange,"Major: {diabase, matrix: serpentinite}",0.188,88;94
14150,13,large,major,ultramaf,serpentinite,Aspiring lithologic association Pounamu Ultramafics TZIIB (Rakaia Terrane),"Major:: {serpentinite},Minor:: {schist, gabbro}",0.599,59;84;88
19386,20,large,major,serpentin,serpentinite,Baker Terrane,"Major: {serpentinite, black, dark green; alteration: silicified; mineralogy: orthopyroxene serpentine; alteration: hydrothermal}",0.425,88
46449,42,large,idonly,harmonised-lith-id,,Carbonate-silicate rock,,0.01,18;88
16584,13,large,major,serpentin;ultramaf,serpentinite,Undifferentiated Dun Mountain Ultramafics Group serpentinite,"Major:: {serpentinite},Minor:: {peridotite, rodingite}",9.645,61;88
16518,13,large,minor,ultramaf,ultramafic rock (undifferentiated),Undifferentiated Brook Street mylonite,"Major:: {mylonite},Minor:: {gabbro, dolerite, amphibolite, diorite, granite, schist, ultramafics}",11.21,53;57;59;81;84;86;94
14358,13,large,major,serpentin;ultramaf,serpentinite,Croisilles Melange (Caples Terrane),"Major:: {melange},Minor:: {serpentinite, ultramafic volcanics, mafic volcanics}",49.27,63;88;161
53449,91,large,major,serpentin,serpentinite,Serpentinite,,71.479,61;88;128
16578,13,large,major,peridotit;ultramaf,peridotite,Undifferentiated Dun Mountain Ultramafics Group peridotite,"Major:: {peridotite},Minor:: {dunite, wehrlite, clinopyroxenite, gabbro, troctolite, serpentinite}",1.777,59;61;62;88;105;128
14677,13,large,major,pyroxenit,pyroxenite,Hokuri Intrusives,"Major:: {pyroxenite},Minor:: {andesite, basalt, dolerite, schist, diorite}",9.961,57;62;69;70;84;94
86734,237,large,major,ophiolit,ophiolite complex,Ophiolitic intrusive rocks,,0.754,
19464,20,large,major,serpentin,serpentinite,Baker Terrane; Burnt River Schist,"Major: {serpentinite, veins: veinlets talc chalcedony; mineralogy: chrysotile/lizardite hornblende}",0.012,88
25592,20,large,major,peridotit;serpentin,dunite,Western Klamath Terrane; Rogue Valley Subterrane,"Major: {dunite, serpentinization: serpentinized}; Major: {peridotite, serpentinization: serpentinized} Minor: {gabbro}; Minor: {meta-volcanic rocks}; Minor: {meta-sedimentary rocks}",0.242,59;61;63;111;128
25709,20,large,major,serpentin,serpentinite,Western Klamath Terrane; Smith River Subterrane; Josephine Ophiolite,"Major: {serpentinite, green, blue black; serpentinization: complete}",0.687,88
25660,20,large,major,pyroxenit;serpentin,pyroxenite,Western Klamath Terrane; Smith River Subterrane; Josephine Ophiolite,"Major: {clinopyroxenite, serpentinization: serpentinized; mineralization: olivine, clinopyroxenes}",1.857,62
67509,151,large,major,ultramaf,ultramafic rock (undifferentiated),"Mafic and ultramafic metamorphic rocks, undivided",,5.086,56;62;79;161
70002,155,large,idonly,harmonised-lith-id,,Gneisses undifferentiated,,136.2,53;79;84;85;86;88;133
14356,13,large,minor,serpentin,serpentinite,Crescent Formation TZIII schist (Caples Terrane),"Major:: {schist},Minor:: {psammite, pelite, greenschist, metachert, serpentinite}",28.372,7;84;88;98
19479,20,large,major,harzburg,harzburgite,Baker Terrane; Canyon Mountain Complex,"Major: {gabbro dikes, mineralogy: olivine clinopyroxene orthopyroxene}; Major: {feldspathic harzburgite, zones: feldspar broad layerlike or isolated single lobate blobs}",5.305,59;128
23867,20,large,major,serpentin,serpentinite,Pickett Peak Terrane,"Major: {serpentinite, mineralization: chromite, nickel, copper, asbestos} Minor: {pyroxenite, mineralization: chromite, nickel, copper, asbestos}; Minor: {dunite, mineralization: chromite, nickel, copper, asbestos}; Minor: {harzburgite, mineralization: chromite, nickel, copper, asbestos}",3.82,62;88;128
38495,22,large,major,peridotit,peridotite,"Soil containing crystals of ilmenite and garnet, intrusive rocks of Permian Age",peridotite,0.131,61
25254,20,large,major,serpentin,serpentinite,Snow Camp Terrane; Coast Range Ophiolite,"Major: {meta-volcanic rocks, matrix: serpentine}; Major: {meta-sedimentary rocks, matrix: serpentine}; Major: {meta-igneous rocks, matrix: serpentine} Minor: {sandstone}; Minor: {shale}; Minor: {phyllitic schist}",2.68,8;10;63;84;95;111
23135,20,large,major,peridotit,peridotite,Neogene sedimentary rocks,"Major: {gravel, gabbro, metavolcanics, peridotite, quartzite, amphibolite, graywacke, chert clasts}",0.418,2;12;45;59;61;85;86;178
52620,82,large,idonly,harmonised-lith-id,,Great Valley Complex,,2.851,18;88;128
19384,20,large,major,serpentin,serpentinite,Baker Terrane,Major: {serpentinite},0.246,88
18975,19,large,major,ultrabasic;ultramaf,ultramafic rock (undifferentiated),,ultrabasic (ultramafic) rocks,0.473,
71126,176,large,major,ultramaf,ultramafic rock (undifferentiated),mafic intrusive rocks ~1700-2300 Ma: ultramafic rocks,,1.042,161
19460,20,large,major,serpentin,serpentinite,Baker Terrane; Burnt River Schist,"Major: {serpentinite, dark green, greenish gray; anthophyllite tremolite phenocrysts; veins: veins clots white colorless pink pale green talc; mineralogy: orthopyroxene olivine serpentine talc amphibole}; Major: {meta-serpentinite, dark green, greenish gray; anthophyllite tremolite phenocrysts; veins: veins clots white colorless pink pale green talc; mineralogy: orthopyroxene olivine serpentine talc amphibole} Minor: {carbonate rocks, black}",5.416,18;88
16110,13,large,major,ultramaf,serpentinite,Otu Ultramafics (Brook Street Volcanics Group),"Major:: {serpentinite},Minor:: {rodingite, gabbro, pyroxenite, gabbronorite, diorite, basalt}",1.398,57;59;62;70;88
18583,19,large,major,ultramaf,ultramafic rock (undifferentiated),"Shuksan nappe, ultramafic rocks of",ultrabasic (ultramafic) rocks,0.107,
19250,20,large,major,harzburg;serpentin,serpentinite,Applegate Group; Applegate Amphibolite,Major: {serpentine dunite}; Major: {serpentine pyroxenite}; Major: {serpentine harzburgite},0.263,62;128
25606,20,large,major,serpentin,serpentinite,Western Klamath Terrane; Rogue Valley Subterrane; Rogue Formation,"Major: {amphibole gneiss, alteration: serpentine, sediments, volcanic rocks}",0.093,63;79
54713,102,large,major,ultramaf,ultramafic rock (undifferentiated),Mafic-ultramafic complex,,10.143,59;62;161
53538,92,large,major,serpentin,serpentinite,"Great Valley complex, Serpentinite",,13.759,18;62;88;128
53452,91,large,idonly,harmonised-lith-id,,Silica-carbonate rock,,2.128,18;63;88
86712,237,large,idonly,harmonised-lith-id,,Fleur de Lys Supergroup,,0.932,62;84;88;122;128
25262,20,large,major,serpentin,serpentinite,Snow Camp Terrane; Coast Range Ophiolite,"Major: {serpentinite, mineralization: chromite, nickel, copper, asbestos} Minor: {harzburgite, mineralization: chromite, nickel, copper, asbestos}; Minor: {dunite, mineralization: chromite, nickel, copper, asbestos}; Minor: {pyroxenite, mineralization: chromite, nickel, copper, asbestos}",61.731,62;88;128
25507,20,large,major,wehrlit,wehrlite,Western Klamath Terrane,"Major: {wehrlite, mineralogy: clinopyroxene, olivine}",0.096,128
25485,20,large,major,serpentin,serpentinite,Wallowa Terrane; Sparta Complex,"Major: {schist, mineralogy: chlorite serpentine} Minor: {peridotite, dark bluish black; large keratophyre chert inclusions; alteration: completely serpentinized}",4.035,45;61;84
25666,20,large,major,harzburg,dunite,Western Klamath Terrane; Smith River Subterrane; Josephine Ophiolite,Major: {dunite}; Major: {peridotite}; Major: {harzburgite},1.843,61;128
25661,20,large,major,serpentin,serpentinite,Western Klamath Terrane; Smith River Subterrane; Josephine Ophiolite,"Major: {cumulate gabbro, alteration: hydrothermal; matrix: serpentine; zones: melange}",0.779,59
22505,20,large,major,serpentin,serpentinite,Little Butte Volcanics,"Major: {basalt flows, medium light gray, grayish black; tuff lenses; cavity fill: zeolites, calcite, clay minerals; alteration: palagonite, magnetite, iddingsite, serpentine; matrix: interstitial glass and plagioclase laths; olivine, augite, labradorite phenocrysts; fracture fill: zeolites, calcite, clay minerals; staining: iron staining; lithology: zeolitic; magnetite grains}",3.874,70;76;93
25677,20,large,major,serpentin,serpentinite,Western Klamath Terrane; Smith River Subterrane; Josephine Ophiolite,"Major: {gabbro, zones: melange; alteration: hydrothermal; matrix: serpentine}; Major: {pillow flows, alteration: hydrothermal; matrix: serpentine; zones: melange}; Major: {mafic dikes, alteration: hydrothermal; matrix: serpentine; zones: melange}; Major: {breccia flows, zones: melange; alteration: hydrothermal; matrix: serpentine}",24.984,15;59;161
18967,19,large,major,ultrabasic;ultramaf,ultramafic rock (undifferentiated),,ultrabasic (ultramafic) rocks,0.033,
96302,288,large,major,ultramaf,ultramafic rock (undifferentiated),Mount Arrowsmith Volcanics - Unnamed ultramafics,,0.004,88;98
53299,90,large,idonly,harmonised-lith-id,,"Franciscan Complex, Metamorphic rocks",,0.043,78;84;88;110
25102,20,large,major,serpentin,serpentinite,Sexton Mtn. Terrane; Greenback Melange,"Major: {argillite, matrix: serpentinite}; Major: {tuffaceous shale, matrix: serpentinite}; Major: {phyllite, matrix: serpentinite}",0.212,8;83;88;91
18327,19,large,major,ultrabasic;ultramaf,ultramafic rock (undifferentiated),"Napeequa unit, Chelan Mountains terrane",ultrabasic (ultramafic) rocks,18.014,
19240,20,large,major,harzburg;serpentin,peridotite,Applegate Group; Applegate Amphibolite,"Major: {peridotite, alteration: hydrothermal; matrix: serpentine; zones: melange}; Major: {dunite, alteration: hydrothermal; matrix: serpentine; zones: melange}; Major: {tectonite harzburgite, zones: melange; alteration: hydrothermal; matrix: serpentine} Minor: {websterite}; Minor: {lherzolite}; Minor: {chromite}",3.961,61;128
19390,20,large,major,serpentin,serpentinite,Baker Terrane,"Major: {serpentinite, dark green; mineralogy: serpentine olivine brucite bronzite magnesite chromite}",0.145,88
25257,20,large,major,serpentin,peridotite,Snow Camp Terrane; Coast Range Ophiolite,Major: {peridotite}; Major: {serpentinite},5.703,61;88
45716,38,large,idonly,harmonised-lith-id,,Franciscan Complex,,0.295,18;88
16663,13,large,major,serpentin,serpentinite,Undifferentiated Maitai Group serpentinite breccia,"Major:: {serpentinite},Minor:: {breccia}",0.673,15;88
53296,90,large,idonly,harmonised-lith-id,,"Franciscan Complex, Conglomerate",,0.145,8;11;12;14;45;57;84;85;88
53516,92,large,idonly,harmonised-lith-id,,"Franciscan Complex, Mélange",,0.492,12;18;30;45;78;84;86;87;88;91;132;133;176
25222,20,large,major,peridotit,peridotite,Snow Camp Terrane,"Major: {peridotite, alteration: altered to serpentinite}; Major: {serpentinite, black, greenish black, yellow green, green; veins: quartz}; Major: {peridotite}; Major: {peridotite}",2.677,61;88
19203,20,large,major,serpentin,serpentinite,Applegate Group,"Major: {serpentinite, blue black, green; serpentinization: complete}",0.359,88
25503,20,large,major,peridotit,peridotite,Western Klamath Terrane,"Major: {peridotite, dark green; mineralogy: olivine, other mafic minerals}",1.912,61;161
25690,20,large,major,serpentin,lherzolite,Western Klamath Terrane; Smith River Subterrane; Josephine Ophiolite,"Major: {lherzolite, alteration: saxonite}; Major: {serpentinite, bluish gray, dark olive green, dark green}",12.358,88;128
23545,20,large,minor,dunit,pyroxenite,Nevadan Intrusives; Grayback Plutons; Grayback Pluton,Major: {pyroxenite}; Major: {hornblende pyroxenite}; Major: {hornblende gabbro}; Major: {gabbro} Minor: {peridotite}; Minor: {serpentinite}; Minor: {dunite},1.471,59;61;62;88;128
17095,13,large,major,ultramaf,serpentinite,Wanaka lithologic association TZIV ultramafics (Rakaia Terrane),"Major:: {serpentinite},Minor:: {greenschist}",0.373,88;98
53506,92,large,idonly,harmonised-lith-id,,Domengine Sandstone,,10.63,8;9;10;14;30;45;57;59;62;69;88;91
25089,20,large,major,serpentin,serpentinite,Serpentinite matrix melange,,1.071,88
86801,238,large,idonly,harmonised-lith-id,,Strugglers Pond Formation,,0.549,45;88;96
25105,20,large,major,serpentin,serpentinite,Sexton Mtn. Terrane; Greenback Melange,"Major: {chert, matrix: serpentinite}",0.167,45;88
19495,20,large,major,peridotit;serpentin,pyroxenite,Baker Terrane; Canyon Mountain Complex,"Major: {pyroxenite}; Major: {peridotite, ; alteration: serpentinized; mineralogy: pyroxene}",0.743,61;62
25658,20,large,major,pyroxenit,pyroxenite,Western Klamath Terrane; Smith River Subterrane; Josephine Ophiolite,"Major: {clinopyroxenite, mineralogy: scattered primary black hornblende, magnetite; zones: magnetite horizons} Minor: {magnetite clinopyroxenite, mineralization: interstitial to diopside}",0.013,62
70036,155,large,idonly,harmonised-lith-id,,Supracrustal and related rocks undifferentiated,,11.123,3;4;48;84;85;86;88;122;133;161;190
52855,86,large,major,ophiolit,ophiolite complex,"Coast Range Ophiolite, Keratophyre",,0.271,63
86733,237,large,major,ophiolit,ophiolite complex,Ophiolitic intrusive rocks,,11.364,61;128
16580,13,large,major,harzburg;ultramaf,harzburgite,Undifferentiated Dun Mountain Ultramafics Group protoclastic harzburgite,Major:: {harzburgite},0.66,128
19253,20,large,major,serpentin,serpentinite,Applegate Group; Applegate Amphibolite,"Major: {serpentinite, green, blue black; serpentinization: complete}",6.561,88
25712,20,large,major,dunit;serpentin,harzburgite,Western Klamath Terrane; Smith River Subterrane; Josephine Ophiolite,"Major: {tectonite harzburgite, zones: melange; alteration: hydrothermal; matrix: serpentine}; Major: {peridotite, alteration: hydrothermal; matrix: serpentine; zones: melange}; Major: {dunite, alteration: hydrothermal; matrix: serpentine; zones: melange} Minor: {websterite}; Minor: {lherzolite}; Minor: {chromite}",20.324,61;128
19229,20,large,major,pyroxenit,pyroxenite,Applegate Group; Applegate Amphibolite,Major: {gabbro}; Major: {clinopyroxenite},3.73,59;62
25221,20,large,major,dunit,harzburgite,Snow Camp Terrane,"Major: {harzburgite}; Major: {dunite} Minor: {chromitite}; Minor: {peridotite, mineralization: chromite}; Minor: {pyroxenite}; Minor: {pyroxenite dikes}",29.92,61;62;128
53395,91,large,idonly,harmonised-lith-id,,"Franciscan Complex, Melange",,764.576,8;12;14;45;70;76;78;84;86;87;88;90;91;95;98;111;122;132;161;176;178;193
14152,13,large,major,ultramaf,serpentinite,Aspiring lithologic association Pounamu Ultramafics TZIII (Rakaia Terrane),"Major:: {serpentinite},Minor:: {metagabbro, nephrite, metabasite, metapelite, metachert}",1.971,88;133
51418,69,large,major,serpentin,serpentinite,amphibolite and serpentinite,serpentinite,2.308,88
51829,73,large,idonly,harmonised-lith-id,,Blue Draw Metagabbro,,3.91,10;88;133
73064,200,large,idonly,harmonised-lith-id,,"Intrusive dikes, plugs, or necks",,2.863,62;76
39322,22,large,major,peridotit,peridotite,Unweathered peridotite,peridotite,0.005,61
86665,236,large,major,ophiolit,ophiolite complex,Ophiolitic intrusive rocks,,0.465,
19472,20,large,major,dunit,dunite,Baker Terrane; Canyon Mountain Complex,Major: {dunite},1.456,128
19381,20,large,major,talc-carbonate,talc-carbonate (listwanite),Baker Terrane,"Major: {quartzite, staining: limonitic; mineralization: chromite cinnabar; zones: irregular replacement alteration; facies: greenschist; mineralogy: quartz rutile chlorite}; Major: {talc-carbonate, light to yellowish to light olive gray; mineralogy: talc magnesite; staining: limonitic; mineralization: chromite cinnabar} Minor: {meta-diorite, staining: limonitic; mineralization: chromite cinnabar; facies: greenschist; mineralogy: andesine hornblende}; Minor: {serpentinite, pale to grayish green; veins: veinlets chrysotile; staining: limonitic; mineralization: chromite cinnabar; alteration: carbonatized; facies: greenschist; mineralogy: antigorite}; Minor: {meta-andesite, staining: limonitic; mineralization: chromite cinnabar; facies: greenschist; mineralogy: carbonate pyrite}",0.676,18;57;69;85;88;98
19552,20,large,major,peridotit,serpentinite,Baker Terrane; Miller Mountain Melange,"Major: {serpentinite, mineralization: chromite}; Major: {peridotite, mineralization: chromite}",26.64,61;88
19532,20,large,major,serpentin,serpentinite,Baker Terrane; Miller Mountain Melange,"Major: {chert breccia, red, black, brown, gray; quartz chlorite carbonaceous material angular brecciated chert clasts; matrix: serpentinite murky argillaceous}; Major: {chert argillite, gray brown, brown black; quartz chlorite carbonaceous material angular brecciated chert clasts; matrix: serpentinite} Minor: {ribbon chert, brown, red, black, gray; fossils: ghosts of spheroidal radiolarian fossils; matrix: serpentinite; quartz chlorite carbonaceous material angular brecciated chert clasts}; Minor: {graywacke, grayish tan, grayish black; chloritic greenstone saussuritic plagioclase quartz enstatite magnetite argillaceous fragments; matrix: serpentinite chloritic material minor iron oxides; plagioclase phenocrysts}; Minor: {turbidite, matrix: serpentinite}; Minor: {mudflow breccia, dark olive green; matrix: serpentinite}; Minor: {quartzite, matrix: serpentinite}; Minor: {siliceous mudstone, greenish brown; fine angular quartz chloritic material clasts; cavity fill: fracture fill secondary quartz albite; matrix: serpentinite}",1.157,7;12;15;45;85;87;88;91
19387,20,large,major,serpentin,serpentinite,Baker Terrane,"Major: {serpentinite, black, green}; Major: {melange, matrix: serpentine} Minor: {argillite}; Minor: {conglomerate, matrix: serpentine}; Minor: {gabbro}; Minor: {greenstone}; Minor: {peridotite}; Minor: {pyroxenite}",5.053,14;59;61;62;87;88;91
19346,20,large,minor,pyroxenit,pyroxenite,Baker Terrane,"Major: {gabbro, greenish to black black; facies: greenschist amphibolite; mineralogy: pyroxene} Minor: {diorite, facies: greenschist amphibolite}; Minor: {pyroxenite, facies: greenschist amphibolite}",0.808,57;59;62;86;98
19379,20,large,major,pyroxenit;serpentin,pyroxenite,Baker Terrane,"Major: {pyroxenite, alteration: to talc tremolite serpentine; facies: greenschist}",0.171,62;98
19271,20,large,major,serpentin,serpentinite,Applegate Group; May Creek Schist,"Major: {steatite, metamorphism: amphibolite facies}; Major: {talc, metamorphism: amphibolite facies}; Major: {serpentinite, metamorphism: amphibolite facies}",0.287,86;88
19546,20,large,major,serpentin,serpentinite,Baker Terrane; Miller Mountain Melange,Major: {serpentinite},3.885,88
19345,20,large,minor,peridotit,peridotite,Baker Terrane,"Major: {gabbro, green; alteration: amphibolitized saussuritized; mineralogy: augite plagioclase considerable} Minor: {peridotite, green; metamorphism: considerable}",1.216,59;61
19548,20,large,major,serpentin,serpentinite,Baker Terrane; Miller Mountain Melange,"Major: {serpentinite, alteration: to clayey soils} Minor: {gabbro, alteration: to clayey soils}; Minor: {dunite, alteration: to clayey soils}; Minor: {peridotite, alteration: to clayey soils}",5.813,59;61;88;128;157
19535,20,large,major,serpentin,serpentinite,Baker Terrane; Miller Mountain Melange,"Major: {greenstone breccia, microporphyritic keratophyre fragments; veins: albite quartz epidote calcite; facies: prehnite-pumpellyite to greenschist; matrix: serpentinite metagabbro argillaceous; cavity fill: albite quartz epidote calcite}; Major: {meta-andesite, dark to green green; cavity fill: fracture fill secondary quartz albite quartz-albite calcite; facies: prehnite-pumpellyite to greenschist; matrix: serpentinite metagabbro; alteration: plagioclase augite; mineralogy: fracture fill quartz-albite quartz calcite}; Major: {meta-basalt, dark to green green; cavity fill: fracture fill secondary quartz albite; facies: prehnite-pumpellyite to greenschist; matrix: serpentinite metagabbro; veins: albite quartz chlorite minor epidote calcite; alteration: high plagioclase alteration to labradorite}; Major: {spilite, dark to green green; sodic plagioclase laths phenocrysts; cavity fill: fracture fill secondary quartz albite; facies: prehnite-pumpellyite to greenschist; matrix: serpentinite metagabbro; veins: albite quartz epidote chlorite calcite; alteration: sericitic chloritic}; Major: {keratophyre, dark to green green; plagioclase phenocrysts; cavity fill: fracture fill secondary quartz albite epidote calcite; facies: prehnite-pumpellyite to greenschist; matrix: serpentinite metagabbro; veins: vein fill quartz epidote albite calcite}",8.57,15;69;70;87;88;98;133
19348,20,large,major,ophiolit,serpentinite,Baker Terrane,"Major: {gabbro, lithology: ophiolitic assemblage}; Major: {greenstone, lithology: ophiolitic assemblage} Minor: {quartz diorite dikes, lithology: ophiolitic assemblage}; Minor: {chert, lithology: ophiolitic assemblage}; Minor: {quartz diorite, lithology: ophiolitic assemblage}; Minor: {argillite, lithology: ophiolitic assemblage}; Minor: {serpentinite, lithology: ophiolitic assemblage}; Minor: {amphibolite, lithology: ophiolitic assemblage}; Minor: {diorite, lithology: ophiolitic assemblage}; Minor: {limestone, lithology: ophiolitic assemblage}",1.928,30;45;57;59;86;87;88;91
19164,20,large,major,serpentin,serpentinite,Applegate Group,"Major: {serpentinite, black, dusky yellow green; mineralogy: antigorite}",1,88
23016,20,large,major,serpentin,serpentinite,Mountain Home Complex,Major: {serpentinite},0.082,88
19391,20,large,major,serpentin,serpentinite,Baker Terrane,"Major: {serpentinite, green, black; greenstone chert argillite epidote-amphibolite basalt andesite dacite argillite fragments; small tectonic gabbro blocks}; Major: {melange, green, black; small tectonic slice blocks; matrix: sheared serpentine; greenstone gabbro chert argillite epidote-amphibolite fragments}",18.572,45;59;68;69;70;86;87;88;91
19374,20,large,major,serpentin,serpentinite,Baker Terrane,"Major: {meta-serpentinite, facies: greenschist}; Major: {serpentinite, facies: greenschist; alteration: to carbonate minerals chlorite tremolite}",0.845,18;88;98
19551,20,large,major,serpentin,serpentinite,Baker Terrane; Miller Mountain Melange,"Major: {serpentinite, mineralization: chromite}",15.179,88
19352,20,large,major,serpentin,serpentinite,Baker Terrane,"Major: {gneiss, mineralogy: hornblende epidote garnet}; Major: {chert, black; matrix: serpentinite argillite}; Major: {argillite, green; matrix: serpentinite argillite}; Major: {mica schist, mineralogy: quartz}; Major: {amphibolite schist, mineralogy: albite epidote}; Major: {pyroxenite, alteration: serpentinized}; Major: {peridotite, alteration: serpentinized}; Major: {meta-gabbro, matrix: serpentinite argillite}; Major: {greenstone, matrix: serpentinite argillite}",0.007,45;59;61;62;79;84;86;87;88;91
19385,20,large,major,serpentin,serpentinite,Baker Terrane,Major: {serpentinite},0.009,88
19329,20,large,major,serpentin,serpentinite,Baker Terrane,"Major: {banded serpentinite, black, olive green; facies: epidote amphibolite; mineralogy: magnetite lizardite brucite}; Major: {mottled serpentinite, facies: epidote amphibolite; mineralogy: antigorite chromite talc} Minor: {serpentine breccia, staining: iron oxide; facies: epidote amphibolite; mineralogy: talc silica}",1.489,15;86;88
19410,20,large,minor,serpentin,serpentinite,Baker Terrane; Badger Creek unit,"Major: {sandstone}; Major: {argillite} Minor: {conglomerate, chert pebbles clasts}; Minor: {chert}; Minor: {limestone}; Minor: {lithic wacke, chert argillite sandstone fragments; matrix: argillaceous}; Minor: {sedimentary breccia, metamorphosed gabbro diorite chert greenstone serpentine fragments; polymitric clasts}",19.525,10;12;14;15;30;45;57;59;87;91;111
19377,20,large,major,peridotit;serpentin,peridotite,Baker Terrane,"Major: {peridotite, serpentinization: partial; facies: epidote amphibolite; mineralization: olivine orthopyroxene chromite}",1.114,61;86
19389,20,large,major,serpentin;ultramaf,serpentinite,Baker Terrane,"Major: {serpentinite, dark green, black}; Major: {unspecified ultramafic rocks, black, greenish gray; alteration: serpentinized} Minor: {argillite, dark green, black; matrix: sheared serpentinite}; Minor: {greenstone, dark green, black; matrix: sheared serpentinite}; Minor: {gabbro, dark green, black; matrix: sheared serpentinite}; Minor: {chert, dark green, black; matrix: sheared serpentinite}",4.749,45;59;87;88;91
19163,20,large,major,serpentin,serpentinite,Applegate Group,"Major: {serpentinite, black, dusky yellow green}",0.459,88
19376,20,large,major,peridotit,peridotite,Baker Terrane,"Major: {peridotite, dark green, gray, black} Minor: {serpentinite, mineralization: chromite sulfides}; Minor: {olivinite, mineralogy: patches talc serpentinite}; Minor: {dunite}; Minor: {clinopyroxenite}",18.386,61;62;88;128
19270,20,large,major,serpentin,serpentinite,Applegate Group; May Creek Schist,"Major: {serpentinite, mineralogy: chromite; metamorphism: greenschist facies; mineralogy: antigorite, chrysotile}",12.661,88;98
19341,20,large,major,pyroxenit,serpentinite,Baker Terrane,"Major: {gabbro, black; labradorite hornblende quartz phenocrysts}; Major: {serpentinite, light greenish brown; veins: veinlets iron oxide chalcedony; mineralogy: antigorite serpophite calcite actinolite}; Major: {pyroxenite, black; augite cummingtonite olivine phenocrysts}",0.177,59;62;88
19395,20,large,major,serpentin,serpentinite,Baker Terrane,"Major: {serpentinite, mineralogy: chrysotile lizardite talc; mineralization: chromite}",0.606,88
19350,20,large,minor,peridotit,peridotite,Baker Terrane,Major: {gabbro} Minor: {unspecified meta-volcanic rocks}; Minor: {peridotite},14.718,59;61;63
19320,20,large,major,serpentin,serpentinite,Baker Terrane,"Major: {amphibolite, alteration: serpentinized}; Major: {serpentinite}",0.044,86;88
19392,20,large,major,serpentin,serpentinite,Baker Terrane,"Major: {serpentinite, green} Minor: {dunite}; Minor: {quartz diorite}; Minor: {pyroxenite}; Minor: {peridotite}; Minor: {gabbro}",0.384,57;59;61;62;88;128
19325,20,large,minor,serpentin,harzburgite,Baker Terrane,"Major: {argillite}; Major: {chert}; Major: {harzburgite, alteration: serpentinized}; Major: {meta-gabbro}; Major: {limestone}; Major: {keratophyre}; Major: {mica schist, mineralogy: chlorite}; Major: {greenstone}; Major: {albite granite}; Major: {diorite} Minor: {talc schist, orange, gray}; Minor: {serpentinite}",0.441,30;45;53;57;59;84;87;88;91;128
19338,20,large,major,harzburg,dunite,Baker Terrane,"Major: {dunite}; Major: {harzburgite, mineralogy: olivine enstatite} Minor: {hornblende gabbro}; Minor: {serpentinite}; Minor: {pyroxenite}",0,59;62;88;128
19263,20,large,major,ultramaf,ultramafic rock (undifferentiated),Applegate Group; May Creek Schist,"Major: {graphitic phyllite, dark gray, black; smaller tectonic blocks of ultramafic rocks blocks}; Major: {schist, dark gray, black; smaller tectonic blocks of ultramafic rocks blocks; lithology: quartz-biotite}",15.519,83;84
19563,20,large,minor,peridotit;serpentin,peridotite,Baker Terrane; Miller Mountain Melange,"Minor: {peridotite, olive to dark green; facies: lower greenschist; veins: albite secondary quartz minor calcite; alteration: serpentinized; mineralogy: enstatite bastite olivine chromite}",0.068,61;98
19396,20,large,major,serpentin,serpentinite,Baker Terrane,"Major: {serpentinite, yellow brown}; Major: {meta-limestone, light gray; mineralization: stringers white secondary calcite}; Major: {asbestiform serpentinite, tan; cavity fill: quartz calcite}; Major: {siliceous serpentinite, orange brown; mineralization: stringers quartz}",0.416,30;88
19332,20,large,major,pyroxenit,serpentinite,Baker Terrane,"Major: {chert, facies: greenschist}; Major: {argillite, facies: greenschist}; Major: {serpentinite, facies: greenschist; recrystallization: talc-chlorite talc-carbonate}; Major: {peridotite, facies: greenschist}; Major: {gabbro, facies: greenschist}; Major: {pyroxenite, facies: greenschist} Minor: {basalt flows, facies: greenschist}; Minor: {talc-chlorite}; Minor: {talc-carbonate}; Minor: {breccia, facies: greenschist; lithology: volcaniclastic}; Minor: {conglomerate, facies: greenschist; lithology: volcaniclastic}; Minor: {diorite, facies: greenschist}; Minor: {limestone, facies: greenschist}; Minor: {quartz diorite, facies: greenschist}",16.637,14;15;18;30;45;49;57;59;61;62;70;88;91;98
19266,20,large,major,serpentin,serpentinite,Applegate Group; May Creek Schist,"Major: {meta-serpentinite, green, bluish black; talc+chlorite+antigorite clasts; veins: chrysotile veinlets; serpentinization: highly serpentinized}",5.9,88
44389,25,large,minor,pyroxenit,pyroxenite,"Syenite-diorite complexes of Ramey Ridge, Acorn Butte, and Rush Creek Point, and near Middle Fork Peak","Major:: {syenite, quartz syenite, syenodiorite, amphibolite}; Minor:: {pyroxenite, gabbro}",160.91,56;59;62;86
86889,244,large,idonly,harmonised-lith-id,,Franklin Intrusions,,304.879,15;59;62;78;128;174;177
70037,155,large,idonly,harmonised-lith-id,,Supracrustal and related rocks Undifferentiated,,0.274,48;84;85;88;122;133;161;190
54186,96,large,major,ophiolit,ophiolite complex,Coast Range ophiolite,,2.062,70;94
53639,93,large,major,ophiolit,ophiolite complex,"Great Valley Complex; Coast Range ophiolite, silica carbonate rock",,1.949,88
18920,19,large,major,ultrabasic;ultramaf,ultramafic rock (undifferentiated),,ultrabasic (ultramafic) rocks,0.328,
86788,238,large,major,ophiolit,ophiolite complex,Ophiolitic intrusive rocks,,12.598,61;128
18969,19,large,major,ultrabasic;ultramaf,ultramafic rock (undifferentiated),,ultrabasic (ultramafic) rocks,2.042,
17439,19,large,major,ultrabasic;ultramaf,ultramafic rock (undifferentiated),Bell Pass melange,ultrabasic (ultramafic) rocks,2.133,
17798,19,large,major,ophiolit,ophiolite complex,Fidalgo ophiolite of Brown and others (1979),ultrabasic (ultramafic) rocks,16.76,
25597,20,large,major,serpentin,serpentinite,Western Klamath Terrane; Rogue Valley Subterrane,Major: {serpentinite},0.688,88
25092,20,large,major,dunit;serpentin,peridotite,Sexton Mtn. Terrane,"Major: {peridotite, serpentinization: serpentinized}; Major: {dunite, serpentinization: serpentinized} Minor: {chromite}",0.312,61;128
44659,25,large,major,ultramaf,ultramafic rock (undifferentiated),"Wyoming Province, ultramafic rocks, southern Madison Range",Major:: {ultramafic rock},0.651,
17728,19,large,major,ultrabasic;ultramaf,ultramafic rock (undifferentiated),"eastern melange belt, rocks of the",ultrabasic (ultramafic) rocks,2.06,
44108,25,large,major,dunit;pyroxenit,pyroxenite,Pyroxenite and dunite near the Selway River,"Major:: {talc-chlorite rock, pyroxenite, dunite}",0.676,62;128
63935,138,large,idonly,harmonised-lith-id,,Silica carbonate rocks,,2.222,88
19319,20,large,major,serpentin,serpentinite,Baker Terrane,"Major: {amphibolite, alteration: extensively serpentinized}; Major: {serpentinite}",0.009,86;88
86735,237,large,major,ophiolit,ophiolite complex,Ophiolitic intrusive rocks,,1.75,59
25110,20,large,major,dunit,dunite,Sexton Mtn. Terrane; Greenback Melange,Major: {dunite},3.636,128
51806,72,large,major,serpentin,serpentinite,Serpentinite,,37.992,84;88
19208,20,large,major,serpentin,serpentinite,Applegate Group,Major: {talc}; Major: {meta-serpentinite},0.024,88
25484,20,large,major,serpentin,serpentinite,Wallowa Terrane; Sparta Complex,"Major: {schist, bluish black; lithology: serpentine} Minor: {peridotite}",1.299,61;84
63629,135,large,major,ultramaf,ultramafic rock (undifferentiated),Ultramafic rocks,,2.04,
86738,237,large,major,ophiolit,ophiolite complex,Ophiolitic intrusive rocks,,6.118,59
22772,20,large,major,serpentin,serpentinite,Little Butte Volcanics; Scorpion Mountain Formation,"Major: {basalt flows, dark gray; plagioclase phenocrysts; vesicle fill: silica, calcite, iron oxides; alteration: serpentine, iddingsite; lithology: tholeiitic; opaque oxides, pyroxene, serpentine, glass inclusions; fracture fill: silica, calcite, iron oxides}",94.807,70
44463,25,large,major,ultramaf,peridotite,Ultramafic rock near Blacktail Butt,"Major:: {metagabbro, metaperidotite, talc-serpentine-chlorite schist}; Minor:: {highly altered pyroxenite}",0.593,62;84;133
25218,20,large,major,serpentin,serpentinite,Snow Camp Terrane,"Major: {basalt flows, mineralogy: ilmenite; metamorphism: serpentinization; mineralogy: pyroxene; veins: grains of hematite and pyrite; metamorphism: chloritization; mineralogy: plagioclase}; Major: {serpentinite, veins}",0.108,70;88
25112,20,large,major,peridotit;serpentin,dunite,Sexton Mtn. Terrane; Greenback Melange,"Major: {dunite, serpentinization: serpentinized}; Major: {peridotite, serpentinization: serpentinized} Minor: {chromite}",1.944,61;128
17793,19,large,major,ophiolit,ophiolite complex,Fidalgo ophiolite of Brown and others (1979),marine sedimentary rocks,6.807,111
17792,19,large,major,ophiolit,ophiolite complex,Fidalgo ophiolite of Brown and others (1979),marine metasedimentary rocks,0.262,122
16581,13,large,major,harzburg;ultramaf,harzburgite,Undifferentiated Dun Mountain Ultramafics Group protoclastic harzburgite,Major:: {harzburgite},17.005,128
16575,13,large,major,dunit;harzburg;ultramaf,harzburgite,Undifferentiated Dun Mountain Ultramafics Group harzburgite and minor dunite,"Major:: {harzburgite},Minor:: {dunite, pyroxenite, gabbro, serpentinite}",75.726,59;62;88;128
19473,20,large,major,dunit;serpentin,dunite,Baker Terrane; Canyon Mountain Complex,"Major: {dunite, alteration: serpentinized}",0.795,128
