z,x,y,source_id,n_features
8,0,56,2,1
8,0,57,2,1
8,0,58,2,1
8,0,59,2,10
8,0,60,2,10
8,0,61,2,13
8,0,62,2,9
8,0,63,2,10
8,0,64,2,15
8,0,65,2,13
8,0,66,2,7
8,0,67,2,2
8,0,68,2,1
8,0,69,2,3
8,0,70,2,5
8,0,71,2,2
8,1,56,2,1
8,1,57,2,1
8,1,58,2,1
8,1,59,2,2
8,1,60,2,14
8,1,61,2,13
8,1,62,2,15
8,1,63,2,9
8,1,64,2,8
8,1,65,2,10
8,1,66,2,5
8,1,67,2,3
8,1,68,2,1
8,1,69,2,1
8,1,70,2,3
8,1,71,2,2
8,2,56,2,1
8,2,57,2,1
8,2,58,2,1
8,2,59,2,1
8,2,60,2,5
8,2,61,2,20
8,2,62,2,15
8,2,63,2,13
8,2,64,2,7
8,2,65,2,8
8,2,66,2,9
8,2,67,2,6
8,2,68,2,1
8,2,69,2,1
8,2,70,2,1
8,2,71,2,1
8,3,56,2,1
8,3,57,2,1
8,3,58,2,1
8,3,59,2,1
8,3,60,2,1
8,3,61,2,11
8,3,62,2,36
8,3,63,2,24
8,3,64,2,22
8,3,65,2,8
8,3,66,2,21
8,3,67,2,9
8,3,68,2,4
8,3,69,2,2
8,3,70,2,1
8,3,71,2,1
8,4,56,2,1
8,4,57,2,1
8,4,58,2,1
8,4,59,2,1
8,4,60,2,1
8,4,61,2,1
8,4,62,2,6
8,4,63,2,15
8,4,64,2,32
8,4,65,2,17
8,4,66,2,19
8,4,67,2,32
8,4,68,2,7
8,4,69,2,1
8,4,70,2,1
8,4,71,2,1
8,5,56,2,2
8,5,57,2,2
8,5,58,2,2
8,5,59,2,1
8,5,60,2,1
8,5,61,2,1
8,5,62,2,1
8,5,63,2,21
8,5,64,2,16
8,5,65,2,32
8,5,66,2,33
8,5,67,2,31
8,5,68,2,8
8,5,68,21,16
8,5,69,2,3
8,5,69,21,10
8,5,70,21,1
8,5,70,2,1
8,5,71,2,1
8,6,56,2,3
8,6,57,2,2
8,6,58,2,2
8,6,59,2,1
8,6,60,2,1
8,6,61,2,1
8,6,62,2,2
8,6,63,2,15
8,6,64,2,24
8,6,65,2,29
8,6,66,2,3
8,6,67,2,6
8,6,68,2,4
8,6,68,21,28
8,6,69,21,116
8,6,70,21,1
8,6,70,2,1
8,6,71,2,1
8,7,56,2,2
8,7,57,2,2
8,7,58,2,2
8,7,59,2,1
8,7,60,2,1
8,7,61,2,1
8,7,62,2,2
8,7,63,2,2
8,7,64,21,1
8,7,64,2,19
8,7,65,21,3
8,7,65,2,9
8,7,66,21,1
8,7,66,2,2
8,7,67,2,2
8,7,68,2,2
8,7,68,21,2
8,7,69,21,170
8,7,70,2,3
8,7,70,21,1
8,7,71,2,1
8,8,56,2,2
8,8,57,2,2
8,8,58,2,3
8,8,59,2,2
8,8,59,21,1
8,8,60,21,1
8,8,60,2,1
8,8,61,21,1
8,8,61,2,1
8,8,62,2,3
8,8,63,2,3
8,8,63,21,1
8,8,64,21,2
8,8,64,2,2
8,8,65,21,37
8,8,66,21,3
8,8,66,2,1
8,8,67,21,1
8,8,67,2,1
8,8,68,21,2
8,8,68,2,2
8,8,69,21,9
8,8,69,2,2
8,8,70,21,2
8,8,70,2,1
8,8,71,21,2
8,8,71,2,1
8,8,72,21,2
8,8,72,2,1
8,8,73,21,1
8,8,73,2,1
8,8,74,21,6
8,8,74,7,1
8,8,74,2,1
8,8,75,7,1
8,8,75,21,1
8,8,76,7,1
8,8,77,7,1
8,8,78,7,4
8,8,79,7,4
8,9,56,2,2
8,9,57,2,1
8,9,58,2,2
8,9,59,2,3
8,9,59,21,105
8,9,60,21,336
8,9,61,2,2
8,9,61,21,6
8,9,62,2,2
8,9,63,2,2
8,9,63,21,1
8,9,64,21,27
8,9,65,21,131
8,9,66,21,44
8,9,67,21,18
8,9,68,21,1
8,9,68,2,2
8,9,69,2,2
8,9,69,21,1
8,9,70,21,1
8,9,71,21,22
8,9,72,21,14
8,9,73,21,14
8,9,74,21,117
8,9,75,7,1
8,9,75,21,1
8,9,76,7,1
8,9,77,7,1
8,9,78,7,1
8,9,79,7,2
8,10,56,2,2
8,10,57,21,1
8,10,57,2,1
8,10,58,21,1
8,10,58,2,1
8,10,59,21,269
8,10,59,2,1
8,10,60,21,1382
8,10,61,21,866
8,10,61,2,2
8,10,62,21,1
8,10,62,2,1
8,10,63,21,6
8,10,63,2,1
8,10,64,21,72
8,10,65,21,52
8,10,66,21,168
8,10,67,21,45
8,10,68,21,3
8,10,68,2,1
8,10,69,21,16
8,10,69,2,1
8,10,70,21,95
8,10,71,21,403
8,10,72,21,322
8,10,73,21,133
8,10,74,21,17
8,10,75,7,2
8,10,75,21,2
8,10,76,7,2
8,10,77,7,1
8,10,78,7,1
8,10,79,7,1
8,11,56,2,2
8,11,57,21,2
8,11,57,2,1
8,11,58,21,13
8,11,59,21,325
8,11,60,21,1625
8,11,61,21,1357
8,11,62,21,331
8,11,63,21,23
8,11,64,21,55
8,11,65,21,76
8,11,66,21,123
8,11,67,21,62
8,11,68,21,2
8,11,69,21,80
8,11,70,21,143
8,11,71,21,370
8,11,72,21,329
8,11,73,21,191
8,11,74,21,166
8,11,75,7,1
8,11,75,21,1
8,11,76,7,3
8,11,77,7,1
8,11,78,7,1
8,11,79,7,1
8,11,79,21,1
8,12,56,21,64
8,12,56,2,1
8,12,57,21,215
8,12,57,2,2
8,12,58,21,114
8,12,59,21,293
8,12,60,21,2650
8,12,61,21,1119
8,12,62,21,621
8,12,63,21,82
8,12,64,21,81
8,12,65,21,131
8,12,66,21,153
8,12,67,21,58
8,12,68,21,12
8,12,69,21,126
8,12,70,21,222
8,12,71,21,433
8,12,72,21,403
8,12,73,21,301
8,12,74,21,265
8,12,75,21,80
8,12,75,7,1
8,12,76,7,4
8,12,76,21,47
8,12,77,7,1
8,12,77,21,1
8,12,78,7,1
8,12,79,7,3
8,12,79,21,18
8,13,56,21,310
8,13,57,21,239
8,13,58,21,53
8,13,59,21,422
8,13,60,21,2922
8,13,61,21,654
8,13,62,21,164
8,13,63,21,188
8,13,64,21,120
8,13,65,21,99
8,13,66,21,138
8,13,67,21,89
8,13,68,21,84
8,13,69,21,270
8,13,70,21,169
8,13,71,21,195
8,13,72,21,193
8,13,73,21,177
8,13,74,21,343
8,13,75,21,493
8,13,76,21,77
8,13,77,7,3
8,13,77,21,1
8,13,78,7,2
8,13,78,21,1
8,13,79,7,3
8,13,79,21,213
8,14,56,21,675
8,14,57,21,202
8,14,58,21,41
8,14,59,21,1599
8,14,60,21,3232
8,14,61,21,516
8,14,62,21,239
8,14,63,21,250
8,14,64,21,212
8,14,65,21,64
8,14,66,21,89
8,14,67,21,105
8,14,68,21,243
8,14,69,21,228
8,14,70,21,200
8,14,71,21,490
8,14,72,21,388
8,14,73,21,646
8,14,74,21,482
8,14,75,21,709
8,14,76,21,102
8,14,77,7,1
8,14,77,21,3
8,14,78,7,1
8,14,78,21,76
8,14,79,21,1314
8,15,56,21,870
8,15,57,21,92
8,15,58,21,25
8,15,59,21,1505
8,15,60,21,6143
8,15,61,21,284
8,15,62,21,394
8,15,63,21,437
8,15,64,21,250
8,15,65,21,85
8,15,66,21,127
8,15,67,21,207
8,15,68,21,144
8,15,69,21,87
8,15,70,21,240
8,15,71,21,1526
8,15,72,21,2648
8,15,73,21,1872
8,15,74,21,1573
8,15,75,21,1142
8,15,76,21,228
8,15,77,21,127
8,15,78,21,842
8,15,79,21,830
8,15,79,7,2
8,16,64,21,117
8,16,65,21,118
8,16,66,21,133
8,16,67,21,137
8,16,68,21,137
8,16,69,21,385
8,16,70,21,384
8,16,71,21,233
8,16,72,21,594
8,16,73,21,2032
8,16,74,21,1663
8,16,75,21,1188
8,16,76,21,524
8,16,77,21,757
8,16,78,21,769
8,16,79,21,43
8,16,79,7,3
8,17,64,21,147
8,17,65,21,200
8,17,66,21,254
8,17,67,21,146
8,17,68,21,191
8,17,69,21,289
8,17,70,21,280
8,17,71,21,586
8,17,72,21,480
8,17,73,21,2124
8,17,74,21,1770
8,17,75,21,1218
8,17,76,21,1372
8,17,77,21,863
8,17,78,21,10
8,17,79,21,12
8,17,79,7,2
8,18,64,21,212
8,18,65,21,221
8,18,66,21,148
8,18,67,21,76
8,18,68,21,256
8,18,69,21,273
8,18,70,21,1449
8,18,71,21,2330
8,18,72,21,2154
8,18,73,21,3487
8,18,74,21,1983
8,18,75,21,1117
8,18,76,21,847
8,18,77,21,126
8,18,78,21,163
8,18,79,21,24
8,18,79,7,3
8,19,64,21,371
8,19,65,21,189
8,19,66,21,197
8,19,67,21,144
8,19,68,21,172
8,19,69,21,195
8,19,70,21,1338
8,19,71,21,1393
8,19,72,21,1552
8,19,73,21,3135
8,19,74,21,1628
8,19,75,21,54
8,19,76,21,140
8,19,77,21,110
8,19,77,7,3
8,19,78,21,43
8,19,78,7,4
8,19,79,7,4
8,19,79,21,1
8,20,64,21,224
8,20,65,21,306
8,20,66,21,514
8,20,67,21,52
8,20,68,21,106
8,20,69,21,577
8,20,70,21,604
8,20,71,21,961
8,20,72,21,1037
8,20,73,21,556
8,20,74,21,832
8,20,75,21,452
8,20,75,7,2
8,20,76,21,3
8,20,76,7,7
8,20,77,21,1
8,20,77,7,3
8,20,78,7,7
8,20,79,7,4
8,21,64,21,201
8,21,65,21,529
8,21,66,21,676
8,21,67,21,254
8,21,68,21,367
8,21,69,21,785
8,21,70,21,535
8,21,71,21,1305
8,21,72,21,1718
8,21,73,21,994
8,21,74,21,849
8,21,75,21,32
8,21,75,7,4
8,21,76,7,6
8,21,77,7,3
8,21,78,7,6
8,21,79,7,3
8,22,64,21,194
8,22,65,21,591
8,22,66,21,672
8,22,67,21,363
8,22,68,21,545
8,22,69,21,710
8,22,70,21,432
8,22,71,21,1548
8,22,72,21,839
8,22,73,21,1132
8,22,74,21,480
8,22,75,7,1
8,22,75,21,1
8,22,76,7,2
8,22,77,7,8
8,22,78,7,4
8,22,79,7,2
8,23,64,21,282
8,23,65,21,543
8,23,66,21,565
8,23,67,21,605
8,23,68,21,712
8,23,69,21,1832
8,23,70,21,233
8,23,71,21,737
8,23,72,21,897
8,23,73,21,368
8,23,74,21,216
8,23,75,21,3
8,23,75,7,3
8,23,76,7,4
8,23,77,7,3
8,23,78,7,3
8,23,79,7,3
8,24,56,21,9
8,24,57,21,165
8,24,58,21,658
8,24,59,21,507
8,24,60,21,457
8,24,61,21,222
8,24,62,21,170
8,24,63,21,343
8,24,64,21,269
8,24,65,21,374
8,24,66,21,1377
8,24,67,21,837
8,24,68,21,534
8,24,69,21,1081
8,24,70,21,222
8,24,71,21,647
8,25,56,21,4
8,25,57,21,129
8,25,58,21,704
8,25,59,21,536
8,25,60,21,501
8,25,61,21,315
8,25,62,21,185
8,25,63,21,177
8,25,64,21,212
8,25,65,21,381
8,25,66,21,1128
8,25,67,21,1589
8,25,68,21,589
8,25,69,21,1193
8,25,70,21,816
8,25,71,21,1441
8,26,56,21,3
8,26,57,21,138
8,26,58,21,669
8,26,59,21,391
8,26,60,21,313
8,26,61,21,266
8,26,62,21,350
8,26,63,21,169
8,26,64,21,58
8,26,65,21,117
8,26,66,21,513
8,26,67,21,769
8,26,68,21,618
8,26,69,21,627
8,26,70,21,1506
8,26,71,21,1727
8,27,56,2,2
8,27,56,21,1
8,27,57,2,2
8,27,57,21,49
8,27,58,2,6
8,27,58,21,688
8,27,58,24,160
8,27,59,21,292
8,27,59,2,5
8,27,59,24,22
8,27,60,21,215
8,27,60,2,5
8,27,60,24,7
8,27,61,21,106
8,27,61,2,5
8,27,61,24,6
8,27,62,21,316
8,27,62,2,6
8,27,62,24,15
8,27,63,21,98
8,27,63,24,17
8,27,63,2,4
8,27,64,2,7
8,27,64,21,89
8,27,64,24,51
8,27,65,21,309
8,27,65,24,61
8,27,65,2,5
8,27,66,21,939
8,27,66,24,89
8,27,66,2,6
8,27,67,21,1725
8,27,67,24,87
8,27,67,2,5
8,27,68,21,2781
8,27,68,24,65
8,27,69,21,279
8,27,69,24,24
8,27,69,2,2
8,27,70,21,501
8,27,70,24,45
8,27,70,2,3
8,27,71,21,1738
8,27,71,24,89
8,27,71,2,5
8,28,56,2,4
8,28,57,2,4
8,28,58,2,4
8,28,58,24,153
8,28,59,24,133
8,28,60,24,32
8,28,61,24,23
8,28,62,24,132
8,28,63,24,173
8,28,64,24,230
8,28,65,24,238
8,28,66,24,375
8,28,67,24,632
8,28,67,2,1
8,28,68,24,163
8,28,69,24,617
8,28,70,24,167
8,28,71,24,385
8,29,56,2,3
8,29,57,2,4
8,29,58,2,5
8,29,58,24,32
8,29,59,24,198
8,29,59,2,2
8,29,60,24,375
8,29,61,24,42
8,29,62,24,108
8,29,63,24,32
8,29,64,24,45
8,29,65,24,154
8,29,66,24,247
8,29,67,24,567
8,29,68,24,146
8,29,69,24,247
8,29,70,24,271
8,29,71,24,233
8,30,56,2,2
8,30,57,2,1
8,30,58,2,2
8,30,59,2,4
8,30,59,24,56
8,30,60,2,2
8,30,60,24,231
8,30,61,24,475
8,30,62,24,127
8,30,63,24,90
8,30,64,24,46
8,30,65,24,140
8,30,66,24,228
8,30,67,24,532
8,30,68,24,96
8,30,69,24,123
8,30,70,24,153
8,30,71,24,132
8,31,56,2,2
8,31,57,2,1
8,31,58,2,17
8,31,58,24,4
8,31,59,24,41
8,31,59,2,10
8,31,60,24,138
8,31,60,2,8
8,31,61,24,200
8,31,61,2,14
8,31,62,24,120
8,31,62,2,11
8,31,63,24,164
8,31,63,2,3
8,31,64,24,118
8,31,65,24,138
8,31,66,24,149
8,31,67,24,195
8,31,68,24,181
8,31,69,24,122
8,31,70,24,144
8,31,71,24,145
8,32,64,24,30
8,32,65,24,181
8,32,66,24,396
8,32,67,24,302
8,32,68,24,451
8,32,69,24,78
8,32,70,24,238
8,32,71,24,185
8,32,72,24,356
8,32,73,24,313
8,32,74,205,447
8,32,74,206,17
8,32,74,24,164
8,32,74,21,1
8,32,75,21,624
8,32,75,206,16
8,32,75,205,487
8,32,76,21,1894
8,32,76,205,112
8,32,76,206,1
8,32,77,21,1465
8,32,78,21,908
8,32,79,7,2
8,32,79,21,467
8,32,80,7,9
8,32,80,21,78
8,32,81,7,13
8,32,81,21,1
8,32,82,21,1
8,32,82,7,2
8,32,83,7,4
8,32,84,7,8
8,32,85,7,6
8,32,86,7,6
8,32,87,7,5
8,32,88,7,4
8,32,89,7,2
8,32,90,7,2
8,32,91,7,3
8,32,92,7,3
8,32,93,7,2
8,32,94,7,7
8,32,95,7,4
8,33,64,24,3
8,33,65,24,160
8,33,66,24,459
8,33,67,24,344
8,33,68,24,507
8,33,69,24,153
8,33,70,24,395
8,33,71,24,446
8,33,72,24,273
8,33,73,24,120
8,33,74,206,5
8,33,74,205,127
8,33,74,24,24
8,33,74,21,1
8,33,75,21,2
8,33,75,205,239
8,33,75,206,8
8,33,76,206,32
8,33,76,205,683
8,33,76,21,191
8,33,77,206,19
8,33,77,205,41
8,33,77,21,1205
8,33,78,21,1411
8,33,78,205,4
8,33,79,21,1176
8,33,80,21,943
8,33,81,205,13
8,33,81,21,798
8,33,82,205,207
8,33,82,21,1
8,33,82,206,5
8,33,82,7,2
8,33,83,205,144
8,33,83,7,3
8,33,83,206,1
8,33,84,7,4
8,33,85,7,2
8,33,86,7,6
8,33,87,7,9
8,33,88,7,8
8,33,89,7,6
8,33,90,7,3
8,33,91,7,5
8,33,92,7,2
8,33,93,7,3
8,33,94,7,7
8,33,95,7,10
8,34,64,2,1
8,34,64,24,1
8,34,65,2,6
8,34,65,24,41
8,34,66,2,10
8,34,66,24,186
8,34,67,24,184
8,34,68,24,446
8,34,69,24,443
8,34,70,24,81
8,34,71,24,220
8,34,72,24,446
8,34,73,24,129
8,34,74,206,1
8,34,74,24,175
8,34,74,205,201
8,34,74,7,2
8,34,74,21,1
8,34,75,206,4
8,34,75,205,121
8,34,75,21,2
8,34,76,206,21
8,34,76,205,195
8,34,76,21,1
8,34,77,205,421
8,34,77,206,41
8,34,77,21,2
8,34,78,206,11
8,34,78,205,526
8,34,78,21,220
8,34,79,206,1
8,34,79,21,914
8,34,79,205,32
8,34,80,21,1487
8,34,81,205,26
8,34,81,21,547
8,34,82,205,18
8,34,82,21,2
8,34,83,206,20
8,34,83,205,425
8,34,84,205,154
8,34,84,7,1
8,34,84,206,1
8,34,85,7,6
8,34,86,7,12
8,34,87,7,5
8,34,88,7,11
8,34,89,7,11
8,34,90,7,10
8,34,91,7,10
8,34,92,7,5
8,34,93,7,2
8,34,94,7,2
8,34,95,7,11
8,35,64,2,2
8,35,65,2,7
8,35,66,24,126
8,35,66,2,11
8,35,67,2,12
8,35,67,24,119
8,35,68,24,259
8,35,68,2,4
8,35,69,24,905
8,35,70,24,139
8,35,71,24,203
8,35,72,24,664
8,35,73,24,130
8,35,74,206,2
8,35,74,24,37
8,35,74,205,264
8,35,74,2,3
8,35,74,7,6
8,35,75,205,346
8,35,75,206,7
8,35,76,206,19
8,35,76,205,444
8,35,77,206,12
8,35,77,205,414
8,35,78,205,328
8,35,78,21,1
8,35,78,206,6
8,35,79,205,212
8,35,79,21,380
8,35,79,206,6
8,35,80,205,75
8,35,80,21,377
8,35,80,206,7
8,35,81,205,114
8,35,81,206,8
8,35,81,21,103
8,35,82,205,244
8,35,82,21,1
8,35,82,206,4
8,35,83,205,40
8,35,84,205,4
8,35,85,7,5
8,35,86,7,13
8,35,87,7,9
8,35,88,7,13
8,35,89,7,13
8,35,90,7,13
8,35,91,7,9
8,35,92,7,16
8,35,93,7,7
8,35,94,7,2
8,35,95,7,7
8,36,64,2,6
8,36,65,2,12
8,36,66,2,12
8,36,67,2,27
8,36,68,2,18
8,36,68,24,134
8,36,69,2,15
8,36,69,24,107
8,36,70,24,362
8,36,70,2,6
8,36,71,24,147
8,36,71,2,4
8,36,72,24,89
8,36,73,24,146
8,36,74,24,23
8,36,74,205,21
8,36,74,7,2
8,36,74,2,1
8,36,74,206,1
8,36,75,205,210
8,36,75,206,9
8,36,76,205,465
8,36,76,206,13
8,36,77,205,254
8,36,77,206,1
8,36,78,205,28
8,36,78,206,1
8,36,79,205,8
8,36,79,206,1
8,36,80,205,42
8,36,80,206,2
8,36,81,205,483
8,36,81,206,8
8,36,82,205,126
8,36,82,206,3
8,36,83,205,244
8,36,83,206,2
8,36,84,205,146
8,36,84,206,2
8,36,85,205,53
8,36,85,206,6
8,36,86,206,7
8,36,86,205,195
8,36,86,7,6
8,36,87,7,11
8,36,88,7,16
8,36,89,7,13
8,36,90,7,13
8,36,91,7,5
8,36,92,7,13
8,36,93,7,13
8,36,94,7,3
8,36,95,7,5
8,37,64,2,3
8,37,65,2,10
8,37,66,2,13
8,37,67,2,13
8,37,68,2,21
8,37,69,2,21
8,37,70,2,16
8,37,71,24,41
8,37,71,2,12
8,37,72,24,79
8,37,73,24,104
8,37,74,205,25
8,37,74,206,1
8,37,74,24,24
8,37,75,206,5
8,37,75,205,69
8,37,76,205,216
8,37,76,206,32
8,37,77,205,160
8,37,77,206,9
8,37,78,205,211
8,37,78,206,1
8,37,79,205,139
8,37,79,206,1
8,37,80,205,289
8,37,80,206,1
8,37,81,205,638
8,37,81,206,17
8,37,82,205,665
8,37,82,206,28
8,37,83,205,220
8,37,83,206,30
8,37,84,205,164
8,37,84,206,35
8,37,85,205,112
8,37,85,206,40
8,37,86,205,1054
8,37,86,206,99
8,37,87,7,6
8,37,87,205,39
8,37,87,206,11
8,37,88,7,8
8,37,89,7,5
8,37,90,7,3
8,37,91,7,2
8,37,92,7,6
8,37,93,7,12
8,37,94,7,10
8,37,95,7,9
8,38,64,2,2
8,38,65,2,3
8,38,66,2,8
8,38,67,2,8
8,38,68,2,15
8,38,69,2,11
8,38,70,2,15
8,38,71,24,23
8,38,71,2,4
8,38,72,24,35
8,38,72,2,5
8,38,73,24,158
8,38,74,24,50
8,38,74,205,65
8,38,74,206,1
8,38,75,205,192
8,38,75,206,13
8,38,76,205,307
8,38,76,206,17
8,38,77,205,309
8,38,77,206,1
8,38,78,205,223
8,38,78,206,1
8,38,79,205,432
8,38,79,206,1
8,38,80,205,588
8,38,80,206,1
8,38,81,205,549
8,38,81,206,1
8,38,82,205,438
8,38,82,206,1
8,38,83,205,248
8,38,83,206,8
8,38,84,205,177
8,38,84,206,16
8,38,85,205,163
8,38,85,206,18
8,38,86,205,230
8,38,86,206,52
8,38,87,205,409
8,38,87,206,83
8,38,88,7,5
8,38,88,205,7
8,38,88,206,2
8,38,89,7,1
8,38,90,7,1
8,38,91,7,1
8,38,92,7,1
8,38,93,7,3
8,38,94,7,6
8,38,95,7,4
8,39,64,2,4
8,39,65,2,4
8,39,66,2,6
8,39,67,2,5
8,39,68,2,7
8,39,69,2,4
8,39,70,2,6
8,39,71,2,9
8,39,72,24,38
8,39,72,2,12
8,39,73,24,180
8,39,73,2,8
8,39,74,24,75
8,39,74,205,50
8,39,75,205,83
8,39,76,205,489
8,39,77,205,595
8,39,77,206,1
8,39,78,205,388
8,39,78,206,1
8,39,79,205,307
8,39,79,206,1
8,39,80,205,220
8,39,80,206,1
8,39,81,205,211
8,39,81,206,1
8,39,82,205,301
8,39,82,206,2
8,39,83,205,258
8,39,83,206,8
8,39,84,205,144
8,39,84,206,3
8,39,85,205,202
8,39,85,206,11
8,39,86,205,167
8,39,86,206,23
8,39,87,205,661
8,39,87,206,34
8,39,88,205,394
8,39,88,206,13
8,39,88,133,47
8,39,89,133,45
8,39,90,133,108
8,39,91,133,153
8,39,92,133,109
8,39,93,133,161
8,39,94,133,207
8,39,95,133,56
8,40,56,2,2
8,40,57,2,4
8,40,58,2,9
8,40,59,2,8
8,40,60,2,3
8,40,61,2,2
8,40,62,2,2
8,40,63,2,2
8,40,64,2,1
8,40,65,2,1
8,40,66,2,1
8,40,67,2,3
8,40,68,2,5
8,40,69,2,7
8,40,70,2,10
8,40,71,2,8
8,40,72,2,13
8,40,73,2,12
8,40,73,24,6
8,40,74,2,4
8,40,74,24,7
8,40,74,205,17
8,40,75,205,14
8,40,76,205,52
8,40,77,205,192
8,40,78,205,278
8,40,79,205,528
8,40,79,206,6
8,40,80,205,261
8,40,80,206,4
8,40,81,205,236
8,40,81,206,2
8,40,82,205,127
8,40,82,206,1
8,40,83,205,140
8,40,83,206,7
8,40,84,205,148
8,40,84,206,7
8,40,85,205,757
8,40,85,206,15
8,40,86,205,259
8,40,86,206,10
8,40,87,205,146
8,40,87,206,18
8,40,87,7,1
8,40,87,133,12
8,40,88,206,12
8,40,88,133,271
8,40,88,205,136
8,40,88,7,1
8,40,89,133,229
8,40,90,133,504
8,40,91,133,589
8,40,92,133,650
8,40,93,133,608
8,40,94,133,604
8,40,95,133,326
8,40,96,133,190
8,40,97,133,250
8,40,98,133,328
8,40,99,133,52
8,40,101,7,2
8,40,102,7,9
8,40,103,7,10
8,41,56,2,1
8,41,57,2,3
8,41,58,2,1
8,41,59,2,5
8,41,60,2,9
8,41,61,2,2
8,41,62,2,2
8,41,63,2,2
8,41,64,2,2
8,41,65,2,5
8,41,66,2,5
8,41,67,2,3
8,41,68,2,1
8,41,69,2,2
8,41,70,2,4
8,41,71,2,4
8,41,72,2,3
8,41,73,2,4
8,41,74,205,3
8,41,74,2,2
8,41,75,205,4
8,41,76,205,8
8,41,77,205,21
8,41,78,205,8
8,41,79,205,80
8,41,79,206,3
8,41,80,205,396
8,41,80,206,4
8,41,81,205,401
8,41,81,206,4
8,41,82,205,434
8,41,82,206,4
8,41,83,205,494
8,41,83,206,29
8,41,84,206,15
8,41,84,205,207
8,41,85,205,232
8,41,85,206,13
8,41,86,205,300
8,41,86,206,25
8,41,87,206,77
8,41,87,205,320
8,41,87,133,87
8,41,87,7,4
8,41,88,133,479
8,41,89,133,555
8,41,90,133,284
8,41,91,133,451
8,41,92,133,861
8,41,93,133,824
8,41,94,133,752
8,41,95,133,206
8,41,96,133,308
8,41,97,133,265
8,41,98,133,274
8,41,99,133,401
8,41,100,133,274
8,41,101,133,2
8,41,102,7,8
8,41,103,7,16
8,42,56,2,2
8,42,57,2,4
8,42,58,2,5
8,42,59,2,2
8,42,60,2,4
8,42,61,2,2
8,42,62,2,5
8,42,63,2,7
8,42,64,2,4
8,42,65,2,6
8,42,66,2,4
8,42,67,2,2
8,42,68,2,2
8,42,68,212,3
8,42,69,2,3
8,42,69,212,6
8,42,70,2,3
8,42,70,212,3
8,42,71,2,3
8,42,71,212,4
8,42,72,2,2
8,42,72,7,1
8,42,72,212,9
8,42,73,7,1
8,42,73,212,5
8,42,73,2,2
8,42,74,205,2
8,42,74,212,1
8,42,74,2,2
8,42,74,7,1
8,42,74,4,4
8,42,75,205,2
8,42,75,4,4
8,42,76,205,2
8,42,76,4,7
8,42,77,205,4
8,42,77,4,5
8,42,78,205,3
8,42,78,4,7
8,42,79,205,10
8,42,79,4,10
8,42,80,4,6
8,42,80,205,32
8,42,81,4,18
8,42,81,205,479
8,42,81,206,1
8,42,82,4,27
8,42,82,7,4
8,42,82,205,358
8,42,82,206,9
8,42,83,205,234
8,42,83,206,26
8,42,84,205,211
8,42,84,206,21
8,42,85,205,434
8,42,85,206,13
8,42,86,205,358
8,42,86,206,16
8,42,87,205,298
8,42,87,206,42
8,42,87,133,37
8,42,87,7,1
8,42,88,133,177
8,42,89,133,212
8,42,90,133,206
8,42,91,133,168
8,42,92,133,707
8,42,93,133,842
8,42,94,133,760
8,42,95,133,412
8,42,96,133,324
8,42,97,133,927
8,42,98,133,441
8,42,99,133,184
8,42,100,133,244
8,42,101,133,340
8,42,102,7,2
8,42,102,133,44
8,42,103,7,24
8,43,56,2,3
8,43,57,2,3
8,43,58,2,2
8,43,59,2,2
8,43,60,2,2
8,43,61,2,6
8,43,62,2,6
8,43,63,2,8
8,43,64,2,4
8,43,65,2,18
8,43,66,2,23
8,43,67,2,7
8,43,68,2,2
8,43,68,212,9
8,43,69,212,13
8,43,70,212,6
8,43,71,212,5
8,43,72,212,13
8,43,73,7,1
8,43,73,212,13
8,43,74,7,1
8,43,74,212,2
8,43,74,4,6
8,43,75,4,11
8,43,76,4,14
8,43,77,4,9
8,43,78,4,11
8,43,79,4,10
8,43,80,4,8
8,43,81,4,26
8,43,82,205,3
8,43,82,4,75
8,43,82,7,2
8,43,83,4,52
8,43,83,205,183
8,43,83,7,10
8,43,83,206,12
8,43,84,4,4
8,43,84,7,2
8,43,84,205,159
8,43,84,206,31
8,43,85,205,284
8,43,85,206,20
8,43,86,205,250
8,43,86,206,14
8,43,87,133,69
8,43,87,205,448
8,43,87,206,25
8,43,88,133,356
8,43,89,133,236
8,43,90,133,251
8,43,91,133,172
8,43,92,133,648
8,43,93,133,916
8,43,94,133,785
8,43,95,133,652
8,43,96,133,1426
8,43,97,133,1374
8,43,98,133,1285
8,43,99,133,640
8,43,100,133,260
8,43,101,133,332
8,43,102,133,173
8,43,103,7,14
8,43,103,133,5
8,44,56,2,8
8,44,57,2,2
8,44,58,2,2
8,44,59,2,2
8,44,60,2,2
8,44,61,2,12
8,44,62,2,12
8,44,63,2,12
8,44,64,2,9
8,44,65,2,12
8,44,66,2,12
8,44,67,2,11
8,44,68,2,8
8,44,68,212,27
8,44,69,2,5
8,44,69,212,45
8,44,70,212,9
8,44,71,212,6
8,44,72,212,8
8,44,73,7,1
8,44,73,212,14
8,44,74,212,5
8,44,74,7,1
8,44,74,4,7
8,44,75,4,7
8,44,76,4,7
8,44,77,4,12
8,44,78,4,10
8,44,79,4,13
8,44,80,4,7
8,44,81,4,11
8,44,82,4,19
8,44,83,4,120
8,44,83,205,2
8,44,83,7,1
8,44,84,205,280
8,44,84,206,25
8,44,84,4,53
8,44,84,7,7
8,44,85,205,353
8,44,85,206,20
8,44,86,205,222
8,44,86,206,16
8,44,87,133,89
8,44,87,205,342
8,44,87,206,7
8,44,87,7,3
8,44,88,133,673
8,44,89,133,382
8,44,90,133,266
8,44,91,133,372
8,44,92,133,773
8,44,93,133,773
8,44,94,133,546
8,44,95,133,589
8,44,96,133,1432
8,44,97,133,1392
8,44,98,133,2274
8,44,99,133,1682
8,44,100,133,448
8,44,101,133,472
8,44,102,133,408
8,44,103,7,20
8,44,103,133,122
8,44,103,63,39
8,45,56,2,12
8,45,57,2,1
8,45,58,2,2
8,45,59,2,2
8,45,60,2,1
8,45,61,2,14
8,45,62,2,24
8,45,63,2,27
8,45,64,2,25
8,45,65,2,28
8,45,66,2,35
8,45,67,2,33
8,45,68,2,40
8,45,69,2,30
8,45,69,212,14
8,45,70,2,6
8,45,70,212,76
8,45,71,212,17
8,45,72,212,16
8,45,73,212,8
8,45,74,212,9
8,45,74,7,1
8,45,74,4,11
8,45,75,4,11
8,45,76,4,6
8,45,77,4,21
8,45,78,4,12
8,45,79,4,16
8,45,80,4,10
8,45,81,4,14
8,45,82,4,3
8,45,83,4,39
8,45,84,205,26
8,45,84,4,144
8,45,84,7,2
8,45,85,205,370
8,45,85,4,99
8,45,85,206,5
8,45,85,7,7
8,45,86,205,518
8,45,86,206,6
8,45,86,4,4
8,45,86,7,1
8,45,87,206,5
8,45,87,205,376
8,45,87,133,40
8,45,88,133,268
8,45,89,133,238
8,45,90,133,193
8,45,91,133,242
8,45,92,133,218
8,45,93,133,273
8,45,94,133,178
8,45,95,133,2062
8,45,96,133,1498
8,45,97,133,2155
8,45,98,133,2030
8,45,99,133,1908
8,45,100,133,846
8,45,101,133,540
8,45,102,133,348
8,45,103,63,85
8,45,103,133,139
8,45,103,7,1
8,46,56,2,4
8,46,57,2,1
8,46,58,2,2
8,46,59,2,5
8,46,60,2,7
8,46,61,2,22
8,46,62,2,22
8,46,63,2,25
8,46,64,2,29
8,46,65,2,28
8,46,66,2,20
8,46,67,2,27
8,46,68,2,33
8,46,69,2,18
8,46,70,2,22
8,46,70,212,5
8,46,71,212,12
8,46,71,2,8
8,46,72,212,16
8,46,72,2,1
8,46,73,212,22
8,46,74,212,11
8,46,74,7,1
8,46,74,4,12
8,46,75,4,22
8,46,76,4,11
8,46,77,4,12
8,46,78,4,18
8,46,79,4,17
8,46,80,4,21
8,46,81,4,9
8,46,82,4,9
8,46,83,4,4
8,46,84,4,18
8,46,85,4,60
8,46,86,205,186
8,46,86,4,59
8,46,86,7,5
8,46,86,206,1
8,46,87,206,3
8,46,87,4,54
8,46,87,205,559
8,46,87,133,49
8,46,87,7,5
8,46,88,133,139
8,46,89,133,255
8,46,90,133,291
8,46,91,133,207
8,46,92,133,262
8,46,93,133,283
8,46,94,133,189
8,46,95,133,1608
8,46,97,133,2310
8,46,98,133,1461
8,46,99,133,1541
8,46,100,133,881
8,46,101,133,396
8,46,102,7,1
8,46,102,133,428
8,46,103,63,18
8,46,103,7,2
8,46,103,133,200
8,47,56,2,4
8,47,57,2,1
8,47,58,2,2
8,47,59,2,2
8,47,60,2,11
8,47,61,2,26
8,47,62,2,43
8,47,63,2,31
8,47,64,2,37
8,47,65,2,27
8,47,66,2,22
8,47,67,2,24
8,47,68,2,33
8,47,69,2,24
8,47,70,2,27
8,47,71,2,27
8,47,72,2,9
8,47,72,212,8
8,47,73,212,9
8,47,73,2,1
8,47,74,212,10
8,47,74,7,2
8,47,74,4,11
8,47,74,2,1
8,47,75,4,14
8,47,76,4,12
8,47,77,4,12
8,47,78,4,18
8,47,79,4,23
8,47,80,4,13
8,47,81,4,6
8,47,82,4,4
8,47,83,4,5
8,47,84,4,11
8,47,85,4,7
8,47,86,4,13
8,47,87,4,29
8,47,87,133,41
8,47,87,7,3
8,47,88,133,274
8,47,89,133,241
8,47,90,133,444
8,47,91,133,328
8,47,92,133,599
8,47,93,133,195
8,47,94,133,235
8,47,95,133,1429
8,47,96,133,874
8,47,97,133,933
8,47,98,133,1002
8,47,99,133,809
8,47,100,133,135
8,47,101,133,320
8,47,102,7,1
8,47,102,133,493
8,47,103,63,29
8,47,103,7,1
8,47,103,133,243
8,48,56,2,4
8,48,57,2,1
8,48,58,2,1
8,48,59,2,1
8,48,60,2,11
8,48,61,2,24
8,48,62,2,54
8,48,63,2,37
8,48,64,2,31
8,48,65,2,26
8,48,66,2,24
8,48,67,2,41
8,48,68,2,27
8,48,69,2,28
8,48,70,2,23
8,48,71,2,40
8,48,72,2,29
8,48,73,2,18
8,48,73,212,6
8,48,74,2,9
8,48,74,4,19
8,48,74,212,12
8,48,74,7,2
8,48,75,4,28
8,48,76,4,31
8,48,77,4,27
8,48,78,4,22
8,48,79,4,29
8,49,56,2,1
8,49,57,2,2
8,49,58,2,5
8,49,59,2,5
8,49,60,2,11
8,49,61,2,22
8,49,62,2,32
8,49,63,2,35
8,49,64,2,24
8,49,65,2,22
8,49,66,2,13
8,49,67,2,11
8,49,68,2,30
8,49,69,2,15
8,49,70,2,38
8,49,71,2,26
8,49,72,2,17
8,49,73,2,38
8,49,74,4,35
8,49,74,2,24
8,49,74,7,6
8,49,74,9,9
8,49,75,9,15
8,49,75,4,57
8,49,75,7,2
8,49,76,7,1
8,49,76,4,30
8,49,76,9,13
8,49,77,9,19
8,49,77,7,2
8,49,77,4,31
8,49,77,212,5
8,49,78,212,6
8,49,78,4,15
8,49,79,212,1
8,49,79,4,19
8,49,79,7,1
8,49,79,9,3
8,50,56,2,1
8,50,57,2,1
8,50,58,2,1
8,50,59,2,8
8,50,60,2,16
8,50,61,2,27
8,50,62,2,38
8,50,63,2,13
8,50,64,2,20
8,50,65,2,19
8,50,66,2,31
8,50,67,2,15
8,50,68,2,20
8,50,69,2,14
8,50,70,2,27
8,50,71,2,10
8,50,72,2,9
8,50,73,2,14
8,50,74,9,68
8,50,74,7,2
8,50,74,2,3
8,50,75,9,49
8,50,76,9,41
8,50,77,9,43
8,50,77,212,3
8,50,78,9,33
8,50,78,212,28
8,50,79,9,4
8,50,79,212,5
8,51,56,2,3
8,51,57,2,5
8,51,58,2,5
8,51,59,2,10
8,51,60,2,15
8,51,61,2,25
8,51,62,2,32
8,51,63,2,35
8,51,64,2,22
8,51,65,2,18
8,51,66,2,28
8,51,67,2,22
8,51,68,2,23
8,51,69,2,17
8,51,70,2,8
8,51,71,2,8
8,51,72,2,6
8,51,73,2,6
8,51,74,9,52
8,51,74,2,3
8,51,75,9,49
8,51,76,9,11
8,51,77,9,35
8,51,78,9,53
8,51,79,9,27
8,51,79,212,1
8,52,56,2,1
8,52,57,2,2
8,52,58,2,6
8,52,59,2,17
8,52,60,2,40
8,52,61,2,27
8,52,62,2,8
8,52,63,2,23
8,52,64,2,30
8,52,65,2,17
8,52,66,2,17
8,52,67,2,25
8,52,68,2,34
8,52,69,2,16
8,52,70,2,9
8,52,71,2,14
8,52,72,2,16
8,52,73,2,7
8,52,74,2,3
8,52,74,9,26
8,52,74,7,4
8,52,75,9,50
8,52,76,9,11
8,52,77,9,20
8,52,78,9,52
8,52,79,9,72
8,53,56,2,1
8,53,57,2,1
8,53,58,2,1
8,53,59,2,7
8,53,60,2,11
8,53,61,2,11
8,53,62,2,10
8,53,63,2,18
8,53,64,2,20
8,53,65,2,9
8,53,66,2,7
8,53,67,2,9
8,53,68,2,8
8,53,69,2,5
8,53,70,2,10
8,53,71,2,7
8,53,72,2,9
8,53,73,2,22
8,53,74,9,24
8,53,74,7,2
8,53,74,2,18
8,53,75,9,49
8,53,76,9,10
8,53,77,9,27
8,53,78,9,61
8,53,79,9,73
8,54,56,2,2
8,54,57,2,2
8,54,58,2,3
8,54,59,2,3
8,54,60,2,4
8,54,61,2,7
8,54,62,2,5
8,54,63,2,5
8,54,64,2,8
8,54,65,2,5
8,54,66,2,4
8,54,67,2,5
8,54,68,2,4
8,54,69,2,2
8,54,70,2,10
8,54,71,2,9
8,54,72,2,15
8,54,73,2,30
8,54,74,9,22
8,54,74,2,11
8,54,74,7,1
8,54,75,9,32
8,54,76,9,54
8,54,77,9,97
8,54,78,9,60
8,54,79,9,87
8,55,56,2,2
8,55,57,2,3
8,55,58,2,5
8,55,59,2,5
8,55,60,2,4
8,55,61,2,6
8,55,61,248,4
8,55,62,2,5
8,55,62,248,12
8,55,63,248,7
8,55,63,2,3
8,55,64,248,12
8,55,64,2,5
8,55,65,248,4
8,55,65,2,1
8,55,66,248,11
8,55,66,2,2
8,55,67,248,11
8,55,67,2,2
8,55,68,248,3
8,55,68,2,7
8,55,69,2,16
8,55,70,2,21
8,55,71,2,12
8,55,72,2,17
8,55,73,2,37
8,55,74,2,12
8,55,74,10,30
8,55,74,7,6
8,55,74,9,8
8,55,75,7,3
8,55,75,9,39
8,55,75,10,27
8,55,76,10,37
8,55,76,9,48
8,55,76,7,5
8,55,77,7,4
8,55,77,9,37
8,55,77,10,12
8,55,78,9,44
8,55,78,7,4
8,55,78,10,58
8,55,79,10,96
8,55,79,9,36
8,55,79,7,2
8,56,16,2,1
8,56,17,2,1
8,56,18,2,1
8,56,19,2,1
8,56,20,2,2
8,56,21,2,1
8,56,22,2,1
8,56,23,2,1
8,56,48,2,2
8,56,49,2,2
8,56,50,2,3
8,56,51,2,5
8,56,52,2,2
8,56,53,2,3
8,56,54,2,2
8,56,55,2,4
8,56,56,2,5
8,56,57,2,3
8,56,58,2,2
8,56,59,2,5
8,56,60,2,4
8,56,61,248,6
8,56,61,2,3
8,56,62,248,28
8,56,63,248,17
8,56,64,248,12
8,56,65,248,8
8,56,66,248,15
8,56,67,248,22
8,56,68,248,5
8,56,68,2,21
8,56,69,2,32
8,56,70,2,38
8,56,71,2,25
8,56,72,2,23
8,56,73,2,42
8,56,74,10,28
8,56,74,7,1
8,56,74,2,10
8,56,75,10,22
8,56,76,10,36
8,56,77,10,26
8,56,78,10,106
8,56,79,10,123
8,57,16,2,1
8,57,17,2,1
8,57,18,2,1
8,57,19,2,2
8,57,20,2,2
8,57,21,2,1
8,57,22,2,1
8,57,23,2,1
8,57,48,2,7
8,57,49,2,2
8,57,50,2,2
8,57,51,2,2
8,57,52,2,2
8,57,53,2,2
8,57,54,2,3
8,57,55,2,2
8,57,56,2,2
8,57,57,2,1
8,57,58,2,2
8,57,59,2,4
8,57,60,2,2
8,57,60,248,1
8,57,61,2,4
8,57,61,248,7
8,57,62,248,12
8,57,63,248,10
8,57,64,248,12
8,57,65,248,28
8,57,66,248,26
8,57,67,248,20
8,57,68,2,9
8,57,68,248,6
8,57,69,2,31
8,57,70,2,35
8,57,71,2,50
8,57,72,2,45
8,57,73,2,53
8,57,74,10,41
8,57,74,7,2
8,57,74,2,14
8,57,75,10,47
8,57,76,10,17
8,57,77,10,22
8,57,78,10,57
8,57,79,10,98
8,58,16,2,1
8,58,17,2,1
8,58,18,2,1
8,58,19,2,2
8,58,20,2,2
8,58,21,2,2
8,58,22,2,1
8,58,23,2,1
8,58,48,2,17
8,58,49,2,15
8,58,50,2,6
8,58,51,2,3
8,58,52,2,3
8,58,53,2,8
8,58,54,2,3
8,58,55,2,2
8,58,56,2,3
8,58,57,2,5
8,58,58,2,2
8,58,59,2,2
8,58,60,2,2
8,58,60,248,1
8,58,61,248,6
8,58,62,248,11
8,58,63,248,8
8,58,64,248,16
8,58,65,248,67
8,58,66,248,42
8,58,67,248,55
8,58,68,248,16
8,58,68,2,19
8,58,69,2,19
8,58,70,2,33
8,58,71,2,51
8,58,72,2,57
8,58,73,2,52
8,58,74,2,16
8,58,74,10,37
8,58,75,10,30
8,58,76,10,12
8,58,77,10,24
8,58,78,10,49
8,58,79,10,62
8,59,16,2,1
8,59,17,2,1
8,59,18,2,2
8,59,19,2,2
8,59,20,2,2
8,59,21,2,2
8,59,22,2,2
8,59,23,2,2
8,59,48,2,9
8,59,49,2,8
8,59,50,2,19
8,59,51,2,16
8,59,52,2,13
8,59,53,2,10
8,59,54,2,14
8,59,55,2,8
8,59,56,2,6
8,59,57,2,4
8,59,58,2,6
8,59,59,2,2
8,59,60,2,2
8,59,60,248,1
8,59,61,248,8
8,59,62,248,13
8,59,63,248,20
8,59,64,248,20
8,59,65,248,96
8,59,66,248,208
8,59,67,248,96
8,59,68,248,18
8,59,68,2,11
8,59,69,2,24
8,59,70,2,58
8,59,71,2,49
8,59,72,2,13
8,59,73,2,18
8,59,74,10,36
8,59,74,2,9
8,59,75,10,49
8,59,76,10,33
8,59,77,10,4
8,59,78,10,22
8,59,79,10,54
8,60,16,2,1
8,60,17,2,2
8,60,18,2,2
8,60,19,2,1
8,60,20,2,1
8,60,21,2,3
8,60,22,2,2
8,60,23,2,5
8,60,48,2,19
8,60,49,2,14
8,60,50,2,10
8,60,51,2,13
8,60,52,2,11
8,60,53,2,10
8,60,54,2,8
8,60,55,2,3
8,60,56,2,5
8,60,57,2,10
8,60,58,2,9
8,60,58,248,1
8,60,59,248,1
8,60,59,2,2
8,60,60,248,2
8,60,60,2,1
8,60,61,248,30
8,60,62,248,25
8,60,63,248,9
8,60,64,248,10
8,60,65,248,18
8,60,66,248,46
8,60,67,248,86
8,60,68,248,23
8,60,68,2,30
8,60,69,2,19
8,60,70,2,59
8,60,71,2,56
8,60,72,2,23
8,60,73,2,15
8,60,74,2,7
8,60,74,10,12
8,60,74,7,2
8,60,75,10,25
8,60,75,7,2
8,60,76,10,17
8,60,76,7,1
8,60,77,10,5
8,60,78,10,13
8,60,79,10,42
8,61,16,2,2
8,61,17,2,2
8,61,18,2,1
8,61,19,2,1
8,61,20,2,1
8,61,21,2,4
8,61,22,2,10
8,61,23,2,8
8,61,48,2,2
8,61,49,2,3
8,61,50,2,13
8,61,51,2,17
8,61,52,2,9
8,61,53,2,4
8,61,54,2,7
8,61,55,2,8
8,61,56,2,5
8,61,57,2,9
8,61,57,248,1
8,61,58,248,2
8,61,58,2,6
8,61,59,248,4
8,61,60,248,15
8,61,61,248,96
8,61,62,248,60
8,61,63,248,76
8,61,64,248,101
8,61,65,248,6
8,61,66,248,15
8,61,67,248,25
8,61,68,248,23
8,61,68,2,41
8,61,69,2,27
8,61,70,2,33
8,61,71,2,54
8,61,72,2,11
8,61,73,2,3
8,61,74,2,3
8,61,74,7,3
8,61,75,7,2
8,61,75,10,3
8,61,76,10,6
8,61,76,7,1
8,61,77,10,3
8,61,78,10,6
8,61,79,10,9
8,62,16,2,1
8,62,17,2,1
8,62,18,2,1
8,62,19,2,2
8,62,20,2,5
8,62,21,2,9
8,62,22,2,6
8,62,23,2,10
8,62,48,2,2
8,62,49,2,3
8,62,50,2,2
8,62,51,2,3
8,62,52,2,2
8,62,53,2,1
8,62,54,2,1
8,62,55,2,5
8,62,56,2,10
8,62,57,248,3
8,62,57,2,11
8,62,58,248,6
8,62,59,248,25
8,62,60,248,25
8,62,61,248,71
8,62,62,248,103
8,62,63,248,144
8,62,64,248,70
8,62,65,248,17
8,62,66,248,12
8,62,67,248,10
8,62,68,248,5
8,62,68,2,36
8,62,69,2,32
8,62,70,2,21
8,62,71,2,5
8,62,72,2,4
8,62,73,2,2
8,62,74,2,3
8,62,74,7,3
8,62,75,7,4
8,62,76,7,3
8,62,76,10,1
8,62,77,7,2
8,62,77,10,1
8,62,78,7,2
8,62,78,10,5
8,62,79,10,16
8,63,16,2,1
8,63,17,2,2
8,63,18,2,2
8,63,19,2,3
8,63,20,2,12
8,63,21,2,23
8,63,22,2,6
8,63,23,2,5
8,63,48,2,3
8,63,49,2,2
8,63,50,2,2
8,63,51,2,2
8,63,52,2,3
8,63,53,2,3
8,63,54,2,2
8,63,55,2,2
8,63,56,2,3
8,63,57,248,3
8,63,57,2,2
8,63,58,248,12
8,63,59,248,22
8,63,60,248,38
8,63,61,248,76
8,63,62,248,88
8,63,63,248,118
8,63,64,248,10
8,63,65,248,11
8,63,66,248,20
8,63,67,248,21
8,63,68,248,7
8,63,68,2,19
8,63,69,2,19
8,63,70,2,6
8,63,71,2,3
8,63,72,2,5
8,63,73,2,4
8,63,74,2,4
8,63,74,7,4
8,63,75,7,4
8,63,76,7,4
8,63,77,7,3
8,63,78,10,6
8,63,78,7,3
8,63,79,10,13
8,63,79,1,6
8,64,32,2,19
8,64,33,2,18
8,64,34,2,24
8,64,35,2,15
8,64,36,2,4
8,64,37,2,4
8,64,38,2,7
8,64,39,2,5
8,64,40,2,19
8,64,41,2,16
8,64,42,2,9
8,64,43,2,8
8,64,44,2,7
8,64,45,2,9
8,64,46,2,11
8,64,47,2,5
8,64,48,2,4
8,64,49,2,3
8,64,50,2,3
8,64,51,2,3
8,64,52,2,2
8,64,53,2,2
8,64,54,2,3
8,64,55,2,3
8,64,56,2,3
8,64,57,248,1
8,64,57,2,1
8,64,58,248,2
8,64,59,248,6
8,64,60,248,12
8,64,61,248,76
8,64,62,248,171
8,64,63,248,32
8,64,64,248,10
8,64,65,248,10
8,64,66,248,19
8,64,67,248,22
8,64,68,248,9
8,64,68,2,7
8,64,69,2,3
8,64,70,2,3
8,64,71,2,5
8,64,96,133,30
8,64,97,133,11
8,64,98,133,123
8,64,99,133,703
8,64,100,133,188
8,64,101,133,204
8,64,102,133,19
8,64,103,133,25
8,65,32,2,19
8,65,33,2,20
8,65,34,2,22
8,65,35,2,10
8,65,36,2,10
8,65,37,2,8
8,65,38,2,16
8,65,39,2,5
8,65,40,2,21
8,65,41,2,15
8,65,42,2,2
8,65,43,2,4
8,65,44,2,5
8,65,45,2,4
8,65,46,2,13
8,65,47,2,5
8,65,48,2,4
8,65,49,2,2
8,65,50,2,3
8,65,51,2,3
8,65,52,2,2
8,65,53,2,1
8,65,54,2,4
8,65,55,2,6
8,65,56,2,6
8,65,57,2,3
8,65,57,248,1
8,65,58,248,1
8,65,59,248,1
8,65,60,248,2
8,65,61,248,43
8,65,62,248,80
8,65,63,248,18
8,65,64,248,5
8,65,65,248,10
8,65,66,248,9
8,65,67,248,17
8,65,68,2,4
8,65,68,248,5
8,65,69,2,2
8,65,70,2,2
8,65,71,2,4
8,65,96,133,58
8,65,97,133,46
8,65,98,133,83
8,65,99,133,791
8,65,100,133,1587
8,65,101,133,1462
8,65,102,133,353
8,65,103,133,495
8,66,32,2,25
8,66,33,2,8
8,66,34,2,11
8,66,35,2,15
8,66,36,2,19
8,66,37,2,21
8,66,38,2,15
8,66,39,2,5
8,66,40,2,13
8,66,41,2,18
8,66,42,2,3
8,66,43,2,7
8,66,44,2,15
8,66,45,2,10
8,66,46,2,30
8,66,47,2,4
8,66,48,2,4
8,66,49,2,6
8,66,50,2,8
8,66,51,2,7
8,66,52,2,13
8,66,53,2,7
8,66,54,2,7
8,66,55,2,9
8,66,56,2,16
8,66,57,248,2
8,66,57,2,6
8,66,58,248,1
8,66,59,248,2
8,66,60,248,4
8,66,61,248,10
8,66,62,248,15
8,66,63,248,27
8,66,64,248,4
8,66,65,248,9
8,66,66,248,7
8,66,67,248,3
8,66,68,2,2
8,66,68,248,2
8,66,69,2,2
8,66,70,2,2
8,66,71,2,4
8,66,96,133,48
8,66,97,133,195
8,66,98,133,333
8,66,99,133,461
8,66,100,133,3001
8,66,101,133,1905
8,66,102,133,925
8,66,103,133,1133
8,67,32,2,28
8,67,33,2,23
8,67,34,2,23
8,67,35,2,23
8,67,36,2,25
8,67,37,2,17
8,67,38,2,13
8,67,39,2,4
8,67,40,2,12
8,67,41,2,18
8,67,42,2,2
8,67,43,2,12
8,67,44,2,22
8,67,45,2,23
8,67,46,2,33
8,67,47,2,3
8,67,48,2,8
8,67,49,2,16
8,67,50,2,17
8,67,51,2,22
8,67,52,2,17
8,67,53,2,15
8,67,54,2,12
8,67,55,2,8
8,67,56,2,4
8,67,57,248,25
8,67,57,2,4
8,67,58,248,23
8,67,59,248,20
8,67,60,248,102
8,67,61,248,18
8,67,62,248,75
8,67,63,248,88
8,67,64,248,8
8,67,65,248,15
8,67,66,248,33
8,67,67,248,42
8,67,68,248,14
8,67,68,2,4
8,67,69,2,2
8,67,70,2,2
8,67,71,2,4
8,67,96,133,99
8,67,97,133,314
8,67,98,133,395
8,67,99,133,908
8,67,100,133,1537
8,67,101,133,675
8,67,102,133,957
8,67,103,133,872
8,68,32,2,24
8,68,33,2,28
8,68,34,2,18
8,68,35,2,19
8,68,36,2,22
8,68,37,2,23
8,68,38,2,14
8,68,39,2,11
8,68,40,2,26
8,68,41,2,15
8,68,42,2,3
8,68,43,2,7
8,68,44,2,1
8,68,45,2,19
8,68,46,2,17
8,68,47,2,2
8,68,48,2,8
8,68,49,2,27
8,68,50,2,27
8,68,51,2,11
8,68,52,2,11
8,68,53,2,14
8,68,54,2,12
8,68,55,2,5
8,68,56,2,6
8,68,57,2,6
8,68,57,248,15
8,68,58,248,19
8,68,59,248,29
8,68,60,248,22
8,68,61,248,55
8,68,62,248,152
8,68,63,248,81
8,68,64,248,9
8,68,65,248,11
8,68,66,248,107
8,68,67,248,111
8,68,68,248,30
8,68,68,2,6
8,68,69,2,5
8,68,70,2,2
8,68,71,2,3
8,68,96,133,257
8,68,97,133,816
8,68,98,133,588
8,68,99,133,457
8,68,100,133,1082
8,68,101,133,521
8,68,102,133,486
8,68,103,133,367
8,69,32,2,36
8,69,33,2,33
8,69,34,2,26
8,69,35,2,24
8,69,36,2,31
8,69,37,2,23
8,69,38,2,12
8,69,39,2,12
8,69,40,2,38
8,69,41,2,12
8,69,42,2,2
8,69,43,2,12
8,69,44,2,1
8,69,45,2,7
8,69,46,2,19
8,69,47,2,1
8,69,48,2,8
8,69,49,2,12
8,69,50,2,17
8,69,51,2,10
8,69,52,2,27
8,69,53,2,21
8,69,54,2,14
8,69,55,2,8
8,69,56,2,4
8,69,57,2,2
8,69,57,248,9
8,69,58,248,14
8,69,59,248,30
8,69,60,248,16
8,69,61,248,63
8,69,62,248,154
8,69,63,248,25
8,69,64,248,3
8,69,65,248,2
8,69,66,248,14
8,69,67,248,89
8,69,68,248,19
8,69,68,2,5
8,69,69,2,11
8,69,70,2,12
8,69,71,2,5
8,69,96,133,721
8,69,97,133,1455
8,69,98,133,1746
8,69,99,133,718
8,69,100,133,787
8,69,101,133,295
8,69,102,133,518
8,69,103,133,157
8,70,32,2,14
8,70,33,2,10
8,70,34,2,5
8,70,35,2,2
8,70,36,2,5
8,70,37,2,12
8,70,38,2,35
8,70,39,2,30
8,70,40,2,19
8,70,41,2,22
8,70,42,2,7
8,70,43,2,14
8,70,44,2,8
8,70,45,2,8
8,70,46,2,8
8,70,47,2,1
8,70,48,2,10
8,70,49,2,24
8,70,50,2,17
8,70,51,2,16
8,70,52,2,26
8,70,53,2,18
8,70,54,2,14
8,70,55,2,14
8,70,56,2,5
8,70,57,2,3
8,70,57,248,4
8,70,58,248,6
8,70,59,248,3
8,70,60,248,1
8,70,61,248,6
8,70,62,248,61
8,70,63,248,5
8,70,64,248,1
8,70,65,248,1
8,70,66,248,1
8,70,67,248,2
8,70,68,248,20
8,70,68,2,18
8,70,69,2,5
8,70,70,2,5
8,70,71,2,3
8,70,96,133,1585
8,70,97,133,995
8,70,98,133,1384
8,70,99,133,619
8,70,100,133,261
8,70,101,133,285
8,70,102,133,74
8,70,103,133,229
8,70,103,7,3
8,71,32,2,12
8,71,33,2,2
8,71,34,2,1
8,71,35,2,1
8,71,36,2,1
8,71,37,2,1
8,71,38,2,16
8,71,39,2,18
8,71,40,2,7
8,71,41,2,11
8,71,42,2,13
8,71,43,2,8
8,71,44,2,6
8,71,45,2,8
8,71,46,2,2
8,71,47,2,1
8,71,48,2,9
8,71,49,2,11
8,71,50,2,7
8,71,51,2,9
8,71,52,2,17
8,71,53,2,22
8,71,54,2,36
8,71,55,2,35
8,71,56,2,27
8,71,57,2,16
8,71,57,248,2
8,71,58,2,7
8,71,58,248,2
8,71,59,2,7
8,71,59,248,1
8,71,60,2,4
8,71,60,248,1
8,71,61,2,2
8,71,61,248,1
8,71,62,2,1
8,71,62,248,1
8,71,63,2,1
8,71,63,248,1
8,71,64,2,1
8,71,64,248,1
8,71,65,2,3
8,71,65,248,1
8,71,66,2,2
8,71,66,248,1
8,71,67,2,4
8,71,67,248,1
8,71,68,2,8
8,71,68,248,1
8,71,69,2,4
8,71,70,2,5
8,71,71,2,4
8,71,96,133,2369
8,71,97,133,1244
8,71,97,198,145
8,71,98,133,765
8,71,99,133,831
8,71,100,133,348
8,71,101,133,216
8,71,102,133,82
8,71,102,7,4
8,71,103,7,7
8,71,103,133,41
8,72,8,2,3
8,72,9,2,3
8,72,10,2,3
8,72,11,2,3
8,72,12,2,2
8,72,13,2,5
8,72,14,2,8
8,72,15,2,18
8,72,16,2,17
8,72,17,2,7
8,72,18,2,5
8,72,19,2,3
8,72,20,2,18
8,72,21,2,16
8,72,22,2,13
8,72,23,2,27
8,72,32,2,25
8,72,33,2,14
8,72,34,2,2
8,72,35,2,3
8,72,36,2,7
8,72,37,2,2
8,72,38,2,6
8,72,39,2,8
8,72,40,2,13
8,72,41,2,5
8,72,42,2,3
8,72,43,2,2
8,72,44,2,2
8,72,45,2,2
8,72,46,2,2
8,72,47,2,1
8,72,48,2,6
8,72,49,2,9
8,72,50,2,8
8,72,51,2,19
8,72,52,2,15
8,72,53,2,19
8,72,54,2,26
8,72,55,2,31
8,72,56,2,23
8,72,57,2,18
8,72,58,2,7
8,72,59,2,6
8,72,60,2,5
8,72,61,2,3
8,72,62,2,2
8,72,63,2,2
8,72,64,2,2
8,72,65,2,8
8,72,66,2,9
8,72,67,2,16
8,72,68,2,10
8,72,69,2,8
8,72,70,2,17
8,72,71,2,20
8,72,72,2,14
8,72,73,2,9
8,72,74,7,7
8,72,74,2,3
8,72,75,7,6
8,72,76,7,13
8,72,77,7,7
8,72,78,7,7
8,72,79,7,10
8,72,88,7,28
8,72,89,7,18
8,72,90,1,89
8,72,90,7,10
8,72,91,1,402
8,72,91,7,1
8,72,92,1,400
8,72,93,133,25
8,72,93,1,3
8,72,93,7,1
8,72,94,133,260
8,72,95,133,1637
8,72,96,133,1123
8,72,97,133,1264
8,72,97,198,175
8,72,98,133,953
8,72,99,133,566
8,72,100,133,383
8,72,101,133,90
8,72,102,7,12
8,72,102,133,70
8,72,103,7,16
8,73,8,2,4
8,73,9,2,2
8,73,10,2,3
8,73,11,2,3
8,73,12,2,2
8,73,13,2,5
8,73,14,2,3
8,73,15,2,15
8,73,16,2,17
8,73,17,2,9
8,73,18,2,5
8,73,19,2,1
8,73,20,2,4
8,73,21,2,17
8,73,22,2,19
8,73,23,2,15
8,73,32,2,13
8,73,33,2,6
8,73,34,2,11
8,73,35,2,10
8,73,36,2,9
8,73,37,2,2
8,73,38,2,3
8,73,39,2,3
8,73,40,2,3
8,73,41,2,3
8,73,42,2,3
8,73,43,2,1
8,73,44,2,1
8,73,45,2,1
8,73,46,2,2
8,73,47,2,1
8,73,48,2,2
8,73,49,2,7
8,73,50,2,8
8,73,51,2,21
8,73,52,2,10
8,73,53,2,18
8,73,54,2,17
8,73,55,2,22
8,73,56,2,15
8,73,57,2,34
8,73,58,2,9
8,73,59,2,6
8,73,60,2,4
8,73,61,2,2
8,73,62,2,2
8,73,63,2,2
8,73,64,2,3
8,73,65,2,6
8,73,66,2,9
8,73,67,2,29
8,73,68,2,10
8,73,69,2,9
8,73,70,2,25
8,73,71,2,31
8,73,72,2,17
8,73,73,2,7
8,73,74,7,6
8,73,74,2,5
8,73,75,7,5
8,73,76,7,3
8,73,77,7,7
8,73,78,7,16
8,73,79,7,16
8,73,88,7,17
8,73,89,7,27
8,73,90,7,15
8,73,91,7,23
8,73,91,1,752
8,73,92,1,408
8,73,92,133,43
8,73,93,1,3
8,73,93,7,1
8,73,93,133,44
8,73,94,133,279
8,73,95,133,714
8,73,96,133,1387
8,73,97,133,1313
8,73,98,133,946
8,73,99,133,775
8,73,100,133,93
8,73,101,133,166
8,73,101,7,5
8,73,102,7,12
8,73,103,7,8
8,74,8,2,4
8,74,9,2,2
8,74,10,2,2
8,74,11,2,3
8,74,12,2,2
8,74,13,2,5
8,74,14,2,6
8,74,15,2,11
8,74,16,2,15
8,74,17,2,18
8,74,18,2,9
8,74,19,2,2
8,74,20,2,2
8,74,21,2,10
8,74,22,2,11
8,74,23,2,3
8,74,32,2,8
8,74,33,2,13
8,74,34,2,10
8,74,35,2,11
8,74,36,2,6
8,74,37,2,3
8,74,38,2,3
8,74,39,2,3
8,74,40,2,4
8,74,41,2,2
8,74,42,2,1
8,74,43,2,1
8,74,44,2,1
8,74,45,2,3
8,74,46,2,3
8,74,47,2,2
8,74,48,2,2
8,74,49,2,2
8,74,50,2,3
8,74,51,2,8
8,74,52,2,20
8,74,53,2,14
8,74,54,2,18
8,74,55,2,29
8,74,56,2,20
8,74,57,2,14
8,74,58,2,14
8,74,59,2,14
8,74,60,2,11
8,74,61,2,5
8,74,62,2,3
8,74,63,2,3
8,74,64,2,2
8,74,65,2,3
8,74,66,2,9
8,74,67,2,23
8,74,68,2,5
8,74,69,2,7
8,74,70,2,13
8,74,71,2,31
8,74,72,2,23
8,74,73,2,22
8,74,74,7,9
8,74,74,2,9
8,74,75,7,11
8,74,76,7,6
8,74,77,7,3
8,74,78,7,7
8,74,79,7,8
8,74,88,7,23
8,74,89,7,21
8,74,90,7,29
8,74,91,7,21
8,74,91,1,27
8,74,92,1,32
8,74,92,133,605
8,74,92,7,1
8,74,93,133,322
8,74,94,133,490
8,74,95,133,664
8,74,96,133,2418
8,74,97,133,576
8,74,97,7,1
8,74,98,133,196
8,74,98,7,1
8,74,99,133,110
8,74,99,7,3
8,74,100,133,125
8,74,100,7,7
8,74,101,7,15
8,74,101,133,4
8,74,102,7,6
8,74,103,7,4
8,75,8,2,3
8,75,9,2,2
8,75,10,2,2
8,75,11,2,3
8,75,12,2,2
8,75,13,2,7
8,75,14,2,10
8,75,15,2,17
8,75,16,2,13
8,75,17,2,11
8,75,18,2,3
8,75,19,2,4
8,75,20,2,5
8,75,21,2,6
8,75,22,2,4
8,75,23,2,2
8,75,32,2,7
8,75,33,2,2
8,75,34,2,1
8,75,35,2,2
8,75,36,2,1
8,75,37,2,3
8,75,38,2,2
8,75,39,2,3
8,75,40,2,4
8,75,41,2,2
8,75,42,2,2
8,75,43,2,1
8,75,44,2,2
8,75,45,2,2
8,75,46,2,2
8,75,47,2,1
8,75,48,2,2
8,75,49,2,3
8,75,50,2,2
8,75,51,2,2
8,75,52,2,4
8,75,53,2,15
8,75,54,2,40
8,75,55,2,33
8,75,56,2,16
8,75,57,2,8
8,75,58,2,16
8,75,59,2,10
8,75,60,2,20
8,75,61,2,6
8,75,62,2,2
8,75,63,2,3
8,75,64,2,3
8,75,65,2,7
8,75,66,2,11
8,75,67,2,49
8,75,68,2,9
8,75,69,2,5
8,75,70,2,13
8,75,71,2,18
8,75,72,2,19
8,75,73,2,7
8,75,74,7,7
8,75,74,2,4
8,75,75,7,9
8,75,76,7,8
8,75,77,7,4
8,75,78,7,3
8,75,79,7,16
8,75,88,7,11
8,75,89,7,13
8,75,90,7,15
8,75,91,7,47
8,75,91,1,14
8,75,92,1,3
8,75,92,133,765
8,75,92,7,5
8,75,93,133,1965
8,75,94,133,1673
8,75,95,133,1490
8,75,96,133,616
8,75,96,7,7
8,75,97,133,3
8,75,97,7,1
8,75,98,7,6
8,75,99,7,10
8,75,100,7,4
8,75,101,7,2
8,75,102,7,3
8,75,103,7,2
8,76,8,2,2
8,76,9,2,2
8,76,10,2,2
8,76,11,2,3
8,76,12,2,2
8,76,13,2,14
8,76,14,2,13
8,76,15,2,16
8,76,16,2,18
8,76,17,2,7
8,76,18,2,1
8,76,19,2,6
8,76,20,2,7
8,76,21,2,4
8,76,22,2,1
8,76,23,2,2
8,76,32,2,4
8,76,33,2,3
8,76,34,2,7
8,76,35,2,12
8,76,36,2,7
8,76,37,2,2
8,76,38,2,5
8,76,39,2,3
8,76,40,2,4
8,76,41,2,3
8,76,42,2,2
8,76,43,2,1
8,76,44,2,1
8,76,45,2,2
8,76,46,2,2
8,76,47,2,2
8,76,48,2,1
8,76,49,2,2
8,76,50,2,2
8,76,51,2,2
8,76,52,2,2
8,76,53,2,12
8,76,54,2,26
8,76,55,2,24
8,76,56,2,23
8,76,57,2,21
8,76,58,2,13
8,76,59,2,1
8,76,60,2,20
8,76,61,2,44
8,76,62,2,23
8,76,63,2,3
8,76,64,2,2
8,76,65,2,4
8,76,66,2,7
8,76,67,2,25
8,76,68,2,38
8,76,69,2,14
8,76,70,2,4
8,76,71,2,16
8,76,72,2,21
8,76,73,2,3
8,76,74,7,2
8,76,74,2,5
8,76,75,7,4
8,76,76,7,6
8,76,77,7,6
8,76,78,7,4
8,76,79,7,7
8,76,88,7,17
8,76,89,7,19
8,76,90,7,36
8,76,91,7,33
8,76,92,133,1362
8,76,92,7,12
8,76,93,133,2970
8,76,94,133,2153
8,76,95,133,1002
8,76,95,7,1
8,76,96,133,12
8,76,96,7,5
8,76,97,7,11
8,76,98,7,5
8,76,99,7,5
8,76,100,7,6
8,76,101,7,2
8,76,102,7,4
8,76,103,7,2
8,77,8,2,2
8,77,9,2,2
8,77,10,2,2
8,77,11,2,3
8,77,12,2,2
8,77,13,2,15
8,77,14,2,19
8,77,15,2,9
8,77,16,2,7
8,77,17,2,8
8,77,18,2,6
8,77,19,2,8
8,77,20,2,10
8,77,21,2,1
8,77,22,2,1
8,77,23,2,3
8,77,32,2,4
8,77,33,2,5
8,77,34,2,16
8,77,35,2,2
8,77,36,2,12
8,77,37,2,4
8,77,38,2,6
8,77,39,2,9
8,77,40,2,5
8,77,41,2,4
8,77,42,2,4
8,77,43,2,2
8,77,44,2,1
8,77,45,2,2
8,77,46,2,2
8,77,47,2,2
8,77,48,2,1
8,77,49,2,2
8,77,50,2,2
8,77,51,2,2
8,77,52,2,2
8,77,53,2,2
8,77,54,2,15
8,77,55,2,24
8,77,56,2,22
8,77,57,2,19
8,77,58,2,14
8,77,59,2,6
8,77,60,2,19
8,77,61,2,53
8,77,62,2,64
8,77,63,2,14
8,77,64,2,9
8,77,65,2,8
8,77,66,2,7
8,77,67,2,9
8,77,68,2,32
8,77,69,2,65
8,77,70,2,16
8,77,71,2,6
8,77,72,2,13
8,77,73,2,9
8,77,74,7,1
8,77,74,2,6
8,77,75,7,1
8,77,76,7,3
8,77,77,7,5
8,77,78,7,5
8,77,79,7,6
8,77,88,7,15
8,77,89,7,18
8,77,90,7,31
8,77,91,7,30
8,77,91,133,195
8,77,92,133,716
8,77,92,7,3
8,77,93,133,532
8,77,93,7,1
8,77,94,133,520
8,77,94,7,18
8,77,95,133,855
8,77,95,7,9
8,77,96,7,10
8,77,97,7,11
8,77,98,7,4
8,77,99,7,2
8,77,100,7,2
8,77,101,7,2
8,77,102,7,1
8,77,103,7,1
8,78,8,2,2
8,78,9,2,2
8,78,10,2,3
8,78,11,2,3
8,78,12,2,2
8,78,13,2,10
8,78,14,2,10
8,78,15,2,10
8,78,16,2,10
8,78,17,2,13
8,78,18,2,8
8,78,19,2,9
8,78,20,2,8
8,78,21,2,2
8,78,22,2,1
8,78,23,2,13
8,78,32,2,5
8,78,33,2,6
8,78,34,2,9
8,78,35,2,2
8,78,36,2,8
8,78,37,2,11
8,78,38,2,9
8,78,39,2,10
8,78,40,2,5
8,78,41,2,8
8,78,42,2,3
8,78,43,2,3
8,78,44,2,2
8,78,45,2,1
8,78,46,2,2
8,78,47,2,3
8,78,48,2,1
8,78,49,2,1
8,78,50,2,2
8,78,51,2,2
8,78,52,2,2
8,78,53,2,3
8,78,54,2,2
8,78,55,2,17
8,78,56,2,23
8,78,57,2,16
8,78,58,2,15
8,78,59,2,13
8,78,60,2,15
8,78,61,2,37
8,78,62,2,44
8,78,63,2,12
8,78,64,2,14
8,78,65,2,13
8,78,66,2,9
8,78,67,2,8
8,78,68,2,21
8,78,69,2,35
8,78,70,2,27
8,78,71,2,3
8,78,72,2,8
8,78,73,2,12
8,78,74,7,6
8,78,74,2,5
8,78,75,7,16
8,78,76,7,15
8,78,77,7,13
8,78,78,7,7
8,78,79,7,15
8,78,88,7,16
8,78,89,7,24
8,78,89,133,23
8,78,90,133,98
8,78,90,7,9
8,78,91,133,335
8,78,91,7,2
8,78,92,133,378
8,78,93,133,145
8,78,93,7,15
8,78,94,7,46
8,78,94,133,1
8,78,95,7,16
8,78,95,133,29
8,78,96,7,6
8,78,97,7,12
8,78,98,7,2
8,78,99,7,3
8,78,100,7,5
8,78,101,7,2
8,78,102,7,1
8,78,103,7,2
8,79,8,2,2
8,79,9,2,2
8,79,10,2,3
8,79,11,2,2
8,79,12,2,2
8,79,13,2,4
8,79,14,2,5
8,79,15,2,7
8,79,16,2,12
8,79,17,2,8
8,79,18,2,8
8,79,19,2,3
8,79,20,2,3
8,79,21,2,2
8,79,22,2,5
8,79,23,2,21
8,79,32,2,6
8,79,33,2,8
8,79,34,2,6
8,79,35,2,1
8,79,36,2,4
8,79,37,2,21
8,79,38,2,11
8,79,39,2,8
8,79,40,2,12
8,79,41,2,13
8,79,42,2,9
8,79,43,2,3
8,79,44,2,2
8,79,45,2,1
8,79,46,2,2
8,79,47,2,3
8,79,48,2,2
8,79,49,2,1
8,79,50,2,1
8,79,51,2,2
8,79,52,2,1
8,79,53,2,2
8,79,54,2,3
8,79,55,2,4
8,79,56,2,15
8,79,57,2,8
8,79,58,2,11
8,79,59,2,31
8,79,60,2,23
8,79,61,2,34
8,79,62,2,27
8,79,63,2,12
8,79,64,2,16
8,79,65,2,17
8,79,66,2,17
8,79,67,2,11
8,79,68,2,19
8,79,69,2,24
8,79,70,2,41
8,79,71,2,15
8,79,72,2,3
8,79,73,2,5
8,79,74,2,4
8,79,74,7,3
8,79,75,7,3
8,79,76,7,19
8,79,77,7,13
8,79,78,7,15
8,79,79,7,17
8,79,88,7,20
8,79,89,7,15
8,79,89,133,28
8,79,90,133,228
8,79,90,7,9
8,79,91,133,114
8,79,91,7,12
8,79,92,133,180
8,79,92,7,2
8,79,93,133,13
8,79,93,7,7
8,79,94,7,37
8,79,95,7,8
8,79,96,7,17
8,79,97,7,5
8,79,98,7,3
8,79,99,7,5
8,79,100,7,3
8,79,101,7,4
8,79,102,7,8
8,79,103,7,7
8,80,32,2,7
8,80,33,2,6
8,80,34,2,2
8,80,35,2,1
8,80,36,2,1
8,80,37,2,15
8,80,38,2,11
8,80,39,2,12
8,80,40,2,5
8,80,41,2,10
8,80,42,2,8
8,80,43,2,3
8,80,44,2,3
8,80,45,2,2
8,80,46,2,1
8,80,47,2,2
8,80,56,2,2
8,80,57,2,5
8,80,58,2,4
8,80,59,2,2
8,80,60,2,17
8,80,61,2,33
8,80,62,2,13
8,80,63,2,13
8,80,64,2,21
8,80,65,2,16
8,80,66,2,30
8,80,67,2,14
8,80,68,2,21
8,80,69,2,18
8,80,70,2,12
8,80,71,2,14
8,80,72,2,3
8,80,73,2,2
8,80,74,7,3
8,80,74,2,1
8,80,75,7,4
8,80,76,7,5
8,80,77,7,9
8,80,78,7,10
8,80,79,7,13
8,80,80,7,6
8,80,81,7,7
8,80,82,7,14
8,80,83,7,16
8,80,84,7,10
8,80,85,7,9
8,80,86,7,15
8,80,87,7,15
8,80,88,7,27
8,80,89,7,36
8,80,90,7,36
8,80,91,133,23
8,80,91,7,47
8,80,92,7,28
8,80,92,133,82
8,80,92,118,6
8,80,93,7,23
8,80,93,118,15
8,80,94,7,24
8,80,95,7,10
8,80,112,7,24
8,80,113,7,48
8,80,114,7,36
8,80,114,29,5269
8,80,115,7,18
8,80,115,29,168
8,80,116,7,1
8,80,117,7,1
8,80,118,7,9
8,80,119,114,64
8,80,119,7,9
8,81,32,2,3
8,81,33,2,2
8,81,34,2,1
8,81,35,2,1
8,81,36,2,1
8,81,37,2,8
8,81,38,2,8
8,81,39,2,3
8,81,40,2,1
8,81,41,2,17
8,81,42,2,11
8,81,43,2,3
8,81,44,2,2
8,81,45,2,3
8,81,46,2,2
8,81,47,2,2
8,81,56,2,3
8,81,57,2,3
8,81,58,2,2
8,81,59,2,2
8,81,60,2,5
8,81,61,2,34
8,81,62,2,23
8,81,63,2,23
8,81,64,2,21
8,81,65,2,19
8,81,66,2,10
8,81,67,2,18
8,81,68,2,22
8,81,69,2,15
8,81,70,2,11
8,81,71,2,15
8,81,72,2,7
8,81,73,2,10
8,81,74,2,6
8,81,74,7,9
8,81,75,7,18
8,81,76,7,8
8,81,77,7,5
8,81,78,7,8
8,81,79,7,9
8,81,80,7,8
8,81,81,7,20
8,81,82,7,33
8,81,83,7,8
8,81,84,7,9
8,81,85,7,16
8,81,86,7,11
8,81,87,7,23
8,81,88,7,35
8,81,89,7,26
8,81,90,7,11
8,81,91,7,37
8,81,91,118,19
8,81,92,118,102
8,81,92,7,7
8,81,93,7,16
8,81,93,118,97
8,81,94,7,11
8,81,95,7,14
8,81,112,7,17
8,81,113,7,39
8,81,114,7,38
8,81,114,29,1165
8,81,115,7,21
8,81,115,29,13
8,81,116,7,1
8,81,117,7,1
8,81,118,7,3
8,81,119,114,2
8,81,119,7,12
8,82,32,2,1
8,82,33,2,1
8,82,34,2,1
8,82,35,2,1
8,82,36,2,1
8,82,37,2,1
8,82,38,2,1
8,82,39,2,1
8,82,40,2,2
8,82,41,2,19
8,82,42,2,7
8,82,43,2,3
8,82,44,2,2
8,82,45,2,3
8,82,46,2,3
8,82,47,2,2
8,82,56,2,2
8,82,57,2,3
8,82,58,2,4
8,82,59,2,2
8,82,60,2,2
8,82,61,2,7
8,82,62,2,29
8,82,63,2,23
8,82,64,2,13
8,82,65,2,15
8,82,66,2,19
8,82,67,2,6
8,82,68,2,22
8,82,69,2,16
8,82,70,2,11
8,82,71,2,10
8,82,72,2,6
8,82,73,2,13
8,82,74,2,11
8,82,74,7,18
8,82,75,7,18
8,82,76,7,16
8,82,77,7,8
8,82,78,7,8
8,82,79,7,17
8,82,80,7,10
8,82,81,7,24
8,82,82,7,23
8,82,83,7,16
8,82,84,7,11
8,82,85,7,10
8,82,86,7,16
8,82,87,7,15
8,82,88,7,21
8,82,89,7,6
8,82,90,7,8
8,82,91,118,250
8,82,91,7,21
8,82,92,118,229
8,82,92,7,10
8,82,93,118,2
8,82,93,7,8
8,82,94,7,3
8,82,95,7,1
8,82,112,7,13
8,82,113,7,30
8,82,114,7,56
8,82,115,7,31
8,82,116,7,18
8,82,116,114,1
8,82,117,7,9
8,82,118,7,10
8,82,119,114,15
8,82,119,7,7
8,83,32,2,1
8,83,33,2,1
8,83,34,2,1
8,83,35,2,1
8,83,36,2,1
8,83,37,2,1
8,83,38,2,1
8,83,39,2,1
8,83,40,2,1
8,83,41,2,17
8,83,42,2,3
8,83,43,2,2
8,83,44,2,2
8,83,45,2,2
8,83,46,2,3
8,83,47,2,2
8,83,56,2,2
8,83,57,2,1
8,83,58,2,2
8,83,59,2,3
8,83,60,2,3
8,83,61,2,3
8,83,62,2,17
8,83,63,2,22
8,83,64,2,14
8,83,65,2,23
8,83,66,2,7
8,83,67,2,2
8,83,68,2,2
8,83,69,2,3
8,83,70,2,2
8,83,71,2,2
8,83,72,2,2
8,83,73,2,2
8,83,74,7,2
8,83,74,2,2
8,83,75,7,10
8,83,76,7,28
8,83,77,7,22
8,83,78,7,13
8,83,79,7,20
8,83,80,7,13
8,83,81,7,14
8,83,82,7,17
8,83,83,7,9
8,83,84,7,9
8,83,85,7,13
8,83,86,7,15
8,83,87,7,7
8,83,88,7,4
8,83,89,7,4
8,83,90,7,2
8,83,91,118,257
8,83,91,7,10
8,83,92,118,91
8,83,92,7,8
8,83,93,7,6
8,83,94,7,4
8,83,95,7,3
8,83,112,7,18
8,83,113,7,19
8,83,114,7,27
8,83,115,7,29
8,83,116,7,16
8,83,117,7,6
8,83,118,7,9
8,83,119,114,10
8,83,119,7,6
8,84,32,2,1
8,84,33,2,1
8,84,34,2,1
8,84,35,2,1
8,84,36,2,1
8,84,37,2,1
8,84,38,2,1
8,84,39,2,1
8,84,40,2,1
8,84,41,2,12
8,84,42,2,9
8,84,43,2,1
8,84,44,2,2
8,84,45,2,2
8,84,46,2,3
8,84,47,2,3
8,84,56,2,2
8,84,57,2,2
8,84,58,2,1
8,84,59,2,3
8,84,60,2,3
8,84,61,2,2
8,84,62,2,3
8,84,63,2,12
8,84,64,2,6
8,84,65,2,4
8,84,66,2,3
8,84,67,2,2
8,84,68,2,2
8,84,69,2,3
8,84,70,2,3
8,84,71,2,3
8,84,72,2,2
8,84,73,2,2
8,84,74,7,4
8,84,74,2,1
8,84,75,7,4
8,84,76,7,6
8,84,77,7,25
8,84,78,7,36
8,84,79,7,46
8,84,80,7,32
8,84,81,7,25
8,84,82,7,19
8,84,83,7,10
8,84,84,7,14
8,84,85,7,7
8,84,86,7,7
8,84,87,7,4
8,84,88,7,4
8,84,89,7,10
8,84,89,118,1
8,84,90,118,332
8,84,90,7,13
8,84,91,7,37
8,84,91,118,378
8,84,92,7,9
8,84,92,118,5
8,84,93,7,8
8,84,94,7,5
8,84,95,7,4
8,84,112,7,17
8,84,113,7,8
8,84,114,7,9
8,84,115,7,26
8,84,116,7,33
8,84,117,7,19
8,84,118,7,17
8,84,119,7,19
8,85,32,2,1
8,85,33,2,1
8,85,34,2,1
8,85,35,2,1
8,85,36,2,1
8,85,37,2,1
8,85,38,2,1
8,85,39,2,1
8,85,40,2,1
8,85,41,2,1
8,85,42,2,5
8,85,43,2,6
8,85,44,2,1
8,85,45,2,2
8,85,46,2,2
8,85,47,2,3
8,85,56,2,3
8,85,57,2,3
8,85,58,2,2
8,85,59,2,3
8,85,60,2,3
8,85,61,2,2
8,85,62,2,2
8,85,63,2,5
8,85,64,2,5
8,85,65,2,3
8,85,66,2,4
8,85,67,2,4
8,85,68,2,3
8,85,69,2,3
8,85,70,2,5
8,85,71,2,3
8,85,72,2,1
8,85,73,2,2
8,85,74,7,2
8,85,74,2,3
8,85,75,7,3
8,85,76,7,5
8,85,77,7,6
8,85,78,7,6
8,85,79,7,11
8,85,80,7,41
8,85,81,7,21
8,85,82,7,17
8,85,83,7,11
8,85,84,7,12
8,85,85,7,11
8,85,86,7,16
8,85,87,7,5
8,85,88,7,11
8,85,89,7,19
8,85,89,118,2
8,85,90,118,126
8,85,90,7,17
8,85,91,7,30
8,85,91,118,79
8,85,92,7,10
8,85,93,7,5
8,85,93,118,1
8,85,94,7,3
8,85,95,7,2
8,85,112,7,3
8,85,113,7,9
8,85,114,7,5
8,85,115,7,11
8,85,116,7,10
8,85,117,7,11
8,85,118,7,13
8,85,119,7,7
8,86,32,2,1
8,86,33,2,1
8,86,34,2,1
8,86,35,2,1
8,86,36,2,1
8,86,37,2,1
8,86,38,2,1
8,86,39,2,1
8,86,40,2,1
8,86,41,2,1
8,86,42,2,1
8,86,43,2,8
8,86,44,2,10
8,86,45,2,4
8,86,46,2,2
8,86,47,2,2
8,86,56,2,2
8,86,57,2,2
8,86,58,2,2
8,86,59,2,2
8,86,60,2,2
8,86,61,2,4
8,86,62,2,3
8,86,63,2,3
8,86,64,2,5
8,86,65,2,4
8,86,66,2,3
8,86,67,2,2
8,86,68,2,2
8,86,69,2,2
8,86,70,2,2
8,86,71,2,2
8,86,72,2,2
8,86,73,2,1
8,86,74,7,1
8,86,74,2,1
8,86,75,7,1
8,86,76,7,1
8,86,77,7,5
8,86,78,7,3
8,86,79,7,8
8,86,80,7,22
8,86,81,7,35
8,86,82,7,25
8,86,83,7,14
8,86,84,7,18
8,86,85,7,21
8,86,86,7,15
8,86,87,7,50
8,86,88,7,63
8,86,89,7,32
8,86,90,7,5
8,86,91,7,12
8,86,92,7,5
8,86,93,7,6
8,86,94,7,1
8,86,95,7,1
8,86,112,7,7
8,86,113,7,12
8,86,114,7,7
8,86,115,7,14
8,86,116,7,3
8,86,117,7,2
8,86,118,7,1
8,87,32,2,1
8,87,33,2,1
8,87,34,2,1
8,87,35,2,1
8,87,36,2,1
8,87,37,2,1
8,87,38,2,1
8,87,39,2,1
8,87,40,2,1
8,87,41,2,1
8,87,42,2,1
8,87,43,2,2
8,87,44,2,2
8,87,45,2,5
8,87,46,2,18
8,87,47,2,9
8,87,56,2,1
8,87,57,2,1
8,87,58,2,1
8,87,59,2,1
8,87,60,2,1
8,87,61,2,2
8,87,62,2,1
8,87,63,2,2
8,87,64,2,3
8,87,65,2,3
8,87,66,2,4
8,87,67,2,2
8,87,68,2,3
8,87,69,2,2
8,87,70,2,2
8,87,71,2,2
8,87,72,2,2
8,87,73,2,1
8,87,74,7,1
8,87,74,2,1
8,87,75,7,1
8,87,76,7,1
8,87,77,7,1
8,87,78,7,1
8,87,79,7,6
8,87,80,7,8
8,87,81,7,19
8,87,82,7,27
8,87,83,7,12
8,87,84,7,18
8,87,85,7,28
8,87,86,7,34
8,87,87,7,61
8,87,88,7,50
8,87,89,7,23
8,87,90,7,14
8,87,91,7,6
8,87,92,7,2
8,87,93,7,1
8,87,94,7,1
8,87,95,7,1
8,87,112,7,5
8,87,113,7,4
8,87,114,7,1
8,88,48,2,18
8,88,49,2,27
8,88,50,2,29
8,88,51,2,24
8,88,52,2,12
8,88,53,2,6
8,88,54,2,3
8,88,55,2,2
8,88,56,2,4
8,88,57,2,3
8,88,58,2,3
8,88,59,2,2
8,88,60,2,3
8,88,61,2,2
8,88,62,2,1
8,88,63,2,2
8,88,80,7,6
8,88,81,7,8
8,88,82,7,17
8,88,83,7,26
8,88,84,7,24
8,88,85,7,28
8,88,86,7,25
8,88,87,7,60
8,88,88,7,37
8,88,89,7,50
8,88,90,7,18
8,88,91,7,3
8,88,92,7,1
8,88,93,7,2
8,88,94,7,1
8,88,95,7,1
8,89,48,2,1
8,89,49,2,1
8,89,50,2,9
8,89,51,2,13
8,89,52,2,26
8,89,53,2,19
8,89,54,2,4
8,89,55,2,7
8,89,56,2,9
8,89,57,2,6
8,89,58,2,9
8,89,59,2,2
8,89,60,2,11
8,89,61,2,21
8,89,62,2,14
8,89,63,2,15
8,89,80,7,1
8,89,81,7,3
8,89,82,7,4
8,89,83,7,5
8,89,84,7,2
8,89,85,7,4
8,89,86,7,7
8,89,87,7,51
8,89,88,7,52
8,89,89,7,39
8,89,90,7,19
8,89,91,7,6
8,89,92,7,3
8,89,93,7,2
8,89,94,7,1
8,89,95,7,1
8,90,48,2,1
8,90,49,2,1
8,90,50,2,1
8,90,51,2,4
8,90,52,2,18
8,90,53,2,19
8,90,54,2,18
8,90,55,2,16
8,90,56,2,17
8,90,57,2,10
8,90,58,2,6
8,90,59,2,8
8,90,60,2,26
8,90,61,2,41
8,90,62,2,21
8,90,63,2,37
8,90,80,7,2
8,90,81,7,3
8,90,82,7,5
8,90,83,7,5
8,90,84,7,5
8,90,85,7,3
8,90,86,7,8
8,90,87,7,13
8,90,88,7,11
8,90,89,7,15
8,90,90,7,10
8,90,91,7,5
8,90,92,7,5
8,90,93,7,5
8,90,94,7,4
8,90,95,7,6
8,91,48,2,1
8,91,49,2,1
8,91,50,147,1
8,91,50,2,1
8,91,51,2,1
8,91,52,2,8
8,91,53,2,9
8,91,54,2,17
8,91,55,2,22
8,91,56,2,20
8,91,57,2,28
8,91,58,2,9
8,91,59,2,16
8,91,60,2,19
8,91,61,2,41
8,91,62,2,9
8,91,63,2,14
8,91,80,7,2
8,91,81,7,2
8,91,82,7,2
8,91,83,7,2
8,91,84,7,2
8,91,85,7,2
8,91,86,7,2
8,91,87,7,2
8,91,88,7,4
8,91,89,7,8
8,91,90,7,6
8,91,91,7,4
8,91,92,7,3
8,91,93,7,3
8,91,94,7,3
8,91,95,7,8
8,92,48,2,1
8,92,49,147,1
8,92,49,2,1
8,92,50,147,1
8,92,50,2,1
8,92,51,147,1
8,92,51,2,1
8,92,52,147,1
8,92,52,2,1
8,92,53,147,1
8,92,53,2,1
8,92,54,147,1
8,92,54,2,1
8,92,55,147,1
8,92,55,2,7
8,92,56,2,6
8,92,57,2,18
8,92,58,2,12
8,92,59,2,5
8,92,60,2,7
8,92,61,2,8
8,92,62,2,3
8,92,63,2,11
8,92,80,7,1
8,92,81,7,1
8,92,82,7,1
8,92,83,7,1
8,92,84,7,2
8,92,85,7,2
8,92,86,7,2
8,92,87,7,2
8,92,88,7,3
8,92,89,7,6
8,92,90,7,5
8,92,91,7,4
8,92,92,7,3
8,92,93,7,4
8,92,94,7,8
8,92,95,7,17
8,93,48,147,1
8,93,48,2,1
8,93,49,147,1
8,93,49,2,1
8,93,50,147,1
8,93,51,147,1
8,93,52,147,1
8,93,53,147,1
8,93,54,147,1
8,93,55,147,1
8,93,55,2,1
8,93,56,147,1
8,93,56,2,1
8,93,57,147,1
8,93,57,2,1
8,93,58,147,1
8,93,58,2,1
8,93,59,147,1
8,93,59,2,1
8,93,60,147,1
8,93,60,2,1
8,93,61,147,1
8,93,61,2,1
8,93,62,147,1
8,93,62,2,1
8,93,63,147,1
8,93,63,2,1
8,93,80,7,3
8,93,81,7,3
8,93,82,7,3
8,93,83,7,1
8,93,84,7,1
8,93,85,7,1
8,93,86,7,2
8,93,87,7,2
8,93,88,7,2
8,93,89,7,4
8,93,90,7,4
8,93,91,7,5
8,93,92,7,5
8,93,93,7,8
8,93,94,7,2
8,93,95,7,12
8,94,48,147,1
8,94,48,2,1
8,94,49,147,1
8,94,50,147,1
8,94,51,147,1
8,94,52,147,1
8,94,53,147,1
8,94,54,147,1
8,94,55,147,1
8,94,56,147,1
8,94,57,147,1
8,94,58,147,1
8,94,59,147,1
8,94,60,147,1
8,94,61,147,1
8,94,62,147,1
8,94,63,147,1
8,94,80,7,9
8,94,81,7,7
8,94,82,7,6
8,94,83,7,1
8,94,84,7,1
8,94,85,7,8
8,94,86,7,5
8,94,87,7,1
8,94,88,7,4
8,94,89,7,3
8,94,90,7,10
8,94,91,7,4
8,94,92,7,4
8,94,93,7,5
8,94,94,7,3
8,94,95,7,4
8,95,48,147,1
8,95,49,147,1
8,95,50,147,1
8,95,51,147,1
8,95,52,147,1
8,95,53,147,1
8,95,54,147,1
8,95,55,147,1
8,95,56,147,1
8,95,57,147,1
8,95,58,147,1
8,95,59,147,1
8,95,60,147,1
8,95,61,147,1
8,95,62,147,1
8,95,63,147,1
8,95,80,7,9
8,95,81,7,1
8,95,82,7,1
8,95,83,7,4
8,95,84,7,4
8,95,85,7,5
8,95,86,7,13
8,95,87,7,2
8,95,88,7,3
8,95,89,7,4
8,95,90,7,6
8,95,91,7,3
8,95,92,7,3
8,95,93,7,11
8,95,94,7,2
8,95,95,7,2
8,96,56,147,1
8,96,57,147,1
8,96,58,147,1
8,96,59,147,1
8,96,60,147,1
8,96,61,147,1
8,96,62,147,1
8,96,63,147,1
8,96,64,147,1
8,96,65,147,1
8,96,66,147,1
8,96,67,147,1
8,96,68,147,1
8,96,68,2,1
8,96,69,147,1
8,96,69,2,1
8,96,70,147,1
8,96,70,2,1
8,96,71,2,4
8,97,56,147,1
8,97,57,147,1
8,97,58,147,1
8,97,59,147,1
8,97,60,147,1
8,97,61,147,1
8,97,62,147,1
8,97,63,147,1
8,97,64,147,1
8,97,65,147,1
8,97,65,2,1
8,97,66,147,1
8,97,66,2,1
8,97,67,147,1
8,97,67,2,1
8,97,68,147,1
8,97,68,2,4
8,97,69,2,24
8,97,70,2,29
8,97,71,2,44
8,98,56,147,1
8,98,57,147,1
8,98,58,147,1
8,98,59,147,1
8,98,60,147,1
8,98,61,147,1
8,98,62,147,1
8,98,63,147,1
8,98,64,147,1
8,98,64,2,1
8,98,65,147,1
8,98,65,2,1
8,98,66,2,11
8,98,67,2,17
8,98,68,2,45
8,98,69,2,51
8,98,70,2,14
8,98,71,2,12
8,99,56,147,1
8,99,57,147,1
8,99,58,147,1
8,99,59,147,1
8,99,60,147,1
8,99,61,147,1
8,99,62,2,1
8,99,62,147,1
8,99,63,147,1
8,99,63,2,1
8,99,64,147,1
8,99,64,2,1
8,99,65,2,10
8,99,66,2,26
8,99,67,2,22
8,99,68,2,11
8,99,69,2,5
8,99,70,2,3
8,99,71,2,3
8,100,56,147,1
8,100,57,147,1
8,100,58,147,1
8,100,59,147,1
8,100,60,147,1
8,100,61,2,1
8,100,61,147,1
8,100,62,2,1
8,100,62,147,1
8,100,63,2,2
8,100,64,2,22
8,100,65,2,29
8,100,66,2,1
8,100,67,2,4
8,100,68,2,3
8,100,69,2,2
8,100,70,2,3
8,100,71,2,3
8,101,56,147,1
8,101,57,147,1
8,101,58,147,1
8,101,59,147,1
8,101,60,147,1
8,101,61,2,1
8,101,61,147,1
8,101,62,2,1
8,101,63,2,23
8,101,64,2,36
8,101,65,2,23
8,101,66,2,2
8,101,67,2,3
8,101,68,2,2
8,101,69,2,2
8,101,70,2,1
8,101,71,2,1
8,102,56,147,1
8,102,57,147,1
8,102,58,147,1
8,102,59,2,1
8,102,59,147,1
8,102,60,2,1
8,102,60,147,1
8,102,61,2,1
8,102,61,147,1
8,102,62,2,3
8,102,63,2,24
8,102,64,2,32
8,102,65,2,14
8,102,66,2,5
8,102,67,2,3
8,102,68,2,2
8,102,69,2,1
8,102,70,2,1
8,102,71,2,1
8,103,56,147,1
8,103,57,147,1
8,103,57,2,1
8,103,58,147,1
8,103,58,2,1
8,103,59,2,2
8,103,59,147,1
8,103,60,2,11
8,103,61,2,30
8,103,62,2,23
8,103,63,2,38
8,103,64,2,14
8,103,65,2,3
8,103,66,2,2
8,103,67,2,2
8,103,68,2,1
8,103,69,2,1
8,103,70,2,1
8,103,71,2,2
8,104,48,147,1
8,104,49,147,1
8,104,50,147,1
8,104,51,147,1
8,104,52,147,1
8,104,53,147,1
8,104,54,147,1
8,104,55,147,1
8,104,56,147,1
8,104,56,2,1
8,104,57,147,1
8,104,57,2,1
8,104,58,2,3
8,104,59,2,16
8,104,60,2,40
8,104,61,2,45
8,104,62,2,20
8,104,63,2,5
8,105,48,147,1
8,105,48,2,1
8,105,49,147,1
8,105,49,2,1
8,105,50,147,1
8,105,50,2,1
8,105,51,147,1
8,105,51,2,1
8,105,52,147,1
8,105,52,2,1
8,105,53,147,1
8,105,53,2,1
8,105,54,147,1
8,105,54,2,1
8,105,55,147,1
8,105,55,2,1
8,105,56,147,1
8,105,56,2,1
8,105,57,2,1
8,105,58,2,5
8,105,59,2,22
8,105,60,2,38
8,105,61,2,17
8,105,62,2,1
8,105,63,2,3
8,106,48,2,2
8,106,49,2,8
8,106,50,2,1
8,106,51,2,1
8,106,52,2,3
8,106,53,2,17
8,106,54,2,7
8,106,55,2,6
8,106,56,2,14
8,106,57,2,9
8,106,58,2,13
8,106,59,2,25
8,106,60,2,26
8,106,61,2,6
8,106,62,2,3
8,106,63,2,3
8,107,48,2,27
8,107,49,2,25
8,107,50,2,26
8,107,51,2,7
8,107,52,2,16
8,107,53,2,28
8,107,54,2,28
8,107,55,2,22
8,107,56,2,30
8,107,57,2,21
8,107,58,2,15
8,107,59,2,17
8,107,60,2,11
8,107,61,2,3
8,107,62,2,1
8,107,63,2,1
8,108,48,2,17
8,108,49,2,19
8,108,50,2,38
8,108,51,2,19
8,108,52,2,13
8,108,53,2,18
8,108,54,2,19
8,108,55,2,18
8,108,56,2,18
8,108,57,2,23
8,108,58,2,12
8,108,59,2,18
8,108,60,2,11
8,108,61,2,3
8,108,62,2,1
8,108,63,2,2
8,109,48,2,14
8,109,49,2,13
8,109,50,2,23
8,109,51,2,33
8,109,52,2,29
8,109,53,2,31
8,109,54,2,35
8,109,55,2,30
8,109,56,2,15
8,109,57,2,18
8,109,58,2,22
8,109,59,2,14
8,109,60,2,4
8,109,61,2,2
8,109,62,2,2
8,109,63,2,2
8,110,48,2,15
8,110,49,2,15
8,110,50,2,11
8,110,51,2,10
8,110,52,2,32
8,110,53,2,34
8,110,54,2,17
8,110,55,2,9
8,110,56,2,10
8,110,57,2,24
8,110,58,2,13
8,110,59,2,5
8,110,60,2,1
8,110,61,2,2
8,110,62,2,2
8,110,63,2,2
8,111,48,2,22
8,111,49,2,16
8,111,50,2,18
8,111,51,2,15
8,111,52,2,25
8,111,53,2,24
8,111,54,2,5
8,111,55,2,12
8,111,56,2,7
8,111,57,2,18
8,111,58,2,5
8,111,59,2,3
8,111,60,2,2
8,111,61,2,2
8,111,62,2,3
8,111,63,2,4
8,112,88,147,2
8,112,89,147,2
8,112,90,147,2
8,112,91,147,2
8,112,92,147,1
8,112,93,147,1
8,112,94,147,1
8,112,95,147,1
8,112,96,147,2
8,112,97,147,2
8,112,98,147,2
8,112,99,147,2
8,112,100,147,1
8,112,101,147,3
8,112,102,147,2
8,112,103,147,3
8,113,88,147,1
8,113,89,147,1
8,113,90,147,1
8,113,91,147,1
8,113,92,147,1
8,113,93,147,2
8,113,94,147,2
8,113,95,147,2
8,113,96,147,3
8,113,97,147,2
8,113,98,147,2
8,113,99,147,2
8,113,100,147,2
8,113,101,147,2
8,113,102,147,1
8,113,103,147,1
8,114,88,147,2
8,114,89,147,2
8,114,90,147,2
8,114,91,147,2
8,114,92,147,2
8,114,93,147,3
8,114,94,147,2
8,114,95,147,2
8,114,96,147,2
8,114,97,147,1
8,114,98,147,1
8,114,99,147,2
8,114,100,147,2
8,114,101,147,1
8,114,102,147,1
8,114,103,147,1
8,115,88,147,2
8,115,89,147,2
8,115,90,147,2
8,115,91,147,2
8,115,92,147,2
8,115,93,147,2
8,115,94,147,1
8,115,95,147,1
8,115,96,147,1
8,115,97,147,1
8,115,98,147,1
8,115,99,147,2
8,115,100,147,1
8,115,101,147,1
8,115,102,147,1
8,115,103,147,2
8,115,103,190,1
8,116,88,147,2
8,116,89,147,2
8,116,90,147,2
8,116,91,147,2
8,116,92,147,1
8,116,93,147,1
8,116,94,147,1
8,116,95,147,1
8,116,96,147,1
8,116,97,147,1
8,116,98,147,2
8,116,99,147,2
8,116,100,147,1
8,116,101,147,1
8,116,102,147,2
8,116,103,147,4
8,116,103,190,1
8,117,88,147,1
8,117,89,147,1
8,117,90,147,1
8,117,91,147,1
8,117,92,147,1
8,117,93,147,1
8,117,94,147,1
8,117,95,147,2
8,117,96,147,2
8,117,97,147,2
8,117,98,147,2
8,117,99,147,1
8,117,100,147,1
8,117,101,147,2
8,117,102,147,2
8,117,103,147,1
8,118,88,147,2
8,118,89,147,3
8,118,90,147,1
8,118,91,147,1
8,118,92,147,1
8,118,93,147,2
8,118,94,147,3
8,118,95,147,3
8,118,96,147,2
8,118,97,147,1
8,118,98,147,1
8,118,99,147,2
8,118,100,147,2
8,118,101,147,2
8,118,102,147,2
8,118,103,147,2
8,119,88,147,1
8,119,89,147,3
8,119,90,147,3
8,119,91,147,1
8,119,92,147,2
8,119,93,147,4
8,119,94,147,3
8,119,95,147,2
8,119,96,147,3
8,119,97,147,3
8,119,98,147,4
8,119,99,147,5
8,119,100,147,2
8,119,101,147,2
8,119,102,147,2
8,119,103,147,2
8,120,72,2,6
8,120,72,147,3
8,120,73,2,4
8,120,73,147,2
8,120,74,7,2
8,120,74,2,2
8,120,74,147,1
8,120,75,7,5
8,120,75,147,2
8,120,76,7,1
8,120,76,147,1
8,120,77,147,1
8,120,77,7,5
8,120,78,147,1
8,120,78,7,7
8,120,79,147,4
8,120,79,7,3
8,120,80,147,5
8,120,80,7,2
8,120,81,7,8
8,120,81,147,10
8,120,82,7,17
8,120,82,147,23
8,120,83,7,3
8,120,83,147,8
8,120,84,7,15
8,120,84,147,16
8,120,85,147,7
8,120,85,7,6
8,120,86,147,2
8,120,86,7,3
8,120,87,147,1
8,120,88,147,1
8,120,89,147,3
8,120,90,147,4
8,120,91,147,2
8,120,92,147,2
8,120,93,147,4
8,120,94,147,4
8,120,95,147,5
8,120,96,147,4
8,120,97,147,6
8,120,98,147,4
8,120,99,147,4
8,120,100,147,3
8,120,101,147,3
8,120,102,147,3
8,120,103,147,3
8,121,72,147,4
8,121,73,147,4
8,121,74,147,3
8,121,75,147,3
8,121,76,147,9
8,121,77,23,10
8,121,77,147,7
8,121,78,147,12
8,121,79,147,15
8,121,80,147,25
8,121,81,147,18
8,121,82,147,28
8,121,83,147,22
8,121,84,147,33
8,121,85,147,20
8,121,86,147,2
8,121,87,147,2
8,121,88,147,2
8,121,89,147,2
8,121,90,147,3
8,121,91,147,2
8,121,92,147,3
8,121,93,77,121
8,121,93,147,10
8,121,94,77,306
8,121,94,147,18
8,121,95,77,13
8,121,95,147,40
8,121,96,147,35
8,121,97,147,63
8,121,98,147,46
8,121,99,147,32
8,121,100,147,1
8,121,101,147,1
8,121,102,147,4
8,121,102,190,2
8,121,103,190,13
8,121,103,147,5
8,122,72,147,4
8,122,73,147,6
8,122,74,147,4
8,122,75,147,4
8,122,76,23,23
8,122,76,147,15
8,122,77,23,289
8,122,77,147,20
8,122,78,23,90
8,122,78,147,10
8,122,79,147,13
8,122,80,23,7
8,122,80,147,29
8,122,81,23,185
8,122,81,147,19
8,122,82,147,15
8,122,82,23,2
8,122,83,147,19
8,122,84,147,32
8,122,85,147,12
8,122,86,147,7
8,122,87,147,4
8,122,88,147,3
8,122,89,147,5
8,122,90,147,3
8,122,91,147,3
8,122,92,147,4
8,122,93,77,352
8,122,93,147,16
8,122,94,77,761
8,122,94,147,8
8,122,95,77,72
8,122,95,147,69
8,122,96,147,69
8,122,97,147,79
8,122,97,77,48
8,122,98,147,101
8,122,98,77,89
8,122,99,147,33
8,122,99,77,37
8,122,100,147,1
8,122,101,147,1
8,122,102,190,10
8,122,102,147,8
8,122,103,190,20
8,123,72,147,6
8,123,73,147,4
8,123,74,147,6
8,123,75,23,9
8,123,75,147,18
8,123,76,23,106
8,123,76,147,19
8,123,77,23,247
8,123,77,147,29
8,123,78,23,322
8,123,78,147,68
8,123,79,23,292
8,123,79,147,43
8,123,80,23,199
8,123,80,147,38
8,123,81,23,429
8,123,81,147,17
8,123,82,147,26
8,123,82,23,31
8,123,83,147,26
8,123,84,147,40
8,123,85,147,9
8,123,86,147,9
8,123,86,23,55
8,123,87,147,10
8,123,88,147,7
8,123,89,147,4
8,123,90,147,2
8,123,91,147,4
8,123,92,147,3
8,123,93,77,250
8,123,93,147,24
8,123,94,77,536
8,123,95,77,241
8,123,95,147,52
8,123,96,147,23
8,123,96,77,208
8,123,97,147,13
8,123,97,77,347
8,123,98,147,8
8,123,98,77,607
8,123,99,77,272
8,123,99,147,4
8,123,100,147,8
8,123,100,77,209
8,123,100,190,2
8,123,101,190,4
8,123,101,147,2
8,123,102,147,3
8,123,102,190,11
8,123,103,190,9
8,124,72,147,2
8,124,73,147,4
8,124,74,147,4
8,124,75,23,2
8,124,75,147,10
8,124,76,23,233
8,124,76,147,18
8,124,77,23,294
8,124,77,147,23
8,124,78,23,428
8,124,78,147,20
8,124,79,23,448
8,124,79,147,38
8,124,80,23,351
8,124,80,147,29
8,124,81,23,83
8,124,81,147,42
8,124,82,23,51
8,124,82,147,26
8,124,83,23,116
8,124,83,147,41
8,124,84,23,284
8,124,84,147,31
8,124,85,147,33
8,124,85,23,25
8,124,86,23,220
8,124,86,147,21
8,124,87,147,12
8,124,88,147,46
8,124,88,249,167
8,124,89,147,12
8,124,89,249,20
8,124,90,147,3
8,124,91,147,3
8,124,92,147,11
8,124,93,147,41
8,124,93,77,288
8,124,94,77,489
8,124,95,77,266
8,124,95,147,3
8,124,96,77,232
8,124,96,147,1
8,124,97,147,11
8,124,97,77,562
8,124,98,77,433
8,124,98,147,3
8,124,99,77,703
8,124,99,147,3
8,124,100,77,203
8,124,100,147,11
8,124,100,190,4
8,124,101,147,3
8,124,101,190,15
8,124,102,190,12
8,124,103,190,12
8,125,72,147,3
8,125,73,147,4
8,125,74,147,9
8,125,75,23,71
8,125,75,147,18
8,125,76,23,105
8,125,76,147,13
8,125,77,23,194
8,125,77,147,44
8,125,78,23,381
8,125,79,23,355
8,125,79,147,26
8,125,80,23,359
8,125,80,147,8
8,125,81,23,375
8,125,81,147,39
8,125,82,23,66
8,125,82,147,31
8,125,83,23,575
8,125,83,147,30
8,125,84,23,204
8,125,84,147,8
8,125,85,23,251
8,125,85,147,26
8,125,86,23,251
8,125,86,147,26
8,125,87,147,27
8,125,88,147,30
8,125,88,249,416
8,125,89,249,148
8,125,89,147,31
8,125,90,147,6
8,125,91,147,4
8,125,92,147,1
8,125,93,147,27
8,125,93,77,145
8,125,94,77,333
8,125,95,77,314
8,125,95,147,2
8,125,96,77,244
8,125,96,147,2
8,125,97,77,359
8,125,97,147,3
8,125,98,77,270
8,125,98,147,2
8,125,99,147,3
8,125,99,77,417
8,125,100,147,7
8,125,101,77,1
8,125,101,147,8
8,125,101,190,19
8,125,102,190,8
8,125,103,190,8
8,126,72,147,5
8,126,73,23,85
8,126,73,147,22
8,126,74,147,19
8,126,74,23,33
8,126,75,23,42
8,126,75,147,13
8,126,76,147,10
8,126,77,23,123
8,126,77,147,24
8,126,78,23,115
8,126,78,147,17
8,126,79,23,91
8,126,79,147,21
8,126,80,23,211
8,126,80,147,13
8,126,81,23,245
8,126,81,147,4
8,126,82,23,220
8,126,82,147,8
8,126,83,23,326
8,126,83,147,4
8,126,84,23,266
8,126,84,147,9
8,126,85,23,311
8,126,85,147,5
8,126,86,147,29
8,126,86,23,71
8,126,87,147,61
8,126,87,249,220
8,126,88,147,28
8,126,88,249,255
8,126,89,147,22
8,126,89,249,520
8,126,90,147,25
8,126,90,249,143
8,126,91,147,10
8,126,91,249,2
8,126,92,147,3
8,126,93,77,150
8,126,93,147,27
8,126,93,249,81
8,126,94,77,270
8,126,94,249,3
8,126,95,77,449
8,126,95,147,2
8,126,96,147,10
8,126,96,77,659
8,126,97,147,9
8,126,97,77,416
8,126,98,77,787
8,126,98,147,4
8,126,99,147,14
8,126,99,77,409
8,126,100,147,10
8,126,101,190,12
8,126,101,147,10
8,126,102,190,8
8,126,103,190,13
8,127,72,147,15
8,127,73,23,313
8,127,73,147,29
8,127,74,147,19
8,127,74,23,156
8,127,75,147,11
8,127,76,147,8
8,127,77,147,6
8,127,78,147,12
8,127,79,147,8
8,127,80,147,13
8,127,80,23,2
8,127,81,23,77
8,127,81,147,20
8,127,82,23,119
8,127,82,147,10
8,127,83,23,177
8,127,83,147,1
8,127,84,23,210
8,127,85,23,185
8,127,85,147,16
8,127,86,23,17
8,127,86,147,20
8,127,87,249,202
8,127,87,147,19
8,127,88,249,438
8,127,88,147,2
8,127,89,249,555
8,127,90,249,419
8,127,90,147,5
8,127,91,147,16
8,127,91,249,232
8,127,92,249,228
8,127,92,147,5
8,127,93,249,577
8,127,93,77,10
8,127,93,147,6
8,127,94,249,238
8,127,94,77,203
8,127,94,147,6
8,127,95,77,305
8,127,96,77,676
8,127,96,147,3
8,127,97,77,592
8,127,97,147,9
8,127,98,77,669
8,127,98,147,8
8,127,99,147,7
8,127,99,77,94
8,127,100,190,6
8,127,100,147,11
8,127,101,190,13
8,127,101,147,3
8,127,102,190,8
8,127,103,190,14
8,128,64,147,1
8,128,65,147,1
8,128,66,147,1
8,128,67,147,4
8,128,68,147,4
8,128,69,147,3
8,128,70,147,2
8,128,71,147,2
8,128,72,147,3
8,128,73,147,6
8,128,74,147,4
8,128,75,147,1
8,128,76,147,1
8,128,77,147,1
8,128,78,147,3
8,128,79,147,2
8,128,88,249,296
8,128,89,249,335
8,128,90,249,374
8,128,91,249,429
8,128,92,249,276
8,128,93,249,354
8,128,94,77,272
8,128,94,249,446
8,128,94,147,7
8,128,95,77,304
8,128,95,147,5
8,128,96,77,190
8,128,96,147,7
8,128,97,147,10
8,128,97,77,56
8,128,98,147,7
8,128,98,77,30
8,128,99,147,3
8,128,100,190,9
8,128,100,147,12
8,128,101,190,13
8,128,102,190,12
8,128,103,190,6
8,129,64,147,5
8,129,65,147,3
8,129,66,147,4
8,129,67,147,6
8,129,68,147,4
8,129,69,147,4
8,129,70,147,2
8,129,71,147,2
8,129,72,147,2
8,129,73,147,2
8,129,74,147,2
8,129,75,147,1
8,129,76,147,1
8,129,77,147,1
8,129,78,147,1
8,129,79,147,1
8,129,88,249,294
8,129,89,249,304
8,129,90,249,406
8,129,91,249,430
8,129,92,249,534
8,129,93,249,482
8,129,94,77,184
8,129,94,249,576
8,129,94,147,14
8,129,95,77,210
8,129,95,147,5
8,129,96,147,10
8,129,97,147,13
8,129,97,77,115
8,129,98,77,8
8,129,98,147,4
8,129,99,147,9
8,129,99,190,2
8,129,100,190,13
8,129,100,147,7
8,129,101,190,20
8,129,102,190,14
8,129,103,190,3
8,130,64,147,3
8,130,65,147,3
8,130,66,147,5
8,130,67,147,5
8,130,68,147,3
8,130,69,147,3
8,130,70,147,2
8,130,71,147,5
8,130,72,147,7
8,130,73,147,7
8,130,74,147,7
8,130,75,147,5
8,130,76,147,4
8,130,77,147,2
8,130,78,147,1
8,130,79,147,1
8,130,88,249,186
8,130,89,249,326
8,130,90,249,493
8,130,91,249,618
8,130,92,249,717
8,130,93,249,796
8,130,93,147,4
8,130,94,77,52
8,130,94,147,9
8,130,94,249,106
8,130,95,77,85
8,130,95,147,6
8,130,96,147,16
8,130,96,77,32
8,130,97,77,150
8,130,97,147,12
8,130,98,147,3
8,130,99,147,14
8,130,99,190,3
8,130,100,190,11
8,130,101,190,17
8,130,102,190,9
8,130,103,190,4
8,131,64,147,1
8,131,65,147,1
8,131,66,147,1
8,131,67,147,1
8,131,68,147,1
8,131,69,147,4
8,131,70,147,12
8,131,71,147,45
8,131,72,147,68
8,131,73,147,62
8,131,74,147,52
8,131,75,147,42
8,131,76,147,16
8,131,77,147,9
8,131,78,147,2
8,131,79,147,2
8,131,88,249,81
8,131,89,249,348
8,131,90,249,570
8,131,91,249,500
8,131,92,249,570
8,131,93,249,501
8,131,93,147,6
8,131,94,147,2
8,131,95,147,5
8,131,96,147,4
8,131,96,77,7
8,131,97,147,3
8,131,97,77,4
8,131,98,147,3
8,131,99,190,10
8,131,99,147,13
8,131,100,190,16
8,131,101,190,14
8,131,102,190,1
8,131,103,190,3
8,132,64,147,1
8,132,65,147,1
8,132,66,147,1
8,132,67,147,1
8,132,68,147,3
8,132,69,147,16
8,132,70,147,42
8,132,71,147,28
8,132,72,147,39
8,132,73,147,59
8,132,74,147,84
8,132,75,147,73
8,132,76,147,43
8,132,77,147,22
8,132,78,147,8
8,132,79,147,1
8,132,88,249,202
8,132,88,94,276
8,132,89,249,197
8,132,89,49,1067
8,132,89,94,57
8,132,90,249,177
8,132,90,49,1928
8,132,91,249,593
8,132,91,49,967
8,132,91,147,11
8,132,92,249,771
8,132,92,147,12
8,132,93,147,14
8,132,93,249,792
8,132,94,147,9
8,132,94,249,17
8,132,95,147,2
8,132,96,147,2
8,132,97,147,2
8,132,98,147,2
8,132,99,190,7
8,132,99,147,9
8,132,100,190,20
8,132,101,190,10
8,132,102,190,2
8,132,103,190,2
8,133,64,147,1
8,133,65,147,1
8,133,66,147,1
8,133,67,147,4
8,133,68,147,12
8,133,69,147,59
8,133,70,147,26
8,133,71,147,15
8,133,72,147,44
8,133,73,147,39
8,133,74,147,37
8,133,75,147,52
8,133,76,147,48
8,133,77,147,38
8,133,78,147,13
8,133,79,147,4
8,133,88,94,481
8,133,88,249,214
8,133,89,49,2674
8,133,89,94,89
8,133,89,249,22
8,133,90,49,4210
8,133,91,49,1298
8,133,91,147,27
8,133,91,249,35
8,133,92,147,45
8,133,92,249,57
8,133,93,147,16
8,133,93,249,158
8,133,94,147,6
8,133,95,147,11
8,133,96,147,17
8,133,97,147,11
8,133,98,147,4
8,133,99,147,10
8,133,99,190,9
8,133,100,190,24
8,133,101,190,13
8,133,102,190,3
8,133,103,190,2
8,134,64,147,1
8,134,65,147,1
8,134,66,147,3
8,134,67,147,9
8,134,68,147,46
8,134,69,147,53
8,134,70,147,32
8,134,71,147,28
8,134,72,147,19
8,134,73,147,25
8,134,74,147,20
8,134,75,147,35
8,134,76,147,26
8,134,77,147,10
8,134,78,147,45
8,134,79,147,8
8,134,88,94,399
8,134,89,49,2505
8,134,89,94,129
8,134,90,49,3642
8,134,91,147,2
8,134,91,49,935
8,134,92,147,47
8,134,93,147,11
8,134,93,249,1
8,134,94,147,25
8,134,94,249,353
8,134,95,147,21
8,134,95,249,120
8,134,96,147,41
8,134,97,147,61
8,134,98,147,4
8,134,99,147,7
8,134,99,190,15
8,134,100,190,20
8,134,101,190,13
8,134,102,190,6
8,134,103,190,3
8,135,64,147,6
8,135,65,147,11
8,135,66,147,14
8,135,67,147,33
8,135,68,147,42
8,135,69,147,19
8,135,70,147,9
8,135,71,147,15
8,135,72,147,8
8,135,73,147,15
8,135,74,147,29
8,135,75,147,28
8,135,75,95,10
8,135,76,147,6
8,135,76,95,4
8,135,77,147,10
8,135,77,95,2
8,135,78,147,24
8,135,79,147,22
8,135,88,94,508
8,135,89,147,5
8,135,89,49,1717
8,135,89,94,258
8,135,90,147,24
8,135,90,49,2442
8,135,91,147,25
8,135,91,49,687
8,135,92,147,38
8,135,93,147,44
8,135,93,249,2
8,135,94,147,28
8,135,94,249,1
8,135,95,147,3
8,135,96,147,9
8,135,97,147,7
8,135,98,147,5
8,135,99,190,10
8,135,99,147,13
8,135,100,147,3
8,135,100,190,11
8,135,101,147,5
8,135,101,190,6
8,135,102,147,4
8,135,102,190,9
8,135,103,190,6
8,136,56,147,1
8,136,57,147,1
8,136,58,147,3
8,136,59,147,2
8,136,60,147,5
8,136,61,147,13
8,136,62,147,14
8,136,63,147,9
8,136,64,147,14
8,136,65,147,27
8,136,66,147,42
8,136,67,147,30
8,136,68,147,25
8,136,68,95,28
8,136,69,147,17
8,136,69,95,68
8,136,70,95,41
8,136,70,147,12
8,136,71,95,26
8,136,71,147,12
8,136,80,95,1
8,136,80,94,33
8,136,80,147,20
8,136,81,94,147
8,136,82,94,441
8,136,83,94,606
8,136,84,94,514
8,136,85,94,466
8,136,86,94,522
8,136,87,94,410
8,136,88,94,422
8,136,89,147,14
8,136,89,94,616
8,136,90,147,76
8,136,91,147,25
8,136,92,147,12
8,136,93,147,40
8,136,94,147,43
8,136,95,147,8
8,136,96,147,13
8,136,97,147,9
8,136,98,147,13
8,136,99,147,11
8,136,100,147,2
8,136,101,147,2
8,136,101,190,1
8,136,102,147,6
8,136,102,190,1
8,136,103,190,6
8,136,103,147,3
8,137,56,147,1
8,137,57,147,1
8,137,58,147,3
8,137,59,147,6
8,137,60,147,17
8,137,61,147,20
8,137,62,147,8
8,137,63,147,20
8,137,64,147,23
8,137,65,147,19
8,137,66,147,23
8,137,66,95,6
8,137,67,147,24
8,137,67,95,24
8,137,68,95,143
8,137,68,147,14
8,137,69,95,109
8,137,70,95,39
8,137,71,95,62
8,137,80,95,35
8,137,80,94,4
8,137,80,147,3
8,137,81,94,241
8,137,82,94,415
8,137,83,94,604
8,137,84,94,677
8,137,85,94,720
8,137,86,94,424
8,137,87,94,384
8,137,88,94,480
8,137,89,147,16
8,137,89,94,600
8,137,90,147,80
8,137,91,147,47
8,137,92,147,5
8,137,93,147,26
8,137,94,147,41
8,137,95,147,53
8,137,96,147,15
8,137,97,147,13
8,137,98,147,29
8,137,99,147,21
8,137,100,147,7
8,137,101,147,1
8,137,102,147,1
8,137,103,190,4
8,137,103,147,4
8,138,56,147,1
8,138,57,147,2
8,138,58,147,4
8,138,59,147,30
8,138,60,147,35
8,138,61,147,16
8,138,62,147,40
8,138,63,147,18
8,138,63,95,3
8,138,64,147,9
8,138,64,95,34
8,138,65,95,78
8,138,65,147,4
8,138,66,95,128
8,138,66,147,8
8,138,67,95,120
8,138,67,147,5
8,138,68,95,95
8,138,68,147,1
8,138,69,95,82
8,138,70,95,170
8,138,71,95,111
8,138,80,147,21
8,138,80,94,8
8,138,80,95,28
8,138,81,147,8
8,138,81,94,19
8,138,82,147,9
8,138,82,94,339
8,138,83,147,5
8,138,83,94,345
8,138,84,147,5
8,138,84,94,482
8,138,85,147,19
8,138,85,94,575
8,138,86,147,15
8,138,86,94,290
8,138,87,147,12
8,138,87,94,213
8,138,88,94,183
8,138,88,147,28
8,138,89,147,54
8,138,89,94,191
8,138,90,147,85
8,138,91,147,143
8,138,92,147,81
8,138,93,147,9
8,138,94,147,9
8,138,95,147,43
8,138,96,147,51
8,138,97,147,10
8,138,98,147,34
8,138,99,147,29
8,138,100,147,4
8,138,101,147,1
8,138,102,147,1
8,138,103,147,5
8,138,103,190,3
8,139,56,147,2
8,139,57,147,2
8,139,58,147,13
8,139,59,147,33
8,139,60,147,33
8,139,61,147,30
8,139,61,95,20
8,139,62,95,58
8,139,62,147,30
8,139,63,95,58
8,139,63,147,11
8,139,64,147,1
8,139,64,95,98
8,139,65,95,55
8,139,66,95,138
8,139,67,95,112
8,139,68,95,52
8,139,69,95,112
8,139,70,95,123
8,139,71,95,75
8,139,80,147,5
8,139,80,94,1
8,139,80,95,4
8,139,81,147,25
8,139,81,94,1
8,139,82,147,13
8,139,83,147,12
8,139,84,147,8
8,139,85,147,30
8,139,86,147,55
8,139,87,147,42
8,139,88,147,48
8,139,89,147,54
8,139,90,147,43
8,139,91,147,76
8,139,92,147,143
8,139,93,147,64
8,139,94,147,9
8,139,95,147,15
8,139,96,147,44
8,139,97,147,34
8,139,98,147,21
8,139,99,147,5
8,139,100,147,7
8,139,101,147,3
8,139,102,147,2
8,139,103,147,2
8,140,56,147,7
8,140,57,147,10
8,140,58,147,39
8,140,59,147,16
8,140,60,147,28
8,140,60,95,34
8,140,61,95,83
8,140,61,147,9
8,140,62,95,79
8,140,63,95,95
8,140,64,95,107
8,140,65,95,78
8,140,66,95,65
8,140,67,95,75
8,140,68,95,92
8,140,69,95,130
8,140,70,95,92
8,140,71,95,42
8,140,80,147,4
8,140,80,95,1
8,140,81,147,25
8,140,82,147,3
8,140,83,147,20
8,140,84,147,12
8,140,85,147,11
8,140,86,147,46
8,140,87,147,41
8,140,88,147,54
8,140,89,147,35
8,140,90,147,34
8,140,91,147,49
8,140,92,147,57
8,140,93,147,84
8,140,94,147,30
8,140,95,147,4
8,140,96,147,16
8,140,97,147,9
8,140,98,147,2
8,140,99,147,1
8,140,100,147,3
8,140,101,147,2
8,140,102,147,1
8,140,103,147,2
8,141,56,147,14
8,141,57,147,42
8,141,58,147,24
8,141,59,147,22
8,141,60,95,115
8,141,60,147,8
8,141,61,95,171
8,141,62,95,86
8,141,63,95,101
8,141,64,95,80
8,141,65,95,103
8,141,66,95,128
8,141,67,95,197
8,141,68,95,157
8,141,69,95,76
8,141,70,147,4
8,141,70,95,13
8,141,71,95,2
8,141,71,147,4
8,141,80,147,10
8,141,81,147,34
8,141,82,147,17
8,141,83,147,25
8,141,84,147,25
8,141,85,147,40
8,141,86,147,44
8,141,87,147,80
8,141,88,147,93
8,141,89,147,57
8,141,90,147,13
8,141,91,147,19
8,141,92,147,54
8,141,93,147,79
8,141,94,147,67
8,141,95,147,20
8,141,96,147,15
8,141,97,147,10
8,141,98,147,3
8,141,99,147,3
8,141,100,147,3
8,141,101,147,3
8,141,102,147,3
8,141,103,147,2
8,142,56,147,17
8,142,57,147,38
8,142,58,147,12
8,142,59,147,15
8,142,59,95,44
8,142,60,95,87
8,142,60,147,8
8,142,61,95,158
8,142,62,95,97
8,142,63,95,110
8,142,64,95,120
8,142,65,95,122
8,142,66,95,133
8,142,67,95,231
8,142,68,95,74
8,142,68,147,1
8,142,69,95,7
8,142,69,147,7
8,142,70,95,1
8,142,70,147,11
8,142,71,147,13
8,142,80,147,11
8,142,81,147,28
8,142,82,147,22
8,142,83,147,12
8,142,84,147,16
8,142,85,147,41
8,142,86,147,33
8,142,87,147,66
8,142,88,147,101
8,142,89,147,15
8,142,90,147,3
8,142,91,147,7
8,142,92,147,38
8,142,93,147,105
8,142,94,147,97
8,142,95,147,79
8,142,96,147,63
8,142,97,147,78
8,142,98,147,31
8,142,99,147,6
8,142,100,147,2
8,142,101,147,1
8,142,102,147,3
8,142,103,190,3
8,142,103,147,5
8,143,56,147,15
8,143,57,147,30
8,143,58,147,20
8,143,59,147,23
8,143,59,95,7
8,143,60,95,62
8,143,60,147,11
8,143,61,95,107
8,143,62,95,77
8,143,63,95,58
8,143,64,95,98
8,143,65,95,124
8,143,66,95,51
8,143,67,95,36
8,143,67,147,1
8,143,68,147,4
8,143,68,95,2
8,143,69,147,17
8,143,70,147,38
8,143,71,147,37
8,143,80,147,13
8,143,81,147,12
8,143,82,147,16
8,143,83,147,15
8,143,84,147,13
8,143,85,147,40
8,143,86,147,23
8,143,87,147,46
8,143,88,147,48
8,143,89,147,8
8,143,90,147,32
8,143,91,147,56
8,143,92,147,92
8,143,93,147,98
8,143,94,147,97
8,143,95,147,87
8,143,96,147,60
8,143,97,147,62
8,143,98,147,74
8,143,99,147,42
8,143,100,147,4
8,143,101,147,3
8,143,102,147,5
8,143,103,190,4
8,143,103,147,3
8,144,56,147,31
8,144,57,147,30
8,144,58,147,27
8,144,59,147,26
8,144,60,147,21
8,144,60,95,16
8,144,61,95,44
8,144,61,147,13
8,144,62,95,90
8,144,62,147,15
8,144,63,147,4
8,144,63,95,58
8,144,64,95,91
8,144,64,147,13
8,144,65,95,69
8,144,66,147,3
8,144,66,95,4
8,144,67,147,5
8,144,67,95,1
8,144,68,147,27
8,144,69,147,19
8,144,70,147,38
8,144,71,147,45
8,144,72,147,50
8,144,73,147,69
8,144,74,147,58
8,144,75,147,44
8,144,76,147,15
8,144,77,147,7
8,144,78,147,6
8,144,79,147,10
8,144,88,147,44
8,144,89,147,28
8,144,90,147,69
8,144,91,147,95
8,144,92,147,28
8,144,93,147,60
8,144,94,147,101
8,144,95,147,70
8,144,96,147,42
8,144,97,147,55
8,144,98,147,71
8,144,99,147,41
8,144,100,147,17
8,144,101,147,11
8,144,102,147,5
8,144,103,147,10
8,144,103,190,3
8,145,56,147,23
8,145,57,147,21
8,145,58,147,21
8,145,59,147,20
8,145,60,147,24
8,145,61,147,32
8,145,62,147,23
8,145,63,147,11
8,145,63,95,1
8,145,64,95,10
8,145,64,147,30
8,145,65,147,25
8,145,65,95,12
8,145,66,147,17
8,145,66,95,1
8,145,67,147,42
8,145,68,147,52
8,145,69,147,31
8,145,70,147,23
8,145,71,147,51
8,145,72,147,57
8,145,73,147,88
8,145,74,147,38
8,145,75,147,25
8,145,76,147,8
8,145,77,147,4
8,145,78,147,4
8,145,79,147,1
8,145,88,147,44
8,145,89,147,53
8,145,90,147,5
8,145,91,147,52
8,145,92,147,5
8,145,93,147,13
8,145,94,147,47
8,145,95,147,62
8,145,96,147,29
8,145,97,147,17
8,145,98,147,34
8,145,99,147,42
8,145,100,147,10
8,145,101,147,31
8,145,102,147,4
8,145,103,147,5
8,145,103,190,1
8,146,56,147,11
8,146,57,147,18
8,146,58,147,20
8,146,59,147,15
8,146,60,147,26
8,146,61,147,24
8,146,62,147,31
8,146,63,147,14
8,146,64,147,22
8,146,65,147,19
8,146,66,147,18
8,146,67,147,33
8,146,68,147,62
8,146,69,147,44
8,146,70,147,26
8,146,71,147,44
8,146,72,147,50
8,146,73,147,59
8,146,74,147,24
8,146,75,147,12
8,146,76,147,2
8,146,77,147,3
8,146,78,147,1
8,146,79,147,1
8,146,88,147,27
8,146,89,147,40
8,146,90,147,52
8,146,91,147,80
8,146,92,147,14
8,146,93,147,9
8,146,94,147,52
8,146,95,147,62
8,146,96,147,40
8,146,97,147,39
8,146,98,147,25
8,146,99,147,31
8,146,100,147,16
8,146,101,147,24
8,146,102,147,4
8,146,103,147,6
8,147,56,147,11
8,147,57,147,25
8,147,58,147,14
8,147,59,147,7
8,147,60,147,8
8,147,61,147,20
8,147,62,147,25
8,147,63,147,21
8,147,64,147,20
8,147,65,147,21
8,147,66,147,30
8,147,67,147,36
8,147,68,147,30
8,147,69,147,46
8,147,70,147,43
8,147,71,147,36
8,147,72,147,32
8,147,73,147,7
8,147,74,147,14
8,147,75,147,18
8,147,76,147,4
8,147,77,147,3
8,147,78,147,1
8,147,79,147,4
8,147,88,147,11
8,147,89,147,2
8,147,90,147,8
8,147,91,147,11
8,147,92,147,15
8,147,93,147,23
8,147,94,147,57
8,147,95,147,34
8,147,96,147,48
8,147,97,147,65
8,147,98,147,58
8,147,99,147,67
8,147,100,147,25
8,147,101,147,6
8,147,102,147,3
8,147,103,147,2
8,148,56,147,6
8,148,57,147,14
8,148,58,147,14
8,148,59,147,12
8,148,60,147,9
8,148,61,147,15
8,148,62,147,25
8,148,63,147,27
8,148,64,147,36
8,148,65,147,20
8,148,66,147,29
8,148,67,147,50
8,148,68,147,28
8,148,69,147,26
8,148,70,147,20
8,148,71,147,28
8,148,72,147,26
8,148,73,147,16
8,148,74,147,12
8,148,75,147,11
8,148,76,147,5
8,148,77,147,4
8,148,78,147,2
8,148,79,147,4
8,148,88,147,11
8,148,89,147,5
8,148,90,147,7
8,148,91,147,19
8,148,92,147,51
8,148,93,147,9
8,148,94,147,8
8,148,95,147,39
8,148,96,147,66
8,148,97,147,90
8,148,98,147,50
8,148,99,147,81
8,148,100,147,14
8,148,101,147,5
8,148,102,147,2
8,148,103,147,2
8,149,56,147,3
8,149,57,147,19
8,149,58,147,21
8,149,59,147,22
8,149,60,147,15
8,149,61,147,14
8,149,62,147,24
8,149,63,147,18
8,149,64,147,28
8,149,65,147,14
8,149,66,147,14
8,149,67,147,25
8,149,68,147,27
8,149,69,147,25
8,149,70,147,33
8,149,71,147,39
8,149,72,147,25
8,149,73,147,10
8,149,74,147,11
8,149,75,147,6
8,149,76,147,3
8,149,77,147,1
8,149,78,147,2
8,149,79,147,3
8,149,88,147,8
8,149,89,147,5
8,149,90,147,11
8,149,91,147,7
8,149,92,147,5
8,149,93,147,3
8,149,94,147,3
8,149,95,147,27
8,149,96,147,82
8,149,97,147,70
8,149,98,147,50
8,149,99,147,50
8,149,100,147,24
8,149,101,147,6
8,149,102,147,2
8,149,103,147,1
8,150,56,147,10
8,150,57,147,13
8,150,58,147,19
8,150,59,147,22
8,150,60,147,11
8,150,61,147,9
8,150,62,147,20
8,150,63,147,33
8,150,64,147,21
8,150,65,147,26
8,150,66,147,37
8,150,67,147,33
8,150,68,147,27
8,150,69,147,34
8,150,70,147,37
8,150,71,147,29
8,150,72,147,19
8,150,73,147,5
8,150,74,147,9
8,150,75,147,5
8,150,76,147,1
8,150,77,147,2
8,150,78,147,3
8,150,79,147,3
8,150,88,147,15
8,150,89,147,18
8,150,90,147,14
8,150,91,147,2
8,150,92,147,6
8,150,93,147,6
8,150,94,147,2
8,150,95,147,36
8,150,96,147,56
8,150,97,147,49
8,150,98,147,53
8,150,99,147,60
8,150,100,147,6
8,150,101,147,14
8,150,102,147,9
8,150,103,147,3
8,151,56,147,8
8,151,57,147,7
8,151,58,147,25
8,151,59,147,20
8,151,60,147,14
8,151,61,147,19
8,151,62,147,21
8,151,63,147,28
8,151,64,147,26
8,151,65,147,18
8,151,66,147,26
8,151,67,147,37
8,151,68,147,29
8,151,69,147,33
8,151,70,147,34
8,151,71,147,28
8,151,72,147,12
8,151,73,147,5
8,151,74,147,7
8,151,75,147,3
8,151,76,147,5
8,151,77,147,4
8,151,78,147,3
8,151,79,147,2
8,151,88,147,19
8,151,89,147,16
8,151,90,147,7
8,151,91,147,14
8,151,92,147,16
8,151,93,147,4
8,151,94,147,6
8,151,95,147,61
8,151,96,147,49
8,151,97,147,59
8,151,98,147,26
8,151,99,147,52
8,151,100,147,30
8,151,101,147,52
8,151,102,147,2
8,151,103,147,2
8,152,56,147,7
8,152,57,147,9
8,152,58,147,15
8,152,59,147,12
8,152,60,147,10
8,152,61,147,11
8,152,62,147,18
8,152,63,147,19
8,152,64,147,10
8,152,65,147,15
8,152,66,147,18
8,152,67,147,30
8,152,68,147,29
8,152,69,147,33
8,152,70,147,25
8,152,71,147,23
8,152,88,147,16
8,152,89,147,14
8,152,90,147,5
8,152,91,147,9
8,152,92,147,18
8,152,93,147,6
8,152,94,147,10
8,152,95,147,52
8,152,96,147,32
8,152,97,147,43
8,152,98,147,40
8,152,99,147,34
8,152,100,147,14
8,152,101,147,14
8,152,102,147,3
8,152,103,147,8
8,152,103,190,3
8,153,56,147,4
8,153,57,147,10
8,153,58,147,13
8,153,59,147,8
8,153,60,147,13
8,153,61,147,21
8,153,62,147,17
8,153,63,147,18
8,153,64,147,8
8,153,65,147,7
8,153,66,147,9
8,153,67,147,7
8,153,68,147,18
8,153,69,147,23
8,153,70,147,17
8,153,71,147,13
8,153,88,147,16
8,153,89,147,33
8,153,90,147,13
8,153,91,147,19
8,153,92,147,29
8,153,93,147,4
8,153,94,147,10
8,153,95,147,41
8,153,96,147,46
8,153,97,147,45
8,153,98,147,59
8,153,99,147,48
8,153,100,147,46
8,153,101,147,28
8,153,102,147,48
8,153,102,190,3
8,153,103,147,8
8,153,103,190,5
8,154,56,147,2
8,154,57,147,7
8,154,58,147,16
8,154,59,147,17
8,154,60,147,14
8,154,61,147,14
8,154,62,147,21
8,154,63,147,27
8,154,64,147,13
8,154,65,147,5
8,154,66,147,5
8,154,67,147,3
8,154,68,147,18
8,154,69,147,19
8,154,70,147,13
8,154,71,147,15
8,154,88,147,43
8,154,89,147,54
8,154,90,147,12
8,154,91,147,25
8,154,92,147,32
8,154,93,147,4
8,154,94,147,4
8,154,95,147,14
8,154,96,147,50
8,154,97,147,47
8,154,98,147,65
8,154,99,147,47
8,154,100,147,25
8,154,101,147,17
8,154,102,147,21
8,154,102,190,1
8,154,103,147,4
8,154,103,190,3
8,155,56,147,2
8,155,57,147,2
8,155,58,147,10
8,155,59,147,20
8,155,60,147,19
8,155,61,147,16
8,155,62,147,9
8,155,63,147,23
8,155,64,147,16
8,155,65,147,3
8,155,66,147,3
8,155,67,147,5
8,155,68,147,11
8,155,69,147,11
8,155,70,147,12
8,155,71,147,10
8,155,88,147,24
8,155,89,147,29
8,155,90,147,3
8,155,91,147,2
8,155,92,147,35
8,155,93,147,24
8,155,94,147,3
8,155,95,147,9
8,155,96,147,48
8,155,97,147,54
8,155,98,147,65
8,155,99,147,37
8,155,100,147,21
8,155,101,147,15
8,155,102,147,7
8,155,103,190,2
8,155,103,147,2
8,156,56,147,3
8,156,57,147,2
8,156,58,147,2
8,156,59,147,12
8,156,60,147,15
8,156,61,147,16
8,156,62,147,25
8,156,63,147,29
8,156,64,147,10
8,156,65,147,2
8,156,66,147,4
8,156,67,147,7
8,156,68,147,6
8,156,69,147,5
8,156,70,147,7
8,156,71,147,5
8,156,88,147,14
8,156,89,147,8
8,156,90,147,2
8,156,91,147,1
8,156,92,147,24
8,156,93,147,65
8,156,94,147,10
8,156,95,147,12
8,156,96,147,55
8,156,97,147,59
8,156,98,147,56
8,156,99,147,25
8,156,100,147,15
8,156,101,147,14
8,156,102,147,12
8,156,103,147,8
8,156,103,190,1
8,157,56,147,2
8,157,57,147,4
8,157,58,147,3
8,157,59,147,4
8,157,60,147,12
8,157,61,147,6
8,157,62,147,18
8,157,63,147,15
8,157,64,147,6
8,157,65,147,4
8,157,66,147,4
8,157,67,147,8
8,157,68,147,5
8,157,69,147,3
8,157,70,147,3
8,157,71,147,3
8,157,88,147,9
8,157,89,147,15
8,157,90,147,8
8,157,91,147,3
8,157,92,147,8
8,157,93,147,45
8,157,94,147,29
8,157,95,147,34
8,157,96,147,56
8,157,97,147,47
8,157,98,147,41
8,157,99,147,16
8,157,100,147,12
8,157,101,147,4
8,157,102,147,10
8,157,103,147,9
8,158,56,147,1
8,158,57,147,3
8,158,58,147,5
8,158,59,147,22
8,158,60,147,14
8,158,61,147,7
8,158,62,147,3
8,158,63,147,5
8,158,64,147,10
8,158,65,147,5
8,158,66,147,5
8,158,67,147,6
8,158,68,147,5
8,158,69,147,4
8,158,70,147,4
8,158,71,147,2
8,158,88,147,7
8,158,89,147,6
8,158,90,147,14
8,158,91,147,6
8,158,92,147,6
8,158,93,147,45
8,158,94,147,41
8,158,95,147,40
8,158,96,147,43
8,158,97,147,46
8,158,98,147,31
8,158,99,147,33
8,158,100,147,16
8,158,101,147,8
8,158,102,147,3
8,158,103,147,8
8,159,56,147,2
8,159,57,147,5
8,159,58,147,6
8,159,59,147,10
8,159,60,147,19
8,159,61,147,11
8,159,62,147,7
8,159,63,147,4
8,159,64,147,4
8,159,65,147,4
8,159,66,147,4
8,159,67,147,4
8,159,68,147,2
8,159,69,147,4
8,159,70,147,3
8,159,71,147,2
8,159,88,147,17
8,159,89,147,12
8,159,90,147,10
8,159,91,147,8
8,159,92,147,4
8,159,93,147,10
8,159,94,147,38
8,159,95,147,42
8,159,96,147,44
8,159,97,191,160
8,159,97,147,33
8,159,98,191,308
8,159,98,147,33
8,159,99,147,54
8,159,99,191,105
8,159,100,147,21
8,159,101,147,14
8,159,102,147,3
8,159,103,147,6
8,160,96,147,36
8,160,97,191,88
8,160,97,147,40
8,160,98,191,350
8,160,98,147,1
8,160,99,147,2
8,160,99,191,328
8,160,100,191,204
8,160,100,147,22
8,160,101,191,129
8,160,101,147,17
8,160,102,191,153
8,160,102,147,5
8,160,103,191,4
8,160,103,147,6
8,161,96,147,18
8,161,97,147,23
8,161,97,191,121
8,161,98,191,243
8,161,99,191,370
8,161,100,191,317
8,161,101,191,330
8,161,102,191,406
8,161,103,191,113
8,161,103,147,6
8,162,96,147,33
8,162,97,191,72
8,162,97,147,9
8,162,98,191,89
8,162,98,147,10
8,162,99,191,243
8,162,99,147,2
8,162,100,191,358
8,162,101,191,254
8,162,102,191,275
8,162,103,191,163
8,163,96,147,24
8,163,96,191,3
8,163,97,147,6
8,163,97,191,2
8,163,98,147,5
8,163,99,191,136
8,163,99,147,5
8,163,100,191,266
8,163,101,191,425
8,163,102,191,298
8,163,103,191,313
8,164,96,147,11
8,164,97,147,6
8,164,98,147,3
8,164,99,191,43
8,164,99,147,7
8,164,100,191,462
8,164,100,147,3
8,164,101,191,258
8,164,102,191,458
8,164,103,191,376
8,165,96,147,18
8,165,96,191,1
8,165,97,147,10
8,165,98,147,2
8,165,99,191,4
8,165,99,147,5
8,165,100,147,2
8,165,100,191,390
8,165,101,191,308
8,165,102,191,307
8,165,103,191,274
8,166,96,147,24
8,166,97,147,13
8,166,97,191,2
8,166,98,147,3
8,166,98,191,2
8,166,99,191,61
8,166,99,147,5
8,166,100,191,428
8,166,101,191,241
8,166,102,191,395
8,166,103,191,346
8,167,96,147,17
8,167,97,147,7
8,167,98,147,2
8,167,98,191,29
8,167,99,191,343
8,167,100,191,413
8,167,101,191,114
8,167,102,191,225
8,167,103,191,461
8,168,56,147,24
8,168,57,147,6
8,168,58,147,2
8,168,59,147,6
8,168,60,147,3
8,168,61,147,1
8,168,62,147,1
8,168,63,147,1
8,168,64,147,5
8,168,65,147,10
8,168,66,147,10
8,168,67,147,8
8,168,68,147,5
8,168,69,147,8
8,168,70,147,5
8,168,71,147,5
8,168,72,147,6
8,168,73,147,24
8,168,74,147,11
8,168,75,147,8
8,168,76,147,7
8,168,77,147,3
8,168,78,147,4
8,168,79,147,5
8,168,80,147,13
8,168,81,147,25
8,168,82,147,21
8,168,83,147,23
8,168,84,147,18
8,168,85,147,20
8,168,86,147,28
8,168,87,147,24
8,169,56,147,24
8,169,57,147,14
8,169,58,147,14
8,169,59,147,6
8,169,60,147,2
8,169,61,147,2
8,169,62,147,1
8,169,63,147,4
8,169,64,147,11
8,169,65,147,17
8,169,66,147,23
8,169,67,147,21
8,169,68,147,20
8,169,69,147,30
8,169,70,147,23
8,169,71,147,21
8,169,72,147,18
8,169,73,147,28
8,169,74,147,28
8,169,75,147,23
8,169,76,147,22
8,169,77,147,8
8,169,78,147,4
8,169,79,147,6
8,169,80,147,19
8,169,81,147,22
8,169,82,147,29
8,169,83,147,14
8,169,84,147,28
8,169,85,147,41
8,169,86,147,39
8,169,87,147,25
8,170,56,147,14
8,170,57,147,31
8,170,58,147,17
8,170,59,147,18
8,170,60,147,12
8,170,61,147,3
8,170,62,147,3
8,170,63,147,15
8,170,64,147,13
8,170,65,147,11
8,170,66,147,24
8,170,67,147,26
8,170,68,147,22
8,170,69,147,28
8,170,70,147,23
8,170,71,147,22
8,170,72,147,23
8,170,73,147,19
8,170,74,147,26
8,170,75,147,17
8,170,76,147,27
8,170,77,147,27
8,170,78,147,26
8,170,79,147,30
8,170,80,147,33
8,170,81,147,33
8,170,82,147,36
8,170,83,147,35
8,170,84,147,40
8,170,85,147,51
8,170,86,147,39
8,170,87,147,34
8,171,56,147,5
8,171,57,147,31
8,171,58,147,27
8,171,59,147,13
8,171,60,147,7
8,171,61,147,12
8,171,62,147,16
8,171,63,147,13
8,171,64,147,7
8,171,65,147,23
8,171,66,147,28
8,171,67,147,21
8,171,68,147,9
8,171,69,147,8
8,171,70,147,6
8,171,71,147,10
8,171,72,147,5
8,171,73,147,3
8,171,74,147,8
8,171,75,147,6
8,171,76,147,28
8,171,77,147,32
8,171,78,147,38
8,171,79,147,37
8,171,80,147,38
8,171,81,147,36
8,171,82,147,52
8,171,83,147,60
8,171,84,147,51
8,171,85,147,47
8,171,86,147,20
8,171,87,147,6
8,172,56,147,3
8,172,57,147,10
8,172,58,147,8
8,172,59,147,19
8,172,60,147,7
8,172,61,147,12
8,172,62,147,8
8,172,63,147,4
8,172,64,147,20
8,172,65,147,23
8,172,66,147,11
8,172,67,147,5
8,172,68,147,5
8,172,69,147,4
8,172,70,147,3
8,172,71,147,2
8,172,72,147,5
8,172,73,147,3
8,172,74,147,2
8,172,75,147,4
8,172,76,147,4
8,172,77,147,11
8,172,78,147,14
8,172,79,147,16
8,172,80,147,8
8,172,81,147,10
8,172,82,147,13
8,172,83,147,28
8,172,84,147,22
8,172,85,147,11
8,172,86,147,5
8,172,87,147,3
8,173,56,147,3
8,173,57,147,6
8,173,58,147,9
8,173,59,147,14
8,173,60,147,6
8,173,61,147,9
8,173,62,147,11
8,173,63,147,15
8,173,64,147,20
8,173,65,147,10
8,173,66,147,2
8,173,67,147,4
8,173,68,147,2
8,173,69,147,3
8,173,70,147,5
8,173,71,147,4
8,173,72,147,4
8,173,73,147,5
8,173,74,147,4
8,173,75,147,3
8,173,76,147,3
8,173,77,147,3
8,173,78,147,3
8,173,79,147,8
8,173,80,147,7
8,173,81,147,10
8,173,82,147,17
8,173,83,147,14
8,173,84,147,10
8,173,85,147,7
8,173,86,147,4
8,173,87,147,2
8,174,56,147,2
8,174,57,147,3
8,174,58,147,9
8,174,59,147,21
8,174,60,147,22
8,174,61,147,17
8,174,62,147,21
8,174,63,147,21
8,174,64,147,9
8,174,65,147,2
8,174,66,147,3
8,174,67,147,3
8,174,68,147,3
8,174,69,147,3
8,174,70,147,4
8,174,71,147,4
8,174,72,147,2
8,174,73,147,2
8,174,74,147,4
8,174,75,147,3
8,174,76,147,1
8,174,77,147,2
8,174,78,147,2
8,174,79,147,8
8,174,80,147,10
8,174,81,147,9
8,174,82,147,12
8,174,83,147,13
8,174,84,147,11
8,174,85,147,4
8,175,56,147,3
8,175,57,147,4
8,175,58,147,6
8,175,59,147,19
8,175,60,147,26
8,175,61,147,20
8,175,62,147,24
8,175,63,147,13
8,175,64,147,2
8,175,65,147,4
8,175,66,147,4
8,175,67,147,3
8,175,68,147,4
8,175,69,147,5
8,175,70,147,5
8,175,71,147,5
8,175,72,147,2
8,175,73,147,2
8,175,74,147,2
8,175,75,147,2
8,175,76,147,1
8,175,77,147,1
8,175,78,147,4
8,175,79,147,6
8,175,80,147,5
8,175,81,147,4
8,175,82,147,11
8,175,83,147,5
8,184,72,2,3
8,184,72,147,1
8,184,73,2,4
8,184,74,2,2
8,185,72,2,5
8,185,73,2,3
8,185,74,2,2
8,186,72,2,7
8,186,73,2,5
8,186,74,2,4
8,187,72,2,7
8,187,73,2,8
8,187,74,2,6
8,188,72,2,8
8,188,73,2,8
8,188,74,2,5
8,189,72,2,6
8,189,73,2,5
8,189,74,2,3
8,190,72,2,5
8,190,73,2,5
8,190,74,2,6
8,191,72,2,11
8,191,73,2,6
8,191,74,2,7
8,192,48,2,7
8,192,49,2,6
8,192,50,147,2
8,192,50,2,3
8,192,51,147,2
8,192,51,2,1
8,192,52,147,1
8,192,53,147,2
8,192,54,147,1
8,192,55,147,2
8,192,72,2,21
8,192,73,2,20
8,192,74,2,16
8,193,48,2,5
8,193,49,2,5
8,193,50,2,3
8,193,51,147,1
8,193,51,2,3
8,193,52,147,1
8,193,52,2,1
8,193,53,147,1
8,193,54,147,2
8,193,55,147,2
8,193,72,2,18
8,193,73,2,16
8,193,74,2,11
8,194,48,2,13
8,194,49,2,7
8,194,50,2,2
8,194,51,2,3
8,194,52,2,1
8,194,52,147,1
8,194,53,147,1
8,194,53,2,1
8,194,54,147,2
8,194,54,2,2
8,194,55,147,2
8,194,72,2,10
8,194,73,2,11
8,194,74,2,8
8,195,48,2,10
8,195,49,2,8
8,195,50,2,3
8,195,51,2,3
8,195,52,2,1
8,195,53,2,1
8,195,54,147,1
8,195,54,2,6
8,195,55,147,1
8,195,55,2,4
8,195,72,2,10
8,195,73,2,3
8,195,74,2,5
8,196,48,2,9
8,196,49,2,5
8,196,50,2,3
8,196,51,2,2
8,196,52,2,2
8,196,53,2,4
8,196,54,2,7
8,196,55,2,6
8,196,55,147,1
8,196,72,2,9
8,196,73,2,4
8,196,74,2,6
8,197,48,2,4
8,197,49,2,2
8,197,50,2,2
8,197,51,2,2
8,197,52,2,2
8,197,53,2,6
8,197,54,2,5
8,197,55,2,4
8,197,72,2,12
8,197,73,2,10
8,197,74,2,4
8,198,48,2,2
8,198,49,2,1
8,198,50,2,2
8,198,51,2,2
8,198,52,2,3
8,198,53,2,3
8,198,54,2,2
8,198,55,2,6
8,198,72,2,16
8,198,73,2,19
8,198,74,2,9
8,199,48,2,2
8,199,49,2,2
8,199,50,2,1
8,199,51,2,3
8,199,52,2,2
8,199,53,2,2
8,199,54,2,4
8,199,55,2,10
8,199,72,2,9
8,199,73,2,9
8,199,74,2,4
8,200,48,2,2
8,200,49,2,2
8,200,50,2,2
8,200,51,2,3
8,200,52,2,3
8,200,53,2,5
8,200,54,2,7
8,200,55,2,12
8,200,56,2,7
8,200,57,2,4
8,200,58,2,4
8,200,59,2,4
8,200,60,2,11
8,200,61,2,15
8,200,62,2,8
8,200,63,2,8
8,201,48,2,2
8,201,49,2,1
8,201,50,2,2
8,201,51,2,3
8,201,52,2,4
8,201,53,2,4
8,201,54,2,8
8,201,55,2,9
8,201,56,2,6
8,201,57,2,7
8,201,58,2,6
8,201,59,2,4
8,201,60,2,8
8,201,61,2,10
8,201,62,2,8
8,201,63,2,10
8,202,48,2,3
8,202,49,2,2
8,202,50,2,2
8,202,51,2,2
8,202,52,2,4
8,202,53,2,8
8,202,54,2,7
8,202,55,2,7
8,202,56,2,6
8,202,57,2,9
8,202,58,2,6
8,202,59,2,7
8,202,60,2,6
8,202,61,2,4
8,202,62,2,8
8,202,63,2,10
8,203,48,2,3
8,203,49,2,4
8,203,50,2,4
8,203,51,2,3
8,203,52,2,10
8,203,53,2,7
8,203,54,2,6
8,203,55,2,8
8,203,56,2,5
8,203,57,2,9
8,203,58,2,6
8,203,59,2,7
8,203,60,2,4
8,203,61,2,3
8,203,62,2,5
8,203,63,2,9
8,204,48,2,3
8,204,49,2,5
8,204,50,2,2
8,204,51,2,3
8,204,52,2,8
8,204,53,2,4
8,204,54,2,8
8,204,55,2,6
8,204,56,2,6
8,204,57,2,6
8,204,58,2,6
8,204,59,2,4
8,204,60,2,5
8,204,61,2,3
8,204,62,2,6
8,204,63,2,12
8,205,48,2,5
8,205,49,2,2
8,205,50,2,2
8,205,51,2,4
8,205,52,2,5
8,205,53,2,7
8,205,54,2,9
8,205,55,2,6
8,205,56,2,6
8,205,57,2,7
8,205,58,2,6
8,205,59,2,6
8,205,60,2,4
8,205,61,2,2
8,205,62,2,3
8,205,63,2,6
8,206,48,2,5
8,206,49,2,2
8,206,50,2,1
8,206,51,2,4
8,206,52,2,6
8,206,53,2,7
8,206,54,2,9
8,206,55,2,7
8,206,56,2,6
8,206,57,2,7
8,206,58,2,8
8,206,59,2,7
8,206,60,2,5
8,206,61,2,3
8,206,62,2,4
8,206,63,2,7
8,207,48,2,7
8,207,49,2,4
8,207,50,2,1
8,207,51,2,5
8,207,52,2,8
8,207,53,2,3
8,207,54,2,7
8,207,55,2,10
8,207,56,2,9
8,207,57,2,6
8,207,58,2,8
8,207,59,2,6
8,207,60,2,4
8,207,61,2,3
8,207,62,2,2
8,207,63,2,6
8,208,48,2,8
8,208,49,2,10
8,208,50,2,2
8,208,51,2,4
8,208,52,2,6
8,208,53,2,5
8,208,54,2,3
8,208,55,2,4
8,208,56,2,4
8,208,57,2,5
8,208,58,2,11
8,208,59,2,5
8,208,60,2,2
8,208,61,2,2
8,208,62,2,2
8,208,63,2,3
8,209,48,2,8
8,209,49,2,10
8,209,50,2,1
8,209,51,2,3
8,209,52,2,4
8,209,53,2,7
8,209,54,2,7
8,209,55,2,4
8,209,56,2,3
8,209,57,2,4
8,209,58,2,8
8,209,59,2,10
8,209,60,2,2
8,209,61,2,3
8,209,62,2,2
8,209,63,2,1
8,209,143,5,122
8,209,143,11,9
8,210,48,2,2
8,210,49,2,5
8,210,50,2,2
8,210,51,2,3
8,210,52,2,3
8,210,53,2,4
8,210,54,2,10
8,210,55,2,12
8,210,56,2,4
8,210,57,2,1
8,210,58,2,2
8,210,59,2,1
8,210,60,2,2
8,210,61,2,2
8,210,62,2,2
8,210,63,2,2
8,210,142,5,60
8,210,142,11,12
8,210,143,5,624
8,210,143,11,29
8,211,48,2,2
8,211,49,2,4
8,211,50,2,3
8,211,51,2,2
8,211,52,2,3
8,211,53,2,4
8,211,54,2,7
8,211,55,2,10
8,211,56,2,3
8,211,57,2,2
8,211,58,2,1
8,211,59,2,1
8,211,60,2,2
8,211,61,2,2
8,211,62,2,3
8,211,63,2,5
8,211,142,5,80
8,211,142,11,21
8,211,143,5,1072
8,211,143,11,11
8,212,48,2,1
8,212,49,2,4
8,212,50,2,9
8,212,51,2,2
8,212,52,2,3
8,212,53,2,4
8,212,54,2,4
8,212,55,2,10
8,212,56,2,4
8,212,57,2,3
8,212,58,2,3
8,212,59,2,3
8,212,60,2,4
8,212,61,2,2
8,212,62,2,2
8,212,63,2,3
8,212,142,11,5
8,212,142,5,295
8,212,143,5,1941
8,213,48,2,1
8,213,49,2,1
8,213,50,2,14
8,213,51,2,3
8,213,52,2,4
8,213,53,2,4
8,213,54,2,4
8,213,55,2,8
8,213,56,2,10
8,213,57,2,7
8,213,58,2,5
8,213,59,2,5
8,213,60,2,6
8,213,61,2,3
8,213,62,2,3
8,213,63,2,4
8,213,142,5,843
8,213,142,11,2
8,213,143,5,1634
8,214,48,2,1
8,214,49,2,1
8,214,50,2,12
8,214,51,2,4
8,214,52,2,4
8,214,53,2,6
8,214,54,2,8
8,214,55,2,12
8,214,56,2,14
8,214,57,2,9
8,214,58,2,7
8,214,59,2,5
8,214,60,2,4
8,214,61,2,2
8,214,62,2,8
8,214,63,2,4
8,214,140,5,40
8,214,140,11,2
8,214,141,5,200
8,214,141,11,1
8,214,142,5,653
8,214,142,11,1
8,214,143,5,1124
8,215,48,2,3
8,215,49,2,2
8,215,50,2,5
8,215,51,2,6
8,215,52,2,4
8,215,53,2,11
8,215,54,2,7
8,215,55,2,11
8,215,56,2,15
8,215,57,2,8
8,215,58,2,8
8,215,59,2,5
8,215,60,2,5
8,215,61,2,5
8,215,62,2,5
8,215,63,2,4
8,215,138,5,1
8,215,139,5,455
8,215,139,11,72
8,215,140,5,288
8,215,140,11,17
8,215,141,5,279
8,215,141,11,1
8,215,142,5,527
8,215,143,5,734
8,216,138,11,37
8,216,138,5,225
8,216,139,5,1067
8,216,139,11,104
8,216,140,5,774
8,216,140,11,6
8,216,141,5,815
8,216,142,5,215
8,216,143,5,436
8,216,144,5,435
8,216,145,5,312
8,216,146,5,429
8,216,147,5,490
8,216,148,5,596
8,216,149,5,545
8,216,150,5,215
8,216,151,5,117
8,217,137,5,20
8,217,137,11,6
8,217,138,5,714
8,217,138,11,75
8,217,139,5,560
8,217,139,11,3
8,217,140,5,1009
8,217,141,5,1323
8,217,142,5,451
8,217,143,5,197
8,217,144,5,347
8,217,145,5,321
8,217,146,5,399
8,217,147,5,396
8,217,148,5,330
8,217,149,5,199
8,217,150,5,79
8,217,151,5,138
8,218,137,5,52
8,218,137,11,7
8,218,138,5,495
8,218,138,11,16
8,218,139,5,438
8,218,139,11,6
8,218,140,5,1088
8,218,141,5,1526
8,218,142,5,511
8,218,143,5,548
8,218,144,5,353
8,218,145,5,250
8,218,146,5,434
8,218,147,5,723
8,218,148,5,322
8,218,149,5,215
8,218,150,5,125
8,218,151,5,207
8,219,138,5,223
8,219,138,11,18
8,219,139,5,1117
8,219,139,11,9
8,219,140,5,995
8,219,141,5,707
8,219,142,5,712
8,219,143,5,554
8,219,144,5,452
8,219,145,5,391
8,219,146,5,805
8,219,147,5,914
8,219,148,5,219
8,219,149,5,283
8,219,150,5,56
8,219,151,5,152
8,219,151,11,1
8,220,136,5,293
8,220,136,11,8
8,220,137,11,13
8,220,137,5,359
8,220,138,5,771
8,220,138,11,18
8,220,139,5,654
8,220,139,11,3
8,220,140,5,944
8,220,141,5,745
8,220,142,5,876
8,220,143,5,752
8,220,144,5,692
8,220,145,5,957
8,220,146,5,831
8,220,147,5,701
8,220,148,5,334
8,220,149,5,420
8,220,150,5,113
8,220,151,5,48
8,220,151,11,1
8,221,136,5,389
8,221,136,11,21
8,221,137,5,1322
8,221,137,11,5
8,221,138,5,966
8,221,139,5,668
8,221,140,5,406
8,221,141,5,330
8,221,142,5,423
8,221,143,5,399
8,221,144,5,742
8,221,145,5,802
8,221,146,5,504
8,221,147,5,766
8,221,148,5,321
8,221,149,5,401
8,221,150,5,281
8,221,151,5,112
8,221,151,11,2
8,222,136,5,863
8,222,136,11,35
8,222,137,5,1508
8,222,137,11,1
8,222,138,5,976
8,222,139,5,370
8,222,140,5,195
8,222,141,5,488
8,222,142,5,402
8,222,143,5,539
8,222,144,5,826
8,222,145,5,1196
8,222,146,5,893
8,222,147,5,711
8,222,148,5,546
8,222,149,5,441
8,222,150,5,681
8,222,151,5,149
8,222,151,11,1
8,223,136,5,338
8,223,136,11,13
8,223,137,5,1304
8,223,138,5,1165
8,223,138,11,1
8,223,139,5,661
8,223,140,5,537
8,223,141,5,895
8,223,142,5,790
8,223,143,5,823
8,223,144,5,863
8,223,145,5,1538
8,223,146,5,812
8,223,147,5,788
8,223,148,5,650
8,223,149,5,368
8,223,150,5,804
8,223,151,5,347
8,224,48,2,4
8,224,49,2,1
8,224,50,2,1
8,224,51,2,1
8,224,52,2,1
8,224,53,2,4
8,224,54,2,3
8,224,55,2,2
8,224,56,2,6
8,224,57,2,10
8,224,58,2,4
8,224,59,2,6
8,224,60,2,7
8,224,61,2,9
8,224,62,2,7
8,224,63,2,5
8,224,64,2,6
8,224,65,2,7
8,224,66,2,8
8,224,67,2,9
8,224,68,2,10
8,224,69,2,12
8,224,70,2,5
8,224,71,2,9
8,224,136,5,566
8,224,136,11,39
8,224,137,5,996
8,224,137,11,21
8,224,138,5,495
8,224,138,11,9
8,224,139,5,1531
8,224,139,11,1
8,224,140,5,657
8,224,141,5,659
8,224,142,5,406
8,224,143,5,703
8,225,48,2,2
8,225,49,2,1
8,225,50,2,1
8,225,51,2,1
8,225,52,2,1
8,225,53,2,6
8,225,54,2,5
8,225,55,2,1
8,225,56,2,4
8,225,57,2,3
8,225,58,2,6
8,225,59,2,10
8,225,60,2,7
8,225,61,2,9
8,225,62,2,10
8,225,63,2,10
8,225,64,2,5
8,225,65,2,3
8,225,66,2,7
8,225,67,2,9
8,225,68,2,15
8,225,69,2,18
8,225,70,2,9
8,225,71,2,14
8,225,135,11,2
8,225,135,5,10
8,225,136,5,318
8,225,136,11,20
8,225,137,5,311
8,225,137,11,29
8,225,138,11,6
8,225,138,5,122
8,225,139,5,477
8,225,139,11,14
8,225,140,5,1298
8,225,141,5,721
8,225,142,5,707
8,225,143,5,501
8,226,48,2,1
8,226,49,2,1
8,226,50,2,1
8,226,51,2,1
8,226,52,2,2
8,226,53,2,5
8,226,54,2,3
8,226,55,2,1
8,226,56,2,2
8,226,57,2,6
8,226,58,2,7
8,226,59,2,11
8,226,60,2,8
8,226,61,2,12
8,226,62,2,16
8,226,63,2,13
8,226,64,2,8
8,226,65,2,7
8,226,66,2,2
8,226,67,2,6
8,226,68,2,10
8,226,69,2,17
8,226,70,2,18
8,226,71,2,11
8,226,139,5,21
8,226,139,11,3
8,226,140,5,478
8,226,140,11,8
8,226,141,5,510
8,226,142,5,857
8,226,143,5,394
8,227,48,2,6
8,227,49,2,3
8,227,50,2,1
8,227,51,2,2
8,227,52,2,4
8,227,53,2,5
8,227,54,2,2
8,227,55,2,4
8,227,56,2,5
8,227,57,2,12
8,227,58,2,12
8,227,59,2,13
8,227,60,2,18
8,227,61,2,18
8,227,62,2,8
8,227,63,2,22
8,227,64,2,13
8,227,65,2,11
8,227,66,2,6
8,227,67,2,1
8,227,68,2,7
8,227,69,2,14
8,227,70,2,19
8,227,71,2,19
8,227,139,5,62
8,227,139,11,7
8,227,140,5,156
8,227,140,11,13
8,227,141,5,306
8,227,142,5,914
8,227,143,5,1077
8,228,48,2,13
8,228,49,2,8
8,228,50,2,3
8,228,51,2,6
8,228,52,2,6
8,228,53,2,4
8,228,54,2,1
8,228,55,2,3
8,228,56,2,5
8,228,57,2,14
8,228,58,2,16
8,228,59,2,17
8,228,60,2,19
8,228,61,2,15
8,228,62,2,7
8,228,63,2,12
8,228,64,2,18
8,228,65,2,7
8,228,66,2,8
8,228,67,2,2
8,228,68,2,6
8,228,69,2,12
8,228,70,2,16
8,228,71,2,10
8,228,134,5,3
8,228,135,5,2
8,228,136,5,33
8,228,136,11,1
8,228,137,5,73
8,228,137,11,5
8,228,138,5,95
8,228,138,11,1
8,228,139,5,137
8,228,139,11,1
8,228,140,5,180
8,228,140,11,3
8,228,141,5,90
8,228,142,5,153
8,228,143,5,302
8,229,48,2,6
8,229,49,2,14
8,229,50,2,12
8,229,51,2,5
8,229,52,2,1
8,229,53,2,1
8,229,54,2,1
8,229,55,2,1
8,229,56,2,5
8,229,57,2,12
8,229,58,2,22
8,229,59,2,15
8,229,60,2,7
8,229,61,2,7
8,229,62,2,3
8,229,63,2,2
8,229,64,2,8
8,229,65,2,14
8,229,66,2,8
8,229,67,2,4
8,229,68,2,9
8,229,69,2,15
8,229,70,2,12
8,229,71,2,6
8,229,134,5,26
8,229,135,5,213
8,229,135,11,37
8,229,136,5,200
8,229,136,11,10
8,229,137,5,405
8,229,137,11,8
8,229,138,5,1086
8,229,139,5,256
8,229,140,5,277
8,229,141,5,904
8,229,142,5,166
8,229,143,5,32
8,230,48,2,2
8,230,49,2,8
8,230,50,2,5
8,230,51,2,3
8,230,52,2,2
8,230,53,2,2
8,230,54,2,1
8,230,55,2,2
8,230,56,2,6
8,230,57,2,6
8,230,58,2,20
8,230,59,2,12
8,230,60,2,2
8,230,61,2,3
8,230,62,2,5
8,230,63,2,4
8,230,64,2,4
8,230,65,2,16
8,230,66,2,14
8,230,67,2,10
8,230,68,2,13
8,230,69,2,16
8,230,70,2,18
8,230,71,2,7
8,230,134,5,6
8,230,135,5,4
8,230,135,11,1
8,230,136,5,5
8,230,137,5,120
8,230,137,11,7
8,230,138,5,885
8,230,138,11,14
8,230,139,5,959
8,230,140,5,1136
8,230,141,5,1256
8,230,142,5,901
8,230,143,5,78
8,230,160,5,24
8,230,160,11,2
8,231,48,2,2
8,231,49,2,3
8,231,50,2,2
8,231,51,2,3
8,231,52,2,2
8,231,53,2,2
8,231,54,2,1
8,231,55,2,2
8,231,56,2,4
8,231,57,2,3
8,231,58,2,11
8,231,59,2,7
8,231,60,2,3
8,231,61,2,1
8,231,62,2,3
8,231,63,2,4
8,231,64,2,3
8,231,65,2,13
8,231,66,2,15
8,231,67,2,9
8,231,68,2,9
8,231,69,2,12
8,231,70,2,9
8,231,71,2,14
8,231,138,5,181
8,231,138,11,12
8,231,139,5,601
8,231,139,11,2
8,231,140,5,1013
8,231,140,11,9
8,231,141,5,1033
8,231,141,11,9
8,231,142,5,1019
8,231,143,5,151
8,231,160,5,533
8,231,160,11,10
8,231,161,5,386
8,231,161,11,14
8,231,162,5,70
8,231,162,11,5
8,232,141,5,134
8,232,141,11,19
8,232,142,5,1206
8,232,142,11,9
8,232,143,5,967
8,232,144,5,420
8,232,145,5,311
8,232,146,5,141
8,232,147,5,128
8,232,148,5,114
8,232,149,5,160
8,232,150,5,284
8,232,151,5,369
8,232,152,5,982
8,232,153,5,767
8,232,154,5,513
8,232,155,5,593
8,232,156,5,351
8,232,157,5,320
8,232,157,11,18
8,232,158,5,30
8,232,158,11,9
8,232,159,5,15
8,232,159,11,5
8,232,160,5,565
8,232,160,11,20
8,232,161,5,652
8,232,161,11,19
8,232,162,5,198
8,232,162,11,26
8,233,142,5,368
8,233,142,11,36
8,233,143,5,824
8,233,143,11,7
8,233,144,5,549
8,233,145,5,600
8,233,146,5,295
8,233,147,5,165
8,233,148,5,73
8,233,149,5,198
8,233,150,5,121
8,233,151,5,166
8,233,152,5,1128
8,233,153,5,1053
8,233,154,5,695
8,233,155,5,767
8,233,156,5,575
8,233,157,5,59
8,233,157,11,2
8,233,158,11,6
8,233,158,5,24
8,233,159,5,150
8,233,159,11,35
8,233,160,5,259
8,233,160,11,7
8,233,161,5,121
8,233,161,11,17
8,233,162,11,4
8,233,162,5,19
8,234,142,11,10
8,234,142,5,31
8,234,143,5,224
8,234,143,11,40
8,234,144,5,827
8,234,144,11,36
8,234,145,5,585
8,234,145,11,1
8,234,146,5,422
8,234,147,5,169
8,234,148,5,92
8,234,149,5,120
8,234,150,5,515
8,234,151,5,567
8,234,152,5,719
8,234,153,5,743
8,234,154,5,908
8,234,154,11,2
8,234,155,5,602
8,234,155,11,7
8,234,156,5,468
8,234,156,11,9
8,234,157,5,22
8,234,157,11,3
8,235,144,5,216
8,235,144,11,15
8,235,145,5,904
8,235,145,11,34
8,235,146,5,1651
8,235,147,5,637
8,235,148,5,184
8,235,149,5,351
8,235,150,5,608
8,235,151,5,779
8,235,152,5,1117
8,235,152,11,3
8,235,153,5,294
8,235,153,11,2
8,235,154,5,199
8,235,154,11,6
8,236,145,5,51
8,236,145,11,6
8,236,146,5,775
8,236,146,11,24
8,236,147,5,980
8,236,147,11,9
8,236,148,5,600
8,236,148,11,12
8,236,149,5,498
8,236,149,11,2
8,236,150,5,388
8,236,150,11,4
8,236,151,5,592
8,236,151,11,9
8,236,152,5,583
8,236,152,11,16
8,237,146,5,4
8,237,146,11,2
8,237,147,5,3
8,237,147,11,1
8,237,148,5,155
8,237,148,11,36
8,237,149,5,134
8,237,149,11,6
8,237,150,5,33
8,237,150,11,2
8,240,56,2,1
8,240,57,2,1
8,240,58,2,1
8,240,59,2,2
8,240,60,2,8
8,240,61,2,10
8,240,62,2,11
8,240,63,2,14
8,240,64,2,12
8,240,65,2,19
8,240,66,2,15
8,240,67,2,23
8,240,68,2,29
8,240,69,2,23
8,240,70,2,24
8,240,71,2,23
8,240,72,2,2
8,240,73,2,1
8,240,74,2,1
8,241,56,2,4
8,241,57,2,4
8,241,58,2,3
8,241,59,2,1
8,241,60,2,3
8,241,61,2,13
8,241,62,2,15
8,241,63,2,11
8,241,64,2,21
8,241,65,2,25
8,241,66,2,10
8,241,67,2,13
8,241,68,2,29
8,241,69,2,28
8,241,70,2,29
8,241,71,2,33
8,241,72,2,21
8,241,73,2,16
8,241,74,2,4
8,242,56,2,2
8,242,57,2,5
8,242,58,2,27
8,242,59,2,6
8,242,60,2,2
8,242,61,2,9
8,242,62,2,10
8,242,63,2,8
8,242,64,2,17
8,242,65,2,28
8,242,66,2,11
8,242,67,2,15
8,242,68,2,18
8,242,69,2,16
8,242,70,2,21
8,242,71,2,31
8,242,72,2,26
8,242,73,2,17
8,242,74,2,8
8,243,56,2,2
8,243,57,2,5
8,243,58,2,22
8,243,59,2,16
8,243,60,2,9
8,243,61,2,6
8,243,62,2,10
8,243,63,2,16
8,243,64,2,9
8,243,65,2,25
8,243,66,2,25
8,243,67,2,20
8,243,68,2,25
8,243,69,2,22
8,243,70,2,22
8,243,71,2,41
8,243,72,2,26
8,243,73,2,20
8,243,74,2,10
8,244,56,2,3
8,244,57,2,11
8,244,58,2,15
8,244,59,2,11
8,244,60,2,10
8,244,61,2,10
8,244,62,2,10
8,244,63,2,8
8,244,64,2,13
8,244,65,2,13
8,244,66,2,21
8,244,67,2,16
8,244,68,2,15
8,244,69,2,18
8,244,70,2,36
8,244,71,2,26
8,244,72,2,19
8,244,73,2,20
8,244,74,2,11
8,245,56,2,1
8,245,57,2,2
8,245,58,2,15
8,245,59,2,12
8,245,60,2,4
8,245,61,2,6
8,245,62,2,14
8,245,63,2,13
8,245,64,2,18
8,245,65,2,10
8,245,66,2,20
8,245,67,2,12
8,245,68,2,17
8,245,69,2,15
8,245,70,2,29
8,245,71,2,22
8,245,72,2,11
8,245,73,2,24
8,245,74,2,16
8,246,56,2,1
8,246,57,2,1
8,246,58,2,10
8,246,59,2,9
8,246,60,2,4
8,246,61,2,7
8,246,62,2,13
8,246,63,2,18
8,246,64,2,6
8,246,65,2,14
8,246,66,2,14
8,246,67,2,5
8,246,68,2,13
8,246,69,2,11
8,246,70,2,13
8,246,71,2,12
8,246,72,2,12
8,246,73,2,38
8,246,74,2,12
8,247,56,2,1
8,247,57,2,3
8,247,58,2,6
8,247,59,2,6
8,247,60,2,8
8,247,61,2,11
8,247,62,2,13
8,247,63,2,14
8,247,64,2,13
8,247,65,2,8
8,247,66,2,11
8,247,67,2,15
8,247,68,2,15
8,247,69,2,13
8,247,70,2,14
8,247,71,2,12
8,247,72,2,15
8,247,73,2,22
8,247,74,2,3
8,248,64,2,7
8,248,65,2,10
8,248,66,2,15
8,248,67,2,7
8,248,68,2,11
8,248,69,2,16
8,248,70,2,8
8,248,71,2,11
8,248,72,2,12
8,248,73,2,25
8,248,74,7,4
8,248,74,2,9
8,248,75,7,2
8,248,76,7,2
8,248,77,7,1
8,248,78,7,2
8,248,79,7,2
8,249,64,2,12
8,249,65,2,12
8,249,66,2,10
8,249,67,2,7
8,249,68,2,14
8,249,69,2,17
8,249,70,2,11
8,249,71,2,13
8,249,72,2,9
8,249,73,2,11
8,249,74,7,5
8,249,74,2,11
8,249,75,7,3
8,249,76,7,5
8,249,77,7,3
8,249,78,7,3
8,249,79,7,4
8,250,64,2,6
8,250,65,2,10
8,250,66,2,17
8,250,67,2,13
8,250,68,2,12
8,250,69,2,9
8,250,70,2,9
8,250,71,2,9
8,250,72,2,13
8,250,73,2,6
8,250,74,7,4
8,250,74,2,2
8,250,75,7,2
8,250,76,7,2
8,250,77,7,2
8,250,78,7,3
8,250,79,7,3
8,251,64,2,6
8,251,65,2,16
8,251,66,2,14
8,251,67,2,6
8,251,68,2,10
8,251,69,2,10
8,251,70,2,10
8,251,71,2,12
8,251,72,2,7
8,251,73,2,5
8,251,74,7,1
8,251,74,2,2
8,251,75,7,1
8,251,76,7,1
8,251,77,7,1
8,251,78,7,1
8,251,79,7,1
8,252,64,2,12
8,252,65,2,12
8,252,66,2,7
8,252,67,2,12
8,252,68,2,7
8,252,69,2,15
8,252,70,2,17
8,252,71,2,16
8,252,72,2,3
8,252,73,2,3
8,252,74,7,1
8,252,74,2,1
8,252,75,7,1
8,252,76,7,2
8,252,77,7,2
8,252,78,7,1
8,252,79,7,1
8,253,64,2,15
8,253,65,2,7
8,253,66,2,11
8,253,67,2,17
8,253,68,2,6
8,253,69,2,19
8,253,70,2,30
8,253,71,2,5
8,253,72,2,3
8,253,73,2,3
8,253,74,7,2
8,253,74,2,1
8,253,75,7,2
8,253,76,7,2
8,253,77,7,2
8,253,78,7,1
8,253,79,7,1
8,254,64,2,9
8,254,65,2,12
8,254,66,2,15
8,254,67,2,19
8,254,68,2,9
8,254,69,2,12
8,254,70,2,12
8,254,71,2,7
8,254,72,2,6
8,254,73,2,2
8,254,74,7,1
8,254,74,2,1
8,254,75,7,1
8,254,76,7,1
8,254,77,7,1
8,254,78,7,1
8,254,79,7,1
8,255,64,2,7
8,255,65,2,11
8,255,66,2,14
8,255,67,2,7
8,255,68,2,6
8,255,69,2,18
8,255,70,2,10
8,255,71,2,9
8,255,72,2,5
8,255,73,2,5
8,255,74,7,2
8,255,74,2,2
8,255,75,7,1
8,255,76,7,1
8,255,77,7,1
8,255,78,7,1
8,255,79,7,1
