z,x,y,source_id,n_features
10,22,273,21,1
10,22,274,21,1
10,22,275,21,1
10,22,276,21,1
10,22,277,21,1
10,22,278,21,1
10,22,279,21,1
10,23,273,21,1
10,23,274,21,5
10,23,275,21,14
10,23,276,21,8
10,23,277,21,5
10,23,278,21,1
10,23,279,21,1
10,24,273,21,1
10,24,274,21,1
10,24,275,21,15
10,24,276,21,28
10,24,277,21,13
10,24,278,21,1
10,24,279,21,1
10,25,273,21,1
10,25,274,21,1
10,25,275,21,16
10,25,276,21,20
10,25,277,21,1
10,25,278,21,1
10,25,279,21,1
10,26,273,21,1
10,26,274,21,1
10,26,275,21,3
10,26,276,21,27
10,26,277,21,7
10,26,278,21,1
10,26,279,21,1
10,27,273,21,1
10,27,274,21,1
10,27,275,21,2
10,27,276,21,14
10,27,277,21,31
10,27,278,21,12
10,27,279,21,1
10,28,276,21,30
10,28,277,21,39
10,28,278,21,24
10,28,279,21,2
10,29,276,21,16
10,29,277,21,36
10,29,278,21,35
10,29,279,21,13
10,30,276,21,1
10,30,277,21,15
10,30,278,21,9
10,30,279,21,1
10,31,276,21,1
10,31,277,21,12
10,31,278,21,8
10,31,279,21,2
10,40,244,21,57
10,40,245,21,1
10,41,244,21,91
10,41,245,21,7
10,41,246,21,1
10,41,247,21,1
10,42,244,21,66
10,42,245,21,178
10,42,246,21,6
10,42,247,21,1
10,43,244,21,61
10,43,245,21,409
10,43,246,21,92
10,43,247,21,3
10,44,244,21,34
10,44,245,21,131
10,44,246,21,86
10,44,247,21,20
10,45,244,21,100
10,45,245,21,62
10,45,246,21,39
10,45,247,21,23
10,46,244,21,275
10,46,245,21,30
10,46,246,21,22
10,46,247,21,68
10,47,244,21,395
10,47,245,21,93
10,47,246,21,88
10,47,247,21,67
10,48,240,21,94
10,48,241,21,154
10,48,242,21,176
10,48,243,21,337
10,48,244,21,389
10,48,245,21,121
10,48,246,21,32
10,48,247,21,18
10,48,248,21,19
10,48,249,21,15
10,48,250,21,49
10,48,251,21,52
10,48,256,21,1
10,48,257,21,1
10,48,258,21,3
10,48,259,21,10
10,48,264,21,5
10,48,265,21,10
10,48,266,21,7
10,48,267,21,7
10,48,300,21,1
10,48,301,21,1
10,48,302,21,1
10,49,240,21,109
10,49,241,21,188
10,49,242,21,208
10,49,243,21,200
10,49,244,21,180
10,49,245,21,62
10,49,246,21,16
10,49,247,21,6
10,49,248,21,10
10,49,249,21,21
10,49,250,21,75
10,49,251,21,42
10,49,256,21,1
10,49,257,21,1
10,49,258,21,3
10,49,259,21,23
10,49,264,21,7
10,49,265,21,15
10,49,266,21,9
10,49,267,21,9
10,49,300,21,1
10,49,301,21,1
10,49,302,21,2
10,49,303,21,1
10,49,304,21,1
10,49,305,21,1
10,49,306,21,1
10,49,307,21,1
10,50,240,21,186
10,50,241,21,221
10,50,242,21,234
10,50,243,21,197
10,50,244,21,29
10,50,245,21,22
10,50,246,21,16
10,50,247,21,55
10,50,248,21,104
10,50,249,21,95
10,50,250,21,86
10,50,251,21,39
10,50,256,21,1
10,50,257,21,1
10,50,258,21,1
10,50,259,21,11
10,50,264,21,24
10,50,265,21,32
10,50,266,21,39
10,50,267,21,20
10,50,300,21,2
10,50,301,21,1
10,50,302,21,2
10,50,303,21,1
10,50,304,21,6
10,50,305,21,3
10,50,306,21,1
10,50,307,21,1
10,51,240,21,166
10,51,241,21,173
10,51,242,21,300
10,51,243,21,137
10,51,244,21,174
10,51,245,21,49
10,51,246,21,71
10,51,247,21,87
10,51,248,21,63
10,51,249,21,47
10,51,250,21,36
10,51,251,21,23
10,51,256,21,7
10,51,257,21,11
10,51,258,21,4
10,51,259,21,34
10,51,264,21,9
10,51,265,21,19
10,51,266,21,17
10,51,267,21,16
10,51,300,21,26
10,51,301,21,39
10,51,302,21,22
10,51,303,21,10
10,51,304,21,33
10,51,305,21,26
10,51,306,21,1
10,51,307,21,1
10,52,236,21,4
10,52,237,21,6
10,52,238,21,27
10,52,239,21,53
10,52,240,21,202
10,52,241,21,211
10,52,242,21,370
10,52,243,21,260
10,52,244,21,108
10,52,245,21,98
10,52,246,21,71
10,52,247,21,53
10,52,276,21,9
10,52,277,21,12
10,52,278,21,9
10,52,279,21,15
10,52,280,21,29
10,52,281,21,18
10,52,282,21,16
10,52,283,21,10
10,52,296,21,8
10,52,297,21,7
10,52,298,21,14
10,52,299,21,18
10,52,300,21,64
10,52,301,21,64
10,52,302,21,60
10,52,303,21,51
10,52,304,21,26
10,52,305,21,20
10,52,306,21,1
10,52,307,21,1
10,53,236,21,3
10,53,237,21,11
10,53,238,21,29
10,53,239,21,54
10,53,240,21,357
10,53,241,21,218
10,53,242,21,244
10,53,243,21,247
10,53,244,21,205
10,53,245,21,37
10,53,246,21,26
10,53,247,21,45
10,53,276,21,14
10,53,277,21,5
10,53,278,21,7
10,53,279,21,16
10,53,280,21,30
10,53,281,21,10
10,53,282,21,6
10,53,283,21,17
10,53,296,21,9
10,53,297,21,15
10,53,298,21,45
10,53,299,21,36
10,53,300,21,41
10,53,301,21,42
10,53,302,21,43
10,53,303,21,36
10,53,304,21,20
10,53,305,21,6
10,53,306,21,1
10,53,307,21,1
10,54,236,21,5
10,54,237,21,8
10,54,238,21,21
10,54,239,21,85
10,54,240,21,228
10,54,241,21,176
10,54,242,21,141
10,54,243,21,112
10,54,244,21,55
10,54,245,21,16
10,54,246,21,18
10,54,247,21,28
10,54,276,21,7
10,54,277,21,16
10,54,278,21,47
10,54,279,21,68
10,54,280,21,38
10,54,281,21,16
10,54,282,21,17
10,54,283,21,32
10,54,296,21,36
10,54,297,21,29
10,54,298,21,66
10,54,299,21,57
10,54,300,21,47
10,54,301,21,24
10,54,302,21,36
10,54,303,21,25
10,54,304,21,22
10,54,305,21,10
10,54,306,21,1
10,54,307,21,1
10,55,236,21,4
10,55,237,21,14
10,55,238,21,23
10,55,239,21,181
10,55,240,21,275
10,55,241,21,218
10,55,242,21,64
10,55,243,21,155
10,55,244,21,21
10,55,245,21,24
10,55,246,21,6
10,55,247,21,15
10,55,276,21,13
10,55,277,21,25
10,55,278,21,51
10,55,279,21,47
10,55,280,21,12
10,55,281,21,16
10,55,282,21,9
10,55,283,21,6
10,55,296,21,27
10,55,297,21,48
10,55,298,21,39
10,55,299,21,37
10,55,300,21,46
10,55,301,21,26
10,55,302,21,52
10,55,303,21,8
10,55,304,21,3
10,55,305,21,1
10,55,306,21,1
10,55,307,21,1
10,56,236,21,3
10,56,237,21,20
10,56,238,21,33
10,56,239,21,313
10,56,240,21,219
10,56,241,21,228
10,56,242,21,246
10,56,243,21,107
10,56,248,21,13
10,56,249,21,16
10,56,250,21,23
10,56,251,21,20
10,56,288,21,47
10,56,289,21,12
10,56,290,21,14
10,56,291,21,30
10,56,292,21,39
10,56,293,21,50
10,56,294,21,55
10,56,295,21,50
10,57,236,21,3
10,57,237,21,29
10,57,238,21,31
10,57,239,21,242
10,57,240,21,306
10,57,241,21,284
10,57,242,21,267
10,57,243,21,128
10,57,248,21,12
10,57,249,21,20
10,57,250,21,32
10,57,251,21,13
10,57,288,21,38
10,57,289,21,8
10,57,290,21,10
10,57,291,21,59
10,57,292,21,20
10,57,293,21,28
10,57,294,21,20
10,57,295,21,35
10,58,236,21,4
10,58,237,21,22
10,58,238,21,85
10,58,239,21,462
10,58,240,21,317
10,58,241,21,186
10,58,242,21,174
10,58,243,21,132
10,58,248,21,25
10,58,249,21,20
10,58,250,21,12
10,58,251,21,7
10,58,288,21,42
10,58,289,21,18
10,58,290,21,9
10,58,291,21,23
10,58,292,21,15
10,58,293,21,29
10,58,294,21,56
10,58,295,21,30
10,59,236,21,12
10,59,237,21,32
10,59,238,21,90
10,59,239,21,434
10,59,240,21,466
10,59,241,21,308
10,59,242,21,184
10,59,243,21,146
10,59,248,21,34
10,59,249,21,43
10,59,250,21,37
10,59,251,21,19
10,59,288,21,46
10,59,289,21,22
10,59,290,21,54
10,59,291,21,67
10,59,292,21,90
10,59,293,21,80
10,59,294,21,97
10,59,295,21,134
10,60,236,21,7
10,60,237,21,30
10,60,238,21,81
10,60,239,21,458
10,60,240,21,936
10,60,241,21,471
10,60,242,21,366
10,60,243,21,69
10,60,248,21,54
10,60,249,21,25
10,60,250,21,22
10,60,251,21,21
10,60,272,21,26
10,60,273,21,29
10,60,274,21,10
10,60,275,21,5
10,60,276,21,3
10,60,277,21,9
10,60,278,21,17
10,60,279,21,11
10,60,280,21,2
10,60,281,21,13
10,60,282,21,19
10,60,283,21,16
10,61,236,21,8
10,61,237,21,29
10,61,238,21,46
10,61,239,21,470
10,61,240,21,557
10,61,241,21,558
10,61,242,21,240
10,61,243,21,47
10,61,248,21,65
10,61,249,21,34
10,61,250,21,22
10,61,251,21,20
10,61,272,21,29
10,61,273,21,15
10,61,274,21,3
10,61,275,21,5
10,61,276,21,10
10,61,277,21,18
10,61,278,21,8
10,61,279,21,9
10,61,280,21,6
10,61,281,21,12
10,61,282,21,25
10,61,283,21,24
10,62,236,21,10
10,62,237,21,15
10,62,238,21,23
10,62,239,21,253
10,62,240,21,366
10,62,241,21,667
10,62,242,21,669
10,62,243,21,134
10,62,248,21,40
10,62,249,21,48
10,62,250,21,21
10,62,251,21,16
10,62,272,21,16
10,62,273,21,13
10,62,274,21,8
10,62,275,21,14
10,62,276,21,12
10,62,277,21,7
10,62,278,21,7
10,62,279,21,11
10,62,280,21,14
10,62,281,21,24
10,62,282,21,40
10,62,283,21,39
10,63,236,21,6
10,63,237,21,14
10,63,238,21,12
10,63,239,21,233
10,63,240,21,407
10,63,241,21,778
10,63,242,21,425
10,63,243,21,201
10,63,248,21,48
10,63,249,21,60
10,63,250,21,33
10,63,251,21,30
10,63,272,21,12
10,63,273,21,14
10,63,274,21,4
10,63,275,21,14
10,63,276,21,7
10,63,277,21,4
10,63,278,21,5
10,63,279,21,15
10,63,280,21,33
10,63,281,21,13
10,63,282,21,18
10,63,283,21,17
10,64,268,21,6
10,64,269,21,11
10,64,270,21,34
10,64,271,21,8
10,64,272,21,6
10,64,273,21,9
10,64,274,21,3
10,64,275,21,13
10,64,276,21,7
10,64,277,21,9
10,64,278,21,15
10,64,279,21,39
10,65,268,21,5
10,65,269,21,25
10,65,270,21,10
10,65,271,21,8
10,65,272,21,5
10,65,273,21,21
10,65,274,21,11
10,65,275,21,14
10,65,276,21,12
10,65,277,21,41
10,65,278,21,58
10,65,279,21,70
10,66,268,21,21
10,66,269,21,12
10,66,270,21,7
10,66,271,21,20
10,66,272,21,12
10,66,273,21,19
10,66,274,21,13
10,66,275,21,12
10,66,276,21,22
10,66,277,21,24
10,66,278,21,42
10,66,279,21,58
10,67,268,21,21
10,67,269,21,7
10,67,270,21,14
10,67,271,21,14
10,67,272,21,24
10,67,273,21,20
10,67,274,21,10
10,67,275,21,28
10,67,276,21,22
10,67,277,21,21
10,67,278,21,36
10,67,279,21,78
10,68,264,21,20
10,68,265,21,16
10,68,266,21,22
10,68,267,21,16
10,68,268,21,28
10,68,269,21,18
10,68,270,21,22
10,68,271,21,25
10,68,308,21,105
10,68,309,21,132
10,68,310,21,93
10,68,311,21,22
10,68,312,21,2
10,68,313,21,4
10,68,314,21,2
10,68,315,21,2
10,69,264,21,25
10,69,265,21,16
10,69,266,21,12
10,69,267,21,34
10,69,268,21,31
10,69,269,21,10
10,69,270,21,20
10,69,271,21,15
10,69,308,21,157
10,69,309,21,154
10,69,310,21,32
10,69,311,21,1
10,69,312,21,1
10,69,313,21,2
10,69,314,21,1
10,69,315,21,1
10,70,264,21,21
10,70,265,21,29
10,70,266,21,52
10,70,267,21,33
10,70,268,21,5
10,70,269,21,8
10,70,270,21,14
10,70,271,21,17
10,70,308,21,145
10,70,309,21,117
10,70,310,21,4
10,70,311,21,1
10,70,312,21,1
10,70,313,21,2
10,70,314,21,1
10,70,315,21,1
10,71,264,21,22
10,71,265,21,31
10,71,266,21,30
10,71,267,21,13
10,71,268,21,2
10,71,269,21,5
10,71,270,21,5
10,71,271,21,12
10,71,308,21,67
10,71,309,21,1
10,71,310,21,1
10,71,311,21,10
10,71,312,21,7
10,71,313,21,2
10,71,314,21,1
10,71,315,21,1
10,72,264,21,17
10,72,265,21,25
10,72,266,21,29
10,72,267,21,7
10,72,308,21,20
10,72,309,21,1
10,72,310,21,18
10,72,311,21,27
10,72,312,21,19
10,72,313,21,8
10,72,314,21,3
10,72,315,21,5
10,73,264,21,5
10,73,265,21,13
10,73,266,21,24
10,73,267,21,7
10,73,308,21,4
10,73,309,21,4
10,73,310,21,30
10,73,311,21,18
10,73,312,21,20
10,73,313,21,31
10,73,314,21,20
10,73,315,21,13
10,74,264,21,12
10,74,265,21,21
10,74,266,21,19
10,74,267,21,7
10,74,308,21,3
10,74,309,21,22
10,74,310,21,9
10,74,311,21,5
10,74,312,21,10
10,74,313,21,34
10,74,314,21,17
10,74,315,21,5
10,75,264,21,12
10,75,265,21,25
10,75,266,21,10
10,75,267,21,6
10,75,308,21,12
10,75,309,21,10
10,75,310,21,10
10,75,311,21,9
10,75,312,21,20
10,75,313,21,35
10,75,314,21,5
10,75,315,21,1
10,76,256,21,31
10,76,257,21,19
10,76,258,21,16
10,76,259,21,10
10,76,260,21,11
10,76,261,21,16
10,76,262,21,31
10,76,263,21,15
10,76,280,21,13
10,76,281,21,298
10,76,282,21,224
10,76,283,21,193
10,76,304,21,1
10,76,305,21,1
10,76,306,21,6
10,76,307,21,32
10,77,256,21,8
10,77,257,21,12
10,77,258,21,4
10,77,259,21,12
10,77,260,21,22
10,77,261,21,20
10,77,262,21,7
10,77,263,21,34
10,77,280,21,49
10,77,281,21,77
10,77,282,21,109
10,77,283,21,40
10,77,304,21,1
10,77,305,21,34
10,77,306,21,32
10,77,307,21,31
10,78,256,21,12
10,78,257,21,38
10,78,258,21,6
10,78,259,21,17
10,78,260,21,24
10,78,261,21,10
10,78,262,21,9
10,78,263,21,26
10,78,280,21,42
10,78,281,21,78
10,78,282,21,89
10,78,283,21,36
10,78,304,21,3
10,78,305,21,28
10,78,306,21,20
10,78,307,21,9
10,79,256,21,79
10,79,257,21,124
10,79,258,21,60
10,79,259,21,20
10,79,260,21,16
10,79,261,21,8
10,79,262,21,16
10,79,263,21,24
10,79,280,21,113
10,79,281,21,103
10,79,282,21,70
10,79,283,21,22
10,79,304,21,2
10,79,305,21,1
10,79,306,21,8
10,79,307,21,9
10,80,256,21,57
10,80,257,21,29
10,80,258,21,41
10,80,259,21,31
10,80,280,21,75
10,80,281,21,44
10,80,282,21,19
10,80,283,21,73
10,80,296,21,6
10,80,297,21,44
10,80,298,21,48
10,80,299,21,21
10,80,300,21,54
10,80,301,21,71
10,80,302,21,17
10,80,303,21,2
10,81,256,21,5
10,81,257,21,8
10,81,258,21,37
10,81,259,21,13
10,81,280,21,75
10,81,281,21,70
10,81,282,21,47
10,81,283,21,52
10,81,296,21,37
10,81,297,21,59
10,81,298,21,63
10,81,299,21,91
10,81,300,21,99
10,81,301,21,61
10,81,302,21,8
10,81,303,21,1
10,82,256,21,11
10,82,257,21,14
10,82,258,21,12
10,82,259,21,13
10,82,280,21,63
10,82,281,21,49
10,82,282,21,43
10,82,283,21,74
10,82,296,21,58
10,82,297,21,65
10,82,298,21,91
10,82,299,21,98
10,82,300,21,124
10,82,301,21,57
10,82,302,21,1
10,83,256,21,18
10,83,257,21,7
10,83,258,21,3
10,83,259,21,12
10,83,280,21,26
10,83,281,21,42
10,83,282,21,32
10,83,283,21,36
10,83,296,21,52
10,83,297,21,93
10,83,298,21,166
10,83,299,21,88
10,83,300,21,49
10,83,301,21,9
10,83,302,21,1
10,84,256,21,10
10,84,257,21,7
10,84,258,21,14
10,84,259,21,21
10,84,284,21,37
10,84,285,21,59
10,84,286,21,53
10,84,287,21,60
10,84,288,21,56
10,84,289,21,26
10,84,290,21,19
10,84,291,21,33
10,84,292,21,71
10,84,293,21,69
10,84,294,21,77
10,84,295,21,94
10,84,296,21,31
10,84,297,21,44
10,84,298,21,103
10,84,299,21,86
10,85,256,21,17
10,85,257,21,23
10,85,258,21,14
10,85,259,21,28
10,85,284,21,289
10,85,285,21,214
10,85,286,21,90
10,85,287,21,184
10,85,288,21,175
10,85,289,21,118
10,85,290,21,135
10,85,291,21,56
10,85,292,21,64
10,85,293,21,69
10,85,294,21,64
10,85,295,21,123
10,85,296,21,33
10,85,297,21,72
10,85,298,21,177
10,85,299,21,33
10,86,256,21,26
10,86,257,21,26
10,86,258,21,16
10,86,259,21,17
10,86,284,21,52
10,86,285,21,36
10,86,286,21,12
10,86,287,21,218
10,86,288,21,91
10,86,289,21,230
10,86,290,21,230
10,86,291,21,132
10,86,292,21,39
10,86,293,21,32
10,86,294,21,28
10,86,295,21,59
10,86,296,21,69
10,86,297,21,75
10,86,298,21,48
10,86,299,21,45
10,87,256,21,10
10,87,257,21,10
10,87,258,21,17
10,87,259,21,45
10,87,284,21,28
10,87,285,21,32
10,87,286,21,39
10,87,287,21,130
10,87,288,21,123
10,87,289,21,198
10,87,290,21,140
10,87,291,21,243
10,87,292,21,107
10,87,293,21,157
10,87,294,21,70
10,87,295,21,92
10,87,296,21,131
10,87,297,21,93
10,87,298,21,16
10,87,299,21,1
10,88,268,21,45
10,88,269,21,66
10,88,270,21,15
10,88,271,21,23
10,88,284,21,82
10,88,285,21,68
10,88,286,21,124
10,88,287,21,177
10,88,288,21,128
10,88,289,21,70
10,88,290,21,68
10,88,291,21,185
10,88,292,21,199
10,88,293,21,108
10,88,294,21,132
10,88,295,21,95
10,88,296,21,102
10,88,297,21,59
10,88,298,21,1
10,88,299,21,1
10,89,268,21,49
10,89,269,21,42
10,89,270,21,14
10,89,271,21,25
10,89,284,21,106
10,89,285,21,96
10,89,286,21,107
10,89,287,21,260
10,89,288,21,85
10,89,289,21,27
10,89,290,21,38
10,89,291,21,89
10,89,292,21,96
10,89,293,21,105
10,89,294,21,96
10,89,295,21,95
10,89,296,21,145
10,89,297,21,82
10,89,298,21,1
10,89,299,21,1
10,90,268,21,66
10,90,269,21,49
10,90,270,21,27
10,90,271,21,19
10,90,284,21,34
10,90,285,21,88
10,90,286,21,120
10,90,287,21,199
10,90,288,21,32
10,90,289,21,26
10,90,290,21,26
10,90,291,21,41
10,90,292,21,33
10,90,293,21,54
10,90,294,21,81
10,90,295,21,75
10,90,296,21,82
10,90,297,21,52
10,90,298,21,1
10,90,299,21,1
10,91,268,21,23
10,91,269,21,20
10,91,270,21,6
10,91,271,21,21
10,91,284,21,28
10,91,285,21,132
10,91,286,21,88
10,91,287,21,120
10,91,288,21,37
10,91,289,21,41
10,91,290,21,32
10,91,291,21,90
10,91,292,21,92
10,91,293,21,16
10,91,294,21,29
10,91,295,21,107
10,91,296,21,37
10,91,297,21,37
10,91,298,21,16
10,91,299,21,1
10,92,268,21,29
10,92,269,21,10
10,92,270,21,31
10,92,271,21,20
10,92,272,21,49
10,92,273,21,24
10,92,274,21,69
10,92,275,21,70
10,92,276,21,65
10,92,277,21,66
10,92,278,21,356
10,92,279,21,143
10,92,284,21,21
10,92,285,21,62
10,92,286,21,79
10,92,287,21,87
10,92,288,21,46
10,92,289,21,35
10,92,290,21,48
10,92,291,21,179
10,93,268,21,43
10,93,269,21,46
10,93,270,21,46
10,93,271,21,26
10,93,272,21,20
10,93,273,21,32
10,93,274,21,74
10,93,275,21,132
10,93,276,21,78
10,93,277,21,115
10,93,278,21,604
10,93,279,21,149
10,93,284,21,29
10,93,285,21,24
10,93,286,21,56
10,93,287,21,97
10,93,288,21,40
10,93,289,21,34
10,93,290,21,55
10,93,291,21,176
10,94,268,21,71
10,94,269,21,66
10,94,270,21,66
10,94,271,21,51
10,94,272,21,18
10,94,273,21,32
10,94,274,21,47
10,94,275,21,136
10,94,276,21,105
10,94,277,21,141
10,94,278,21,64
10,94,279,21,28
10,94,284,21,6
10,94,285,21,31
10,94,286,21,78
10,94,287,21,158
10,94,288,21,105
10,94,289,21,24
10,94,290,21,32
10,94,291,21,108
10,95,268,21,80
10,95,269,21,64
10,95,270,21,65
10,95,271,21,78
10,95,272,21,18
10,95,273,21,22
10,95,274,21,22
10,95,275,21,146
10,95,276,21,77
10,95,277,21,117
10,95,278,21,41
10,95,279,21,26
10,95,284,21,4
10,95,285,21,13
10,95,286,21,54
10,95,287,21,108
10,95,288,21,60
10,95,289,21,43
10,95,290,21,47
10,95,291,21,102
10,96,248,21,26
10,96,249,21,15
10,96,250,21,16
10,96,251,21,20
10,96,264,21,12
10,96,265,21,29
10,96,266,21,37
10,96,267,21,41
10,96,268,21,65
10,96,269,21,82
10,96,270,21,65
10,96,271,21,52
10,96,272,21,12
10,96,273,21,19
10,96,274,21,13
10,96,275,21,74
10,96,276,21,168
10,96,277,21,118
10,96,278,21,68
10,96,279,21,31
10,96,284,21,28
10,96,285,21,39
10,96,286,21,49
10,96,287,21,79
10,97,248,21,31
10,97,249,21,10
10,97,250,21,17
10,97,251,21,12
10,97,264,21,12
10,97,265,21,27
10,97,266,21,34
10,97,267,21,33
10,97,268,21,54
10,97,269,21,21
10,97,270,21,48
10,97,271,21,65
10,97,272,21,40
10,97,273,21,44
10,97,274,21,53
10,97,275,21,42
10,97,276,21,112
10,97,277,21,135
10,97,278,21,51
10,97,279,21,23
10,97,284,21,36
10,97,285,21,65
10,97,286,21,53
10,97,287,21,44
10,98,248,21,24
10,98,249,21,15
10,98,250,21,15
10,98,251,21,8
10,98,264,21,16
10,98,265,21,95
10,98,266,21,161
10,98,267,21,197
10,98,268,21,45
10,98,269,21,48
10,98,270,21,106
10,98,271,21,78
10,98,272,21,70
10,98,273,21,21
10,98,274,21,46
10,98,275,21,66
10,98,276,21,80
10,98,277,21,115
10,98,278,21,56
10,98,279,21,45
10,98,284,21,60
10,98,285,21,94
10,98,286,21,25
10,98,287,21,26
10,99,248,21,9
10,99,249,21,15
10,99,250,21,12
10,99,251,21,6
10,99,264,21,10
10,99,265,21,66
10,99,266,21,505
10,99,267,21,338
10,99,268,21,40
10,99,269,21,55
10,99,270,21,166
10,99,271,21,95
10,99,272,21,71
10,99,273,21,26
10,99,274,21,22
10,99,275,21,84
10,99,276,21,78
10,99,277,21,100
10,99,278,21,103
10,99,279,21,44
10,99,284,21,62
10,99,285,21,54
10,99,286,21,57
10,99,287,21,39
10,100,240,21,39
10,100,241,21,55
10,100,242,21,75
10,100,243,21,38
10,100,260,21,31
10,100,261,21,36
10,100,262,21,38
10,100,263,21,32
10,100,264,21,14
10,100,265,21,179
10,100,266,21,541
10,100,267,21,90
10,100,268,21,43
10,100,269,21,74
10,100,270,21,189
10,100,271,21,66
10,100,272,21,35
10,100,273,21,41
10,100,274,21,45
10,100,275,21,54
10,100,276,21,89
10,100,277,21,92
10,100,278,21,163
10,100,279,21,38
10,100,280,21,16
10,100,281,21,19
10,100,282,21,20
10,100,283,21,11
10,100,284,21,48
10,100,285,21,92
10,100,286,21,46
10,100,287,21,71
10,101,240,21,76
10,101,241,21,42
10,101,242,21,73
10,101,243,21,29
10,101,260,21,28
10,101,261,21,63
10,101,262,21,38
10,101,263,21,51
10,101,264,21,45
10,101,265,21,21
10,101,266,21,60
10,101,267,21,75
10,101,268,21,39
10,101,269,21,111
10,101,270,21,368
10,101,271,21,243
10,101,272,21,51
10,101,273,21,29
10,101,274,21,28
10,101,275,21,41
10,101,276,21,65
10,101,277,21,67
10,101,278,21,126
10,101,279,21,89
10,101,280,21,77
10,101,281,21,38
10,101,282,21,24
10,101,283,21,41
10,101,284,21,73
10,101,285,21,180
10,101,286,21,177
10,101,287,21,76
10,102,240,21,43
10,102,241,21,33
10,102,242,21,24
10,102,243,21,15
10,102,260,21,42
10,102,261,21,47
10,102,262,21,24
10,102,263,21,23
10,102,264,21,31
10,102,265,21,13
10,102,266,21,35
10,102,267,21,52
10,102,268,21,72
10,102,269,21,104
10,102,270,21,235
10,102,271,21,94
10,102,272,21,36
10,102,273,21,48
10,102,274,21,56
10,102,275,21,117
10,102,276,21,83
10,102,277,21,92
10,102,278,21,75
10,102,279,21,107
10,102,280,21,122
10,102,281,21,66
10,102,282,21,48
10,102,283,21,96
10,102,284,21,123
10,102,285,21,37
10,102,286,21,98
10,102,287,21,227
10,103,240,21,45
10,103,241,21,48
10,103,242,21,28
10,103,243,21,7
10,103,260,21,4
10,103,261,21,5
10,103,262,21,14
10,103,263,21,47
10,103,264,21,35
10,103,265,21,14
10,103,266,21,27
10,103,267,21,83
10,103,268,21,89
10,103,269,21,82
10,103,270,21,58
10,103,271,21,63
10,103,272,21,34
10,103,273,21,41
10,103,274,21,49
10,103,275,21,73
10,103,276,21,84
10,103,277,21,115
10,103,278,21,68
10,103,279,21,104
10,103,280,21,204
10,103,281,21,107
10,103,282,21,34
10,103,283,21,66
10,103,284,21,97
10,103,285,21,74
10,103,286,21,63
10,103,287,21,204
10,104,264,21,46
10,104,265,21,25
10,104,266,21,50
10,104,267,21,44
10,104,268,21,47
10,104,269,21,51
10,104,270,21,64
10,104,271,21,81
10,104,272,21,222
10,104,273,21,56
10,104,274,21,21
10,104,275,21,34
10,104,276,21,58
10,104,277,21,44
10,104,278,21,63
10,104,279,21,103
10,104,280,21,116
10,104,281,21,162
10,104,282,21,119
10,104,283,21,76
10,105,264,21,33
10,105,265,21,35
10,105,266,21,53
10,105,267,21,23
10,105,268,21,29
10,105,269,21,54
10,105,270,21,71
10,105,271,21,132
10,105,272,21,63
10,105,273,21,38
10,105,274,21,21
10,105,275,21,18
10,105,276,21,55
10,105,277,21,23
10,105,278,21,37
10,105,279,21,84
10,105,280,21,81
10,105,281,21,161
10,105,282,21,147
10,105,283,21,199
10,106,264,21,27
10,106,265,21,17
10,106,266,21,63
10,106,267,21,45
10,106,268,21,40
10,106,269,21,56
10,106,270,21,70
10,106,271,21,36
10,106,272,21,33
10,106,273,21,34
10,106,274,21,34
10,106,275,21,39
10,106,276,21,55
10,106,277,21,57
10,106,278,21,41
10,106,279,21,55
10,106,280,21,69
10,106,281,21,120
10,106,282,21,109
10,106,283,21,196
10,107,264,21,43
10,107,265,21,13
10,107,266,21,133
10,107,267,21,39
10,107,268,21,62
10,107,269,21,67
10,107,270,21,68
10,107,271,21,42
10,107,272,21,45
10,107,273,21,49
10,107,274,21,41
10,107,275,21,37
10,107,276,21,20
10,107,277,21,49
10,107,278,21,53
10,107,279,21,27
10,107,280,21,34
10,107,281,21,58
10,107,282,21,62
10,107,283,21,109
10,108,264,21,79
10,108,265,21,77
10,108,266,21,40
10,108,267,21,60
10,108,268,21,43
10,108,269,21,42
10,108,270,21,39
10,108,271,21,776
10,108,272,21,951
10,108,273,21,103
10,108,274,21,25
10,108,275,21,24
10,108,280,21,32
10,108,281,21,46
10,108,282,21,26
10,108,283,21,63
10,108,284,21,127
10,108,285,21,129
10,108,286,21,138
10,108,287,21,199
10,109,264,21,170
10,109,265,21,139
10,109,266,21,39
10,109,267,21,47
10,109,268,21,39
10,109,269,21,52
10,109,270,21,53
10,109,271,21,423
10,109,272,21,1037
10,109,273,21,120
10,109,274,21,33
10,109,275,21,32
10,109,280,21,40
10,109,281,21,61
10,109,282,21,44
10,109,283,21,72
10,109,284,21,228
10,109,285,21,187
10,109,286,21,84
10,109,287,21,158
10,110,264,24,4
10,110,264,21,133
10,110,265,24,7
10,110,265,21,135
10,110,266,24,12
10,110,266,21,169
10,110,267,24,5
10,110,267,21,63
10,110,268,24,10
10,110,268,21,41
10,110,269,21,42
10,110,269,24,6
10,110,270,21,48
10,110,270,24,7
10,110,271,21,529
10,110,271,24,5
10,110,272,21,990
10,110,272,24,6
10,110,273,24,3
10,110,273,21,135
10,110,274,24,3
10,110,274,21,34
10,110,275,24,1
10,110,275,21,23
10,110,280,24,1
10,110,280,21,25
10,110,281,21,59
10,110,281,24,6
10,110,282,24,6
10,110,282,21,86
10,110,283,21,74
10,110,283,24,6
10,110,284,21,220
10,110,284,24,7
10,110,285,21,254
10,110,285,24,10
10,110,286,21,232
10,110,286,24,8
10,110,287,21,71
10,110,287,24,1
10,111,264,24,37
10,111,265,24,22
10,111,266,24,23
10,111,267,24,23
10,111,268,24,25
10,111,269,24,24
10,111,270,24,36
10,111,271,24,17
10,111,272,24,38
10,111,273,24,30
10,111,274,24,4
10,111,275,24,4
10,111,280,24,3
10,111,281,24,10
10,111,282,24,26
10,111,283,24,19
10,111,284,24,29
10,111,285,24,51
10,111,286,24,21
10,111,287,24,4
10,112,268,24,50
10,112,269,24,34
10,112,270,24,22
10,112,271,24,25
10,112,272,24,15
10,112,273,24,16
10,112,274,24,6
10,112,275,24,9
10,112,276,24,20
10,112,277,24,17
10,112,278,24,11
10,112,279,24,8
10,112,280,24,9
10,112,281,24,17
10,112,282,24,20
10,112,283,24,13
10,112,284,24,29
10,112,285,24,49
10,112,286,24,26
10,112,287,24,8
10,113,268,24,186
10,113,269,24,35
10,113,270,24,17
10,113,271,24,18
10,113,272,24,11
10,113,273,24,5
10,113,274,24,6
10,113,275,24,16
10,113,276,24,29
10,113,277,24,49
10,113,278,24,17
10,113,279,24,19
10,113,280,24,12
10,113,281,24,13
10,113,282,24,13
10,113,283,24,13
10,113,284,24,22
10,113,285,24,25
10,113,286,24,31
10,113,287,24,24
10,114,268,24,130
10,114,269,24,42
10,114,270,24,23
10,114,271,24,25
10,114,272,24,11
10,114,273,24,10
10,114,274,24,14
10,114,275,24,36
10,114,276,24,28
10,114,277,24,26
10,114,278,24,23
10,114,279,24,20
10,114,280,24,43
10,114,281,24,29
10,114,282,24,17
10,114,283,24,10
10,114,284,24,25
10,114,285,24,27
10,114,286,24,41
10,114,287,24,29
10,115,268,24,95
10,115,269,24,93
10,115,270,24,81
10,115,271,24,12
10,115,272,24,20
10,115,273,24,17
10,115,274,24,8
10,115,275,24,36
10,115,276,24,16
10,115,277,24,33
10,115,278,24,373
10,115,279,24,71
10,115,280,24,22
10,115,281,24,17
10,115,282,24,20
10,115,283,24,7
10,115,284,24,24
10,115,285,24,16
10,115,286,24,46
10,115,287,24,128
10,116,268,24,78
10,116,269,24,84
10,116,270,24,59
10,116,271,24,17
10,116,272,24,22
10,116,273,24,38
10,116,274,24,12
10,116,275,24,32
10,116,276,24,33
10,116,277,24,33
10,116,278,24,21
10,116,279,24,30
10,116,280,24,23
10,116,281,24,18
10,116,282,24,19
10,116,283,24,6
10,116,284,24,5
10,116,285,24,9
10,116,286,24,16
10,116,287,24,92
10,117,268,24,68
10,117,269,24,63
10,117,270,24,85
10,117,271,24,46
10,117,272,24,6
10,117,273,24,16
10,117,274,24,19
10,117,275,24,8
10,117,276,24,12
10,117,277,24,24
10,117,278,24,23
10,117,279,24,22
10,117,280,24,17
10,117,281,24,20
10,117,282,24,38
10,117,283,24,9
10,117,284,24,6
10,117,285,24,4
10,117,286,24,15
10,117,287,24,31
10,118,268,24,28
10,118,269,24,81
10,118,270,24,97
10,118,271,24,11
10,118,272,24,13
10,118,273,24,9
10,118,274,24,4
10,118,275,24,7
10,118,276,24,6
10,118,277,24,23
10,118,278,24,20
10,118,279,24,27
10,118,280,24,18
10,118,281,24,28
10,118,282,24,57
10,118,283,24,15
10,118,284,24,5
10,118,285,24,3
10,118,286,24,14
10,118,287,24,11
10,119,268,24,17
10,119,269,24,33
10,119,270,24,22
10,119,271,24,9
10,119,272,24,9
10,119,273,24,6
10,119,274,24,3
10,119,275,24,15
10,119,276,24,9
10,119,277,24,12
10,119,278,24,28
10,119,279,24,19
10,119,280,24,16
10,119,281,24,37
10,119,282,24,49
10,119,283,24,13
10,119,284,24,19
10,119,285,24,10
10,119,286,24,23
10,119,287,24,52
10,120,272,24,3
10,120,273,24,10
10,120,274,24,6
10,120,275,24,8
10,120,276,24,8
10,120,277,24,10
10,120,278,24,11
10,120,279,24,27
10,120,280,24,18
10,120,281,24,19
10,120,282,24,23
10,120,283,24,34
10,120,284,24,19
10,120,285,24,16
10,120,286,24,15
10,120,287,24,27
10,121,272,24,6
10,121,273,24,18
10,121,274,24,6
10,121,275,24,3
10,121,276,24,4
10,121,277,24,14
10,121,278,24,28
10,121,279,24,20
10,121,280,24,22
10,121,281,24,13
10,121,282,24,10
10,121,283,24,29
10,121,284,24,30
10,121,285,24,18
10,121,286,24,7
10,121,287,24,7
10,122,272,24,6
10,122,273,24,45
10,122,274,24,13
10,122,275,24,2
10,122,276,24,5
10,122,277,24,10
10,122,278,24,14
10,122,279,24,9
10,122,280,24,10
10,122,281,24,10
10,122,282,24,15
10,122,283,24,11
10,122,284,24,19
10,122,285,24,10
10,122,286,24,7
10,122,287,24,8
10,123,272,24,2
10,123,273,24,19
10,123,274,24,6
10,123,275,24,1
10,123,276,24,4
10,123,277,24,7
10,123,278,24,9
10,123,279,24,11
10,123,280,24,6
10,123,281,24,10
10,123,282,24,16
10,123,283,24,13
10,123,284,24,6
10,123,285,24,5
10,123,286,24,2
10,123,287,24,4
10,124,280,24,14
10,124,281,24,13
10,124,282,24,4
10,124,283,24,6
10,125,280,24,15
10,125,281,24,9
10,125,282,24,12
10,125,283,24,9
10,126,280,24,25
10,126,281,24,13
10,126,282,24,13
10,126,283,24,13
10,127,280,24,23
10,127,281,24,21
10,127,282,24,20
10,127,283,24,24
10,128,268,24,8
10,128,269,24,19
10,128,270,24,28
10,128,271,24,30
10,128,272,24,58
10,128,273,24,15
10,128,274,24,17
10,128,275,24,8
10,128,280,24,7
10,128,281,24,9
10,128,282,24,27
10,128,283,24,38
10,128,284,24,33
10,128,285,24,12
10,128,286,24,11
10,128,287,24,8
10,128,288,24,19
10,128,289,24,21
10,128,290,24,17
10,128,291,24,27
10,128,292,24,74
10,128,293,24,25
10,128,294,24,20
10,128,295,24,24
10,128,296,24,61
10,128,297,206,8
10,128,297,205,76
10,128,297,24,50
10,128,297,21,1
10,128,298,21,1
10,128,298,206,3
10,128,298,205,69
10,128,299,205,32
10,128,299,21,1
10,128,299,206,1
10,128,300,205,13
10,128,300,21,6
10,128,301,205,7
10,128,301,21,132
10,128,302,205,1
10,128,302,21,237
10,128,303,21,95
10,128,304,21,174
10,128,305,21,81
10,128,306,21,80
10,128,307,21,170
10,128,308,21,144
10,128,309,21,46
10,128,310,21,65
10,128,311,21,44
10,128,312,21,55
10,128,313,21,122
10,128,314,21,103
10,128,315,21,104
10,129,268,24,15
10,129,269,24,9
10,129,270,24,47
10,129,271,24,42
10,129,272,24,122
10,129,273,24,32
10,129,274,24,7
10,129,275,24,7
10,129,280,24,14
10,129,281,24,4
10,129,282,24,34
10,129,283,24,6
10,129,284,24,30
10,129,285,24,17
10,129,286,24,7
10,129,287,24,21
10,129,288,24,25
10,129,289,24,34
10,129,290,24,23
10,129,291,24,29
10,129,292,24,36
10,129,293,24,22
10,129,294,24,25
10,129,295,24,7
10,129,296,24,32
10,129,297,205,23
10,129,297,24,21
10,129,297,206,3
10,129,297,21,1
10,129,298,21,1
10,129,298,205,53
10,129,298,206,2
10,129,299,205,99
10,129,299,206,3
10,129,299,21,1
10,129,300,205,27
10,129,300,21,1
10,129,300,206,3
10,129,301,205,54
10,129,301,21,1
10,129,301,206,1
10,129,302,21,106
10,129,302,205,13
10,129,303,205,5
10,129,303,21,111
10,129,304,21,220
10,129,305,21,190
10,129,306,21,273
10,129,307,21,121
10,129,308,21,218
10,129,309,21,118
10,129,310,21,155
10,129,311,21,149
10,129,312,21,84
10,129,313,21,51
10,129,314,21,23
10,129,315,21,20
10,130,268,24,14
10,130,269,24,12
10,130,270,24,50
10,130,271,24,64
10,130,272,24,145
10,130,273,24,22
10,130,274,24,11
10,130,275,24,5
10,130,280,24,12
10,130,281,24,10
10,130,282,24,25
10,130,283,24,25
10,130,284,24,17
10,130,285,24,38
10,130,286,24,9
10,130,287,24,46
10,130,288,24,68
10,130,289,24,99
10,130,290,24,19
10,130,291,24,22
10,130,292,24,25
10,130,293,24,41
10,130,294,24,46
10,130,295,24,23
10,130,296,24,26
10,130,297,205,6
10,130,297,24,7
10,130,297,21,1
10,130,297,206,1
10,130,298,21,1
10,130,298,205,17
10,130,298,206,1
10,130,299,205,103
10,130,299,206,6
10,130,299,21,1
10,130,300,205,62
10,130,300,206,3
10,130,300,21,1
10,130,301,205,107
10,130,301,21,1
10,130,301,206,3
10,130,302,21,3
10,130,302,205,62
10,130,302,206,4
10,130,303,21,20
10,130,303,205,26
10,130,304,21,135
10,130,304,205,9
10,130,305,21,134
10,130,306,21,230
10,130,307,21,126
10,130,308,21,86
10,130,309,21,71
10,130,310,21,204
10,130,311,21,288
10,130,312,21,78
10,130,313,21,25
10,130,314,21,115
10,130,315,21,73
10,131,268,24,15
10,131,269,24,9
10,131,270,24,16
10,131,271,24,47
10,131,272,24,93
10,131,273,24,10
10,131,274,24,6
10,131,275,24,13
10,131,280,24,9
10,131,281,24,11
10,131,282,24,32
10,131,283,24,99
10,131,284,24,15
10,131,285,24,7
10,131,286,24,3
10,131,287,24,8
10,131,288,24,42
10,131,289,24,45
10,131,290,24,3
10,131,291,24,19
10,131,292,24,14
10,131,293,24,16
10,131,294,24,29
10,131,295,24,15
10,131,296,24,3
10,131,297,24,5
10,131,297,205,9
10,131,297,206,2
10,131,297,21,1
10,131,298,205,4
10,131,298,21,1
10,131,298,206,1
10,131,299,205,73
10,131,299,206,4
10,131,299,21,1
10,131,300,206,2
10,131,300,205,36
10,131,300,21,1
10,131,301,205,24
10,131,301,206,3
10,131,301,21,1
10,131,302,205,46
10,131,302,21,2
10,131,302,206,4
10,131,303,21,1
10,131,303,205,146
10,131,304,21,64
10,131,304,205,102
10,131,304,206,1
10,131,305,21,49
10,131,305,205,12
10,131,305,206,1
10,131,306,21,76
10,131,307,21,115
10,131,308,21,76
10,131,309,21,34
10,131,310,21,50
10,131,311,21,72
10,131,312,21,11
10,131,313,21,61
10,131,314,21,89
10,131,315,21,69
10,132,272,24,60
10,132,273,24,10
10,132,274,24,7
10,132,275,24,14
10,132,280,24,8
10,132,281,24,13
10,132,282,24,35
10,132,283,24,229
10,132,284,24,39
10,132,285,24,35
10,132,286,24,23
10,132,287,24,2
10,132,288,24,24
10,132,289,24,27
10,132,290,24,8
10,132,291,24,4
10,132,292,24,23
10,132,293,24,21
10,132,294,24,15
10,132,295,24,20
10,132,296,24,5
10,132,297,205,4
10,132,297,21,1
10,132,297,24,3
10,132,297,206,1
10,132,298,205,31
10,132,298,206,3
10,132,298,21,1
10,132,299,205,61
10,132,299,206,2
10,132,299,21,1
10,132,300,205,38
10,132,300,21,1
10,132,300,206,1
10,132,301,205,16
10,132,301,206,3
10,132,301,21,1
10,132,302,205,16
10,132,302,21,2
10,132,302,206,1
10,132,303,21,1
10,132,303,205,78
10,132,303,206,1
10,132,304,21,1
10,132,304,205,234
10,132,304,206,1
10,132,305,21,12
10,132,305,205,98
10,132,305,206,1
10,132,306,21,62
10,132,306,205,6
10,132,307,21,112
10,132,307,205,2
10,132,308,21,195
10,132,309,21,216
10,132,310,21,61
10,132,311,21,36
10,132,312,21,29
10,132,313,21,59
10,132,314,21,232
10,132,315,21,139
10,132,316,21,29
10,132,317,21,78
10,132,318,21,122
10,132,319,21,155
10,132,320,21,97
10,132,321,21,54
10,132,322,21,36
10,132,323,21,5
10,132,324,21,4
10,132,325,21,3
10,132,326,21,1
10,132,327,21,1
10,133,272,24,65
10,133,273,24,13
10,133,274,24,14
10,133,275,24,20
10,133,280,24,4
10,133,281,24,6
10,133,282,24,88
10,133,283,24,81
10,133,284,24,141
10,133,285,24,30
10,133,286,24,83
10,133,287,24,42
10,133,288,24,19
10,133,289,24,20
10,133,290,24,12
10,133,291,24,9
10,133,292,24,10
10,133,293,24,9
10,133,294,24,7
10,133,295,24,13
10,133,296,24,5
10,133,297,24,2
10,133,297,205,1
10,133,297,21,1
10,133,297,206,1
10,133,298,205,1
10,133,298,21,1
10,133,298,206,1
10,133,299,205,1
10,133,299,21,1
10,133,299,206,1
10,133,300,21,1
10,133,300,206,1
10,133,301,205,7
10,133,301,21,1
10,133,301,206,1
10,133,302,205,30
10,133,302,21,2
10,133,302,206,2
10,133,303,21,1
10,133,303,205,15
10,133,303,206,2
10,133,304,21,1
10,133,304,205,153
10,133,304,206,5
10,133,305,21,1
10,133,305,205,33
10,133,305,206,3
10,133,306,21,1
10,133,306,205,10
10,133,306,206,1
10,133,307,205,17
10,133,307,206,1
10,133,307,21,38
10,133,308,21,154
10,133,308,205,1
10,133,308,206,1
10,133,309,21,234
10,133,309,205,1
10,133,310,21,146
10,133,311,21,111
10,133,312,21,58
10,133,313,21,53
10,133,314,21,45
10,133,315,21,293
10,133,316,21,104
10,133,317,21,90
10,133,318,21,108
10,133,319,21,89
10,133,320,21,94
10,133,321,21,89
10,133,322,21,95
10,133,323,21,85
10,133,324,21,52
10,133,325,21,2
10,133,326,21,1
10,133,327,205,12
10,133,327,21,1
10,134,272,24,77
10,134,273,24,53
10,134,274,24,20
10,134,275,24,31
10,134,280,24,7
10,134,281,24,7
10,134,282,24,21
10,134,283,24,15
10,134,284,24,30
10,134,285,24,38
10,134,286,24,55
10,134,287,24,78
10,134,288,24,51
10,134,289,24,30
10,134,290,24,13
10,134,291,24,8
10,134,292,24,5
10,134,293,24,6
10,134,294,24,6
10,134,295,24,11
10,134,296,24,10
10,134,297,205,11
10,134,297,24,5
10,134,297,206,2
10,134,297,21,1
10,134,298,205,8
10,134,298,21,1
10,134,298,206,1
10,134,299,205,2
10,134,299,21,1
10,134,299,206,1
10,134,300,21,1
10,134,300,206,1
10,134,301,205,7
10,134,301,21,1
10,134,301,206,1
10,134,302,21,2
10,134,302,205,34
10,134,303,21,1
10,134,303,205,28
10,134,303,206,3
10,134,304,21,1
10,134,304,205,16
10,134,304,206,3
10,134,305,21,1
10,134,305,205,40
10,134,305,206,6
10,134,306,21,1
10,134,306,205,14
10,134,306,206,6
10,134,307,21,1
10,134,307,205,26
10,134,307,206,2
10,134,308,21,2
10,134,308,205,10
10,134,308,206,2
10,134,309,205,3
10,134,309,21,15
10,134,310,21,93
10,134,310,205,3
10,134,311,21,139
10,134,311,205,1
10,134,312,21,87
10,134,313,21,110
10,134,314,21,62
10,134,315,21,58
10,134,316,21,99
10,134,317,21,118
10,134,318,21,134
10,134,319,21,18
10,134,320,21,50
10,134,321,21,63
10,134,322,21,83
10,134,323,21,80
10,134,324,21,53
10,134,325,21,20
10,134,326,21,1
10,134,327,21,1
10,134,327,205,1
10,135,272,24,131
10,135,273,24,73
10,135,274,24,60
10,135,275,24,38
10,135,280,24,18
10,135,281,24,10
10,135,282,24,15
10,135,283,24,9
10,135,284,24,8
10,135,285,24,23
10,135,286,24,30
10,135,287,24,61
10,135,288,24,70
10,135,289,24,57
10,135,290,24,19
10,135,291,24,12
10,135,292,24,7
10,135,293,24,20
10,135,294,24,16
10,135,295,24,6
10,135,296,24,9
10,135,297,205,18
10,135,297,24,5
10,135,297,206,2
10,135,297,21,1
10,135,298,205,23
10,135,298,21,1
10,135,298,206,1
10,135,299,205,2
10,135,299,21,1
10,135,299,206,1
10,135,300,21,1
10,135,300,206,1
10,135,301,205,8
10,135,301,21,1
10,135,301,206,1
10,135,302,21,2
10,135,302,205,26
10,135,302,206,1
10,135,303,205,22
10,135,303,206,2
10,135,303,21,1
10,135,304,21,1
10,135,304,205,10
10,135,304,206,2
10,135,305,21,1
10,135,305,205,20
10,135,305,206,3
10,135,306,205,82
10,135,306,21,1
10,135,306,206,5
10,135,307,21,1
10,135,307,205,71
10,135,307,206,8
10,135,308,21,2
10,135,308,205,15
10,135,308,206,6
10,135,309,205,9
10,135,309,206,9
10,135,309,21,1
10,135,310,205,14
10,135,310,21,1
10,135,310,206,6
10,135,311,21,27
10,135,311,205,5
10,135,312,205,4
10,135,312,21,84
10,135,313,21,121
10,135,313,205,2
10,135,314,21,189
10,135,315,21,151
10,135,316,21,56
10,135,317,21,76
10,135,318,21,127
10,135,319,21,38
10,135,320,21,61
10,135,321,21,74
10,135,322,21,74
10,135,323,21,139
10,135,324,21,850
10,135,325,21,226
10,135,326,21,1
10,135,327,21,1
10,136,284,24,7
10,136,285,24,15
10,136,286,24,21
10,136,287,24,35
10,136,288,24,63
10,136,289,24,40
10,136,290,24,25
10,136,291,24,7
10,136,292,24,15
10,136,293,24,9
10,136,294,24,6
10,136,295,24,18
10,136,296,24,12
10,136,297,205,15
10,136,297,24,10
10,136,297,21,1
10,136,297,206,1
10,136,298,205,10
10,136,298,21,1
10,136,298,206,1
10,136,299,205,17
10,136,299,21,1
10,136,299,206,1
10,136,300,205,16
10,136,300,21,1
10,136,300,206,1
10,136,301,205,10
10,136,301,21,1
10,136,301,206,1
10,136,302,205,6
10,136,302,21,2
10,136,302,206,1
10,136,303,205,16
10,136,303,21,1
10,136,303,206,3
10,136,304,21,1
10,136,304,205,13
10,136,304,206,3
10,136,305,21,1
10,136,305,205,22
10,136,305,206,2
10,136,306,21,1
10,136,306,205,36
10,136,306,206,3
10,136,307,205,34
10,136,307,206,4
10,136,307,21,1
10,136,308,206,6
10,136,308,205,38
10,136,308,21,2
10,136,309,205,42
10,136,309,206,9
10,136,309,21,1
10,136,310,205,15
10,136,310,206,10
10,136,310,21,1
10,136,311,205,19
10,136,311,206,6
10,136,311,21,1
10,136,312,21,1
10,136,312,206,2
10,136,312,205,10
10,136,313,205,9
10,136,313,206,2
10,136,313,21,34
10,136,314,21,67
10,136,314,205,6
10,136,315,21,127
10,136,315,205,4
10,136,315,206,1
10,136,316,21,173
10,136,317,21,79
10,136,318,21,98
10,136,319,21,50
10,136,320,21,78
10,136,321,21,47
10,136,322,21,68
10,136,323,21,192
10,136,324,21,386
10,136,325,21,150
10,136,326,21,2
10,136,327,21,2
10,137,284,24,15
10,137,285,24,15
10,137,286,24,21
10,137,287,24,10
10,137,288,24,47
10,137,289,24,53
10,137,290,24,53
10,137,291,24,8
10,137,292,24,6
10,137,293,24,10
10,137,294,24,12
10,137,295,24,24
10,137,296,24,75
10,137,297,205,22
10,137,297,24,30
10,137,297,206,1
10,137,298,205,27
10,137,298,206,1
10,137,299,205,64
10,137,299,206,1
10,137,300,206,1
10,137,300,205,11
10,137,301,205,13
10,137,301,206,1
10,137,302,205,6
10,137,302,206,1
10,137,303,205,5
10,137,303,206,3
10,137,304,205,13
10,137,304,206,4
10,137,305,205,8
10,137,305,206,2
10,137,306,206,2
10,137,306,205,27
10,137,307,205,23
10,137,307,206,4
10,137,308,206,1
10,137,308,205,31
10,137,309,205,43
10,137,309,206,5
10,137,310,205,49
10,137,310,206,9
10,137,311,205,37
10,137,311,206,3
10,137,312,205,46
10,137,312,206,2
10,137,313,205,36
10,137,313,21,1
10,137,313,206,1
10,137,314,205,25
10,137,314,21,1
10,137,314,206,1
10,137,315,21,17
10,137,315,206,1
10,137,315,205,37
10,137,316,21,151
10,137,316,205,1
10,137,317,21,78
10,137,318,21,26
10,137,319,21,53
10,137,320,21,82
10,137,321,21,87
10,137,322,21,218
10,137,323,21,178
10,137,324,21,34
10,137,325,21,1
10,137,326,21,1
10,137,327,21,1
10,137,327,205,1
10,138,284,24,19
10,138,285,24,19
10,138,286,24,34
10,138,287,24,12
10,138,288,24,41
10,138,289,24,65
10,138,290,24,34
10,138,291,24,12
10,138,292,24,7
10,138,293,24,22
10,138,294,24,12
10,138,295,24,18
10,138,296,24,69
10,138,297,24,13
10,138,297,205,19
10,138,297,206,1
10,138,298,205,15
10,138,298,206,1
10,138,299,205,32
10,138,299,206,1
10,138,300,205,10
10,138,300,206,1
10,138,301,205,9
10,138,301,206,1
10,138,302,205,20
10,138,302,206,1
10,138,303,205,14
10,138,303,206,1
10,138,304,205,13
10,138,304,206,4
10,138,305,205,3
10,138,306,205,1
10,138,307,206,2
10,138,307,205,7
10,138,308,206,2
10,138,308,205,16
10,138,309,205,19
10,138,309,206,3
10,138,310,205,33
10,138,310,206,5
10,138,311,205,25
10,138,311,206,2
10,138,312,205,63
10,138,312,206,1
10,138,313,205,57
10,138,313,21,1
10,138,313,206,3
10,138,314,205,11
10,138,314,21,1
10,138,315,205,61
10,138,315,21,1
10,138,315,206,1
10,138,316,21,52
10,138,316,205,17
10,138,316,206,1
10,138,317,21,50
10,138,318,21,56
10,138,319,21,47
10,138,320,21,98
10,138,321,21,223
10,138,322,21,117
10,138,323,21,116
10,138,324,21,69
10,138,325,205,2
10,138,325,21,1
10,138,326,205,1
10,138,326,21,1
10,138,327,21,1
10,139,284,24,21
10,139,285,24,25
10,139,286,24,41
10,139,287,24,30
10,139,288,24,35
10,139,289,24,90
10,139,290,24,55
10,139,291,24,16
10,139,292,24,6
10,139,293,24,30
10,139,294,24,2
10,139,295,24,11
10,139,296,24,15
10,139,297,24,6
10,139,297,205,14
10,139,297,206,1
10,139,298,205,35
10,139,298,206,1
10,139,299,205,13
10,139,299,206,1
10,139,300,205,14
10,139,300,206,1
10,139,301,205,10
10,139,301,206,1
10,139,302,205,9
10,139,302,206,1
10,139,303,205,8
10,139,303,206,1
10,139,304,206,6
10,139,304,205,37
10,139,305,206,2
10,139,305,205,23
10,139,306,205,5
10,139,306,206,2
10,139,307,205,5
10,139,307,206,1
10,139,308,206,4
10,139,308,205,22
10,139,309,206,4
10,139,309,205,22
10,139,310,206,2
10,139,310,205,34
10,139,311,206,2
10,139,311,205,76
10,139,312,206,2
10,139,312,205,103
10,139,313,205,55
10,139,313,21,1
10,139,313,206,4
10,139,314,21,1
10,139,314,206,1
10,139,314,205,71
10,139,315,21,1
10,139,315,206,1
10,139,315,205,66
10,139,316,21,49
10,139,316,205,22
10,139,317,21,66
10,139,318,21,55
10,139,319,21,82
10,139,320,21,112
10,139,321,21,93
10,139,322,21,54
10,139,323,21,78
10,139,324,21,35
10,139,325,21,7
10,139,325,205,9
10,139,326,21,1
10,139,326,205,15
10,139,327,21,1
10,139,327,205,7
10,140,284,24,14
10,140,285,24,18
10,140,286,24,22
10,140,287,24,21
10,140,288,24,44
10,140,289,24,145
10,140,290,24,78
10,140,291,24,9
10,140,292,24,9
10,140,293,24,46
10,140,294,24,7
10,140,295,24,8
10,140,296,24,5
10,140,297,24,2
10,140,297,205,29
10,140,297,206,1
10,140,298,205,33
10,140,298,206,1
10,140,299,205,12
10,140,299,206,1
10,140,300,205,33
10,140,300,206,1
10,140,301,205,21
10,140,301,206,1
10,140,302,205,9
10,140,302,206,1
10,140,303,205,23
10,140,303,206,1
10,140,304,206,5
10,140,304,205,76
10,140,305,206,1
10,140,305,205,21
10,140,306,206,1
10,140,306,205,9
10,140,307,205,56
10,140,307,206,2
10,140,308,205,43
10,140,308,206,6
10,140,309,205,30
10,140,309,206,5
10,140,310,206,3
10,140,310,205,57
10,140,311,206,2
10,140,311,205,46
10,140,312,205,92
10,140,312,206,3
10,140,313,205,80
10,140,313,21,1
10,140,313,206,1
10,140,314,205,49
10,140,314,21,1
10,140,314,206,3
10,140,315,21,1
10,140,315,206,2
10,140,315,205,61
10,140,324,205,6
10,140,324,21,93
10,140,325,205,16
10,140,325,21,11
10,140,326,205,29
10,140,326,21,1
10,140,327,205,10
10,140,327,21,1
10,140,327,206,1
10,141,284,24,10
10,141,285,24,21
10,141,286,24,45
10,141,287,24,38
10,141,288,24,65
10,141,289,24,82
10,141,290,24,50
10,141,291,24,26
10,141,292,24,6
10,141,293,24,9
10,141,294,24,3
10,141,295,24,6
10,141,296,24,14
10,141,297,24,17
10,141,297,205,75
10,141,297,206,2
10,141,298,205,47
10,141,298,206,1
10,141,299,205,7
10,141,299,206,1
10,141,300,205,31
10,141,300,206,1
10,141,301,205,14
10,141,301,206,1
10,141,302,205,27
10,141,302,206,1
10,141,303,205,27
10,141,303,206,2
10,141,304,206,3
10,141,304,205,54
10,141,305,206,1
10,141,305,205,34
10,141,306,206,1
10,141,306,205,24
10,141,307,206,5
10,141,307,205,64
10,141,308,205,14
10,141,308,206,1
10,141,309,205,45
10,141,309,206,2
10,141,310,206,3
10,141,310,205,26
10,141,311,206,1
10,141,311,205,17
10,141,312,206,1
10,141,312,205,16
10,141,313,205,17
10,141,313,21,1
10,141,313,206,2
10,141,314,21,1
10,141,314,206,1
10,141,314,205,1
10,141,315,205,19
10,141,315,21,1
10,141,315,206,1
10,141,324,205,10
10,141,324,21,14
10,141,325,205,16
10,141,325,21,1
10,141,326,205,13
10,141,326,21,1
10,141,327,205,19
10,141,327,21,1
10,142,284,24,21
10,142,285,24,20
10,142,286,24,20
10,142,287,24,24
10,142,288,24,28
10,142,289,24,64
10,142,290,24,33
10,142,291,24,17
10,142,292,24,23
10,142,293,24,10
10,142,294,24,5
10,142,295,24,4
10,142,296,24,11
10,142,297,205,18
10,142,297,206,1
10,142,297,24,9
10,142,298,205,30
10,142,298,206,1
10,142,299,205,55
10,142,299,206,1
10,142,300,205,42
10,142,300,206,1
10,142,301,205,44
10,142,301,206,1
10,142,302,205,21
10,142,302,206,2
10,142,303,205,12
10,142,303,206,2
10,142,304,206,5
10,142,304,205,27
10,142,305,206,2
10,142,305,205,28
10,142,306,206,1
10,142,306,205,23
10,142,307,205,56
10,142,307,206,2
10,142,308,205,51
10,142,308,206,1
10,142,309,206,1
10,142,309,205,57
10,142,310,206,1
10,142,310,205,27
10,142,311,206,1
10,142,311,205,28
10,142,312,206,1
10,142,312,205,15
10,142,313,21,1
10,142,313,206,1
10,142,313,205,2
10,142,314,21,1
10,142,314,206,1
10,142,314,205,1
10,142,315,205,3
10,142,315,21,1
10,142,315,206,1
10,142,324,21,1
10,142,324,205,9
10,142,324,206,2
10,142,325,205,14
10,142,325,21,1
10,142,325,206,1
10,142,326,205,10
10,142,326,21,1
10,142,327,205,14
10,142,327,21,1
10,142,327,206,2
10,143,284,24,14
10,143,285,24,17
10,143,286,24,14
10,143,287,24,7
10,143,288,24,6
10,143,289,24,26
10,143,290,24,110
10,143,291,24,136
10,143,292,24,28
10,143,293,24,26
10,143,294,24,12
10,143,295,24,3
10,143,296,24,9
10,143,297,205,6
10,143,297,206,1
10,143,297,24,5
10,143,298,205,24
10,143,298,206,1
10,143,299,205,27
10,143,299,206,1
10,143,300,205,54
10,143,300,206,2
10,143,301,205,98
10,143,301,206,3
10,143,302,205,19
10,143,302,206,2
10,143,303,205,4
10,143,303,206,4
10,143,304,206,5
10,143,304,205,18
10,143,305,206,1
10,143,305,205,31
10,143,306,206,1
10,143,306,205,17
10,143,307,206,1
10,143,307,205,25
10,143,308,205,28
10,143,308,206,1
10,143,309,205,46
10,143,309,206,1
10,143,310,206,1
10,143,310,205,17
10,143,311,206,1
10,143,311,205,18
10,143,312,206,1
10,143,312,205,5
10,143,313,206,1
10,143,313,205,6
10,143,314,206,1
10,143,314,205,13
10,143,315,206,1
10,143,315,205,28
10,143,324,206,2
10,143,324,205,7
10,143,325,205,11
10,143,325,206,2
10,143,326,205,10
10,143,327,205,11
10,143,327,206,1
10,144,296,24,6
10,144,297,205,2
10,144,297,206,1
10,144,297,24,1
10,144,298,205,6
10,144,298,206,1
10,144,299,205,11
10,144,299,206,1
10,144,300,205,11
10,144,300,206,1
10,144,301,205,44
10,144,301,206,2
10,144,302,205,31
10,144,302,206,3
10,144,303,205,10
10,144,303,206,5
10,144,304,206,5
10,144,304,205,7
10,144,305,206,1
10,144,305,205,22
10,144,306,206,1
10,144,306,205,61
10,144,307,206,1
10,144,307,205,36
10,144,324,205,7
10,144,324,206,1
10,144,325,205,7
10,144,325,206,1
10,144,326,205,21
10,144,326,206,1
10,144,327,205,15
10,144,327,206,1
10,145,296,24,11
10,145,297,205,2
10,145,297,24,7
10,145,297,206,1
10,145,298,205,2
10,145,298,206,1
10,145,299,205,5
10,145,299,206,1
10,145,300,205,13
10,145,300,206,1
10,145,301,205,17
10,145,301,206,1
10,145,302,205,32
10,145,302,206,2
10,145,303,206,5
10,145,303,205,38
10,145,304,206,3
10,145,304,205,32
10,145,305,206,1
10,145,305,205,11
10,145,306,206,1
10,145,306,205,97
10,145,307,206,1
10,145,307,205,65
10,145,324,205,23
10,145,324,206,1
10,145,325,205,35
10,145,325,206,1
10,145,326,205,50
10,145,326,206,1
10,145,327,205,22
10,145,327,206,1
10,146,296,24,7
10,146,297,205,3
10,146,297,24,5
10,146,297,206,1
10,146,298,205,3
10,146,298,206,1
10,146,299,205,2
10,146,299,206,1
10,146,300,205,3
10,146,300,206,1
10,146,301,205,7
10,146,301,206,1
10,146,302,205,19
10,146,302,206,1
10,146,303,205,37
10,146,303,206,3
10,146,304,206,5
10,146,304,205,66
10,146,305,206,1
10,146,305,205,21
10,146,306,206,1
10,146,306,205,49
10,146,307,206,1
10,146,307,205,74
10,146,324,206,2
10,146,324,205,39
10,146,325,206,1
10,146,325,205,66
10,146,326,205,72
10,146,326,206,1
10,146,327,205,46
10,146,327,206,1
10,147,296,24,5
10,147,297,24,2
10,147,297,205,3
10,147,297,206,1
10,147,298,206,1
10,147,298,205,2
10,147,299,205,4
10,147,299,206,1
10,147,300,205,5
10,147,300,206,1
10,147,301,205,7
10,147,301,206,1
10,147,302,205,36
10,147,302,206,1
10,147,303,205,18
10,147,303,206,1
10,147,304,205,59
10,147,304,206,4
10,147,305,205,22
10,147,305,206,2
10,147,306,205,5
10,147,306,206,2
10,147,307,205,31
10,147,307,206,2
10,147,324,205,77
10,147,324,206,2
10,147,325,206,3
10,147,325,205,64
10,147,326,206,3
10,147,326,205,103
10,147,327,205,53
10,147,327,206,1
10,148,308,206,3
10,148,308,205,13
10,148,309,205,16
10,148,309,206,1
10,148,310,205,8
10,148,310,206,1
10,148,311,205,5
10,148,311,206,1
10,149,308,206,6
10,149,308,205,17
10,149,309,206,1
10,149,309,205,13
10,149,310,205,25
10,149,310,206,1
10,149,311,205,10
10,149,311,206,1
10,150,308,206,3
10,150,308,205,7
10,150,309,205,6
10,150,309,206,1
10,150,310,205,23
10,150,310,206,1
10,150,311,205,55
10,150,311,206,1
10,151,308,205,18
10,151,308,206,2
10,151,309,205,8
10,151,309,206,1
10,151,310,205,14
10,151,310,206,1
10,151,311,205,11
10,151,311,206,1
10,152,308,205,39
10,152,308,206,1
10,152,309,205,47
10,152,309,206,1
10,152,310,205,20
10,152,310,206,1
10,152,311,206,1
10,152,311,205,8
10,152,312,205,13
10,152,312,206,1
10,152,313,205,17
10,152,313,206,1
10,152,314,205,20
10,152,314,206,1
10,152,315,205,35
10,152,315,206,1
10,152,316,205,43
10,152,316,206,1
10,152,317,205,40
10,152,317,206,1
10,152,318,205,44
10,152,318,206,1
10,152,319,205,23
10,152,319,206,1
10,152,320,205,34
10,152,320,206,1
10,152,321,205,74
10,152,321,206,1
10,152,322,205,121
10,152,322,206,1
10,152,323,205,152
10,152,323,206,1
10,152,324,205,80
10,152,324,206,1
10,152,325,205,58
10,152,325,206,1
10,152,326,205,38
10,152,326,206,1
10,152,327,206,1
10,152,327,205,30
10,153,308,205,21
10,153,308,206,1
10,153,308,231,11
10,153,309,205,24
10,153,309,231,4
10,153,309,206,1
10,153,310,205,34
10,153,310,231,12
10,153,310,206,1
10,153,311,205,13
10,153,311,231,12
10,153,311,206,1
10,153,312,205,19
10,153,312,206,1
10,153,312,231,16
10,153,313,205,9
10,153,313,231,10
10,153,313,206,1
10,153,314,205,6
10,153,314,206,1
10,153,315,205,37
10,153,315,206,1
10,153,316,205,33
10,153,316,206,1
10,153,317,205,18
10,153,317,206,1
10,153,318,205,24
10,153,318,206,1
10,153,319,205,30
10,153,319,206,1
10,153,320,205,25
10,153,320,206,1
10,153,321,205,32
10,153,321,206,1
10,153,322,205,57
10,153,322,206,1
10,153,323,205,69
10,153,323,206,1
10,153,324,205,70
10,153,324,206,1
10,153,325,205,33
10,153,325,206,1
10,153,326,205,21
10,153,326,206,1
10,153,327,205,18
10,153,327,206,1
10,154,308,205,14
10,154,308,206,1
10,154,308,231,20
10,154,309,231,23
10,154,310,231,18
10,154,311,231,16
10,154,312,231,22
10,154,313,205,30
10,154,313,231,23
10,154,313,206,1
10,154,314,205,25
10,154,314,206,1
10,154,315,205,8
10,154,315,206,1
10,154,316,205,58
10,154,316,206,1
10,154,317,205,22
10,154,317,206,1
10,154,318,205,23
10,154,318,206,1
10,154,319,205,73
10,154,319,206,1
10,154,320,205,24
10,154,320,206,1
10,154,321,205,23
10,154,321,206,1
10,154,322,205,26
10,154,322,206,1
10,154,323,205,45
10,154,323,206,1
10,154,324,205,60
10,154,324,206,1
10,154,325,205,38
10,154,325,206,1
10,154,326,205,22
10,154,326,206,1
10,154,327,205,55
10,154,327,206,1
10,155,308,205,25
10,155,308,206,1
10,155,308,231,19
10,155,309,231,22
10,155,310,231,42
10,155,311,231,15
10,155,312,231,14
10,155,313,231,12
10,155,313,205,9
10,155,313,206,1
10,155,314,205,25
10,155,314,206,1
10,155,315,205,18
10,155,315,206,1
10,155,316,205,35
10,155,316,206,1
10,155,317,205,29
10,155,317,206,1
10,155,318,205,34
10,155,318,206,1
10,155,319,205,77
10,155,319,206,1
10,155,320,206,1
10,155,320,205,41
10,155,321,205,33
10,155,321,206,1
10,155,322,205,26
10,155,322,206,1
10,155,323,205,22
10,155,323,206,1
10,155,324,205,56
10,155,324,206,1
10,155,325,205,43
10,155,325,206,1
10,155,326,205,39
10,155,326,206,1
10,155,327,205,67
10,155,327,206,1
10,156,316,205,9
10,156,316,206,1
10,156,317,205,19
10,156,317,206,1
10,156,318,205,118
10,156,318,206,1
10,156,319,205,47
10,156,319,206,1
10,156,320,205,23
10,156,320,206,1
10,156,321,205,16
10,156,321,206,1
10,156,322,205,14
10,156,322,206,1
10,156,323,205,11
10,156,323,206,1
10,156,324,205,16
10,156,324,206,1
10,156,325,205,19
10,156,325,206,1
10,156,326,205,31
10,156,326,206,1
10,156,327,205,48
10,156,327,206,1
10,156,328,205,36
10,156,328,206,1
10,156,329,205,61
10,156,329,206,1
10,156,330,206,1
10,156,330,205,16
10,156,331,205,37
10,156,331,206,1
10,157,316,206,1
10,157,316,205,7
10,157,317,205,9
10,157,317,206,1
10,157,318,206,1
10,157,318,205,36
10,157,319,205,75
10,157,319,206,1
10,157,320,205,31
10,157,320,206,1
10,157,321,205,5
10,157,321,206,1
10,157,322,205,53
10,157,322,206,1
10,157,323,205,13
10,157,323,206,1
10,157,324,205,8
10,157,324,206,1
10,157,325,206,1
10,157,325,205,24
10,157,326,205,27
10,157,326,206,1
10,157,327,205,20
10,157,327,206,1
10,157,328,206,1
10,157,328,205,27
10,157,329,205,48
10,157,329,206,1
10,157,330,205,21
10,157,330,206,1
10,157,331,205,45
10,157,331,206,1
10,157,376,20,71
10,157,376,133,8
10,157,377,20,283
10,157,377,133,10
10,157,378,20,16
10,157,378,133,3
10,158,316,206,1
10,158,316,205,9
10,158,317,205,5
10,158,317,206,1
10,158,318,206,1
10,158,318,205,10
10,158,319,206,1
10,158,319,205,3
10,158,320,205,35
10,158,320,206,1
10,158,321,205,28
10,158,321,206,1
10,158,322,205,22
10,158,322,206,1
10,158,323,205,19
10,158,323,206,1
10,158,324,206,1
10,158,324,205,7
10,158,325,205,23
10,158,325,206,1
10,158,326,205,34
10,158,326,206,1
10,158,327,205,6
10,158,327,206,1
10,158,328,205,8
10,158,328,206,1
10,158,329,205,10
10,158,329,206,1
10,158,330,205,16
10,158,330,206,1
10,158,331,205,32
10,158,331,206,2
10,158,376,20,718
10,158,376,133,1
10,158,377,20,1206
10,158,377,133,6
10,158,378,20,2037
10,158,378,133,7
10,158,379,20,433
10,158,379,133,14
10,158,380,20,12
10,158,380,133,7
10,158,381,133,3
10,158,382,133,2
10,158,383,133,9
10,159,316,205,34
10,159,316,206,1
10,159,317,205,29
10,159,317,206,1
10,159,318,205,15
10,159,318,206,1
10,159,319,205,7
10,159,319,206,1
10,159,320,205,8
10,159,320,206,1
10,159,321,205,29
10,159,321,206,1
10,159,322,205,22
10,159,322,206,1
10,159,323,205,19
10,159,323,206,1
10,159,324,205,18
10,159,324,206,1
10,159,325,205,14
10,159,325,206,1
10,159,326,205,13
10,159,326,206,1
10,159,327,205,8
10,159,327,206,1
10,159,328,205,9
10,159,328,206,1
10,159,329,205,14
10,159,329,206,1
10,159,330,205,14
10,159,330,206,1
10,159,331,205,15
10,159,331,206,2
10,159,376,20,395
10,159,377,20,282
10,159,378,20,555
10,159,379,20,601
10,159,380,133,24
10,159,380,20,97
10,159,381,133,19
10,159,382,133,12
10,159,383,133,10
10,160,320,205,15
10,160,320,206,1
10,160,321,205,12
10,160,321,206,1
10,160,322,205,18
10,160,322,206,1
10,160,323,205,30
10,160,323,206,1
10,160,324,206,1
10,160,324,205,26
10,160,325,205,10
10,160,325,206,1
10,160,326,206,1
10,160,326,205,13
10,160,327,206,1
10,160,327,205,8
10,160,328,205,11
10,160,328,206,1
10,160,329,205,5
10,160,329,206,1
10,160,330,205,16
10,160,330,206,1
10,160,331,205,19
10,160,331,206,1
10,160,332,205,23
10,160,332,206,3
10,160,333,205,11
10,160,333,206,3
10,160,334,205,16
10,160,334,206,1
10,160,335,205,6
10,160,335,206,2
10,160,336,205,5
10,160,336,206,2
10,160,337,205,7
10,160,337,206,2
10,160,338,206,2
10,160,338,205,5
10,160,339,206,3
10,160,339,205,20
10,160,340,206,3
10,160,340,205,27
10,160,341,205,41
10,160,341,206,1
10,160,342,206,1
10,160,342,205,41
10,160,343,205,24
10,160,343,206,1
10,160,344,205,24
10,160,344,206,3
10,160,345,205,17
10,160,346,205,14
10,160,346,206,2
10,160,347,205,14
10,160,352,205,85
10,160,352,206,4
10,160,353,206,5
10,160,353,205,47
10,160,354,205,16
10,160,354,206,4
10,160,354,19,1
10,160,355,19,200
10,160,372,20,119
10,160,373,20,128
10,160,374,20,431
10,160,375,20,742
10,160,376,20,401
10,160,377,20,310
10,160,378,20,598
10,160,379,20,858
10,160,380,133,23
10,160,380,20,133
10,160,381,133,15
10,160,382,133,14
10,160,383,133,16
10,160,384,133,20
10,160,385,133,14
10,160,386,133,9
10,160,387,133,7
10,160,388,133,13
10,160,389,133,7
10,160,390,133,7
10,160,391,133,14
10,160,392,93,135
10,160,392,133,5
10,160,393,93,1
10,161,320,206,1
10,161,320,205,37
10,161,321,205,15
10,161,321,206,1
10,161,322,205,19
10,161,322,206,1
10,161,323,206,1
10,161,323,205,32
10,161,324,205,22
10,161,324,206,1
10,161,325,205,9
10,161,325,206,1
10,161,326,206,1
10,161,326,205,9
10,161,327,205,5
10,161,327,206,1
10,161,328,205,4
10,161,328,206,1
10,161,329,205,12
10,161,329,206,1
10,161,330,205,19
10,161,330,206,1
10,161,331,205,11
10,161,331,206,1
10,161,332,206,2
10,161,332,205,17
10,161,333,206,2
10,161,333,205,4
10,161,334,206,1
10,161,334,205,3
10,161,335,206,1
10,161,335,205,5
10,161,336,206,1
10,161,336,205,2
10,161,337,205,4
10,161,337,206,3
10,161,338,206,3
10,161,338,205,8
10,161,339,205,7
10,161,339,206,3
10,161,340,205,14
10,161,340,206,2
10,161,341,206,3
10,161,341,205,64
10,161,342,205,115
10,161,342,206,3
10,161,343,205,13
10,161,343,206,2
10,161,344,205,9
10,161,344,206,1
10,161,345,205,16
10,161,345,206,1
10,161,346,205,21
10,161,346,206,2
10,161,347,205,22
10,161,347,206,3
10,161,352,205,15
10,161,352,19,5
10,161,353,205,7
10,161,353,111,140
10,161,353,19,30
10,161,353,206,4
10,161,354,206,2
10,161,354,205,2
10,161,354,19,1
10,161,354,111,1
10,161,355,19,336
10,161,372,20,494
10,161,373,20,201
10,161,374,20,995
10,161,375,20,1320
10,161,376,20,453
10,161,377,20,444
10,161,378,20,531
10,161,379,20,345
10,161,380,133,20
10,161,380,20,84
10,161,381,133,30
10,161,382,133,17
10,161,383,133,32
10,161,384,133,17
10,161,385,133,23
10,161,386,133,28
10,161,387,133,9
10,161,388,133,29
10,161,389,133,18
10,161,390,133,15
10,161,391,93,13
10,161,391,133,19
10,161,392,93,760
10,161,392,133,4
10,161,393,93,308
10,161,394,93,1
10,162,320,205,39
10,162,321,205,24
10,162,322,205,7
10,162,322,206,1
10,162,323,206,1
10,162,323,205,12
10,162,324,205,24
10,162,324,206,1
10,162,325,205,20
10,162,325,206,1
10,162,326,206,1
10,162,326,205,17
10,162,327,205,9
10,162,327,206,1
10,162,328,205,5
10,162,328,206,1
10,162,329,205,15
10,162,329,206,1
10,162,330,205,12
10,162,330,206,1
10,162,331,205,8
10,162,331,206,1
10,162,332,205,16
10,162,332,206,1
10,162,333,205,9
10,162,333,206,1
10,162,334,205,4
10,162,334,206,1
10,162,335,205,3
10,162,335,206,1
10,162,336,205,4
10,162,336,206,1
10,162,337,205,6
10,162,337,206,1
10,162,338,205,26
10,162,338,206,3
10,162,339,206,3
10,162,339,205,12
10,162,340,205,23
10,162,340,206,1
10,162,341,205,39
10,162,341,206,3
10,162,342,205,210
10,162,343,205,106
10,162,343,206,1
10,162,344,205,43
10,162,344,206,1
10,162,345,205,15
10,162,345,206,1
10,162,346,205,15
10,162,346,206,1
10,162,347,205,28
10,162,347,206,3
10,162,352,19,105
10,162,353,19,302
10,162,353,111,73
10,162,354,111,25
10,162,354,19,154
10,162,355,19,256
10,162,372,20,541
10,162,373,20,76
10,162,374,20,95
10,162,375,20,182
10,162,376,20,256
10,162,377,20,638
10,162,378,20,1214
10,162,379,20,1121
10,162,380,133,21
10,162,380,20,73
10,162,381,133,28
10,162,382,133,31
10,162,383,133,40
10,162,384,133,37
10,162,385,133,26
10,162,386,133,19
10,162,387,133,10
10,162,388,133,20
10,162,389,133,20
10,162,390,133,26
10,162,391,93,97
10,162,391,133,31
10,162,392,133,15
10,162,392,93,1091
10,162,393,93,215
10,162,393,138,2541
10,162,393,133,5
10,162,394,138,1647
10,162,394,83,13
10,162,394,93,1
10,162,394,38,4
10,162,395,138,14
10,162,395,83,92
10,162,395,38,17
10,162,395,133,2
10,162,396,133,3
10,163,320,205,46
10,163,320,206,2
10,163,321,205,48
10,163,321,206,1
10,163,322,205,38
10,163,322,206,1
10,163,323,205,28
10,163,323,206,2
10,163,324,205,30
10,163,324,206,1
10,163,325,205,65
10,163,325,206,1
10,163,326,205,62
10,163,326,206,2
10,163,327,205,19
10,163,327,206,1
10,163,328,205,10
10,163,328,206,1
10,163,329,205,8
10,163,329,206,1
10,163,330,205,21
10,163,330,206,1
10,163,331,205,33
10,163,331,206,1
10,163,332,205,21
10,163,332,206,1
10,163,333,205,41
10,163,333,206,1
10,163,334,205,16
10,163,334,206,2
10,163,335,205,20
10,163,335,206,2
10,163,336,205,8
10,163,336,206,2
10,163,337,205,9
10,163,337,206,1
10,163,338,205,57
10,163,338,206,1
10,163,339,205,50
10,163,339,206,1
10,163,340,205,29
10,163,340,206,2
10,163,341,205,48
10,163,341,206,3
10,163,342,205,104
10,163,342,206,2
10,163,343,205,97
10,163,343,206,1
10,163,344,205,62
10,163,345,205,20
10,163,345,206,1
10,163,346,205,22
10,163,347,205,31
10,163,352,19,121
10,163,353,19,268
10,163,354,19,431
10,163,355,19,304
10,163,372,20,141
10,163,373,20,221
10,163,374,20,129
10,163,375,20,95
10,163,376,20,162
10,163,377,20,277
10,163,378,20,775
10,163,379,20,1939
10,163,380,20,96
10,163,380,133,21
10,163,381,133,39
10,163,382,133,38
10,163,383,133,26
10,163,384,133,16
10,163,385,133,25
10,163,386,133,6
10,163,387,133,17
10,163,388,133,29
10,163,389,133,25
10,163,390,133,19
10,163,391,133,57
10,163,392,133,62
10,163,393,138,3545
10,163,393,133,23
10,163,394,38,37
10,163,394,138,3898
10,163,394,82,4
10,163,394,133,1
10,163,395,38,1344
10,163,395,82,16
10,163,395,133,7
10,163,395,86,1
10,163,395,88,471
10,163,395,83,28
10,163,396,88,682
10,163,396,133,9
10,163,396,90,1238
10,163,397,90,609
10,163,397,133,5
10,163,398,90,11
10,163,398,133,2
10,164,328,205,22
10,164,328,206,1
10,164,329,206,1
10,164,329,205,23
10,164,330,205,16
10,164,330,206,1
10,164,331,205,15
10,164,331,206,2
10,164,332,205,24
10,164,332,206,4
10,164,333,205,42
10,164,333,206,2
10,164,334,205,21
10,164,334,206,2
10,164,335,205,29
10,164,335,206,2
10,164,336,205,19
10,164,336,206,2
10,164,337,205,10
10,164,337,206,1
10,164,338,205,16
10,164,339,205,24
10,164,339,206,2
10,164,340,205,29
10,164,340,206,1
10,164,341,205,21
10,164,341,206,2
10,164,342,205,28
10,164,342,206,1
10,164,343,205,56
10,164,343,206,2
10,164,344,205,29
10,164,344,206,1
10,164,345,205,25
10,164,346,205,17
10,164,346,206,1
10,164,347,205,20
10,164,347,206,1
10,164,348,205,30
10,164,349,205,9
10,164,349,206,1
10,164,350,205,9
10,164,350,206,2
10,164,351,19,109
10,164,351,133,7
10,164,351,206,1
10,164,351,205,11
10,164,352,19,208
10,164,353,19,397
10,164,354,19,586
10,164,355,19,285
10,164,356,19,305
10,164,357,19,411
10,164,358,19,492
10,164,359,19,345
10,164,380,133,10
10,164,380,20,16
10,164,381,133,22
10,164,382,133,27
10,164,383,133,27
10,164,384,133,54
10,164,385,133,35
10,164,386,133,18
10,164,387,133,9
10,164,388,133,9
10,164,389,133,6
10,164,390,133,6
10,164,391,133,12
10,164,392,92,139
10,164,392,133,30
10,164,393,92,122
10,164,393,133,7
10,164,393,138,2419
10,164,394,138,3592
10,164,394,133,1
10,164,394,82,25
10,164,394,92,94
10,164,394,86,35
10,164,395,82,82
10,164,395,86,380
10,164,395,38,28
10,164,395,133,3
10,164,395,96,578
10,164,396,96,324
10,164,396,90,784
10,164,396,133,2
10,164,396,91,12
10,164,396,82,1
10,164,397,91,62
10,164,397,133,26
10,164,397,90,699
10,164,397,39,68
10,164,398,139,710
10,164,398,91,36
10,164,398,39,394
10,164,398,90,134
10,164,398,133,8
10,164,399,139,488
10,164,400,139,111
10,165,328,205,17
10,165,328,206,1
10,165,329,205,21
10,165,329,206,1
10,165,330,205,12
10,165,330,206,1
10,165,331,205,8
10,165,331,206,1
10,165,332,205,29
10,165,332,206,3
10,165,333,205,33
10,165,333,206,3
10,165,334,205,35
10,165,334,206,2
10,165,335,205,55
10,165,335,206,4
10,165,336,205,19
10,165,336,206,3
10,165,337,205,7
10,165,337,206,1
10,165,338,205,2
10,165,338,206,1
10,165,339,206,1
10,165,339,205,3
10,165,340,205,4
10,165,341,205,7
10,165,341,206,2
10,165,342,205,15
10,165,342,206,3
10,165,343,206,3
10,165,343,205,40
10,165,344,205,30
10,165,344,206,1
10,165,345,205,31
10,165,345,206,2
10,165,346,205,29
10,165,346,206,1
10,165,347,205,13
10,165,347,206,8
10,165,348,205,21
10,165,348,206,7
10,165,349,205,37
10,165,349,206,7
10,165,350,205,30
10,165,350,206,8
10,165,351,19,136
10,165,351,133,3
10,165,351,206,4
10,165,351,205,30
10,165,352,19,378
10,165,353,19,296
10,165,354,19,309
10,165,355,19,294
10,165,356,19,291
10,165,357,19,433
10,165,358,19,276
10,165,359,19,240
10,165,380,133,26
10,165,380,20,40
10,165,381,133,14
10,165,382,133,9
10,165,383,133,22
10,165,384,133,32
10,165,385,133,36
10,165,386,133,19
10,165,387,133,18
10,165,388,133,15
10,165,389,133,12
10,165,390,133,8
10,165,391,133,2
10,165,392,92,98
10,165,392,133,2
10,165,393,92,322
10,165,393,133,1
10,165,394,92,1344
10,165,394,86,19
10,165,394,133,1
10,165,395,96,155
10,165,395,86,1046
10,165,395,133,1
10,165,396,91,468
10,165,396,96,692
10,165,397,91,1736
10,165,398,139,511
10,165,398,91,1345
10,165,399,139,897
10,165,400,139,875
10,165,400,133,34
10,165,401,133,20
10,166,328,205,27
10,166,328,206,1
10,166,329,206,1
10,166,329,205,54
10,166,330,205,69
10,166,330,206,1
10,166,331,205,42
10,166,331,206,1
10,166,332,205,16
10,166,332,206,8
10,166,333,205,67
10,166,333,206,2
10,166,334,205,61
10,166,334,206,1
10,166,335,205,69
10,166,335,206,3
10,166,336,205,54
10,166,336,206,4
10,166,337,206,1
10,166,337,205,19
10,166,338,206,2
10,166,338,205,30
10,166,339,205,11
10,166,339,206,1
10,166,340,205,3
10,166,341,205,3
10,166,341,206,1
10,166,342,206,2
10,166,342,205,22
10,166,343,205,39
10,166,343,206,2
10,166,344,205,40
10,166,344,206,2
10,166,345,206,3
10,166,345,205,26
10,166,346,205,27
10,166,346,206,2
10,166,347,205,30
10,166,347,206,5
10,166,348,206,14
10,166,348,205,49
10,166,349,205,51
10,166,349,206,8
10,166,350,205,25
10,166,350,206,13
10,166,351,19,171
10,166,351,133,5
10,166,351,205,35
10,166,351,206,6
10,166,352,19,451
10,166,353,19,234
10,166,354,19,227
10,166,355,19,285
10,166,356,19,246
10,166,357,19,300
10,166,358,19,320
10,166,359,19,201
10,166,380,133,18
10,166,380,20,60
10,166,381,133,13
10,166,382,133,8
10,166,383,133,20
10,166,384,133,15
10,166,385,133,33
10,166,386,133,24
10,166,387,133,26
10,166,388,133,64
10,166,389,133,36
10,166,390,133,11
10,166,391,133,12
10,166,392,133,3
10,166,393,133,18
10,166,394,86,7
10,166,394,133,4
10,166,394,92,473
10,166,395,133,2
10,166,395,96,72
10,166,395,86,91
10,166,396,91,393
10,166,396,133,14
10,166,396,96,214
10,166,397,91,1375
10,166,398,139,486
10,166,398,91,1177
10,166,399,139,1024
10,166,400,133,17
10,166,400,139,144
10,166,401,133,46
10,166,402,133,12
10,166,402,72,260
10,166,403,72,94
10,166,403,133,2
10,167,328,206,1
10,167,328,205,24
10,167,329,205,19
10,167,329,206,1
10,167,330,205,106
10,167,330,206,1
10,167,331,205,147
10,167,331,206,3
10,167,332,206,8
10,167,332,205,21
10,167,333,205,42
10,167,333,206,3
10,167,334,205,105
10,167,334,206,1
10,167,335,205,39
10,167,335,206,1
10,167,336,205,21
10,167,336,206,2
10,167,337,206,2
10,167,337,205,14
10,167,338,205,28
10,167,338,206,1
10,167,339,205,17
10,167,339,206,2
10,167,340,206,3
10,167,340,205,4
10,167,341,205,14
10,167,341,206,1
10,167,342,205,10
10,167,342,206,1
10,167,343,205,20
10,167,343,206,3
10,167,344,205,41
10,167,344,206,2
10,167,345,205,27
10,167,345,206,1
10,167,346,205,24
10,167,346,206,2
10,167,347,205,19
10,167,347,206,9
10,167,348,205,27
10,167,348,206,10
10,167,349,205,39
10,167,349,206,10
10,167,350,206,9
10,167,350,205,28
10,167,351,19,114
10,167,351,205,14
10,167,351,206,4
10,167,351,133,6
10,167,352,19,242
10,167,353,19,309
10,167,354,19,396
10,167,355,19,392
10,167,356,19,258
10,167,357,19,396
10,167,358,19,313
10,167,359,19,297
10,167,380,133,15
10,167,380,20,41
10,167,381,133,6
10,167,382,133,17
10,167,383,133,25
10,167,384,133,14
10,167,385,133,19
10,167,386,133,33
10,167,387,133,43
10,167,388,133,66
10,167,389,133,51
10,167,390,133,32
10,167,391,133,24
10,167,392,133,30
10,167,393,133,22
10,167,394,133,12
10,167,395,133,2
10,167,396,91,148
10,167,396,133,11
10,167,397,91,1479
10,167,397,133,1
10,167,398,139,603
10,167,398,91,1006
10,167,398,133,12
10,167,399,139,950
10,167,399,133,14
10,167,400,139,567
10,167,400,133,50
10,167,401,133,39
10,167,402,133,18
10,167,402,72,625
10,167,403,133,27
10,167,403,72,1206
10,168,332,206,6
10,168,332,205,37
10,168,333,205,9
10,168,333,206,4
10,168,334,205,31
10,168,334,206,3
10,168,335,205,65
10,168,335,206,2
10,168,336,205,19
10,168,337,205,22
10,168,337,206,2
10,168,338,205,29
10,168,338,206,1
10,168,339,205,23
10,168,339,206,3
10,168,340,205,15
10,168,340,206,4
10,168,341,205,16
10,168,341,206,2
10,168,342,205,21
10,168,342,206,2
10,168,343,205,32
10,168,343,206,1
10,168,344,205,24
10,168,344,206,1
10,168,345,206,3
10,168,345,205,37
10,168,346,205,44
10,168,346,206,2
10,168,347,205,28
10,168,347,206,7
10,168,348,206,6
10,168,348,205,19
10,168,349,206,5
10,168,349,205,49
10,168,350,205,18
10,168,350,206,6
10,168,351,19,34
10,168,351,133,3
10,168,351,205,7
10,168,351,206,3
10,168,352,19,63
10,168,353,19,167
10,168,354,19,308
10,168,355,19,473
10,168,356,19,238
10,168,357,19,319
10,168,358,19,397
10,168,359,19,367
10,168,368,20,124
10,168,369,20,226
10,168,370,20,221
10,168,371,20,208
10,168,384,133,12
10,168,385,133,18
10,168,386,133,41
10,168,387,133,32
10,168,388,133,44
10,168,389,133,66
10,168,390,133,46
10,168,391,133,23
10,168,392,133,36
10,168,393,133,45
10,168,394,133,48
10,168,395,133,21
10,168,396,133,13
10,168,397,133,2
10,168,398,133,26
10,168,399,133,43
10,168,400,133,57
10,168,401,133,45
10,168,402,133,21
10,168,403,133,32
10,168,403,160,90
10,168,404,133,69
10,168,404,160,61
10,168,405,133,22
10,168,406,133,12
10,168,407,133,7
10,169,332,205,11
10,169,332,206,3
10,169,333,205,9
10,169,333,206,5
10,169,334,205,19
10,169,334,206,5
10,169,335,205,35
10,169,335,206,4
10,169,336,205,10
10,169,336,206,2
10,169,337,205,14
10,169,337,206,2
10,169,338,205,24
10,169,338,206,3
10,169,339,205,48
10,169,339,206,2
10,169,340,205,81
10,169,340,206,3
10,169,341,205,14
10,169,341,206,2
10,169,342,206,2
10,169,342,205,19
10,169,343,205,32
10,169,343,206,1
10,169,344,205,49
10,169,344,206,2
10,169,345,206,3
10,169,345,205,28
10,169,346,205,33
10,169,346,206,2
10,169,347,205,29
10,169,347,206,3
10,169,348,206,6
10,169,348,205,23
10,169,349,205,30
10,169,349,206,10
10,169,350,205,41
10,169,350,206,6
10,169,351,205,17
10,169,351,206,4
10,169,351,133,5
10,169,351,19,35
10,169,352,19,91
10,169,353,19,123
10,169,354,19,128
10,169,355,19,117
10,169,356,19,113
10,169,357,19,281
10,169,358,19,466
10,169,359,19,250
10,169,368,20,354
10,169,369,20,467
10,169,370,20,465
10,169,371,20,492
10,169,384,133,11
10,169,385,133,23
10,169,386,133,22
10,169,387,133,21
10,169,388,133,26
10,169,389,136,5
10,169,389,133,35
10,169,390,133,50
10,169,390,136,181
10,169,391,136,89
10,169,391,133,29
10,169,392,136,23
10,169,392,133,30
10,169,393,133,27
10,169,394,133,42
10,169,395,133,49
10,169,396,133,35
10,169,397,133,10
10,169,398,133,1
10,169,399,133,1
10,169,400,133,17
10,169,401,133,29
10,169,402,133,35
10,169,402,160,212
10,169,403,133,3
10,169,403,160,137
10,169,404,160,244
10,169,404,133,15
10,169,405,160,14
10,169,405,133,42
10,169,406,133,33
10,169,407,133,23
10,170,332,205,9
10,170,332,206,1
10,170,333,206,1
10,170,333,205,3
10,170,334,205,14
10,170,334,206,2
10,170,335,206,2
10,170,335,205,35
10,170,336,205,7
10,170,336,206,3
10,170,337,205,14
10,170,337,206,4
10,170,338,205,16
10,170,338,206,2
10,170,339,205,30
10,170,339,206,3
10,170,340,205,44
10,170,340,206,1
10,170,341,205,40
10,170,341,206,2
10,170,342,206,3
10,170,342,205,27
10,170,343,205,29
10,170,343,206,1
10,170,344,205,22
10,170,344,206,1
10,170,345,205,21
10,170,345,206,2
10,170,346,205,26
10,170,346,206,1
10,170,347,205,17
10,170,347,206,3
10,170,348,205,10
10,170,348,206,2
10,170,349,206,1
10,170,349,205,27
10,170,350,205,44
10,170,350,206,1
10,170,351,19,31
10,170,351,133,1
10,170,351,205,18
10,170,352,19,37
10,170,353,19,156
10,170,354,19,277
10,170,355,19,179
10,170,356,19,387
10,170,357,19,205
10,170,358,19,294
10,170,359,19,269
10,170,368,20,106
10,170,369,20,340
10,170,370,20,314
10,170,371,20,167
10,170,384,133,21
10,170,385,133,26
10,170,386,133,14
10,170,387,133,44
10,170,388,133,49
10,170,389,133,114
10,170,389,136,68
10,170,390,136,1356
10,170,391,136,1348
10,170,392,136,716
10,170,392,133,13
10,170,393,133,23
10,170,394,84,56
10,170,394,133,15
10,170,395,133,25
10,170,395,84,26
10,170,396,133,23
10,170,396,84,2
10,170,397,133,14
10,170,398,133,11
10,170,399,133,1
10,170,400,133,1
10,170,401,160,4
10,170,401,133,6
10,170,402,160,312
10,170,402,133,9
10,170,403,160,433
10,170,404,160,343
10,170,405,160,149
10,170,405,133,4
10,170,406,160,15
10,170,406,133,34
10,170,407,133,27
10,171,332,205,21
10,171,332,206,1
10,171,333,205,5
10,171,333,206,1
10,171,334,205,11
10,171,334,206,2
10,171,335,205,21
10,171,336,206,2
10,171,336,205,21
10,171,337,205,5
10,171,337,206,3
10,171,338,205,7
10,171,338,206,2
10,171,339,205,16
10,171,339,206,4
10,171,340,205,71
10,171,340,206,2
10,171,341,205,31
10,171,341,206,3
10,171,342,205,62
10,171,342,206,2
10,171,343,205,29
10,171,343,206,2
10,171,344,205,25
10,171,344,206,1
10,171,345,205,16
10,171,345,206,2
10,171,346,205,34
10,171,347,205,49
10,171,348,205,20
10,171,348,206,4
10,171,349,205,32
10,171,349,206,1
10,171,350,205,46
10,171,350,206,3
10,171,351,205,14
10,171,351,133,8
10,171,351,206,2
10,171,351,19,99
10,171,352,19,209
10,171,353,19,278
10,171,354,19,335
10,171,355,19,362
10,171,356,19,195
10,171,357,19,150
10,171,358,19,165
10,171,359,19,56
10,171,368,20,94
10,171,369,20,155
10,171,370,20,175
10,171,371,20,95
10,171,384,133,26
10,171,385,133,35
10,171,386,133,51
10,171,387,133,35
10,171,388,133,98
10,171,389,133,176
10,171,389,136,1
10,171,390,133,163
10,171,390,136,97
10,171,391,133,62
10,171,391,136,25
10,171,392,136,31
10,171,392,133,52
10,171,393,133,39
10,171,394,84,1258
10,171,394,133,15
10,171,395,84,468
10,171,395,133,1
10,171,396,133,6
10,171,396,84,305
10,171,397,133,8
10,171,398,133,37
10,171,399,133,5
10,171,400,133,1
10,171,401,133,3
10,171,402,133,1
10,171,402,160,3
10,171,403,133,3
10,171,403,160,26
10,171,404,133,1
10,171,404,160,279
10,171,405,160,383
10,171,405,102,462
10,171,406,160,105
10,171,406,102,1592
10,171,406,133,13
10,171,407,102,485
10,171,407,133,28
10,172,348,205,18
10,172,348,206,1
10,172,349,205,9
10,172,350,205,14
10,172,350,206,2
10,172,351,205,12
10,172,351,19,138
10,172,351,133,10
10,172,351,206,1
10,172,352,19,247
10,172,353,19,154
10,172,354,19,392
10,172,355,19,473
10,172,368,20,54
10,172,369,20,497
10,172,370,20,587
10,172,371,20,738
10,172,384,133,64
10,172,385,133,80
10,172,386,133,58
10,172,387,133,61
10,172,388,133,60
10,172,389,133,181
10,172,390,133,110
10,172,391,133,135
10,172,396,84,869
10,172,396,133,4
10,172,397,133,24
10,172,398,133,32
10,172,399,133,30
10,172,400,133,7
10,172,401,133,1
10,172,402,133,4
10,172,403,133,4
10,172,404,133,3
10,172,404,160,10
10,172,405,133,2
10,172,405,102,848
10,172,405,160,135
10,172,406,102,1608
10,172,406,160,8
10,172,407,102,532
10,172,407,133,6
10,172,407,142,3416
10,172,408,133,2
10,172,408,142,810
10,172,409,142,28
10,172,411,133,3
10,173,348,205,24
10,173,348,206,2
10,173,349,205,56
10,173,349,206,6
10,173,350,205,46
10,173,350,206,2
10,173,351,205,70
10,173,351,133,4
10,173,351,206,1
10,173,351,19,139
10,173,352,19,239
10,173,353,19,190
10,173,354,19,245
10,173,355,19,493
10,173,368,20,118
10,173,369,20,106
10,173,370,20,692
10,173,371,20,421
10,173,384,133,65
10,173,385,133,68
10,173,386,133,91
10,173,387,133,135
10,173,388,133,140
10,173,389,133,84
10,173,390,133,122
10,173,391,133,114
10,173,396,133,72
10,173,396,84,51
10,173,397,133,33
10,173,398,133,38
10,173,399,133,30
10,173,400,133,38
10,173,401,133,45
10,173,402,133,26
10,173,403,133,8
10,173,404,133,7
10,173,405,133,15
10,173,405,102,596
10,173,406,102,888
10,173,406,133,23
10,173,407,102,371
10,173,407,142,2376
10,173,407,133,15
10,173,407,112,289
10,173,408,142,1283
10,173,408,133,5
10,173,408,112,699
10,173,409,142,2
10,173,409,116,20
10,173,410,116,18
10,173,410,133,2
10,174,348,205,21
10,174,348,206,2
10,174,349,205,13
10,174,349,206,4
10,174,350,205,41
10,174,350,206,1
10,174,351,205,107
10,174,351,206,3
10,174,351,133,12
10,174,351,19,153
10,174,352,19,292
10,174,353,19,231
10,174,354,19,131
10,174,355,19,174
10,174,368,20,571
10,174,369,20,747
10,174,370,20,303
10,174,371,20,244
10,174,384,133,84
10,174,385,133,127
10,174,386,133,141
10,174,387,133,215
10,174,388,133,36
10,174,389,133,40
10,174,390,133,113
10,174,391,133,95
10,174,396,133,35
10,174,397,133,72
10,174,398,133,101
10,174,399,133,47
10,174,400,133,39
10,174,401,133,12
10,174,402,133,19
10,174,403,133,17
10,174,404,133,27
10,174,405,133,33
10,174,406,133,36
10,174,407,112,1267
10,174,407,133,23
10,174,408,112,2049
10,174,409,116,408
10,174,409,112,26
10,174,410,133,2
10,174,410,116,27
10,174,411,133,1
10,175,348,205,22
10,175,348,206,7
10,175,349,205,49
10,175,349,206,4
10,175,350,205,29
10,175,350,206,3
10,175,351,133,6
10,175,351,205,28
10,175,351,206,2
10,175,351,19,110
10,175,352,19,269
10,175,353,19,364
10,175,354,19,375
10,175,355,19,354
10,175,368,20,477
10,175,369,20,460
10,175,370,20,279
10,175,371,20,171
10,175,384,133,61
10,175,385,133,93
10,175,386,133,170
10,175,387,133,135
10,175,388,133,46
10,175,389,133,74
10,175,390,133,96
10,175,391,133,103
10,175,396,133,46
10,175,397,133,18
10,175,398,133,55
10,175,399,133,76
10,175,400,133,43
10,175,401,133,23
10,175,402,133,32
10,175,403,133,22
10,175,404,133,31
10,175,405,133,39
10,175,406,133,25
10,175,407,112,863
10,175,407,133,23
10,175,408,112,1288
10,175,409,112,57
10,175,409,116,1035
10,175,410,116,302
10,175,410,133,2
10,175,411,133,21
10,176,264,265,19
10,176,265,265,5
10,176,266,265,8
10,176,344,205,31
10,176,344,206,4
10,176,345,205,22
10,176,345,206,2
10,176,346,205,37
10,176,346,206,2
10,176,347,205,14
10,176,347,206,4
10,176,348,205,9
10,176,348,206,3
10,176,349,205,21
10,176,350,205,31
10,176,350,206,1
10,176,351,25,105
10,176,351,19,161
10,176,351,133,7
10,176,351,205,29
10,176,351,206,1
10,176,360,19,217
10,176,360,25,38
10,176,361,19,372
10,176,362,19,445
10,176,363,19,278
10,176,368,20,260
10,176,369,20,676
10,176,370,20,1327
10,176,371,20,86
10,176,380,20,25
10,176,380,133,37
10,176,381,133,12
10,176,382,133,29
10,176,383,133,49
10,176,384,133,49
10,176,385,133,70
10,176,386,133,74
10,176,387,133,126
10,176,388,133,65
10,176,389,133,35
10,176,390,133,117
10,176,391,133,139
10,176,392,133,138
10,176,393,133,91
10,176,394,133,170
10,176,395,133,314
10,177,264,265,10
10,177,265,265,39
10,177,266,265,7
10,177,344,205,14
10,177,344,206,1
10,177,345,205,5
10,177,345,206,1
10,177,346,205,19
10,177,347,205,15
10,177,348,205,10
10,177,348,206,1
10,177,349,205,18
10,177,349,206,1
10,177,350,205,42
10,177,350,206,2
10,177,351,25,152
10,177,351,19,205
10,177,351,133,10
10,177,351,205,53
10,177,351,206,1
10,177,360,19,207
10,177,360,25,30
10,177,361,19,343
10,177,362,19,336
10,177,363,19,88
10,177,368,20,349
10,177,369,20,487
10,177,370,20,1693
10,177,371,20,140
10,177,380,133,29
10,177,380,20,7
10,177,381,133,51
10,177,382,133,56
10,177,383,133,85
10,177,384,133,140
10,177,385,133,104
10,177,386,133,159
10,177,387,133,99
10,177,388,133,86
10,177,389,133,76
10,177,390,133,69
10,177,391,133,83
10,177,392,133,68
10,177,393,133,151
10,177,394,133,155
10,177,395,133,272
10,178,264,265,29
10,178,265,265,144
10,178,266,265,4
10,178,344,205,27
10,178,344,206,1
10,178,345,205,25
10,178,346,205,23
10,178,347,205,20
10,178,348,205,6
10,178,349,205,18
10,178,350,205,68
10,178,350,206,1
10,178,351,205,46
10,178,351,133,9
10,178,351,25,165
10,178,351,19,153
10,178,351,206,1
10,178,360,19,287
10,178,360,25,27
10,178,361,19,317
10,178,362,19,404
10,178,363,19,175
10,178,368,20,410
10,178,369,20,362
10,178,369,133,4
10,178,369,25,7
10,178,370,20,440
10,178,370,133,15
10,178,370,25,36
10,178,371,133,11
10,178,371,20,98
10,178,380,20,10
10,178,380,133,14
10,178,381,133,52
10,178,382,133,83
10,178,383,133,106
10,178,384,133,72
10,178,385,133,80
10,178,386,133,117
10,178,387,133,115
10,178,388,133,159
10,178,389,133,118
10,178,390,133,60
10,178,391,133,53
10,178,392,133,128
10,178,393,133,139
10,178,394,133,189
10,178,395,133,221
10,179,264,265,37
10,179,265,265,89
10,179,266,265,15
10,179,344,205,6
10,179,344,206,1
10,179,345,205,17
10,179,345,206,4
10,179,346,205,29
10,179,346,206,1
10,179,347,205,41
10,179,347,206,2
10,179,348,205,42
10,179,349,205,41
10,179,350,205,46
10,179,351,25,93
10,179,351,19,11
10,179,351,205,18
10,179,360,19,25
10,179,360,133,7
10,179,360,25,78
10,179,361,25,64
10,179,361,19,47
10,179,361,133,4
10,179,362,25,72
10,179,362,19,70
10,179,362,133,3
10,179,363,19,71
10,179,363,25,33
10,179,363,133,5
10,179,368,20,310
10,179,368,25,61
10,179,368,133,13
10,179,369,25,134
10,179,369,133,9
10,179,369,20,18
10,179,370,25,75
10,179,370,133,14
10,179,371,133,44
10,179,371,20,14
10,179,380,133,21
10,179,380,20,2
10,179,381,133,27
10,179,382,133,41
10,179,383,133,43
10,179,384,133,46
10,179,385,133,71
10,179,386,133,176
10,179,387,133,127
10,179,388,133,162
10,179,389,133,171
10,179,390,133,82
10,179,391,133,120
10,179,392,133,84
10,179,393,133,103
10,179,394,133,188
10,179,395,133,84
10,180,259,265,20
10,180,260,265,45
10,180,261,265,72
10,180,262,265,92
10,180,263,265,42
10,180,264,265,27
10,180,265,265,59
10,180,266,265,34
10,180,277,212,1
10,180,278,212,7
10,180,279,212,7
10,180,344,205,43
10,180,344,206,1
10,180,345,205,54
10,180,346,205,25
10,180,346,206,1
10,180,347,205,16
10,180,347,206,1
10,180,348,205,22
10,180,348,206,1
10,180,349,205,25
10,180,349,206,1
10,180,350,205,20
10,180,350,206,1
10,180,351,205,9
10,180,351,25,36
10,180,351,206,1
10,180,351,282,93
10,180,352,282,229
10,180,352,25,128
10,180,353,282,267
10,180,353,292,163
10,180,353,25,124
10,180,354,292,901
10,180,355,292,645
10,180,355,25,26
10,180,356,25,176
10,180,357,25,349
10,180,358,25,519
10,180,359,25,248
10,180,368,25,94
10,180,369,25,127
10,180,370,133,6
10,180,370,25,51
10,180,371,133,18
10,181,259,265,13
10,181,260,265,24
10,181,261,265,35
10,181,262,265,44
10,181,263,265,23
10,181,264,265,34
10,181,265,265,23
10,181,266,265,9
10,181,279,212,5
10,181,344,205,64
10,181,344,206,2
10,181,345,205,24
10,181,345,206,2
10,181,346,205,10
10,181,346,206,1
10,181,347,205,11
10,181,347,206,3
10,181,348,205,28
10,181,348,206,1
10,181,349,206,3
10,181,349,205,40
10,181,350,205,19
10,181,350,206,1
10,181,351,282,311
10,181,351,133,1
10,181,351,205,9
10,181,351,206,1
10,181,352,282,932
10,181,353,282,617
10,181,353,292,118
10,181,354,292,603
10,181,355,25,44
10,181,355,292,546
10,181,356,25,305
10,181,357,25,594
10,181,358,25,629
10,181,359,25,245
10,181,368,25,90
10,181,369,25,45
10,181,369,133,11
10,181,370,25,30
10,181,370,133,16
10,181,371,133,14
10,182,259,265,1
10,182,260,265,1
10,182,261,265,5
10,182,262,265,1
10,182,263,265,5
10,182,264,265,5
10,182,265,265,6
10,182,266,265,2
10,182,344,225,111
10,182,344,205,19
10,182,344,206,2
10,182,345,205,85
10,182,345,206,3
10,182,345,225,18
10,182,346,205,86
10,182,346,206,1
10,182,347,206,1
10,182,347,205,40
10,182,347,189,38
10,182,348,205,16
10,182,348,189,41
10,182,348,206,1
10,182,349,189,50
10,182,349,206,1
10,182,349,205,16
10,182,350,205,6
10,182,350,189,12
10,182,350,206,1
10,182,351,282,20
10,182,351,25,173
10,182,351,133,2
10,182,351,189,5
10,182,351,205,6
10,182,351,206,1
10,182,352,25,544
10,182,352,282,58
10,182,353,25,619
10,182,353,282,56
10,182,353,292,6
10,182,354,25,633
10,182,354,292,38
10,182,355,25,342
10,182,355,292,44
10,182,356,25,185
10,182,357,25,253
10,182,358,25,320
10,182,359,25,192
10,182,368,25,74
10,182,369,25,82
10,182,369,133,2
10,182,370,25,40
10,182,370,202,149
10,182,370,133,3
10,182,371,202,183
10,182,371,133,3
10,183,344,225,76
10,183,344,234,127
10,183,345,234,16
10,183,345,225,6
10,183,345,206,1
10,183,345,205,7
10,183,345,210,35
10,183,346,210,43
10,183,346,205,21
10,183,346,206,1
10,183,347,210,38
10,183,347,189,24
10,183,347,205,21
10,183,347,206,1
10,183,348,189,59
10,183,348,206,1
10,183,348,205,6
10,183,348,210,22
10,183,349,189,70
10,183,349,205,12
10,183,349,206,1
10,183,350,189,29
10,183,350,206,1
10,183,350,205,5
10,183,351,189,14
10,183,351,25,164
10,183,351,205,3
10,183,351,133,2
10,183,352,25,486
10,183,353,25,501
10,183,354,25,697
10,183,355,25,660
10,183,356,25,252
10,183,357,25,265
10,183,358,25,189
10,183,359,25,67
10,183,368,25,193
10,183,369,25,72
10,183,370,202,376
10,183,370,25,26
10,183,371,202,576
10,184,282,212,2
10,184,283,212,5
10,184,360,25,107
10,184,361,25,154
10,184,362,25,99
10,184,363,25,49
10,185,360,25,299
10,185,361,25,233
10,185,362,25,154
10,185,363,25,100
10,186,360,25,408
10,186,361,25,252
10,186,362,25,71
10,186,363,25,51
10,187,360,25,288
10,187,361,25,221
10,187,362,25,167
10,187,363,25,209
10,188,288,212,4
10,188,289,212,5
10,188,290,212,5
10,188,291,212,3
10,188,360,25,181
10,188,361,25,163
10,188,362,25,142
10,188,363,25,154
10,189,288,212,2
10,189,289,212,4
10,189,290,212,1
10,189,291,212,1
10,189,360,25,155
10,189,361,25,184
10,189,362,25,151
10,189,363,25,205
10,190,289,212,4
10,190,290,212,3
10,190,291,212,1
10,190,360,25,117
10,190,361,25,91
10,190,362,25,152
10,190,363,25,158
10,191,289,212,2
10,191,290,212,4
10,191,291,212,4
10,191,360,25,151
10,191,361,25,174
10,191,362,25,60
10,191,363,25,75
10,192,292,212,3
10,192,293,212,4
10,192,294,212,6
10,192,295,212,6
10,192,296,212,2
10,192,297,212,4
10,192,297,4,2
10,192,298,4,3
10,192,299,4,7
10,193,295,212,4
10,193,296,212,4
10,193,297,212,7
10,193,297,4,2
10,193,298,4,3
10,193,299,4,1
10,194,297,4,3
10,194,297,212,1
10,194,298,4,5
10,194,299,4,4
10,195,297,4,3
10,195,298,4,4
10,195,299,4,7
10,196,297,4,9
10,196,298,4,9
10,196,299,4,5
10,197,297,4,5
10,197,298,4,5
10,197,299,4,8
10,198,297,4,7
10,198,298,4,7
10,198,299,4,5
10,199,297,9,4
10,199,297,4,3
10,199,298,9,8
10,199,298,4,3
10,199,299,9,6
10,199,299,4,2
10,200,297,9,4
10,200,298,9,7
10,200,299,9,10
10,201,297,9,1
10,201,298,9,9
10,201,299,9,20
10,202,297,9,1
10,202,298,9,10
10,202,299,9,19
10,203,297,9,6
10,203,298,9,11
10,203,299,9,21
10,204,297,9,2
10,204,298,9,10
10,204,299,9,25
10,205,297,9,5
10,205,298,9,13
10,205,299,9,10
10,206,297,9,3
10,206,298,9,7
10,206,299,9,13
10,207,297,9,2
10,207,298,9,6
10,207,299,9,5
10,208,297,9,4
10,208,298,9,7
10,208,299,9,2
10,209,297,9,2
10,209,298,9,6
10,209,299,9,5
10,210,297,9,4
10,210,298,9,5
10,210,299,9,7
10,211,297,9,5
10,211,298,9,4
10,211,299,9,9
10,212,297,9,4
10,212,298,9,7
10,212,299,9,10
10,213,297,9,7
10,213,298,9,12
10,213,299,9,11
10,214,297,9,5
10,214,298,9,4
10,214,299,9,2
10,215,297,9,3
10,215,298,9,1
10,215,299,9,3
10,216,297,9,4
10,216,298,9,5
10,216,299,9,6
10,217,297,9,4
10,217,298,9,6
10,217,299,9,7
10,218,297,9,7
10,218,298,9,5
10,218,299,9,4
10,219,297,9,3
10,219,298,9,2
10,219,299,9,4
10,220,297,9,1
10,220,298,9,3
10,220,299,9,4
10,221,245,248,1
10,221,246,248,1
10,221,247,248,1
10,221,248,248,1
10,221,249,248,2
10,221,250,248,4
10,221,251,248,2
10,221,252,248,1
10,221,253,248,1
10,221,254,248,1
10,221,255,248,2
10,221,256,248,2
10,221,257,248,5
10,221,258,248,3
10,221,259,248,2
10,221,260,248,2
10,221,261,248,1
10,221,262,248,1
10,221,263,248,2
10,221,264,248,2
10,221,265,248,1
10,221,266,248,2
10,221,267,248,3
10,221,272,248,2
10,221,273,248,2
10,221,297,10,4
10,221,297,9,5
10,221,298,10,7
10,221,298,9,6
10,221,299,10,4
10,221,299,9,4
10,222,245,248,1
10,222,246,248,2
10,222,247,248,3
10,222,248,248,3
10,222,249,248,4
10,222,250,248,4
10,222,251,248,3
10,222,252,248,3
10,222,253,248,2
10,222,254,248,2
10,222,255,248,3
10,222,256,248,3
10,222,257,248,4
10,222,258,248,7
10,222,259,248,4
10,222,260,248,2
10,222,261,248,2
10,222,262,248,2
10,222,263,248,2
10,222,264,248,2
10,222,265,248,1
10,222,266,248,3
10,222,267,248,2
10,222,272,248,2
10,222,273,248,1
10,222,297,10,7
10,222,298,10,5
10,222,299,10,6
10,223,245,248,1
10,223,246,248,2
10,223,247,248,4
10,223,248,248,4
10,223,249,248,2
10,223,250,248,2
10,223,251,248,5
10,223,252,248,4
10,223,253,248,4
10,223,254,248,3
10,223,255,248,2
10,223,256,248,4
10,223,257,248,4
10,223,258,248,4
10,223,259,248,4
10,223,260,248,2
10,223,261,248,2
10,223,262,248,1
10,223,263,248,2
10,223,264,248,2
10,223,265,248,1
10,223,266,248,2
10,223,267,248,8
10,223,272,248,2
10,223,273,248,2
10,223,297,10,4
10,223,298,10,3
10,223,299,10,13
10,224,272,248,2
10,224,273,248,1
10,224,297,10,5
10,224,298,10,7
10,224,299,10,6
10,224,312,10,8
10,224,313,10,7
10,224,314,10,16
10,224,315,10,17
10,225,272,248,1
10,225,273,248,1
10,225,297,10,3
10,225,298,10,4
10,225,299,10,5
10,225,312,10,7
10,225,313,10,14
10,225,314,10,24
10,225,315,10,20
10,226,272,248,1
10,226,273,248,1
10,226,297,10,4
10,226,298,10,3
10,226,299,10,7
10,226,312,10,7
10,226,313,10,10
10,226,314,10,22
10,226,315,10,7
10,227,272,248,4
10,227,273,253,3
10,227,273,248,2
10,227,274,253,6
10,227,275,253,5
10,227,276,253,3
10,227,277,253,4
10,227,278,253,6
10,227,279,253,4
10,227,297,10,5
10,227,298,10,6
10,227,299,10,5
10,227,312,10,4
10,227,313,10,7
10,227,314,10,13
10,227,315,10,8
10,228,268,248,2
10,228,269,248,1
10,228,270,248,7
10,228,271,248,5
10,228,297,10,5
10,228,298,10,14
10,228,299,10,5
10,228,312,10,4
10,228,313,10,7
10,228,314,10,13
10,228,315,10,13
10,229,268,248,2
10,229,269,248,1
10,229,270,248,4
10,229,271,248,5
10,229,297,10,2
10,229,298,10,8
10,229,299,10,9
10,229,312,10,3
10,229,313,10,5
10,229,314,10,7
10,229,315,10,5
10,230,268,248,2
10,230,269,248,1
10,230,270,248,4
10,230,271,248,8
10,230,297,10,6
10,230,298,10,6
10,230,299,10,8
10,230,312,10,4
10,230,313,10,8
10,230,314,10,3
10,230,315,10,7
10,231,268,248,2
10,231,269,248,1
10,231,270,248,3
10,231,271,248,6
10,231,297,10,5
10,231,298,10,5
10,231,299,10,9
10,231,312,10,9
10,231,313,10,8
10,231,314,10,2
10,231,315,10,3
10,232,264,248,8
10,232,265,248,7
10,232,266,248,5
10,232,267,248,4
10,232,276,253,5
10,232,277,253,5
10,232,278,253,9
10,232,279,253,12
10,232,297,10,2
10,232,298,10,2
10,232,299,10,10
10,232,316,10,4
10,232,317,10,3
10,232,318,10,9
10,232,319,10,6
10,233,264,248,11
10,233,265,248,12
10,233,266,248,3
10,233,267,248,3
10,233,276,253,4
10,233,277,253,4
10,233,278,253,3
10,233,279,253,5
10,233,297,10,2
10,233,298,10,3
10,233,299,10,14
10,233,316,10,6
10,233,317,10,6
10,233,318,10,12
10,233,319,10,11
10,234,264,248,12
10,234,265,248,9
10,234,266,248,3
10,234,267,248,2
10,234,297,10,4
10,234,298,10,12
10,234,299,10,9
10,234,316,10,5
10,234,317,10,9
10,234,318,10,6
10,234,319,10,15
10,235,264,248,4
10,235,265,248,4
10,235,266,248,3
10,235,267,248,2
10,235,297,10,4
10,235,298,10,8
10,235,299,10,5
10,235,316,10,5
10,235,317,10,8
10,235,318,10,7
10,235,319,10,10
10,236,260,248,3
10,236,261,248,7
10,236,262,248,10
10,236,263,248,26
10,236,264,248,10
10,236,265,248,5
10,236,266,248,3
10,236,267,248,2
10,236,268,248,3
10,236,269,248,10
10,236,270,248,9
10,236,271,248,6
10,236,297,10,8
10,236,298,10,7
10,236,299,10,4
10,237,260,248,8
10,237,261,248,13
10,237,262,248,13
10,237,263,248,28
10,237,264,248,38
10,237,265,248,23
10,237,266,248,7
10,237,267,248,3
10,237,268,248,3
10,237,269,248,8
10,237,270,248,8
10,237,271,248,8
10,237,297,10,6
10,237,298,10,9
10,237,299,10,4
10,238,260,248,8
10,238,261,248,9
10,238,262,248,9
10,238,263,248,20
10,238,264,248,31
10,238,265,248,38
10,238,266,248,46
10,238,267,248,8
10,238,268,248,17
10,238,269,248,17
10,238,270,248,4
10,238,271,248,7
10,238,297,10,4
10,238,298,10,4
10,238,299,10,10
10,239,260,248,6
10,239,261,248,4
10,239,262,248,6
10,239,263,248,12
10,239,264,248,29
10,239,265,248,26
10,239,266,248,3
10,239,267,248,19
10,239,268,248,39
10,239,269,248,16
10,239,270,248,5
10,239,271,248,4
10,239,297,10,5
10,239,298,10,8
10,239,299,10,7
10,240,272,248,4
10,240,273,248,2
10,240,297,10,4
10,240,298,10,6
10,240,299,10,4
10,240,316,10,9
10,240,317,10,12
10,240,318,10,7
10,240,319,10,3
10,241,272,248,5
10,241,273,248,2
10,241,297,10,1
10,241,298,10,1
10,241,299,10,5
10,241,316,10,8
10,241,317,10,8
10,241,318,10,3
10,241,319,10,4
10,242,234,248,1
10,242,235,248,1
10,242,272,248,8
10,242,273,248,2
10,242,297,10,1
10,242,298,10,2
10,242,299,10,3
10,242,316,10,4
10,242,317,10,7
10,242,318,10,6
10,242,319,10,6
10,243,234,248,1
10,243,235,248,1
10,243,272,248,14
10,243,273,248,4
10,243,316,10,6
10,243,317,10,6
10,243,318,10,2
10,243,319,10,9
10,244,233,248,1
10,244,234,248,1
10,244,235,248,1
10,244,244,248,8
10,244,245,248,12
10,244,246,248,8
10,244,247,248,10
10,244,252,248,5
10,244,253,248,2
10,244,254,248,4
10,244,255,248,3
10,244,256,248,2
10,244,257,248,5
10,244,258,248,7
10,244,259,248,8
10,244,272,248,17
10,244,273,248,3
10,244,316,10,3
10,244,317,10,4
10,244,318,10,2
10,244,319,10,3
10,245,232,248,1
10,245,233,248,2
10,245,234,248,1
10,245,235,248,1
10,245,244,248,6
10,245,245,248,19
10,245,246,248,18
10,245,247,248,13
10,245,252,248,9
10,245,253,248,5
10,245,254,248,12
10,245,255,248,6
10,245,256,248,3
10,245,257,248,8
10,245,258,248,13
10,245,259,248,14
10,245,272,248,11
10,245,273,248,6
10,245,316,10,2
10,245,317,10,3
10,245,318,10,3
10,245,319,10,3
10,246,232,248,1
10,246,233,248,2
10,246,234,248,1
10,246,235,248,1
10,246,244,248,11
10,246,245,248,19
10,246,246,248,22
10,246,247,248,9
10,246,252,248,15
10,246,253,248,7
10,246,254,248,8
10,246,255,248,9
10,246,256,248,19
10,246,257,248,23
10,246,258,248,24
10,246,259,248,9
10,246,272,248,3
10,246,273,248,2
10,246,316,10,2
10,246,317,10,2
10,246,318,10,2
10,246,319,10,2
10,247,231,248,1
10,247,232,248,1
10,247,233,248,2
10,247,234,248,2
10,247,235,248,2
10,247,244,248,14
10,247,245,248,17
10,247,246,248,7
10,247,247,248,8
10,247,252,248,11
10,247,253,248,8
10,247,254,248,18
10,247,255,248,13
10,247,256,248,7
10,247,257,248,14
10,247,258,248,20
10,247,259,248,9
10,247,272,248,3
10,247,273,248,2
10,247,316,10,2
10,247,317,10,2
10,247,318,10,3
10,247,319,10,3
10,248,231,248,1
10,248,248,248,9
10,248,249,248,8
10,248,250,248,7
10,248,251,248,15
10,248,252,248,7
10,248,253,248,6
10,248,254,248,15
10,248,255,248,13
10,248,256,248,17
10,248,257,248,19
10,248,258,248,14
10,248,259,248,4
10,248,268,248,2
10,248,269,248,1
10,248,270,248,1
10,248,271,248,1
10,248,272,248,1
10,248,273,248,1
10,248,316,10,2
10,248,317,10,2
10,248,318,10,2
10,248,319,10,5
10,249,230,248,1
10,249,231,248,1
10,249,248,248,13
10,249,249,248,15
10,249,250,248,9
10,249,251,248,9
10,249,252,248,9
10,249,253,248,11
10,249,254,248,16
10,249,255,248,18
10,249,256,248,15
10,249,257,248,13
10,249,258,248,8
10,249,259,248,6
10,249,268,248,1
10,249,269,248,1
10,249,270,248,1
10,249,271,248,2
10,249,272,248,2
10,249,273,248,2
10,249,316,10,1
10,249,317,10,2
10,249,318,10,2
10,249,319,10,7
10,250,229,248,2
10,250,230,248,1
10,250,231,248,1
10,250,248,248,15
10,250,249,248,10
10,250,250,248,9
10,250,251,248,11
10,250,252,248,24
10,250,253,248,20
10,250,254,248,23
10,250,255,248,8
10,250,256,248,4
10,250,257,248,5
10,250,258,248,4
10,250,259,248,6
10,250,268,248,1
10,250,269,248,1
10,250,270,248,1
10,250,271,248,3
10,250,272,248,2
10,250,273,248,1
10,250,316,10,2
10,250,317,10,1
10,250,318,10,1
10,250,319,10,6
10,251,229,248,2
10,251,230,248,1
10,251,231,248,2
10,251,248,248,11
10,251,249,248,12
10,251,250,248,19
10,251,251,248,21
10,251,252,248,17
10,251,253,248,17
10,251,254,248,28
10,251,255,248,8
10,251,256,248,2
10,251,257,248,2
10,251,258,248,3
10,251,259,248,2
10,251,268,248,1
10,251,269,248,1
10,251,270,248,1
10,251,271,248,7
10,251,272,248,4
10,251,273,248,1
10,251,316,10,3
10,251,317,10,2
10,251,318,10,1
10,251,319,10,3
10,252,248,248,9
10,252,249,248,11
10,252,250,248,16
10,252,251,248,12
10,252,252,248,13
10,252,253,248,20
10,252,254,248,24
10,252,255,248,17
10,252,264,248,3
10,252,265,248,2
10,252,266,248,3
10,252,267,248,3
10,252,268,248,1
10,252,269,248,2
10,252,270,248,4
10,252,271,248,9
10,252,272,248,6
10,252,273,248,1
10,253,248,248,8
10,253,249,248,8
10,253,250,248,11
10,253,251,248,4
10,253,252,248,21
10,253,253,248,17
10,253,254,248,13
10,253,255,248,8
10,253,264,248,4
10,253,265,248,6
10,253,266,248,5
10,253,267,248,4
10,253,268,248,4
10,253,269,248,4
10,253,270,248,3
10,253,271,248,4
10,253,272,248,2
10,253,273,248,1
10,254,248,248,7
10,254,249,248,7
10,254,250,248,14
10,254,251,248,8
10,254,252,248,11
10,254,253,248,11
10,254,254,248,7
10,254,255,248,7
10,254,264,248,4
10,254,265,248,4
10,254,266,248,2
10,254,267,248,6
10,254,268,248,7
10,254,269,248,3
10,254,270,248,4
10,254,271,248,2
10,254,272,248,1
10,254,273,248,1
10,255,248,248,6
10,255,249,248,11
10,255,250,248,10
10,255,251,248,13
10,255,252,248,17
10,255,253,248,4
10,255,254,248,5
10,255,255,248,8
10,255,264,248,6
10,255,265,248,4
10,255,266,248,3
10,255,267,248,3
10,255,268,248,6
10,255,269,248,4
10,255,270,248,2
10,255,271,248,2
10,255,272,248,2
10,255,273,248,2
10,256,244,248,4
10,256,245,248,9
10,256,246,248,11
10,256,247,248,7
10,256,248,248,15
10,256,249,248,15
10,256,250,248,17
10,256,251,248,24
10,256,264,248,4
10,256,265,248,2
10,256,266,248,5
10,256,267,248,3
10,257,244,248,3
10,257,245,248,12
10,257,246,248,8
10,257,247,248,11
10,257,248,248,21
10,257,249,248,12
10,257,250,248,24
10,257,251,248,7
10,257,264,248,2
10,257,265,248,1
10,257,266,248,3
10,257,267,248,2
10,258,244,248,2
10,258,245,248,9
10,258,246,248,7
10,258,247,248,11
10,258,248,248,13
10,258,249,248,21
10,258,250,248,20
10,258,251,248,6
10,258,264,248,4
10,258,265,248,5
10,258,266,248,5
10,258,267,248,4
10,259,244,248,2
10,259,245,248,8
10,259,246,248,14
10,259,247,248,20
10,259,248,248,14
10,259,249,248,26
10,259,250,248,18
10,259,251,248,4
10,259,264,248,5
10,259,265,248,4
10,259,266,248,8
10,259,267,248,6
10,260,244,248,2
10,260,245,248,5
10,260,246,248,15
10,260,247,248,25
10,260,248,248,27
10,260,249,248,28
10,260,250,248,19
10,260,251,248,4
10,260,268,248,4
10,260,269,248,5
10,260,270,248,3
10,260,271,248,5
10,260,396,133,96
10,260,396,22,11
10,260,397,22,2657
10,260,397,133,29
10,260,398,22,5624
10,260,398,133,5
10,260,399,22,3145
10,261,244,248,2
10,261,245,248,4
10,261,246,248,7
10,261,247,248,10
10,261,248,248,14
10,261,249,248,9
10,261,250,248,6
10,261,251,248,5
10,261,268,248,3
10,261,269,248,7
10,261,270,248,4
10,261,271,248,6
10,261,396,22,1384
10,261,396,133,43
10,261,397,22,2231
10,261,398,22,2632
10,261,399,133,60
10,261,399,22,3865
10,262,244,248,1
10,262,245,248,2
10,262,246,248,1
10,262,247,248,2
10,262,248,248,2
10,262,249,248,3
10,262,250,248,3
10,262,251,248,3
10,262,268,248,3
10,262,269,248,6
10,262,270,248,4
10,262,271,248,2
10,262,396,22,1590
10,262,397,22,1180
10,262,398,22,1185
10,262,399,22,706
10,262,399,133,14
10,263,244,248,1
10,263,245,248,2
10,263,246,248,1
10,263,247,248,1
10,263,248,248,1
10,263,249,248,3
10,263,250,248,4
10,263,251,248,4
10,263,268,248,3
10,263,269,248,2
10,263,270,248,1
10,263,271,248,1
10,263,396,22,2745
10,263,397,22,1141
10,263,398,22,1704
10,263,399,22,377
10,263,399,133,19
10,264,412,133,162
10,264,413,133,26
10,264,414,133,44
10,264,415,133,53
10,265,412,133,134
10,265,413,133,41
10,265,414,133,47
10,265,415,133,47
10,266,412,133,153
10,266,413,133,147
10,266,414,133,91
10,266,415,133,38
10,267,412,133,145
10,267,413,133,192
10,267,414,133,55
10,267,415,133,40
10,268,240,248,3
10,268,241,248,5
10,268,242,248,7
10,268,243,248,41
10,268,264,248,1
10,268,265,248,1
10,268,266,248,1
10,268,267,248,1
10,268,268,248,1
10,268,269,248,1
10,268,270,248,1
10,268,271,248,1
10,268,404,133,46
10,268,405,133,122
10,268,406,133,63
10,268,407,133,52
10,268,408,133,140
10,268,409,133,129
10,268,410,133,58
10,268,411,133,126
10,268,412,133,64
10,268,413,133,199
10,268,414,133,57
10,268,415,133,38
10,269,240,248,1
10,269,241,248,9
10,269,242,248,58
10,269,243,248,15
10,269,264,248,2
10,269,265,248,1
10,269,266,248,1
10,269,267,248,1
10,269,268,248,2
10,269,269,248,2
10,269,270,248,2
10,269,271,248,1
10,269,404,133,68
10,269,405,133,92
10,269,406,133,34
10,269,407,133,55
10,269,408,133,82
10,269,409,133,67
10,269,410,133,49
10,269,411,133,44
10,269,412,133,64
10,269,413,133,187
10,269,414,133,75
10,269,415,133,78
10,270,240,248,2
10,270,241,248,7
10,270,242,248,9
10,270,243,248,3
10,270,264,248,4
10,270,265,248,2
10,270,266,248,4
10,270,267,248,6
10,270,268,248,4
10,270,269,248,4
10,270,270,248,9
10,270,271,248,15
10,270,404,133,93
10,270,405,133,127
10,270,406,133,50
10,270,407,133,39
10,270,408,133,59
10,270,409,133,75
10,270,410,133,69
10,270,411,133,54
10,270,412,133,22
10,270,413,133,60
10,270,414,133,91
10,270,415,133,56
10,271,240,248,1
10,271,241,248,4
10,271,242,248,2
10,271,243,248,2
10,271,264,248,17
10,271,265,248,8
10,271,266,248,10
10,271,267,248,10
10,271,268,248,9
10,271,269,248,12
10,271,270,248,14
10,271,271,248,13
10,271,404,133,63
10,271,405,133,33
10,271,406,133,36
10,271,407,133,57
10,271,408,133,103
10,271,409,133,64
10,271,410,133,63
10,271,411,133,23
10,271,412,133,31
10,271,413,133,54
10,271,414,133,34
10,271,415,133,24
10,272,229,248,1
10,272,230,248,4
10,272,231,248,6
10,272,236,248,7
10,272,237,248,6
10,272,238,248,6
10,272,239,248,3
10,272,240,248,4
10,272,241,248,2
10,272,242,248,1
10,272,243,248,3
10,272,244,248,6
10,272,245,248,3
10,272,246,248,3
10,272,247,248,2
10,272,264,248,10
10,272,265,248,10
10,272,266,248,11
10,272,267,248,6
10,272,268,248,7
10,272,269,248,10
10,272,270,248,13
10,272,271,248,21
10,272,272,248,7
10,272,273,248,3
10,272,392,22,3166
10,272,392,133,6
10,272,393,22,2282
10,272,394,22,2273
10,272,395,22,3348
10,272,400,133,229
10,272,400,22,51
10,272,401,133,127
10,272,402,133,86
10,272,403,133,57
10,272,403,33,84
10,272,404,133,36
10,272,405,133,39
10,272,406,133,26
10,272,407,133,32
10,272,408,133,92
10,272,409,133,52
10,272,410,133,42
10,272,411,133,24
10,272,412,133,20
10,272,413,133,22
10,272,414,133,51
10,272,415,133,27
10,273,229,248,1
10,273,230,248,4
10,273,231,248,9
10,273,236,248,5
10,273,237,248,7
10,273,238,248,2
10,273,239,248,2
10,273,240,248,4
10,273,241,248,3
10,273,242,248,2
10,273,243,248,5
10,273,244,248,6
10,273,245,248,3
10,273,246,248,4
10,273,247,248,7
10,273,264,248,1
10,273,265,248,15
10,273,266,248,9
10,273,267,248,7
10,273,268,248,4
10,273,269,248,8
10,273,270,248,14
10,273,271,248,13
10,273,272,248,11
10,273,273,248,3
10,273,392,22,883
10,273,392,133,23
10,273,393,22,1690
10,273,394,22,2493
10,273,395,22,2402
10,273,400,133,146
10,273,400,22,89
10,273,401,133,122
10,273,402,133,70
10,273,402,33,702
10,273,403,133,33
10,273,403,33,1437
10,273,404,133,16
10,273,404,33,237
10,273,405,133,36
10,273,406,133,28
10,273,407,133,107
10,273,408,133,78
10,273,409,133,29
10,273,410,133,44
10,273,411,133,42
10,273,412,133,34
10,273,413,133,34
10,273,414,133,34
10,273,415,133,15
10,274,229,248,1
10,274,230,248,3
10,274,231,248,9
10,274,236,248,3
10,274,237,248,2
10,274,238,248,2
10,274,239,248,2
10,274,240,248,5
10,274,241,248,2
10,274,242,248,2
10,274,243,248,8
10,274,244,248,3
10,274,245,248,2
10,274,246,248,14
10,274,247,248,17
10,274,264,248,1
10,274,265,248,16
10,274,266,248,15
10,274,267,248,27
10,274,268,248,10
10,274,269,248,8
10,274,270,248,11
10,274,271,248,16
10,274,272,248,8
10,274,273,248,2
10,274,392,22,1133
10,274,392,133,174
10,274,393,22,2162
10,274,394,22,2225
10,274,395,22,1872
10,274,400,133,102
10,274,401,133,121
10,274,402,33,663
10,274,402,133,40
10,274,403,33,1863
10,274,404,133,29
10,274,404,33,374
10,274,405,133,57
10,274,406,133,84
10,274,407,133,32
10,274,408,133,15
10,274,409,133,25
10,274,410,133,31
10,274,411,133,39
10,274,412,133,55
10,274,413,133,68
10,274,414,133,33
10,274,415,133,14
10,275,229,248,5
10,275,230,248,4
10,275,231,248,5
10,275,236,248,4
10,275,237,248,2
10,275,238,248,8
10,275,239,248,5
10,275,240,248,6
10,275,241,248,4
10,275,242,248,4
10,275,243,248,8
10,275,244,248,2
10,275,245,248,8
10,275,246,248,23
10,275,247,248,7
10,275,264,248,1
10,275,265,248,3
10,275,266,248,8
10,275,267,248,22
10,275,268,248,6
10,275,269,248,11
10,275,270,248,14
10,275,271,248,19
10,275,272,248,13
10,275,273,248,3
10,275,392,22,718
10,275,392,133,33
10,275,393,22,3066
10,275,394,22,2028
10,275,395,22,2014
10,275,400,133,110
10,275,401,133,54
10,275,402,133,54
10,275,402,33,630
10,275,403,33,1952
10,275,403,133,7
10,275,404,133,26
10,275,404,33,367
10,275,405,133,67
10,275,406,133,36
10,275,407,133,45
10,275,408,133,29
10,275,409,133,21
10,275,410,133,41
10,275,411,133,55
10,275,412,133,44
10,275,413,133,34
10,275,414,133,9
10,275,415,133,6
10,276,229,248,4
10,276,230,248,4
10,276,231,248,4
10,276,232,248,1
10,276,233,248,4
10,276,234,248,3
10,276,235,248,4
10,276,236,248,4
10,276,237,248,8
10,276,238,248,10
10,276,239,248,13
10,276,240,248,8
10,276,241,248,8
10,276,242,248,5
10,276,243,248,5
10,276,264,248,1
10,276,265,248,1
10,276,266,248,1
10,276,267,248,14
10,276,268,248,13
10,276,269,248,10
10,276,270,248,8
10,276,271,248,10
10,276,272,248,4
10,276,273,248,3
10,276,400,133,78
10,276,401,133,67
10,276,402,133,72
10,276,403,133,23
10,276,404,133,20
10,276,405,133,29
10,276,406,133,7
10,276,407,133,39
10,276,408,133,60
10,276,409,133,52
10,276,410,133,44
10,276,411,133,51
10,277,229,248,1
10,277,230,248,1
10,277,231,248,6
10,277,232,248,6
10,277,233,248,4
10,277,234,248,2
10,277,235,248,4
10,277,236,248,5
10,277,237,248,6
10,277,238,248,6
10,277,239,248,6
10,277,240,248,3
10,277,241,248,4
10,277,242,248,4
10,277,243,248,3
10,277,264,248,1
10,277,265,248,1
10,277,266,248,1
10,277,267,248,1
10,277,268,248,14
10,277,269,248,3
10,277,270,248,3
10,277,271,248,6
10,277,272,248,5
10,277,273,248,2
10,277,400,133,103
10,277,401,133,96
10,277,402,133,26
10,277,403,133,15
10,277,404,133,34
10,277,405,133,22
10,277,406,133,17
10,277,407,133,19
10,277,408,133,35
10,277,409,133,71
10,277,410,133,92
10,277,411,133,44
10,278,229,248,1
10,278,230,248,1
10,278,231,248,2
10,278,232,248,2
10,278,233,248,2
10,278,234,248,3
10,278,235,248,3
10,278,236,248,2
10,278,237,248,2
10,278,238,248,1
10,278,239,248,1
10,278,240,248,1
10,278,241,248,1
10,278,242,248,1
10,278,243,248,1
10,278,264,248,1
10,278,265,248,1
10,278,266,248,1
10,278,267,248,1
10,278,268,248,8
10,278,269,248,10
10,278,270,248,10
10,278,271,248,12
10,278,272,248,8
10,278,273,248,2
10,278,400,133,121
10,278,401,133,83
10,278,402,133,53
10,278,403,133,35
10,278,404,133,43
10,278,405,133,21
10,278,406,133,17
10,278,407,133,28
10,278,408,133,33
10,278,409,133,22
10,278,410,133,74
10,278,411,133,47
10,279,229,248,1
10,279,230,248,1
10,279,231,248,1
10,279,232,248,2
10,279,233,248,2
10,279,234,248,3
10,279,235,248,2
10,279,236,248,1
10,279,237,248,2
10,279,238,248,2
10,279,239,248,2
10,279,240,248,1
10,279,241,248,1
10,279,242,248,1
10,279,243,248,1
10,279,264,248,1
10,279,265,248,1
10,279,266,248,1
10,279,267,248,1
10,279,268,248,1
10,279,269,248,8
10,279,270,248,9
10,279,271,248,15
10,279,272,248,10
10,279,273,248,1
10,279,400,133,122
10,279,401,133,57
10,279,402,133,53
10,279,403,133,38
10,279,404,133,33
10,279,405,133,42
10,279,406,133,35
10,279,407,133,21
10,279,408,133,20
10,279,409,133,13
10,279,410,133,9
10,279,411,133,46
10,280,272,248,8
10,280,273,248,3
10,280,396,133,26
10,280,397,133,87
10,280,398,133,51
10,280,399,133,46
10,280,400,133,35
10,280,401,133,15
10,280,402,133,29
10,280,403,133,21
10,281,272,248,9
10,281,273,248,6
10,281,396,133,21
10,281,396,103,58
10,281,397,133,59
10,281,398,133,66
10,281,399,133,42
10,281,400,133,27
10,281,401,133,18
10,281,402,133,21
10,281,403,133,25
10,282,209,257,1
10,282,210,257,2
10,282,211,257,1
10,282,272,248,7
10,282,273,248,6
10,282,396,133,67
10,282,396,103,35
10,282,397,133,89
10,282,398,133,66
10,282,399,133,25
10,282,400,133,13
10,282,401,133,44
10,282,402,133,34
10,282,403,133,23
10,283,206,257,1
10,283,207,257,1
10,283,208,257,3
10,283,209,257,7
10,283,210,257,7
10,283,211,257,5
10,283,272,248,1
10,283,273,248,1
10,283,396,133,80
10,283,397,133,64
10,283,398,133,58
10,283,399,133,41
10,283,400,133,34
10,283,401,133,21
10,283,402,133,18
10,283,403,133,22
10,284,206,257,4
10,284,207,257,7
10,284,208,257,5
10,284,209,257,5
10,284,210,257,9
10,284,211,257,17
10,284,211,228,5
10,284,212,228,7
10,284,213,228,5
10,284,214,228,5
10,284,215,228,4
10,284,216,228,1
10,284,229,248,2
10,284,230,248,1
10,284,231,248,1
10,284,392,133,70
10,284,393,133,82
10,284,394,133,76
10,284,395,133,64
10,284,396,133,66
10,284,397,133,78
10,284,398,133,55
10,284,399,133,97
10,284,400,133,51
10,284,401,133,12
10,284,402,133,21
10,284,403,133,26
10,285,206,257,3
10,285,207,257,12
10,285,208,257,7
10,285,209,257,6
10,285,210,257,7
10,285,211,257,15
10,285,211,228,9
10,285,212,228,9
10,285,213,228,3
10,285,214,228,5
10,285,215,228,6
10,285,216,228,2
10,285,392,133,104
10,285,393,133,70
10,285,394,133,47
10,285,395,133,48
10,285,396,133,58
10,285,397,133,55
10,285,398,133,141
10,285,399,133,84
10,285,400,133,32
10,285,401,133,21
10,285,402,133,28
10,285,403,133,25
10,286,207,257,2
10,286,208,257,6
10,286,209,257,10
10,286,210,257,8
10,286,211,228,6
10,286,211,257,3
10,286,212,228,15
10,286,213,228,4
10,286,214,228,2
10,286,215,228,4
10,286,216,228,1
10,286,392,133,117
10,286,393,133,75
10,286,394,133,37
10,286,395,133,53
10,286,396,133,93
10,286,397,133,60
10,286,398,133,46
10,286,399,133,52
10,286,400,133,42
10,286,401,133,31
10,286,402,133,41
10,286,403,133,31
10,287,207,257,4
10,287,208,257,7
10,287,209,257,2
10,287,210,257,10
10,287,211,228,4
10,287,211,257,5
10,287,212,228,12
10,287,213,228,13
10,287,214,228,3
10,287,215,228,3
10,287,216,228,2
10,287,392,133,57
10,287,393,133,47
10,287,394,133,27
10,287,395,133,105
10,287,396,133,67
10,287,397,133,58
10,287,398,133,28
10,287,399,133,45
10,287,400,133,36
10,287,401,133,34
10,287,402,133,21
10,287,403,133,39
10,288,206,257,1
10,288,207,257,2
10,288,208,257,4
10,288,209,257,4
10,288,210,257,5
10,288,211,228,4
10,288,211,257,4
10,288,212,228,7
10,288,213,228,25
10,288,214,228,15
10,288,215,228,7
10,288,216,228,4
10,288,364,1,48
10,288,365,1,11
10,288,366,1,10
10,288,367,1,18
10,288,368,1,47
10,288,369,1,45
10,288,369,180,47
10,288,370,180,21
10,288,370,1,7
10,288,371,180,4
10,288,388,133,91
10,288,388,198,44
10,288,389,133,115
10,288,389,198,47
10,288,390,133,105
10,288,391,133,97
10,288,392,133,51
10,288,393,133,49
10,288,394,133,84
10,288,395,133,62
10,288,396,133,50
10,288,397,133,62
10,288,398,133,38
10,288,399,133,74
10,288,400,133,63
10,288,401,133,32
10,288,402,133,24
10,288,403,133,38
10,289,211,228,5
10,289,212,228,8
10,289,213,228,8
10,289,214,228,11
10,289,215,228,13
10,289,216,228,2
10,289,364,1,31
10,289,365,1,5
10,289,366,1,11
10,289,367,1,28
10,289,368,1,82
10,289,369,1,63
10,289,369,180,11
10,289,370,1,27
10,289,370,180,27
10,289,371,180,2
10,289,388,133,91
10,289,388,198,58
10,289,389,133,83
10,289,389,198,21
10,289,390,133,92
10,289,390,184,20
10,289,390,185,11
10,289,391,133,41
10,289,391,185,29
10,289,391,184,38
10,289,392,133,56
10,289,393,133,80
10,289,394,133,40
10,289,395,133,38
10,289,396,133,45
10,289,397,133,40
10,289,398,133,32
10,289,399,133,44
10,289,400,133,34
10,289,401,133,12
10,289,402,133,37
10,289,403,133,47
10,290,211,228,3
10,290,212,228,5
10,290,213,228,12
10,290,214,228,4
10,290,215,228,8
10,290,216,228,4
10,290,364,1,24
10,290,365,1,10
10,290,366,1,25
10,290,367,1,58
10,290,368,1,54
10,290,369,1,68
10,290,369,180,7
10,290,370,1,32
10,290,370,180,23
10,290,371,180,3
10,290,388,133,179
10,290,388,198,18
10,290,388,221,143
10,290,389,70,118
10,290,389,133,83
10,290,389,198,4
10,290,389,222,81
10,290,389,69,134
10,290,389,221,45
10,290,390,133,29
10,290,390,69,303
10,290,390,70,217
10,290,390,222,102
10,290,391,69,220
10,290,391,70,163
10,290,391,133,17
10,290,392,70,61
10,290,392,133,25
10,290,392,69,174
10,290,393,133,29
10,290,393,69,141
10,290,393,70,104
10,290,394,70,69
10,290,394,69,60
10,290,394,133,22
10,290,395,133,45
10,290,396,133,49
10,290,397,133,34
10,290,398,133,16
10,290,399,133,18
10,290,400,133,56
10,290,401,133,54
10,290,402,133,32
10,290,403,133,8
10,291,211,228,1
10,291,212,228,4
10,291,213,228,8
10,291,214,228,6
10,291,215,228,3
10,291,216,228,4
10,291,364,1,40
10,291,365,1,29
10,291,366,1,64
10,291,367,1,110
10,291,368,1,26
10,291,369,1,57
10,291,369,180,12
10,291,370,1,47
10,291,370,180,46
10,291,371,180,13
10,291,388,223,53
10,291,388,133,163
10,291,389,69,243
10,291,389,133,27
10,291,389,222,77
10,291,389,223,145
10,291,389,70,117
10,291,389,232,36
10,291,390,69,608
10,291,390,70,541
10,291,390,133,7
10,291,390,222,77
10,291,391,69,350
10,291,391,70,112
10,291,391,133,4
10,291,392,133,4
10,291,392,69,241
10,291,392,70,87
10,291,393,70,171
10,291,393,69,551
10,291,393,133,8
10,291,394,70,181
10,291,394,69,381
10,291,394,133,17
10,291,395,133,76
10,291,396,133,52
10,291,397,133,80
10,291,398,133,51
10,291,399,133,60
10,291,400,133,45
10,291,401,133,5
10,291,402,133,2
10,291,403,133,7
10,292,211,228,1
10,292,212,228,4
10,292,213,228,11
10,292,214,228,8
10,292,215,228,4
10,292,216,228,2
10,292,364,1,14
10,292,364,180,5
10,292,365,1,51
10,292,365,180,18
10,292,366,180,16
10,292,366,1,98
10,292,367,1,111
10,292,368,1,29
10,292,369,1,38
10,292,370,1,24
10,292,370,180,34
10,292,371,180,27
10,292,376,133,16
10,292,377,133,25
10,292,378,133,31
10,292,379,133,18
10,292,384,133,44
10,292,385,133,36
10,292,386,133,93
10,292,387,133,128
10,292,388,133,67
10,292,389,69,433
10,292,389,70,74
10,292,389,133,46
10,292,389,220,193
10,292,390,69,274
10,292,390,70,102
10,292,390,133,7
10,292,391,69,447
10,292,391,70,208
10,292,391,133,17
10,293,211,228,1
10,293,212,228,2
10,293,213,228,4
10,293,214,228,4
10,293,215,228,4
10,293,216,228,2
10,293,364,1,1
10,293,364,180,1
10,293,365,1,47
10,293,365,180,8
10,293,366,1,154
10,293,366,180,12
10,293,367,1,141
10,293,367,180,4
10,293,368,1,41
10,293,369,1,75
10,293,370,180,27
10,293,370,1,32
10,293,371,1,1
10,293,371,180,18
10,293,376,133,23
10,293,377,133,22
10,293,378,133,17
10,293,379,133,25
10,293,384,133,30
10,293,385,133,21
10,293,386,133,160
10,293,387,133,128
10,293,388,133,90
10,293,389,133,75
10,293,390,133,128
10,293,391,133,85
10,294,211,228,1
10,294,212,228,3
10,294,213,228,5
10,294,214,228,3
10,294,215,228,3
10,294,216,228,3
10,294,366,1,80
10,294,366,180,21
10,294,367,1,85
10,294,367,180,4
10,294,368,1,44
10,294,368,180,3
10,294,369,1,43
10,294,369,180,12
10,294,370,1,58
10,294,370,180,55
10,294,371,1,13
10,294,371,180,42
10,294,371,133,3
10,294,376,133,30
10,294,377,133,10
10,294,378,133,22
10,294,379,133,49
10,294,384,133,38
10,294,385,133,45
10,294,386,133,222
10,294,387,133,157
10,294,388,133,28
10,294,389,133,149
10,294,390,133,83
10,294,391,133,89
10,295,211,228,1
10,295,212,228,1
10,295,213,228,2
10,295,214,228,5
10,295,215,228,2
10,295,216,228,2
10,295,366,1,39
10,295,366,180,28
10,295,367,1,31
10,295,367,180,51
10,295,368,1,24
10,295,368,180,9
10,295,369,180,33
10,295,369,1,28
10,295,370,1,75
10,295,370,133,4
10,295,370,180,62
10,295,371,133,43
10,295,371,180,11
10,295,371,1,16
10,295,376,133,51
10,295,377,133,19
10,295,378,133,39
10,295,379,133,24
10,295,384,133,92
10,295,385,133,64
10,295,386,133,306
10,295,387,133,178
10,295,388,133,96
10,295,389,133,228
10,295,390,133,101
10,295,391,133,80
10,296,366,1,3
10,296,366,180,39
10,296,367,180,30
10,296,367,1,1
10,296,368,180,6
10,296,369,1,6
10,296,369,180,10
10,296,369,133,2
10,296,370,1,25
10,296,370,133,81
10,296,370,180,12
10,296,371,133,111
10,296,384,133,43
10,296,385,133,116
10,296,386,133,229
10,296,387,133,214
10,296,388,133,163
10,296,389,133,243
10,296,390,133,38
10,296,391,133,38
10,297,365,180,3
10,297,366,180,23
10,297,367,180,17
10,297,368,1,1
10,297,368,180,6
10,297,368,133,1
10,297,369,180,2
10,297,369,133,7
10,297,369,1,1
10,297,370,133,112
10,297,371,133,98
10,297,384,133,38
10,297,385,133,219
10,297,386,133,47
10,297,387,133,222
10,297,388,133,128
10,297,389,133,31
10,297,390,133,60
10,297,391,133,10
10,298,365,1,3
10,298,365,180,9
10,298,366,180,15
10,298,366,1,2
10,298,367,180,9
10,298,368,1,2
10,298,368,133,3
10,298,368,180,7
10,298,369,133,30
10,298,370,133,111
10,298,371,133,83
10,298,384,133,443
10,298,385,133,400
10,298,386,133,98
10,298,387,133,148
10,298,388,133,34
10,298,389,133,2
10,298,390,133,5
10,298,391,133,3
10,299,365,1,2
10,299,365,180,5
10,299,366,180,12
10,299,367,180,7
10,299,368,133,3
10,299,368,180,7
10,299,368,1,3
10,299,369,133,18
10,299,370,133,53
10,299,371,133,62
10,299,384,133,493
10,299,385,133,171
10,299,386,133,207
10,299,387,133,58
10,299,388,133,5
10,299,389,133,2
10,299,390,133,3
10,299,391,133,1
10,300,380,133,45
10,300,381,133,22
10,300,382,133,111
10,300,383,133,402
10,300,384,133,145
10,300,385,133,91
10,300,386,133,173
10,300,387,133,58
10,301,380,133,60
10,301,381,133,80
10,301,382,133,128
10,301,383,133,82
10,301,384,133,80
10,301,385,133,43
10,301,386,133,113
10,301,387,133,13
10,302,380,133,133
10,302,381,133,141
10,302,382,133,84
10,302,383,133,82
10,302,384,133,23
10,302,385,133,115
10,303,380,133,203
10,303,381,133,107
10,303,382,133,151
10,303,383,133,78
10,303,384,133,3
10,303,385,133,20
10,304,368,133,110
10,304,369,133,170
10,304,370,133,176
10,304,371,133,216
10,304,372,133,414
10,304,373,133,523
10,304,374,133,645
10,304,375,133,346
10,304,376,133,464
10,304,377,133,241
10,304,378,133,176
10,304,379,133,299
10,304,380,133,100
10,304,381,133,73
10,304,382,133,142
10,304,383,133,14
10,305,368,133,103
10,305,369,133,201
10,305,370,133,130
10,305,371,133,117
10,305,372,133,147
10,305,373,133,253
10,305,374,133,732
10,305,375,133,700
10,305,376,133,316
10,305,377,133,126
10,305,378,133,147
10,305,379,133,66
10,305,380,133,43
10,305,381,133,91
10,305,382,133,75
10,305,383,133,4
10,306,368,133,111
10,306,369,133,59
10,306,370,133,54
10,306,371,133,45
10,306,372,133,120
10,306,373,133,71
10,306,374,133,105
10,306,375,133,118
10,306,376,133,123
10,306,377,133,161
10,306,378,133,191
10,306,379,133,191
10,306,380,133,137
10,306,381,133,54
10,306,382,133,119
10,306,383,133,9
10,307,368,133,20
10,307,369,133,56
10,307,370,133,123
10,307,371,133,164
10,307,371,258,214
10,307,372,133,94
10,307,373,133,56
10,307,374,133,63
10,307,375,133,59
10,307,376,133,84
10,307,377,133,80
10,307,378,133,114
10,307,379,133,63
10,307,380,133,111
10,307,381,133,132
10,307,382,133,239
10,307,383,133,4
10,308,367,133,4
10,308,368,133,63
10,308,369,133,97
10,308,370,133,74
10,308,371,133,57
10,308,372,133,69
10,308,373,133,37
10,308,374,133,67
10,308,375,133,90
10,308,376,133,39
10,308,377,133,63
10,308,378,133,64
10,308,379,133,61
10,308,380,133,411
10,308,381,133,208
10,308,382,133,146
10,308,383,133,16
10,309,367,133,41
10,309,368,133,55
10,309,369,133,64
10,309,370,133,85
10,309,371,133,87
10,309,372,133,34
10,309,373,133,50
10,309,374,133,73
10,309,375,133,49
10,309,376,133,53
10,309,377,133,46
10,309,378,133,66
10,309,379,133,82
10,309,380,133,34
10,309,381,133,112
10,309,382,133,61
10,310,366,133,18
10,310,367,133,57
10,310,368,133,42
10,310,369,133,53
10,310,370,133,57
10,310,371,133,23
10,310,372,133,22
10,310,373,133,45
10,310,374,133,54
10,310,375,133,42
10,310,376,133,31
10,310,377,133,66
10,310,377,130,149
10,310,378,133,24
10,310,379,133,44
10,310,380,133,9
10,310,381,133,36
10,310,382,133,13
10,311,364,133,2
10,311,365,133,23
10,311,366,133,18
10,311,367,133,78
10,311,368,133,44
10,311,369,133,63
10,311,370,133,54
10,311,371,133,35
10,311,372,133,12
10,311,373,133,21
10,311,374,133,19
10,311,375,133,10
10,311,376,133,5
10,311,377,130,63
10,311,379,133,6
10,311,380,133,3
10,311,381,133,26
10,311,382,133,5
10,312,269,266,1
10,312,270,266,2
10,312,271,266,1
10,312,272,266,4
10,312,273,266,2
10,312,361,133,2
10,312,362,133,1
10,312,363,133,1
10,312,364,133,8
10,312,365,133,21
10,312,366,133,58
10,312,367,133,86
10,312,368,133,56
10,312,369,133,47
10,312,370,133,47
10,312,371,133,46
10,312,372,133,20
10,312,373,133,32
10,312,374,133,12
10,313,269,266,2
10,313,270,266,4
10,313,271,266,4
10,313,272,266,5
10,313,273,266,5
10,313,360,133,13
10,313,361,133,5
10,313,362,133,4
10,313,363,133,13
10,313,364,133,10
10,313,365,133,34
10,313,366,133,56
10,313,367,133,22
10,313,368,133,28
10,313,369,133,38
10,313,370,133,40
10,313,371,133,40
10,313,372,133,38
10,313,373,133,20
10,314,269,266,1
10,314,270,266,2
10,314,271,266,3
10,314,272,266,7
10,314,273,266,4
10,314,360,133,9
10,314,361,133,6
10,314,362,133,13
10,314,363,133,26
10,314,364,133,25
10,314,365,133,37
10,314,366,133,26
10,314,367,133,18
10,314,368,133,26
10,314,369,133,19
10,314,370,133,34
10,314,371,133,45
10,314,372,133,41
10,314,373,133,6
10,315,269,266,5
10,315,270,266,7
10,315,271,266,5
10,315,272,266,8
10,315,273,266,5
10,315,360,133,2
10,315,361,133,4
10,315,362,133,30
10,315,363,133,36
10,315,364,133,37
10,315,365,133,20
10,315,366,133,21
10,315,367,133,14
10,315,368,133,10
10,315,369,133,9
10,315,370,133,41
10,315,371,133,59
10,315,372,133,30
10,315,373,133,2
10,316,269,266,1
10,316,270,266,3
10,316,271,266,3
10,316,272,266,5
10,316,273,266,4
10,316,360,133,9
10,316,361,133,20
10,316,362,133,21
10,316,363,133,34
10,316,364,133,23
10,316,365,133,13
10,316,366,133,9
10,316,367,133,12
10,316,368,133,5
10,316,369,133,15
10,316,370,133,27
10,316,371,133,36
10,316,372,133,13
10,316,373,133,2
10,317,269,266,2
10,317,270,266,2
10,317,271,266,2
10,317,272,266,4
10,317,273,266,4
10,317,277,269,21
10,317,278,269,42
10,317,279,269,36
10,317,280,269,46
10,317,281,269,23
10,317,282,252,22
10,317,282,269,25
10,317,283,252,30
10,317,284,252,11
10,317,285,252,1
10,317,360,133,16
10,317,361,133,27
10,317,362,133,10
10,317,363,133,41
10,317,364,133,13
10,317,365,133,5
10,317,366,133,10
10,317,367,133,11
10,317,368,133,21
10,317,369,133,10
10,317,370,133,23
10,317,371,133,17
10,317,372,133,3
10,318,263,240,5
10,318,264,240,3
10,318,265,240,7
10,318,266,240,8
10,318,267,240,1
10,318,268,240,1
10,318,269,264,3
10,318,269,266,3
10,318,270,264,4
10,318,270,266,3
10,318,271,264,4
10,318,271,266,3
10,318,272,264,6
10,318,272,266,4
10,318,273,264,4
10,318,273,266,3
10,318,277,269,8
10,318,278,269,50
10,318,279,269,52
10,318,280,269,76
10,318,281,269,68
10,318,282,269,27
10,318,282,252,16
10,318,283,252,43
10,318,284,252,24
10,318,285,252,2
10,318,360,133,18
10,318,361,133,27
10,318,362,133,46
10,318,363,133,28
10,318,364,133,14
10,318,365,133,20
10,318,366,133,19
10,318,367,133,8
10,318,368,133,13
10,318,369,133,11
10,318,370,133,27
10,318,371,133,6
10,318,372,133,1
10,319,263,240,5
10,319,264,240,5
10,319,265,240,6
10,319,266,240,10
10,319,267,240,4
10,319,268,240,2
10,319,269,264,2
10,319,270,264,5
10,319,271,264,3
10,319,272,264,4
10,319,273,264,3
10,319,277,269,1
10,319,278,269,21
10,319,279,269,52
10,319,280,269,34
10,319,281,269,26
10,319,282,269,23
10,319,282,252,8
10,319,283,252,12
10,319,284,252,10
10,319,285,252,2
10,319,360,133,2
10,319,361,133,7
10,319,362,133,17
10,319,363,133,9
10,319,364,133,8
10,319,365,133,5
10,319,366,133,7
10,319,367,133,14
10,319,368,133,25
10,319,369,133,26
10,319,370,133,19
10,320,263,240,6
10,320,264,240,5
10,320,265,240,5
10,320,266,240,3
10,320,267,240,7
10,320,268,240,3
10,320,269,264,5
10,320,270,264,7
10,320,271,264,7
10,320,272,264,4
10,320,273,264,4
10,320,279,269,3
10,320,280,269,38
10,320,281,269,22
10,320,282,269,25
10,320,282,252,45
10,320,283,252,44
10,320,284,252,24
10,320,285,252,5
10,320,365,133,2
10,320,366,133,5
10,320,367,133,16
10,320,368,133,33
10,320,369,133,41
10,320,370,133,10
10,320,458,29,71
10,320,459,29,274
10,320,460,29,27
10,321,263,240,7
10,321,264,240,13
10,321,265,240,6
10,321,266,240,7
10,321,267,240,15
10,321,268,240,7
10,321,269,264,8
10,321,270,264,8
10,321,271,264,9
10,321,272,264,11
10,321,273,264,8
10,321,280,269,4
10,321,281,269,10
10,321,282,269,26
10,321,282,261,14
10,321,282,252,6
10,321,283,261,21
10,321,283,252,16
10,321,284,252,13
10,321,284,261,15
10,321,285,252,9
10,321,285,261,9
10,321,367,133,5
10,321,368,133,15
10,321,369,133,16
10,321,458,29,742
10,321,459,29,1613
10,321,460,29,136
10,322,263,240,1
10,322,264,240,1
10,322,265,240,5
10,322,266,240,6
10,322,267,240,18
10,322,268,240,5
10,322,269,264,17
10,322,270,264,24
10,322,271,264,14
10,322,272,264,4
10,322,273,264,5
10,322,281,269,1
10,322,282,269,12
10,322,282,261,15
10,322,283,261,29
10,322,284,261,15
10,322,285,261,5
10,322,286,261,1
10,322,458,29,761
10,322,459,29,1308
10,322,460,29,23
10,323,263,240,1
10,323,264,240,1
10,323,265,240,1
10,323,266,240,4
10,323,267,240,8
10,323,268,240,3
10,323,269,264,7
10,323,270,264,15
10,323,271,264,16
10,323,272,264,6
10,323,273,264,2
10,323,282,269,1
10,323,282,261,1
10,323,283,261,2
10,323,284,261,1
10,323,285,261,2
10,323,286,261,2
10,323,370,118,3
10,323,371,118,5
10,323,458,29,833
10,323,459,29,1142
10,323,460,29,34
10,324,263,240,1
10,324,264,240,1
10,324,265,240,1
10,324,266,240,1
10,324,267,240,3
10,324,268,240,2
10,324,269,264,2
10,324,270,264,12
10,324,271,264,8
10,324,272,264,4
10,324,273,264,2
10,324,283,261,2
10,324,284,261,9
10,324,285,261,4
10,324,286,261,1
10,324,458,29,503
10,324,459,29,616
10,325,458,29,147
10,325,459,29,212
10,326,255,247,1
10,326,256,247,1
10,326,257,247,2
10,326,258,247,2
10,327,254,247,1
10,327,255,247,2
10,327,256,247,6
10,327,257,247,13
10,327,258,247,9
10,328,254,247,5
10,328,255,247,5
10,328,256,247,10
10,328,257,247,12
10,328,258,247,7
10,329,254,247,9
10,329,255,247,14
10,329,256,247,7
10,329,257,247,16
10,329,258,247,9
10,330,254,247,11
10,330,255,247,16
10,330,256,247,5
10,330,257,247,11
10,330,258,247,8
10,331,254,247,15
10,331,255,247,19
10,331,256,247,9
10,331,257,247,4
10,331,258,247,4
10,332,254,246,9
10,332,254,247,12
10,332,255,246,7
10,332,255,247,9
10,332,256,246,6
10,332,256,247,3
10,332,257,246,4
10,332,257,247,3
10,332,258,246,8
10,332,258,247,2
10,333,254,246,15
10,333,255,246,9
10,333,256,246,6
10,333,257,246,12
10,333,258,246,9
10,334,254,246,7
10,334,255,246,5
10,334,256,246,13
10,334,257,246,12
10,334,258,246,2
10,335,254,246,11
10,335,255,246,10
10,335,256,246,17
10,335,257,246,9
10,335,258,246,1
10,336,254,246,7
10,336,255,246,18
10,336,256,246,8
10,336,257,246,12
10,337,254,246,15
10,337,255,246,15
10,337,256,246,4
10,337,257,246,5
10,351,348,238,267
10,351,348,237,105
10,351,349,238,25
10,352,346,237,67
10,352,347,237,357
10,352,347,236,45
10,353,347,236,251
10,354,347,236,30
10,485,375,77,5
10,485,376,77,13
10,486,374,77,2
10,486,375,77,64
10,486,376,77,66
10,486,377,77,48
10,486,378,77,22
10,486,379,77,12
10,487,374,77,3
10,487,375,77,70
10,487,376,77,72
10,487,377,77,65
10,487,378,77,51
10,487,379,77,43
10,488,373,77,8
10,488,374,77,22
10,488,375,77,23
10,488,376,77,35
10,488,377,77,65
10,488,378,77,30
10,488,379,77,52
10,489,373,77,40
10,489,374,77,51
10,489,375,77,59
10,489,376,77,86
10,489,377,77,38
10,489,378,77,44
10,489,379,77,52
10,490,306,23,15
10,490,310,23,46
10,490,311,23,6
10,490,373,77,65
10,490,374,77,71
10,490,375,77,49
10,490,376,77,62
10,490,377,77,127
10,490,378,77,74
10,490,379,77,41
10,490,388,77,1
10,490,389,77,1
10,491,307,23,11
10,491,308,23,21
10,491,309,23,42
10,491,310,23,107
10,491,311,23,154
10,491,373,77,8
10,491,374,77,25
10,491,375,77,46
10,491,376,77,85
10,491,377,77,76
10,491,378,77,71
10,491,379,77,41
10,491,388,77,1
10,491,389,77,23
10,491,390,77,28
10,491,391,77,5
10,492,313,23,3
10,492,315,23,4
10,492,376,77,64
10,492,377,77,65
10,492,378,77,55
10,492,379,77,40
10,492,380,77,31
10,492,383,77,16
10,492,384,77,13
10,492,385,77,14
10,492,386,77,13
10,492,387,77,23
10,492,388,77,20
10,492,389,77,35
10,492,390,77,50
10,492,391,77,22
10,492,392,77,31
10,492,393,77,56
10,492,394,77,64
10,492,395,77,74
10,492,396,77,19
10,492,397,77,15
10,492,398,77,4
10,493,312,23,2
10,493,313,23,19
10,493,314,23,2
10,493,315,23,35
10,493,376,77,51
10,493,377,77,55
10,493,378,77,25
10,493,379,77,26
10,493,380,77,17
10,493,381,77,11
10,493,382,77,11
10,493,383,77,22
10,493,384,77,34
10,493,385,77,23
10,493,386,77,14
10,493,387,77,12
10,493,388,77,23
10,493,389,77,41
10,493,390,77,55
10,493,391,77,29
10,493,392,77,24
10,493,393,77,47
10,493,394,77,62
10,493,395,77,85
10,493,396,77,30
10,493,397,77,14
10,493,398,77,3
10,493,399,77,12
10,494,312,23,44
10,494,313,23,18
10,494,314,23,21
10,494,315,23,31
10,494,376,77,48
10,494,377,77,50
10,494,378,77,40
10,494,379,77,38
10,494,380,77,26
10,494,381,77,26
10,494,382,77,18
10,494,383,77,25
10,494,384,77,27
10,494,385,77,34
10,494,386,77,18
10,494,387,77,16
10,494,388,77,18
10,494,389,77,32
10,494,390,77,32
10,494,391,77,52
10,494,392,77,66
10,494,393,77,63
10,494,394,77,49
10,494,395,77,51
10,494,396,77,33
10,494,397,77,12
10,494,398,77,22
10,494,399,77,52
10,495,312,23,65
10,495,313,23,43
10,495,314,23,74
10,495,315,23,58
10,495,376,77,55
10,495,377,77,56
10,495,378,77,26
10,495,379,77,43
10,495,380,77,45
10,495,381,77,42
10,495,382,77,28
10,495,383,77,23
10,495,384,77,18
10,495,385,77,25
10,495,386,77,15
10,495,387,77,14
10,495,388,77,32
10,495,389,77,6
10,495,390,77,12
10,495,391,77,31
10,495,392,77,37
10,495,393,77,44
10,495,394,77,44
10,495,395,77,49
10,495,396,77,25
10,495,397,77,12
10,495,398,77,42
10,495,399,77,88
10,496,316,23,62
10,496,317,23,67
10,496,318,23,69
10,496,319,23,39
10,496,320,23,16
10,496,321,23,42
10,496,322,23,11
10,496,346,23,38
10,496,347,23,3
10,496,392,77,37
10,496,393,77,38
10,496,394,77,38
10,496,395,77,48
10,496,396,77,17
10,496,397,77,43
10,496,398,77,55
10,496,399,77,92
10,496,400,77,82
10,496,401,77,86
10,496,402,77,8
10,497,316,23,45
10,497,317,23,36
10,497,318,23,16
10,497,319,23,27
10,497,320,23,37
10,497,321,23,29
10,497,322,23,3
10,497,323,23,14
10,497,344,23,9
10,497,345,23,16
10,497,346,23,32
10,497,347,23,26
10,497,392,77,43
10,497,393,77,23
10,497,394,77,62
10,497,395,77,37
10,497,396,77,14
10,497,397,77,41
10,497,398,77,90
10,497,399,77,74
10,497,400,77,37
10,497,401,77,2
10,498,316,23,29
10,498,317,23,21
10,498,318,23,21
10,498,319,23,29
10,498,320,23,44
10,498,321,23,18
10,498,322,23,43
10,498,323,23,20
10,498,344,23,17
10,498,345,23,22
10,498,346,23,9
10,498,392,77,46
10,498,393,77,9
10,498,394,77,50
10,498,395,77,33
10,498,396,77,19
10,498,397,77,55
10,498,398,77,97
10,498,399,77,74
10,498,400,77,19
10,499,316,23,35
10,499,317,23,28
10,499,318,23,23
10,499,319,23,34
10,499,320,23,50
10,499,321,23,53
10,499,322,23,57
10,499,323,23,16
10,499,344,23,52
10,499,345,23,51
10,499,356,249,20
10,499,392,77,62
10,499,393,77,39
10,499,394,77,27
10,499,395,77,16
10,499,396,77,36
10,499,397,77,66
10,499,398,77,81
10,499,399,77,47
10,499,400,77,4
10,500,312,23,24
10,500,313,23,12
10,500,314,23,16
10,500,315,23,35
10,501,312,23,20
10,501,313,23,13
10,501,314,23,62
10,501,315,23,20
10,502,312,23,50
10,502,313,23,68
10,502,314,23,52
10,502,315,23,25
10,503,312,23,40
10,503,313,23,34
10,503,314,23,38
10,503,315,23,20
10,504,312,23,23
10,504,313,23,13
10,504,314,23,23
10,504,315,23,24
10,504,356,249,20
10,504,357,249,47
10,504,358,249,22
10,504,359,249,4
10,505,312,23,17
10,505,313,23,23
10,505,314,23,21
10,505,315,23,3
10,505,356,249,44
10,505,357,249,61
10,505,358,249,75
10,505,359,249,18
10,506,312,23,13
10,506,313,23,7
10,506,356,249,46
10,506,357,249,59
10,506,358,249,60
10,506,359,249,48
10,507,356,249,39
10,507,357,249,34
10,507,358,249,61
10,507,359,249,61
10,508,293,23,32
10,508,294,23,86
10,508,295,23,99
10,508,372,249,6
10,508,373,249,58
10,508,374,249,84
10,508,375,77,10
10,508,375,249,85
10,508,376,77,33
10,508,376,249,20
10,508,377,77,22
10,508,378,77,19
10,508,379,77,17
10,509,292,23,23
10,509,293,23,57
10,509,294,23,25
10,509,295,23,39
10,509,372,249,20
10,509,373,249,62
10,509,374,249,71
10,509,375,249,48
10,509,376,77,19
10,509,376,249,52
10,509,377,77,12
10,509,378,77,18
10,509,379,77,13
10,510,372,249,35
10,510,373,249,35
10,510,374,249,31
10,510,375,249,65
10,510,376,77,23
10,510,376,249,91
10,510,377,77,30
10,510,377,249,10
10,510,378,77,24
10,510,379,77,18
10,511,372,249,31
10,511,373,249,39
10,511,374,249,36
10,511,375,249,77
10,511,376,77,3
10,511,376,249,85
10,511,377,77,15
10,511,377,249,28
10,511,378,77,11
10,511,379,77,25
10,512,360,249,13
10,512,361,249,19
10,512,362,249,45
10,512,363,249,10
10,512,364,249,13
10,512,365,249,35
10,512,366,249,18
10,512,367,249,28
10,512,376,249,107
10,512,377,249,49
10,512,377,77,35
10,512,378,77,18
10,512,379,77,35
10,513,360,249,27
10,513,361,249,27
10,513,362,249,46
10,513,363,249,64
10,513,364,249,33
10,513,365,249,39
10,513,366,249,21
10,513,367,249,16
10,513,376,249,107
10,513,376,140,29
10,513,376,77,2
10,513,377,249,39
10,513,377,77,36
10,513,377,140,148
10,513,378,77,35
10,513,378,140,5
10,513,379,77,42
10,513,379,140,106
10,514,360,249,35
10,514,361,249,19
10,514,362,249,54
10,514,363,249,43
10,514,364,249,41
10,514,365,249,39
10,514,366,249,68
10,514,367,249,42
10,514,376,77,4
10,514,376,140,40
10,514,376,249,105
10,514,378,140,2794
10,514,378,77,12
10,514,379,140,1148
10,514,379,77,5
10,515,360,249,27
10,515,361,249,13
10,515,362,249,47
10,515,363,249,30
10,515,364,249,38
10,515,365,249,45
10,515,366,249,47
10,515,367,249,60
10,515,376,249,88
10,515,377,140,1132
10,515,377,249,33
10,515,377,77,6
10,515,378,140,1353
10,515,379,140,1629
10,516,364,249,29
10,516,365,249,37
10,516,366,249,43
10,516,367,249,48
10,516,368,249,40
10,516,369,249,26
10,516,370,249,17
10,516,371,249,18
10,516,372,249,22
10,516,373,249,17
10,516,374,249,15
10,516,375,249,33
10,516,376,249,85
10,516,377,249,64
10,516,377,140,61
10,516,377,77,2
10,516,379,140,1845
10,517,364,249,24
10,517,365,249,25
10,517,366,249,28
10,517,367,249,30
10,517,368,249,55
10,517,369,249,52
10,517,370,249,25
10,517,371,249,58
10,517,372,249,39
10,517,373,249,26
10,517,374,249,24
10,517,375,249,18
10,517,376,249,52
10,517,377,249,89
10,517,379,140,1503
10,518,364,249,18
10,518,365,249,25
10,518,366,249,22
10,518,367,249,45
10,518,368,249,49
10,518,369,249,41
10,518,370,249,63
10,518,371,249,46
10,518,372,249,59
10,518,373,249,51
10,518,374,249,62
10,518,375,249,22
10,518,376,249,67
10,518,377,249,71
10,518,378,140,1533
10,518,378,249,46
10,518,378,77,5
10,518,379,140,1303
10,519,364,249,28
10,519,365,249,62
10,519,366,249,65
10,519,367,249,55
10,519,368,249,35
10,519,369,249,42
10,519,370,249,69
10,519,371,249,62
10,519,372,249,44
10,519,373,249,60
10,519,374,249,85
10,519,375,249,61
10,519,376,249,83
10,519,377,249,84
10,519,378,140,536
10,519,378,249,75
10,519,378,77,14
10,519,379,140,1351
10,520,364,249,57
10,520,365,249,70
10,520,366,249,68
10,520,367,249,49
10,520,368,249,46
10,520,369,249,45
10,520,370,249,76
10,520,371,249,68
10,520,376,249,70
10,520,377,249,19
10,520,378,140,1362
10,520,378,249,27
10,520,378,77,8
10,520,379,140,910
10,520,379,77,2
10,521,364,249,30
10,521,365,249,61
10,521,366,249,59
10,521,367,249,66
10,521,368,249,58
10,521,369,249,45
10,521,370,249,68
10,521,371,249,58
10,521,378,140,201
10,521,378,77,3
10,521,378,249,1
10,521,379,140,152
10,521,379,77,7
10,522,364,249,52
10,522,365,249,38
10,522,366,249,26
10,522,367,249,59
10,522,368,249,35
10,522,369,249,32
10,522,370,249,89
10,522,371,249,37
10,523,364,249,43
10,523,365,249,45
10,523,366,249,19
10,523,367,249,47
10,523,368,249,58
10,523,369,249,47
10,523,370,249,55
10,523,371,249,79
10,524,372,249,53
10,524,373,249,23
10,524,374,249,26
10,525,372,249,76
10,525,373,249,38
10,525,374,249,31
10,526,372,249,50
10,526,373,249,60
10,526,374,249,38
10,526,375,249,2
10,527,372,249,46
10,527,373,249,48
10,527,374,249,76
10,527,375,249,44
10,528,356,249,31
10,528,356,49,32
10,528,357,249,30
10,528,357,49,37
10,528,358,249,32
10,528,358,49,85
10,528,359,249,51
10,528,359,49,66
10,528,364,49,45
10,528,364,249,60
10,528,365,249,88
10,528,365,49,22
10,528,366,249,93
10,528,367,249,77
10,528,368,249,69
10,528,369,249,63
10,528,370,249,61
10,528,371,249,31
10,529,356,249,20
10,529,356,49,49
10,529,356,94,28
10,529,357,49,54
10,529,358,49,137
10,529,359,49,63
10,529,364,49,143
10,529,365,249,41
10,529,365,49,93
10,529,366,249,59
10,529,367,249,60
10,529,368,249,84
10,529,369,249,91
10,529,370,249,65
10,529,371,249,60
10,530,356,249,38
10,530,356,49,73
10,530,356,94,34
10,530,357,49,77
10,530,358,49,106
10,530,359,49,76
10,530,364,49,248
10,530,365,249,40
10,530,365,49,148
10,530,366,249,77
10,530,367,249,62
10,530,368,249,73
10,530,369,249,76
10,530,370,249,62
10,530,371,249,49
10,531,356,94,6
10,531,356,249,29
10,531,356,49,41
10,531,357,49,139
10,531,358,49,128
10,531,359,49,124
10,531,364,49,260
10,531,365,49,154
10,531,365,249,23
10,531,366,249,83
10,531,367,249,32
10,531,368,249,22
10,531,369,249,57
10,531,370,249,47
10,531,371,249,102
10,532,352,94,25
10,532,352,249,10
10,532,353,249,25
10,532,353,94,50
10,532,354,94,65
10,532,354,249,62
10,532,355,249,52
10,532,355,94,44
10,532,356,49,59
10,532,356,94,22
10,532,356,249,22
10,532,357,49,99
10,532,358,49,188
10,532,359,49,185
10,532,360,49,152
10,532,361,49,291
10,532,362,49,374
10,532,363,49,444
10,532,364,49,346
10,532,365,49,122
10,532,366,249,30
10,532,367,249,10
10,532,369,249,2
10,532,371,249,25
10,533,352,249,50
10,533,352,94,47
10,533,353,94,46
10,533,353,249,35
10,533,354,94,37
10,533,354,249,37
10,533,355,94,22
10,533,355,249,2
10,533,356,49,61
10,533,356,94,19
10,533,356,249,1
10,533,357,49,220
10,533,358,49,289
10,533,359,49,211
10,533,360,49,224
10,533,361,49,338
10,533,362,49,443
10,533,363,49,421
10,533,364,49,296
10,533,365,49,124
10,533,371,249,32
10,534,352,94,36
10,534,352,249,12
10,534,353,94,28
10,534,353,249,2
10,534,354,249,1
10,534,354,94,45
10,534,355,94,33
10,534,356,49,105
10,534,356,94,35
10,534,357,49,277
10,534,358,49,292
10,534,359,49,168
10,534,360,49,127
10,534,361,49,250
10,534,362,49,341
10,534,363,49,348
10,534,364,49,251
10,534,365,49,70
10,535,352,249,2
10,535,352,94,58
10,535,353,94,47
10,535,354,94,43
10,535,355,94,34
10,535,356,94,27
10,535,356,49,98
10,535,357,49,294
10,535,358,49,363
10,535,359,49,185
10,535,360,49,351
10,535,361,49,248
10,535,362,49,254
10,535,363,49,260
10,535,364,49,164
10,535,365,49,89
10,536,360,49,325
10,536,361,49,222
10,536,362,49,210
10,536,363,49,160
10,536,377,249,2
10,536,378,249,24
10,536,379,249,26
10,537,360,49,374
10,537,361,49,314
10,537,362,49,206
10,537,363,49,214
10,537,377,249,30
10,537,378,249,47
10,537,379,249,36
10,538,360,49,242
10,538,361,49,254
10,538,362,49,208
10,538,363,49,175
10,538,376,249,31
10,538,377,249,63
10,538,378,249,109
10,538,379,249,83
10,539,360,49,250
10,539,361,49,408
10,539,362,49,460
10,539,363,49,177
10,539,375,249,1
10,539,376,249,1
10,539,377,249,1
10,539,378,249,13
10,539,379,249,17
10,540,356,94,49
10,540,356,49,48
10,540,357,49,119
10,540,358,49,197
10,540,359,49,231
10,540,360,49,302
10,540,361,49,432
10,540,362,49,356
10,540,363,49,222
10,540,374,249,2
10,541,356,94,42
10,541,356,49,34
10,541,357,49,210
10,541,358,49,209
10,541,359,49,166
10,541,360,49,231
10,541,361,49,333
10,541,362,49,172
10,541,363,49,152
10,542,303,95,1
10,542,356,94,53
10,542,356,49,42
10,542,357,49,307
10,542,358,49,168
10,542,359,49,154
10,542,360,49,118
10,542,361,49,152
10,542,362,49,132
10,542,363,49,151
10,543,302,95,2
10,543,303,95,10
10,543,356,94,56
10,543,356,49,24
10,543,357,94,61
10,543,357,49,54
10,543,358,49,41
10,543,358,94,31
10,543,359,49,34
10,543,359,94,9
10,543,360,49,18
10,543,361,49,13
10,544,356,94,63
10,544,357,94,62
10,544,358,94,36
10,544,359,94,15
10,545,356,94,58
10,545,357,94,62
10,545,358,94,69
10,545,359,94,8
10,546,275,95,5
10,546,276,95,5
10,546,277,95,30
10,546,278,95,20
10,546,279,95,12
10,546,280,95,13
10,546,281,95,9
10,546,282,95,9
10,546,283,95,2
10,546,356,94,66
10,546,357,94,80
10,546,358,94,66
10,546,359,94,11
10,547,273,95,5
10,547,274,95,13
10,547,275,95,17
10,547,276,95,1
10,547,277,95,10
10,547,278,95,15
10,547,279,95,13
10,547,280,95,17
10,547,281,95,7
10,547,282,95,9
10,547,283,95,3
10,547,356,94,72
10,547,357,94,50
10,547,358,94,57
10,547,359,94,11
10,548,272,95,4
10,548,273,95,16
10,548,274,95,23
10,548,275,95,29
10,548,276,95,16
10,548,277,95,17
10,548,278,95,13
10,548,279,95,6
10,548,280,95,4
10,548,281,95,3
10,548,282,95,2
10,548,283,95,7
10,548,340,94,35
10,548,341,94,35
10,548,342,94,45
10,548,343,94,56
10,548,356,94,67
10,548,357,94,64
10,548,358,94,52
10,548,359,94,14
10,549,272,95,13
10,549,273,95,21
10,549,274,95,19
10,549,275,95,20
10,549,276,95,20
10,549,277,95,18
10,549,278,95,11
10,549,279,95,2
10,549,280,95,11
10,549,281,95,2
10,549,282,95,4
10,549,283,95,3
10,549,340,94,27
10,549,341,94,70
10,549,342,94,79
10,549,343,94,53
10,549,356,94,83
10,549,357,94,61
10,549,358,94,44
10,549,359,94,19
10,550,268,95,3
10,550,269,95,4
10,550,272,95,8
10,550,273,95,15
10,550,274,95,14
10,550,275,95,10
10,550,276,95,2
10,550,277,95,6
10,550,278,95,7
10,550,279,95,8
10,550,280,95,9
10,550,281,95,2
10,550,282,95,7
10,550,283,95,5
10,550,340,94,68
10,550,341,94,82
10,550,342,94,77
10,550,343,94,65
10,550,356,94,60
10,550,357,94,73
10,550,358,94,47
10,550,359,94,24
10,551,268,95,14
10,551,269,95,14
10,551,272,95,7
10,551,273,95,20
10,551,274,95,9
10,551,275,95,9
10,551,276,95,17
10,551,277,95,11
10,551,278,95,8
10,551,279,95,7
10,551,280,95,5
10,551,281,95,5
10,551,282,95,5
10,551,283,95,6
10,551,340,94,55
10,551,341,94,64
10,551,342,94,81
10,551,343,94,66
10,551,356,94,66
10,551,357,94,52
10,551,358,94,29
10,551,359,94,15
10,552,264,95,3
10,552,265,95,14
10,552,266,95,24
10,552,267,95,18
10,552,268,95,19
10,552,269,95,14
10,552,270,95,7
10,552,271,95,11
10,552,272,95,17
10,552,273,95,19
10,552,274,95,9
10,552,275,95,7
10,552,280,95,10
10,552,281,95,14
10,552,282,95,7
10,552,283,95,4
10,552,284,95,3
10,552,285,95,7
10,552,286,95,14
10,552,287,95,18
10,552,344,94,75
10,552,345,94,39
10,552,346,94,48
10,552,347,94,45
10,552,356,94,44
10,552,357,94,39
10,552,358,94,24
10,552,359,94,12
10,553,258,95,2
10,553,259,95,2
10,553,260,95,5
10,553,261,95,12
10,553,262,95,11
10,553,263,95,11
10,553,264,95,14
10,553,265,95,19
10,553,266,95,27
10,553,267,95,17
10,553,268,95,11
10,553,269,95,21
10,553,270,95,6
10,553,271,95,15
10,553,272,95,20
10,553,273,95,24
10,553,274,95,4
10,553,275,95,1
10,553,280,95,24
10,553,281,95,27
10,553,282,95,14
10,553,283,95,8
10,553,284,95,4
10,553,285,95,4
10,553,286,95,9
10,553,287,95,21
10,553,344,94,37
10,553,345,94,23
10,553,346,94,35
10,553,347,94,35
10,553,356,94,35
10,553,357,94,43
10,553,358,94,34
10,553,359,94,16
10,554,258,95,2
10,554,259,95,9
10,554,260,95,10
10,554,261,95,14
10,554,262,95,16
10,554,263,95,12
10,554,264,95,13
10,554,265,95,10
10,554,266,95,16
10,554,267,95,12
10,554,268,95,7
10,554,269,95,13
10,554,270,95,11
10,554,271,95,20
10,554,272,95,18
10,554,273,95,15
10,554,274,95,3
10,554,275,95,1
10,554,280,95,13
10,554,281,95,16
10,554,282,95,27
10,554,283,95,31
10,554,284,95,10
10,554,285,95,2
10,554,286,95,15
10,554,287,95,21
10,554,344,94,15
10,554,345,94,8
10,554,346,94,11
10,554,347,94,20
10,555,256,95,6
10,555,257,95,6
10,555,258,95,12
10,555,259,95,14
10,555,260,95,12
10,555,261,95,15
10,555,262,95,13
10,555,263,95,8
10,555,264,95,13
10,555,265,95,10
10,555,266,95,14
10,555,267,95,18
10,555,268,95,16
10,555,269,95,14
10,555,270,95,6
10,555,271,95,15
10,555,272,95,17
10,555,273,95,11
10,555,274,95,3
10,555,275,95,4
10,555,280,95,7
10,555,281,95,12
10,555,282,95,22
10,555,283,95,27
10,555,284,95,17
10,555,285,95,11
10,555,286,95,17
10,555,287,95,21
10,556,254,95,8
10,556,255,95,11
10,556,256,95,10
10,556,257,95,6
10,556,258,95,17
10,556,259,95,18
10,556,260,95,15
10,556,261,95,15
10,556,262,95,7
10,556,263,95,6
10,556,264,95,15
10,556,265,95,12
10,556,266,95,13
10,556,267,95,15
10,556,268,95,15
10,556,269,95,13
10,556,270,95,9
10,556,271,95,15
10,556,272,95,19
10,556,273,95,10
10,556,274,95,6
10,556,275,95,3
10,556,276,95,7
10,556,277,95,14
10,556,278,95,13
10,556,279,95,19
10,556,280,95,12
10,556,281,95,15
10,556,282,95,23
10,556,283,95,19
10,556,284,95,14
10,556,285,95,9
10,556,286,95,5
10,556,287,95,12
10,557,248,95,3
10,557,249,95,5
10,557,252,95,2
10,557,253,95,10
10,557,254,95,16
10,557,255,95,13
10,557,256,95,12
10,557,257,95,3
10,557,258,95,9
10,557,259,95,14
10,557,260,95,9
10,557,261,95,6
10,557,262,95,4
10,557,263,95,7
10,557,264,95,8
10,557,265,95,23
10,557,266,95,7
10,557,267,95,13
10,557,268,95,19
10,557,269,95,13
10,557,270,95,9
10,557,271,95,10
10,557,272,95,14
10,557,273,95,3
10,557,274,95,1
10,557,275,95,2
10,557,276,95,8
10,557,277,95,12
10,557,278,95,15
10,557,279,95,11
10,557,280,95,17
10,557,281,95,12
10,557,282,95,6
10,557,283,95,12
10,557,284,95,20
10,557,285,95,3
10,557,286,95,6
10,557,287,95,6
10,558,247,95,3
10,558,248,95,11
10,558,249,95,18
10,558,250,95,11
10,558,251,95,8
10,558,252,95,6
10,558,253,95,5
10,558,254,95,4
10,558,255,95,6
10,558,256,95,6
10,558,257,95,6
10,558,258,95,14
10,558,259,95,5
10,558,260,95,9
10,558,261,95,4
10,558,262,95,3
10,558,263,95,2
10,558,264,95,8
10,558,265,95,9
10,558,266,95,14
10,558,267,95,17
10,558,268,95,16
10,558,269,95,12
10,558,270,95,12
10,558,271,95,7
10,558,272,95,11
10,558,273,95,6
10,558,274,95,1
10,558,275,95,2
10,558,276,95,12
10,558,277,95,12
10,558,278,95,14
10,558,279,95,8
10,558,280,95,12
10,558,281,95,11
10,558,282,95,13
10,558,283,95,12
10,558,284,95,12
10,558,285,95,3
10,558,286,95,2
10,558,287,95,2
10,559,245,95,5
10,559,246,95,12
10,559,247,95,12
10,559,248,95,10
10,559,249,95,10
10,559,250,95,9
10,559,251,95,12
10,559,252,95,8
10,559,253,95,2
10,559,254,95,2
10,559,255,95,7
10,559,256,95,7
10,559,257,95,12
10,559,258,95,11
10,559,259,95,12
10,559,260,95,11
10,559,261,95,5
10,559,262,95,3
10,559,263,95,10
10,559,264,95,10
10,559,265,95,22
10,559,266,95,23
10,559,267,95,18
10,559,268,95,4
10,559,269,95,18
10,559,270,95,8
10,559,271,95,5
10,559,272,95,3
10,559,273,95,7
10,559,274,95,4
10,559,275,95,3
10,559,276,95,12
10,559,277,95,9
10,559,278,95,12
10,559,279,95,11
10,559,280,95,15
10,559,281,95,8
10,559,282,95,5
10,559,283,95,4
10,559,284,95,10
10,559,285,95,6
10,559,286,95,2
10,559,287,95,4
10,560,244,95,3
10,560,245,95,7
10,560,246,95,10
10,560,247,95,12
10,560,248,95,17
10,560,249,95,14
10,560,250,95,12
10,560,251,95,7
10,560,252,95,8
10,560,253,95,8
10,560,254,95,7
10,560,255,95,8
10,560,256,95,5
10,560,257,95,18
10,560,258,95,15
10,560,259,95,10
10,560,260,95,9
10,560,261,95,6
10,560,262,95,9
10,560,263,95,12
10,560,264,95,9
10,560,265,95,6
10,560,266,95,10
10,560,267,95,8
10,560,268,95,8
10,560,269,95,10
10,560,270,95,7
10,560,271,95,10
10,560,272,95,3
10,560,273,95,7
10,560,274,95,13
10,560,275,95,13
10,560,276,95,10
10,560,277,95,10
10,560,278,95,7
10,560,279,95,10
10,560,280,95,8
10,560,281,95,10
10,560,282,95,6
10,560,283,95,7
10,561,244,95,10
10,561,245,95,8
10,561,246,95,9
10,561,247,95,7
10,561,248,95,9
10,561,249,95,7
10,561,250,95,10
10,561,251,95,13
10,561,252,95,7
10,561,253,95,5
10,561,254,95,12
10,561,255,95,9
10,561,256,95,16
10,561,257,95,29
10,561,258,95,10
10,561,259,95,7
10,561,260,95,6
10,561,261,95,2
10,561,262,95,5
10,561,263,95,5
10,561,264,95,6
10,561,265,95,7
10,561,266,95,12
10,561,267,95,7
10,561,268,95,7
10,561,269,95,3
10,561,270,95,12
10,561,271,95,12
10,561,272,95,6
10,561,273,95,7
10,561,274,95,8
10,561,275,95,11
10,561,276,95,14
10,561,277,95,8
10,561,278,95,9
10,561,279,95,9
10,561,280,95,9
10,561,281,95,8
10,561,282,95,8
10,561,283,95,7
10,562,244,95,2
10,562,245,95,10
10,562,246,95,9
10,562,247,95,6
10,562,248,95,6
10,562,249,95,7
10,562,250,95,7
10,562,251,95,6
10,562,252,95,5
10,562,253,95,10
10,562,254,95,9
10,562,255,95,21
10,562,256,95,22
10,562,257,95,19
10,562,258,95,11
10,562,259,95,3
10,562,260,95,7
10,562,261,95,9
10,562,262,95,12
10,562,263,95,6
10,562,264,95,1
10,562,265,95,10
10,562,266,95,11
10,562,267,95,9
10,562,268,95,9
10,562,269,95,7
10,562,270,95,9
10,562,271,95,7
10,562,272,95,11
10,562,273,95,5
10,562,274,95,11
10,562,275,95,5
10,562,276,95,12
10,562,277,95,15
10,562,278,95,8
10,562,279,95,16
10,562,280,95,19
10,562,281,95,14
10,562,282,95,12
10,562,283,95,7
10,563,240,95,2
10,563,241,95,8
10,563,242,95,16
10,563,243,95,16
10,563,244,95,15
10,563,245,95,19
10,563,246,95,9
10,563,247,95,9
10,563,248,95,5
10,563,249,95,8
10,563,250,95,6
10,563,251,95,14
10,563,252,95,11
10,563,253,95,14
10,563,254,95,11
10,563,255,95,18
10,563,256,95,8
10,563,257,95,5
10,563,258,95,8
10,563,259,95,9
10,563,260,95,19
10,563,261,95,14
10,563,262,95,7
10,563,263,95,13
10,563,264,95,3
10,563,265,95,7
10,563,266,95,4
10,563,267,95,5
10,563,268,95,7
10,563,269,95,8
10,563,270,95,7
10,563,271,95,10
10,563,272,95,18
10,563,273,95,12
10,563,274,95,11
10,563,275,95,9
10,563,276,95,16
10,563,277,95,14
10,563,278,95,17
10,563,279,95,12
10,563,280,95,22
10,563,281,95,12
10,563,282,95,2
10,563,283,95,1
10,564,240,95,2
10,564,241,95,10
10,564,242,95,16
10,564,243,95,24
10,564,244,95,9
10,564,245,95,8
10,564,246,95,18
10,564,247,95,13
10,564,248,95,11
10,564,249,95,16
10,564,250,95,10
10,564,251,95,14
10,564,252,95,7
10,564,253,95,15
10,564,254,95,15
10,564,255,95,11
10,564,256,95,7
10,564,257,95,7
10,564,258,95,8
10,564,259,95,12
10,564,260,95,10
10,564,261,95,10
10,564,262,95,12
10,564,263,95,17
10,564,264,95,11
10,564,265,95,13
10,564,266,95,5
10,564,267,95,3
10,564,268,95,3
10,564,269,95,12
10,564,270,95,16
10,564,271,95,14
10,564,272,95,15
10,564,273,95,18
10,564,274,95,13
10,564,275,95,13
10,564,276,95,17
10,564,277,95,14
10,564,278,95,12
10,564,279,95,7
10,564,280,95,7
10,564,281,95,4
10,564,282,95,1
10,564,283,95,1
10,565,241,95,4
10,565,242,95,14
10,565,243,95,10
10,565,244,95,14
10,565,245,95,16
10,565,246,95,19
10,565,247,95,14
10,565,248,95,18
10,565,249,95,11
10,565,250,95,7
10,565,251,95,11
10,565,252,95,15
10,565,253,95,15
10,565,254,95,15
10,565,255,95,7
10,565,256,95,5
10,565,257,95,6
10,565,258,95,6
10,565,259,95,12
10,565,260,95,12
10,565,261,95,8
10,565,262,95,11
10,565,263,95,9
10,565,264,95,9
10,565,265,95,20
10,565,266,95,7
10,565,267,95,1
10,565,268,95,5
10,565,269,95,17
10,565,270,95,23
10,565,271,95,16
10,565,272,95,13
10,565,273,95,15
10,565,274,95,10
10,565,275,95,15
10,565,276,95,6
10,565,277,95,21
10,565,278,95,12
10,565,279,95,4
10,565,280,95,2
10,565,281,95,3
10,565,282,95,3
10,565,283,95,1
10,566,241,95,9
10,566,242,95,22
10,566,243,95,23
10,566,244,95,27
10,566,245,95,33
10,566,246,95,20
10,566,247,95,22
10,566,248,95,10
10,566,249,95,5
10,566,250,95,9
10,566,251,95,14
10,566,252,95,15
10,566,253,95,9
10,566,254,95,9
10,566,255,95,13
10,566,256,95,8
10,566,257,95,7
10,566,258,95,6
10,566,259,95,14
10,566,260,95,14
10,566,261,95,12
10,566,262,95,6
10,566,263,95,10
10,566,264,95,15
10,566,265,95,28
10,566,266,95,13
10,566,267,95,18
10,566,268,95,20
10,566,269,95,11
10,566,270,95,22
10,566,271,95,14
10,566,272,95,6
10,566,273,95,14
10,566,274,95,18
10,566,275,95,21
10,566,276,95,4
10,566,277,95,14
10,566,278,95,7
10,566,279,95,1
10,566,280,95,1
10,566,281,95,2
10,566,282,95,4
10,566,283,95,5
10,567,241,95,8
10,567,242,95,18
10,567,243,95,19
10,567,244,95,20
10,567,245,95,18
10,567,246,95,23
10,567,247,95,15
10,567,248,95,10
10,567,249,95,5
10,567,250,95,6
10,567,251,95,6
10,567,252,95,6
10,567,253,95,11
10,567,254,95,8
10,567,255,95,17
10,567,256,95,12
10,567,257,95,5
10,567,258,95,10
10,567,259,95,19
10,567,260,95,13
10,567,261,95,9
10,567,262,95,8
10,567,263,95,20
10,567,264,95,15
10,567,265,95,12
10,567,266,95,16
10,567,267,95,22
10,567,268,95,42
10,567,269,95,31
10,567,270,95,25
10,567,271,95,15
10,567,272,95,6
10,567,273,95,13
10,567,274,95,26
10,567,275,95,17
10,567,276,95,10
10,567,277,95,4
10,567,278,95,2
10,567,279,95,1
10,567,280,95,1
10,567,281,95,2
10,567,282,95,5
10,567,283,95,4
10,568,240,95,6
10,568,241,95,1
10,568,242,95,9
10,568,243,95,16
10,568,244,95,18
10,568,245,95,12
10,568,246,95,20
10,568,247,95,13
10,568,248,95,14
10,568,249,95,8
10,568,250,95,8
10,568,251,95,7
10,568,252,95,8
10,568,253,95,8
10,568,254,95,15
10,568,255,95,26
10,568,256,95,9
10,568,257,95,3
10,568,258,95,11
10,568,259,95,15
10,568,260,95,15
10,568,261,95,12
10,568,262,95,7
10,568,263,95,16
10,568,264,95,15
10,568,265,95,6
10,568,266,95,19
10,568,267,95,22
10,568,268,95,24
10,568,269,95,31
10,568,270,95,24
10,568,271,95,7
10,568,272,95,4
10,568,273,95,6
10,568,274,95,16
10,568,275,95,13
10,569,236,95,2
10,569,237,95,7
10,569,238,95,4
10,569,239,95,5
10,569,240,95,11
10,569,241,95,8
10,569,242,95,14
10,569,243,95,26
10,569,244,95,14
10,569,245,95,27
10,569,246,95,23
10,569,247,95,13
10,569,248,95,14
10,569,249,95,10
10,569,250,95,11
10,569,251,95,19
10,569,252,95,19
10,569,253,95,11
10,569,254,95,19
10,569,255,95,14
10,569,256,95,11
10,569,257,95,12
10,569,258,95,14
10,569,259,95,14
10,569,260,95,14
10,569,261,95,9
10,569,262,95,8
10,569,263,95,9
10,569,264,95,16
10,569,265,95,11
10,569,266,95,8
10,569,267,95,18
10,569,268,95,24
10,569,269,95,20
10,569,270,95,15
10,569,271,95,3
10,569,272,95,6
10,569,273,95,9
10,569,274,95,12
10,569,275,95,6
10,570,236,95,4
10,570,237,95,10
10,570,238,95,10
10,570,239,95,5
10,570,240,95,6
10,570,241,95,7
10,570,242,95,5
10,570,243,95,17
10,570,244,95,15
10,570,245,95,18
10,570,246,95,14
10,570,247,95,13
10,570,248,95,7
10,570,249,95,5
10,570,250,95,5
10,570,251,95,11
10,570,252,95,16
10,570,253,95,17
10,570,254,95,11
10,570,255,95,8
10,570,256,95,15
10,570,257,95,18
10,570,258,95,4
10,570,259,95,9
10,570,260,95,25
10,570,261,95,14
10,570,262,95,13
10,570,263,95,5
10,570,264,95,6
10,570,265,95,17
10,570,266,95,12
10,570,267,95,17
10,570,268,95,33
10,570,269,95,44
10,570,270,95,19
10,570,271,95,2
10,570,272,95,3
10,570,273,95,7
10,570,274,95,4
10,570,275,95,1
10,571,237,95,7
10,571,238,95,7
10,571,239,95,12
10,571,240,95,4
10,571,241,95,6
10,571,242,95,3
10,571,243,95,9
10,571,244,95,16
10,571,245,95,17
10,571,246,95,15
10,571,247,95,29
10,571,248,95,7
10,571,249,95,6
10,571,250,95,16
10,571,251,95,24
10,571,252,95,16
10,571,253,95,15
10,571,254,95,6
10,571,255,95,5
10,571,256,95,17
10,571,257,95,10
10,571,258,95,10
10,571,259,95,18
10,571,260,95,18
10,571,261,95,18
10,571,262,95,13
10,571,263,95,7
10,571,264,95,7
10,571,265,95,10
10,571,266,95,14
10,571,267,95,17
10,571,268,95,20
10,571,269,95,36
10,571,270,95,13
10,571,271,95,9
10,571,272,95,8
10,571,273,95,7
10,571,274,95,2
10,571,275,95,1
10,572,240,95,8
10,572,241,95,4
10,572,242,95,5
10,572,243,95,8
10,572,244,95,9
10,572,245,95,18
10,572,246,95,17
10,572,247,95,14
10,572,248,95,4
10,572,249,95,1
10,572,250,95,3
10,572,251,95,12
10,572,252,95,12
10,572,253,95,11
10,572,254,95,9
10,572,255,95,11
10,572,256,95,9
10,572,257,95,13
10,572,258,95,15
10,572,259,95,15
10,572,260,95,15
10,572,261,95,17
10,572,262,95,14
10,572,263,95,18
10,572,264,95,10
10,572,265,95,11
10,572,266,95,6
10,572,267,95,8
10,572,268,95,9
10,572,269,95,19
10,572,270,95,8
10,572,271,95,3
10,573,240,95,6
10,573,241,95,4
10,573,242,95,6
10,573,243,95,19
10,573,244,95,15
10,573,245,95,15
10,573,246,95,21
10,573,247,95,16
10,573,248,95,13
10,573,249,95,2
10,573,250,95,3
10,573,251,95,5
10,573,252,95,12
10,573,253,95,10
10,573,254,95,8
10,573,255,95,9
10,573,256,95,7
10,573,257,95,6
10,573,258,95,11
10,573,259,95,17
10,573,260,95,14
10,573,261,95,19
10,573,262,95,14
10,573,263,95,11
10,573,264,95,12
10,573,265,95,9
10,573,266,95,4
10,573,267,95,2
10,573,268,95,2
10,573,269,95,4
10,573,270,95,5
10,573,271,95,2
10,574,240,95,6
10,574,241,95,8
10,574,242,95,8
10,574,243,95,15
10,574,244,95,12
10,574,245,95,14
10,574,246,95,8
10,574,247,95,9
10,574,248,95,22
10,574,249,95,14
10,574,250,95,7
10,574,251,95,7
10,574,252,95,6
10,574,253,95,5
10,574,254,95,5
10,574,255,95,7
10,574,256,95,5
10,574,257,95,11
10,574,258,95,14
10,574,259,95,14
10,574,260,95,10
10,574,261,95,8
10,574,262,95,17
10,574,263,95,12
10,574,264,95,12
10,574,265,95,8
10,574,266,95,2
10,574,267,95,1
10,574,268,95,1
10,574,269,95,1
10,574,270,95,1
10,574,271,95,1
10,575,241,95,8
10,575,242,95,7
10,575,243,95,7
10,575,244,95,5
10,575,245,95,6
10,575,246,95,8
10,575,247,95,12
10,575,248,95,14
10,575,249,95,17
10,575,250,95,10
10,575,251,95,7
10,575,252,95,4
10,575,253,95,5
10,575,254,95,4
10,575,255,95,5
10,575,256,95,9
10,575,257,95,15
10,575,258,95,8
10,575,259,95,11
10,575,260,95,9
10,575,261,95,10
10,575,262,95,20
10,575,263,95,6
10,575,264,95,6
10,575,265,95,3
10,575,266,95,1
10,575,267,95,1
10,575,268,95,1
10,575,269,95,1
10,575,270,95,1
10,575,271,95,1
10,576,241,95,3
10,576,242,95,7
10,576,243,95,8
10,576,244,95,5
10,576,245,95,5
10,576,246,95,5
10,576,247,95,4
10,576,248,95,7
10,576,249,95,14
10,576,250,95,10
10,576,251,95,9
10,576,252,95,11
10,576,253,95,8
10,576,254,95,7
10,576,255,95,6
10,576,256,95,7
10,576,257,95,12
10,576,258,95,13
10,576,259,95,16
10,576,260,95,16
10,576,261,95,8
10,576,262,95,10
10,576,263,95,3
10,577,242,95,3
10,577,243,95,4
10,577,244,95,7
10,577,245,95,5
10,577,246,95,9
10,577,247,95,7
10,577,248,95,10
10,577,249,95,24
10,577,250,95,20
10,577,251,95,13
10,577,252,95,15
10,577,253,95,13
10,577,254,95,10
10,577,255,95,9
10,577,256,95,7
10,577,257,95,8
10,577,258,95,11
10,577,259,95,21
10,577,260,95,20
10,577,261,95,10
10,577,262,95,3
10,577,263,95,3
10,578,243,95,2
10,578,244,95,7
10,578,245,95,11
10,578,246,95,12
10,578,247,95,6
10,578,248,95,5
10,578,249,95,11
10,578,250,95,16
10,578,251,95,9
10,578,252,95,6
10,578,253,95,9
10,578,254,95,9
10,578,255,95,6
10,578,256,95,9
10,578,257,95,9
10,578,258,95,13
10,578,259,95,10
10,578,260,95,18
10,578,261,95,7
10,578,262,95,2
10,578,263,95,3
10,579,245,95,5
10,579,247,95,1
10,579,248,95,2
10,579,249,95,8
10,579,250,95,7
10,579,251,95,3
10,579,252,95,3
10,579,253,95,5
10,579,254,95,8
10,579,255,95,6
10,579,256,95,5
10,579,257,95,6
10,579,258,95,11
10,579,259,95,16
10,579,260,95,13
10,579,261,95,4
10,579,262,95,1
10,579,263,95,3
10,580,258,95,3
10,580,259,95,8
10,580,260,95,8
10,580,261,95,4
10,580,262,95,3
10,580,263,95,2
10,637,389,191,2
10,637,390,191,23
10,637,391,191,21
10,637,392,191,9
10,637,393,191,4
10,637,394,191,1
10,637,395,191,5
10,638,388,191,2
10,638,389,191,21
10,638,390,191,37
10,638,391,191,51
10,638,392,191,54
10,638,393,191,58
10,638,394,191,36
10,638,395,191,47
10,638,396,191,16
10,638,397,191,6
10,639,388,191,1
10,639,389,191,15
10,639,390,191,20
10,639,391,191,32
10,639,392,191,31
10,639,393,191,46
10,639,394,191,46
10,639,395,191,63
10,639,396,191,39
10,639,397,191,38
10,639,398,191,36
10,639,399,191,8
10,640,389,191,1
10,640,390,191,9
10,640,391,191,48
10,640,396,191,10
10,640,397,191,33
10,640,398,191,34
10,640,399,191,22
10,640,400,191,13
10,640,401,191,5
10,640,402,191,1
10,641,391,191,21
10,641,396,191,16
10,641,397,191,12
10,641,398,191,35
10,641,399,191,24
10,641,400,191,29
10,641,401,191,20
10,641,402,191,11
10,641,406,191,4
10,641,407,191,19
10,642,391,191,23
10,642,396,191,33
10,642,397,191,8
10,642,398,191,25
10,642,399,191,56
10,642,400,191,29
10,642,401,191,10
10,642,402,191,27
10,642,403,191,9
10,642,404,191,4
10,642,405,191,4
10,642,406,191,18
10,642,407,191,52
10,643,391,191,7
10,643,396,191,37
10,643,397,191,31
10,643,398,191,39
10,643,399,191,32
10,643,400,191,45
10,643,401,191,32
10,643,402,191,25
10,643,403,191,34
10,643,404,191,40
10,643,405,191,14
10,643,406,191,8
10,643,407,191,13
10,644,391,191,11
10,644,404,191,26
10,644,405,191,20
10,644,406,191,21
10,644,407,191,15
10,644,408,191,30
10,644,409,191,49
10,644,410,191,34
10,644,411,191,26
10,645,390,191,14
10,645,391,191,33
10,645,404,191,28
10,645,405,191,41
10,645,406,191,26
10,645,407,191,20
10,645,408,191,24
10,645,409,191,56
10,645,410,191,49
10,645,411,191,27
10,646,389,191,6
10,646,390,191,30
10,646,391,191,20
10,646,404,191,32
10,646,405,191,66
10,646,406,191,45
10,646,407,191,15
10,646,408,191,12
10,646,409,191,65
10,646,410,191,46
10,646,411,191,31
10,647,389,191,20
10,647,390,191,36
10,647,391,191,27
10,647,404,191,17
10,647,405,191,37
10,647,406,191,39
10,647,407,191,33
10,647,408,191,34
10,647,409,191,38
10,647,410,191,54
10,647,411,191,58
10,648,396,191,21
10,648,397,191,17
10,648,398,191,20
10,648,399,191,45
10,648,404,191,19
10,648,405,191,32
10,648,406,191,35
10,648,407,191,44
10,648,408,191,23
10,648,409,191,29
10,648,410,191,34
10,648,411,191,37
10,649,396,191,15
10,649,397,191,7
10,649,398,191,11
10,649,399,191,26
10,649,404,191,15
10,649,405,191,14
10,649,406,191,18
10,649,407,191,21
10,649,408,191,29
10,649,409,191,21
10,649,410,191,29
10,649,411,191,24
10,650,396,191,25
10,650,397,191,24
10,650,398,191,27
10,650,399,191,28
10,650,404,191,21
10,650,405,191,21
10,650,406,191,32
10,650,407,191,11
10,650,408,191,35
10,650,409,191,29
10,650,410,191,17
10,650,411,191,21
10,651,396,191,12
10,651,397,191,26
10,651,398,191,39
10,651,399,191,25
10,651,404,191,16
10,651,405,191,17
10,651,406,191,27
10,651,407,191,29
10,651,408,191,32
10,651,409,191,16
10,651,410,191,32
10,651,411,191,16
10,660,408,191,54
10,660,409,191,35
10,660,410,191,11
10,660,411,191,48
10,660,412,191,43
10,660,413,191,13
10,660,414,191,5
10,660,415,191,29
10,661,408,191,47
10,661,409,191,32
10,661,410,191,5
10,661,411,191,15
10,661,412,191,26
10,661,413,191,20
10,661,414,191,11
10,661,415,191,21
10,662,408,191,28
10,662,409,191,35
10,662,410,191,13
10,662,411,191,25
10,662,412,191,42
10,662,413,191,26
10,662,414,191,15
10,662,415,191,9
10,663,408,191,8
10,663,409,191,27
10,663,410,191,39
10,663,411,191,15
10,663,412,191,33
10,663,413,191,9
10,663,414,191,27
10,663,415,191,29
10,664,408,191,11
10,664,409,191,9
10,664,410,191,40
10,664,411,191,47
10,665,408,191,23
10,665,409,191,35
10,665,410,191,36
10,665,411,191,48
10,666,408,191,28
10,666,409,191,46
10,666,410,191,44
10,666,411,191,43
10,667,408,191,30
10,667,409,191,33
10,667,410,191,41
10,667,411,191,39
10,668,400,191,32
10,668,401,191,26
10,668,402,191,12
10,668,403,191,41
10,669,400,191,37
10,669,401,191,32
10,669,402,191,26
10,669,403,191,60
10,670,400,191,51
10,670,401,191,42
10,670,402,191,43
10,670,403,191,40
10,671,400,191,53
10,671,401,191,31
10,671,402,191,41
10,671,403,191,16
10,840,574,5,27
10,840,575,5,37
10,841,573,5,14
10,841,574,5,32
10,841,575,5,84
10,842,572,5,23
10,842,573,5,68
10,842,574,5,90
10,842,575,5,97
10,843,572,5,49
10,843,573,5,80
10,843,574,5,33
10,843,575,5,45
10,844,571,5,4
10,844,572,5,92
10,844,573,5,119
10,844,574,5,56
10,844,575,5,40
10,845,571,5,7
10,845,572,5,103
10,845,573,5,88
10,845,574,5,72
10,845,575,5,69
10,846,572,5,85
10,846,573,5,96
10,846,574,5,51
10,846,575,5,47
10,847,571,5,32
10,847,572,5,130
10,847,573,5,97
10,847,574,5,85
10,847,575,5,56
10,848,571,5,26
10,848,572,5,57
10,848,573,5,110
10,848,574,5,74
10,848,575,5,54
10,849,570,5,9
10,849,571,5,57
10,849,572,5,99
10,849,573,5,121
10,849,574,5,111
10,849,575,5,199
10,850,569,5,4
10,850,570,5,39
10,850,571,5,105
10,850,572,5,96
10,850,573,5,183
10,850,574,5,177
10,850,575,5,200
10,851,569,5,3
10,851,570,5,57
10,851,571,5,45
10,851,572,5,71
10,851,573,5,122
10,851,574,5,247
10,851,575,5,282
10,852,569,5,4
10,852,570,5,71
10,852,571,5,78
10,852,572,5,94
10,852,573,5,99
10,852,574,5,184
10,852,575,5,198
10,853,569,5,16
10,853,570,5,98
10,853,571,5,106
10,853,572,5,150
10,853,573,5,92
10,853,574,5,140
10,853,575,5,106
10,854,569,5,25
10,854,570,5,126
10,854,571,5,153
10,854,572,5,151
10,854,573,5,152
10,854,574,5,117
10,854,575,5,88
10,855,568,5,1
10,855,569,5,23
10,855,570,5,125
10,855,571,5,147
10,855,572,5,83
10,855,573,5,154
10,855,574,5,113
10,855,575,5,58
10,861,559,5,26
10,862,559,5,3
10,863,558,5,43
10,863,559,5,101
10,864,558,5,32
10,864,559,5,186
10,864,600,5,21
10,864,601,5,15
10,864,602,5,21
10,864,603,5,28
10,865,556,5,11
10,865,557,5,28
10,865,558,5,32
10,865,559,5,201
10,865,600,5,11
10,865,601,5,22
10,865,602,5,31
10,865,603,5,10
10,866,555,5,3
10,866,556,5,29
10,866,557,5,65
10,866,558,5,99
10,866,559,5,83
10,866,600,5,19
10,866,601,5,19
10,866,602,5,11
10,866,603,5,4
10,867,554,5,1
10,867,555,5,50
10,867,556,5,40
10,867,557,5,32
10,867,558,5,30
10,867,559,5,52
10,867,600,5,37
10,867,601,5,12
10,867,602,5,8
10,867,603,5,3
10,868,553,5,2
10,868,554,5,27
10,868,555,5,45
10,868,556,5,18
10,868,557,5,22
10,868,558,5,26
10,868,559,5,58
10,868,564,5,66
10,868,565,5,42
10,868,566,5,121
10,868,567,5,101
10,869,552,5,9
10,869,553,5,21
10,869,554,5,33
10,869,555,5,57
10,869,556,5,26
10,869,557,5,43
10,869,558,5,35
10,869,559,5,46
10,869,564,5,44
10,869,565,5,82
10,869,566,5,139
10,869,567,5,89
10,870,552,5,27
10,870,553,5,24
10,870,554,5,31
10,870,555,5,54
10,870,556,5,47
10,870,557,5,54
10,870,558,5,30
10,870,559,5,31
10,870,564,5,100
10,870,565,5,141
10,870,566,5,119
10,870,567,5,75
10,871,552,5,40
10,871,553,5,61
10,871,554,5,53
10,871,555,5,45
10,871,556,5,77
10,871,557,5,59
10,871,558,5,44
10,871,559,5,60
10,871,564,5,205
10,871,565,5,149
10,871,566,5,70
10,871,567,5,58
10,872,560,5,18
10,872,561,5,53
10,872,562,5,121
10,872,563,5,133
10,872,564,5,150
10,872,565,5,180
10,872,566,5,140
10,872,567,5,97
10,872,584,5,13
10,872,585,5,33
10,872,586,5,40
10,872,587,5,41
10,872,588,5,54
10,872,589,5,78
10,872,590,5,55
10,872,591,5,63
10,873,560,5,9
10,873,561,5,26
10,873,562,5,90
10,873,563,5,106
10,873,564,5,102
10,873,565,5,150
10,873,566,5,127
10,873,567,5,56
10,873,584,5,9
10,873,585,5,20
10,873,586,5,45
10,873,587,5,75
10,873,588,5,76
10,873,589,5,76
10,873,590,5,41
10,873,591,5,56
10,874,560,5,15
10,874,560,45,61
10,874,561,5,86
10,874,561,45,32
10,874,562,5,137
10,874,563,5,75
10,874,564,5,146
10,874,565,5,157
10,874,566,5,116
10,874,567,5,59
10,874,584,5,18
10,874,585,5,14
10,874,586,5,62
10,874,587,5,61
10,874,588,5,89
10,874,589,5,66
10,874,590,5,29
10,874,591,5,31
10,875,560,45,199
10,875,561,5,95
10,875,561,45,20
10,875,563,5,142
10,875,564,5,124
10,875,565,5,105
10,875,566,5,98
10,875,567,5,50
10,875,584,5,27
10,875,585,5,10
10,875,586,5,26
10,875,587,5,37
10,875,588,5,74
10,875,589,5,49
10,875,590,5,24
10,875,591,5,21
10,876,556,5,41
10,876,557,5,85
10,876,558,45,413
10,876,558,5,22
10,876,559,45,314
10,876,560,45,157
10,876,561,5,126
10,876,561,45,21
10,876,562,5,98
10,876,563,5,90
10,876,584,5,24
10,876,585,5,36
10,876,586,5,22
10,876,587,5,58
10,876,588,5,60
10,876,589,5,58
10,876,590,5,49
10,876,591,5,44
10,877,556,5,86
10,877,557,5,118
10,877,558,5,21
10,877,558,45,279
10,877,559,45,195
10,877,560,45,113
10,877,561,5,117
10,877,561,45,6
10,877,562,5,65
10,877,563,5,69
10,877,584,5,21
10,877,585,5,49
10,877,586,5,11
10,877,587,5,107
10,877,588,5,95
10,877,589,5,63
10,877,590,5,45
10,877,591,5,37
10,878,556,5,72
10,878,557,5,87
10,878,558,45,236
10,878,558,5,37
10,878,559,5,10
10,878,559,45,52
10,878,560,5,5
10,878,560,45,24
10,878,561,5,97
10,878,561,45,8
10,878,562,5,47
10,878,563,5,48
10,878,584,5,61
10,878,585,5,104
10,878,586,5,35
10,878,587,5,109
10,878,588,5,176
10,878,589,5,89
10,878,590,5,43
10,878,591,5,36
10,879,556,5,73
10,879,557,5,121
10,879,558,5,80
10,879,559,5,18
10,879,560,5,45
10,879,561,5,48
10,879,562,5,64
10,879,563,5,46
10,879,584,5,118
10,879,585,5,91
10,879,586,5,42
10,879,587,5,68
10,879,588,5,104
10,879,589,5,114
10,879,590,5,25
10,879,591,5,29
10,880,576,5,36
10,880,577,5,18
10,880,578,5,47
10,880,579,5,48
10,880,580,5,81
10,880,581,5,81
10,880,582,5,48
10,880,583,5,36
10,880,588,5,108
10,880,589,5,89
10,880,590,5,15
10,880,591,5,38
10,881,576,5,40
10,881,577,5,34
10,881,578,5,55
10,881,579,5,33
10,881,580,5,89
10,881,581,5,58
10,881,582,5,73
10,881,583,5,48
10,881,588,5,70
10,881,589,5,69
10,881,590,5,25
10,881,591,5,44
10,882,576,5,58
10,882,577,5,64
10,882,578,5,43
10,882,579,5,27
10,882,580,5,104
10,882,581,5,48
10,882,582,5,81
10,882,583,5,70
10,882,588,5,45
10,882,589,5,42
10,882,590,5,52
10,882,591,5,27
10,883,576,5,116
10,883,577,5,90
10,883,578,5,56
10,883,579,5,20
10,883,580,5,104
10,883,581,5,64
10,883,582,5,44
10,883,583,5,86
10,883,588,5,51
10,883,589,5,75
10,883,590,5,56
10,883,591,5,23
10,884,588,5,89
10,884,589,5,92
10,884,590,5,65
10,884,591,5,27
10,884,600,5,33
10,884,601,5,14
10,884,602,5,24
10,884,603,5,18
10,884,604,5,5
10,884,605,5,2
10,884,606,5,4
10,885,588,5,100
10,885,589,5,67
10,885,590,5,52
10,885,591,5,34
10,885,600,5,5
10,885,601,5,21
10,885,602,5,17
10,885,603,5,9
10,885,604,5,18
10,885,605,5,6
10,885,606,5,8
10,886,588,5,85
10,886,589,5,65
10,886,590,5,46
10,886,591,5,23
10,886,600,5,9
10,886,601,5,18
10,886,602,5,30
10,886,603,5,11
10,886,604,5,20
10,886,605,5,7
10,886,606,5,8
10,886,607,5,2
10,887,588,5,39
10,887,589,5,79
10,887,590,5,56
10,887,591,5,36
10,887,600,5,16
10,887,601,5,30
10,887,602,5,59
10,887,603,5,27
10,887,604,5,49
10,887,605,5,11
10,887,606,5,4
10,887,607,5,10
10,888,596,5,53
10,888,597,5,48
10,888,598,5,21
10,888,599,5,43
10,888,600,5,31
10,888,601,5,45
10,888,602,5,57
10,888,603,5,35
10,888,604,5,10
10,888,605,5,6
10,888,606,5,3
10,888,607,5,39
10,889,596,5,38
10,889,597,5,36
10,889,598,5,24
10,889,599,5,46
10,889,600,5,56
10,889,601,5,36
10,889,602,5,34
10,889,603,5,29
10,889,604,5,6
10,889,605,5,5
10,889,606,5,15
10,889,607,5,23
10,890,596,5,38
10,890,597,5,46
10,890,598,5,19
10,890,599,5,46
10,890,600,5,52
10,890,601,5,63
10,890,602,5,37
10,890,603,5,41
10,890,604,5,24
10,890,605,5,2
10,890,606,5,3
10,890,607,5,4
10,891,596,5,24
10,891,597,5,33
10,891,598,5,41
10,891,599,5,41
10,891,600,5,61
10,891,601,5,71
10,891,602,5,71
10,891,603,5,43
10,891,604,5,27
10,891,605,5,10
10,891,606,5,4
10,891,607,5,4
10,892,580,5,103
10,892,581,5,150
10,892,582,5,45
10,892,583,5,72
10,892,588,5,221
10,892,589,5,105
10,892,590,5,65
10,892,591,5,59
10,892,596,5,18
10,892,597,5,27
10,892,598,5,26
10,892,599,5,28
10,892,600,5,50
10,892,601,5,89
10,892,602,5,63
10,892,603,5,52
10,892,604,5,6
10,892,605,5,9
10,892,606,5,7
10,892,607,5,16
10,893,580,5,142
10,893,581,5,119
10,893,582,5,77
10,893,583,5,130
10,893,588,5,93
10,893,589,5,89
10,893,590,5,42
10,893,591,5,39
10,893,596,5,25
10,893,597,5,30
10,893,598,5,32
10,893,599,5,27
10,893,600,5,51
10,893,601,5,85
10,893,602,5,81
10,893,603,5,54
10,893,604,5,36
10,893,605,5,14
10,893,606,5,8
10,893,607,5,6
10,894,580,5,180
10,894,581,5,129
10,894,582,5,110
10,894,583,5,117
10,894,588,5,34
10,894,589,5,48
10,894,590,5,40
10,894,591,5,16
10,894,596,5,40
10,894,597,5,49
10,894,598,5,39
10,894,599,5,40
10,894,600,5,53
10,894,601,5,54
10,894,602,5,71
10,894,603,5,87
10,894,604,5,49
10,894,605,5,14
10,894,606,5,24
10,894,607,5,10
10,895,580,5,156
10,895,581,5,155
10,895,582,5,110
10,895,583,5,62
10,895,588,5,40
10,895,589,5,48
10,895,590,5,34
10,895,591,5,9
10,895,596,5,30
10,895,597,5,23
10,895,598,5,38
10,895,599,5,47
10,895,600,5,16
10,895,601,5,30
10,895,602,5,49
10,895,603,5,90
10,895,604,5,81
10,895,605,5,31
10,895,606,5,32
10,895,607,5,67
10,908,568,5,56
10,908,569,5,49
10,908,570,5,55
10,908,571,5,84
10,908,572,5,96
10,908,573,5,86
10,908,574,5,62
10,908,575,5,90
10,909,568,5,111
10,909,569,5,103
10,909,570,5,92
10,909,571,5,104
10,909,572,5,94
10,909,573,5,99
10,909,574,5,98
10,909,575,5,85
10,910,568,5,61
10,910,569,5,105
10,910,570,5,81
10,910,571,5,82
10,910,572,5,84
10,910,573,5,74
10,910,574,5,86
10,910,575,5,68
10,911,568,5,47
10,911,569,5,29
10,911,570,5,41
10,911,571,5,69
10,911,572,5,97
10,911,573,5,74
10,911,574,5,78
10,911,575,5,72
10,912,568,5,14
10,912,569,5,12
10,912,570,5,18
10,912,571,5,31
10,912,572,5,44
10,912,573,5,83
10,912,574,5,83
10,912,575,5,73
10,913,568,5,10
10,913,569,5,8
10,913,570,5,13
10,913,571,5,21
10,913,572,5,27
10,913,573,5,24
10,913,574,5,22
10,913,575,5,13
10,914,568,5,22
10,914,569,5,18
10,914,570,5,10
10,914,571,5,7
10,914,572,5,10
10,914,573,5,6
10,914,574,5,7
10,914,575,5,7
10,915,568,5,10
10,915,569,5,23
10,915,570,5,13
10,915,571,5,6
10,915,572,5,4
10,915,573,5,5
10,915,574,5,13
10,915,575,5,3
10,920,556,5,96
10,920,557,5,111
10,920,558,5,107
10,920,559,5,36
10,920,564,5,110
10,920,565,5,113
10,920,566,5,121
10,920,567,5,124
10,921,556,5,103
10,921,557,5,114
10,921,558,5,82
10,921,559,5,94
10,921,564,5,82
10,921,565,5,82
10,921,566,5,85
10,921,567,5,119
10,922,556,5,86
10,922,557,5,66
10,922,558,5,17
10,922,559,5,28
10,922,564,5,80
10,922,565,5,92
10,922,566,5,95
10,922,567,5,82
10,923,556,5,103
10,923,557,5,54
10,923,558,5,22
10,923,559,5,27
10,923,564,5,33
10,923,565,5,37
10,923,566,5,143
10,923,567,5,128
10,924,556,5,177
10,924,557,5,105
10,924,558,5,41
10,924,559,5,168
10,924,560,5,33
10,924,561,5,72
10,924,562,5,99
10,924,563,5,119
10,924,564,5,57
10,924,565,5,54
10,924,566,5,144
10,924,567,5,147
10,924,568,5,105
10,924,569,5,40
10,924,570,5,64
10,924,571,5,44
10,924,640,5,29
10,924,641,5,19
10,924,642,5,46
10,924,643,5,18
10,924,644,5,4
10,924,645,5,1
10,925,556,5,49
10,925,557,5,37
10,925,558,5,26
10,925,559,5,72
10,925,560,5,187
10,925,561,5,92
10,925,562,5,123
10,925,563,5,179
10,925,564,5,117
10,925,565,5,139
10,925,566,5,47
10,925,567,5,65
10,925,568,5,51
10,925,569,5,19
10,925,570,5,63
10,925,571,5,111
10,925,640,5,27
10,925,641,5,50
10,925,642,5,42
10,925,643,5,74
10,925,644,5,42
10,925,645,5,37
10,925,646,5,35
10,925,647,5,15
10,926,559,5,2
10,926,560,5,37
10,926,561,5,57
10,926,562,5,42
10,926,563,5,41
10,926,564,5,38
10,926,565,5,81
10,926,566,5,45
10,926,567,5,79
10,926,568,5,64
10,926,569,5,51
10,926,570,5,102
10,926,571,5,53
10,926,640,5,26
10,926,641,5,33
10,926,642,5,70
10,926,643,5,63
10,926,644,5,76
10,926,645,5,42
10,926,646,5,57
10,926,647,5,50
10,927,560,5,8
10,927,561,5,19
10,927,562,5,45
10,927,563,5,44
10,927,564,5,32
10,927,565,5,56
10,927,566,5,46
10,927,567,5,56
10,927,568,5,128
10,927,569,5,134
10,927,570,5,87
10,927,571,5,98
10,927,640,5,35
10,927,641,5,74
10,927,642,5,56
10,927,643,5,42
10,927,644,5,39
10,927,645,5,40
10,927,646,5,29
10,927,647,5,35
10,928,565,5,9
10,928,566,5,14
10,928,567,5,50
10,928,568,5,122
10,928,569,5,123
10,928,570,5,111
10,928,571,5,171
10,928,580,5,12
10,928,581,5,18
10,928,582,5,28
10,928,583,5,17
10,928,608,5,146
10,928,609,5,93
10,928,610,5,106
10,928,611,5,40
10,928,624,5,46
10,928,625,5,35
10,928,626,5,31
10,928,627,5,41
10,928,628,5,38
10,928,629,5,80
10,928,630,5,59
10,928,631,5,47
10,928,640,5,40
10,928,641,5,79
10,928,642,5,37
10,928,643,5,15
10,928,644,5,21
10,928,645,5,38
10,928,646,5,62
10,928,647,5,78
10,929,567,5,21
10,929,568,5,93
10,929,569,5,110
10,929,570,5,99
10,929,571,5,144
10,929,580,5,10
10,929,581,5,9
10,929,582,5,18
10,929,583,5,13
10,929,608,5,55
10,929,609,5,120
10,929,610,5,67
10,929,611,5,58
10,929,624,5,20
10,929,625,5,15
10,929,626,5,20
10,929,627,5,26
10,929,628,5,40
10,929,629,5,18
10,929,630,5,31
10,929,631,5,14
10,929,640,5,46
10,929,641,5,70
10,929,642,5,53
10,929,643,5,12
10,929,644,5,27
10,929,645,5,45
10,929,646,5,43
10,929,647,5,42
10,930,567,5,8
10,930,568,5,29
10,930,569,5,62
10,930,570,5,96
10,930,571,5,151
10,930,580,5,17
10,930,581,5,18
10,930,582,5,21
10,930,583,5,30
10,930,608,5,29
10,930,609,5,62
10,930,610,5,105
10,930,611,5,60
10,930,624,5,34
10,930,625,5,20
10,930,626,5,31
10,930,627,5,12
10,930,628,5,24
10,930,629,5,21
10,930,630,5,6
10,930,631,5,2
10,930,640,5,49
10,930,641,5,49
10,930,642,5,38
10,930,643,5,60
10,930,644,5,35
10,930,645,5,63
10,930,646,5,79
10,930,647,5,82
10,931,567,5,1
10,931,568,5,16
10,931,569,5,31
10,931,570,5,23
10,931,571,5,52
10,931,580,5,69
10,931,581,5,43
10,931,582,5,57
10,931,583,5,47
10,931,608,5,27
10,931,609,5,49
10,931,610,5,90
10,931,611,5,71
10,931,611,284,83
10,931,624,5,43
10,931,625,5,43
10,931,626,5,32
10,931,627,5,19
10,931,628,5,28
10,931,629,5,7
10,931,630,5,1
10,931,640,5,53
10,931,641,5,49
10,931,642,5,41
10,931,643,5,57
10,931,644,5,47
10,931,645,5,41
10,931,646,5,70
10,931,647,5,57
10,932,569,5,37
10,932,570,5,47
10,932,571,5,21
10,932,576,5,46
10,932,577,5,65
10,932,578,5,37
10,932,579,5,56
10,932,580,5,81
10,932,581,5,76
10,932,582,5,66
10,932,583,5,79
10,932,584,5,46
10,932,585,5,28
10,932,586,5,14
10,932,587,5,9
10,932,608,5,10
10,932,609,5,44
10,932,610,5,83
10,932,611,5,62
10,932,611,284,350
10,932,612,5,13
10,932,612,284,258
10,932,613,5,46
10,932,613,284,68
10,932,614,5,45
10,932,615,5,44
10,932,616,5,66
10,932,617,5,70
10,932,618,5,56
10,932,619,5,15
10,932,620,5,13
10,932,621,5,31
10,932,622,5,60
10,932,623,5,27
10,933,569,5,17
10,933,570,5,84
10,933,571,5,35
10,933,576,5,105
10,933,577,5,33
10,933,578,5,39
10,933,579,5,27
10,933,580,5,35
10,933,581,5,30
10,933,582,5,44
10,933,583,5,47
10,933,584,5,48
10,933,585,5,39
10,933,586,5,23
10,933,587,5,13
10,933,608,5,25
10,933,609,5,36
10,933,610,5,125
10,933,611,5,142
10,933,612,5,112
10,933,613,5,60
10,933,614,5,74
10,933,615,5,40
10,933,616,5,75
10,933,617,5,50
10,933,618,5,105
10,933,619,5,51
10,933,620,5,51
10,933,621,5,33
10,933,622,5,31
10,933,623,5,41
10,934,570,5,47
10,934,571,5,59
10,934,576,5,34
10,934,577,5,35
10,934,578,5,33
10,934,579,5,25
10,934,580,5,48
10,934,581,5,54
10,934,582,5,28
10,934,583,5,31
10,934,584,5,38
10,934,585,5,29
10,934,586,5,24
10,934,587,5,8
10,934,608,5,32
10,934,609,5,85
10,934,610,5,104
10,934,611,5,98
10,934,612,5,92
10,934,613,5,70
10,934,614,5,78
10,934,614,272,48
10,934,615,5,19
10,934,615,272,462
10,934,616,5,13
10,934,616,272,555
10,934,616,270,50
10,934,617,5,5
10,934,617,270,119
10,934,618,5,45
10,934,618,270,132
10,934,619,5,39
10,934,620,5,113
10,934,621,5,120
10,934,622,5,75
10,934,623,5,44
10,935,570,5,6
10,935,571,5,15
10,935,576,5,34
10,935,577,5,35
10,935,578,5,45
10,935,579,5,51
10,935,580,5,48
10,935,581,5,48
10,935,582,5,25
10,935,583,5,14
10,935,584,5,39
10,935,585,5,17
10,935,586,5,25
10,935,587,5,24
10,935,608,5,32
10,935,608,283,42
10,935,609,5,124
10,935,609,283,202
10,935,610,5,145
10,935,611,5,162
10,935,612,5,168
10,935,613,5,187
10,935,614,5,98
10,935,614,272,42
10,935,614,270,3
10,935,615,270,35
10,935,615,272,898
10,935,616,270,179
10,935,616,272,1335
10,935,617,270,580
10,935,618,270,340
10,935,618,5,47
10,935,619,5,61
10,935,620,5,72
10,935,621,5,79
10,935,622,5,110
10,935,623,5,71
10,936,573,5,36
10,936,574,5,48
10,936,575,5,49
10,936,576,5,64
10,936,577,5,78
10,936,578,5,69
10,936,579,5,41
10,936,580,5,43
10,936,581,5,37
10,936,582,5,26
10,936,583,5,12
10,936,612,5,113
10,936,613,5,93
10,936,614,5,75
10,936,614,270,24
10,936,615,270,192
10,937,574,5,4
10,937,575,5,26
10,937,576,5,37
10,937,577,5,66
10,937,578,5,85
10,937,579,5,66
10,937,580,5,34
10,937,581,5,25
10,937,582,5,16
10,937,583,5,13
10,937,612,5,11
10,937,612,273,145
10,937,613,5,50
10,937,613,273,42
10,937,614,5,100
10,937,614,270,54
10,937,615,270,452
10,938,576,5,20
10,938,577,5,47
10,938,578,5,78
10,938,579,5,99
10,938,580,5,84
10,938,581,5,72
10,938,582,5,50
10,938,583,5,41
10,938,612,5,21
10,938,612,273,160
10,938,613,5,57
10,938,613,273,52
10,938,614,5,79
10,938,614,270,34
10,938,615,5,12
10,938,615,270,256
10,939,576,5,3
10,939,577,5,55
10,939,578,5,46
10,939,579,5,77
10,939,580,5,83
10,939,581,5,85
10,939,582,5,62
10,939,583,5,75
10,939,612,5,15
10,939,613,5,31
10,939,614,5,33
10,939,615,5,30
10,940,577,5,40
10,940,578,5,53
10,940,579,5,89
10,940,580,5,78
10,940,581,5,70
10,940,582,5,68
10,940,583,5,60
10,940,584,5,63
10,940,585,5,83
10,940,586,5,94
10,940,587,5,198
10,940,588,5,112
10,940,589,5,12
10,940,590,5,16
10,940,591,5,13
10,940,600,5,98
10,940,601,5,60
10,940,602,5,55
10,940,603,5,62
10,940,604,5,77
10,940,605,5,75
10,940,606,5,80
10,940,607,5,51
10,941,578,5,5
10,941,579,5,1
10,941,580,5,7
10,941,581,5,158
10,941,582,5,88
10,941,583,5,59
10,941,584,5,132
10,941,585,5,98
10,941,586,5,149
10,941,587,5,159
10,941,588,5,89
10,941,589,5,27
10,941,590,5,18
10,941,591,5,7
10,941,600,5,44
10,941,601,5,35
10,941,602,5,13
10,941,603,5,21
10,941,604,5,50
10,941,605,5,85
10,941,606,5,58
10,941,607,5,123
10,942,581,5,20
10,942,582,5,64
10,942,583,5,88
10,942,584,5,154
10,942,585,5,148
10,942,586,5,138
10,942,587,5,95
10,942,588,5,56
10,942,589,5,45
10,942,590,5,44
10,942,591,5,35
10,942,600,5,71
10,942,601,5,64
10,942,602,5,40
10,942,603,5,31
10,942,604,5,24
10,942,605,5,19
10,942,606,5,59
10,942,607,5,87
10,943,582,5,50
10,943,583,5,91
10,943,584,5,51
10,943,585,5,52
10,943,586,5,88
10,943,587,5,219
10,943,588,5,100
10,943,589,5,69
10,943,590,5,78
10,943,591,5,49
10,943,600,5,41
10,943,601,5,35
10,943,602,5,39
10,943,603,5,70
10,943,604,5,46
10,943,605,5,36
10,943,606,5,39
10,943,607,5,88
10,944,588,5,132
10,944,589,5,75
10,944,590,5,60
10,944,591,5,82
10,944,592,5,58
10,944,593,5,52
10,944,594,5,17
10,944,595,5,28
10,944,596,5,50
10,944,597,5,23
10,944,598,5,42
10,944,599,5,45
10,944,604,5,23
10,944,605,5,24
10,944,606,5,28
10,944,607,5,69
10,945,588,5,142
10,945,589,5,107
10,945,590,5,49
10,945,591,5,53
10,945,592,5,63
10,945,593,5,47
10,945,594,5,45
10,945,595,5,40
10,945,596,5,53
10,945,597,5,67
10,945,598,5,44
10,945,599,5,40
10,945,604,5,40
10,945,605,5,52
10,945,606,5,116
10,945,607,5,97
10,946,588,5,94
10,946,589,5,74
10,946,590,5,56
10,946,591,5,68
10,946,592,5,51
10,946,593,5,74
10,946,594,5,48
10,946,595,5,51
10,946,596,5,32
10,946,597,5,49
10,946,598,5,39
10,946,599,5,34
10,946,604,5,29
10,946,605,5,77
10,946,606,5,129
10,946,607,5,45
10,947,588,5,65
10,947,589,5,46
10,947,590,5,49
10,947,591,5,36
10,947,592,5,40
10,947,593,5,74
10,947,594,5,45
10,947,595,5,29
10,947,596,5,29
10,947,597,5,42
10,947,598,5,34
10,947,599,5,51
10,947,604,5,15
10,947,605,5,21
10,947,606,5,6
