dep_id,url,mrds_id,mas_id,site_name,latitude,longitude,region,country,state,county,com_type,commod1,commod2,commod3,oper_type,dep_type,prod_size,dev_stat,ore,gangue,other_matl,orebody_fm,work_type,model,alteration,conc_proc,names,ore_ctrl,reporter,hrock_unit,hrock_type,arock_unit,arock_type,structure,tectonic,ref,yfp_ba,yr_fst_prd,ylp_ba,yr_lst_prd,dy_ba,disc_yr,prod_yrs,discr,score,chrysotile,amphibole,dist_km,um_class
10001165,https://mrdata.usgs.gov/mrds/show-mrds.php?dep_id=10001165,A011862,,Jade Mountain,67.20952,-158.0535,,United States,Alaska,,N,Jade,Asbestos,,Unknown,,,Past Producer,"Chrysotile, Tremolite, Nephrite, Jade",,,,,18: Serpentine-hosted asbestos,,,,,"J.M. Schmidt, R.L. Elliott, K.R. Leonard",Yukon-Koyukuk Ophiolite,Peridotite,,Peridotite,,,"Anderson, Eskil, 1945, Asbestos and jade occurrences in the Kobuk River region, Alaska: Alaska Territorial Department of Mines Pamphlet 3-R, 48 p.Anderson, Eskil, 1947, Mineral occurrences other than gold deposits in northwestern Alaska: Alaska Territorial Division of Mines Pamphlet 5-R, 48 p.Heide, H.E., Wright, W.S., and Rutledge, F.A., 1949, Investigations of the Kobuk River asbestos deposits, Kobuk district, northwest Alaska: U.S. Bureau of Mines Report of Investigations 4414, 25 p.",,,,,,,,,B,True,True,0.0,major
10001169,https://mrdata.usgs.gov/mrds/show-mrds.php?dep_id=10001169,A011867,,Shungnak Rivers,67.03064,-157.23846,,United States,Alaska,,M,Gold,"Copper, Silver, Jade, Asbestos",,Unknown,,,Past Producer,"Asbestos, Nephrite, Copper, Silver",,,,,119: Placer Au-PGE,,,Shingnek Creek,,"K.R. Leonard, S.W. Nelson, J.M. Schmidt, R.L. Elliott",,Gravel,,,,,"Anderson, Eskil, 1945, Asbestos and jade occurrences in the Kobuk River region, Alaska: Alaska Territorial Department of Mines Pamphlet 3-R, 48 p.Anderson, Eskil, 1947, Mineral occurrences other than gold deposits in northwestern Alaska: Alaska Territorial Division of Mines Pamphlet 5-R, 48 p.Fritts, C.E., 1970, Geology and geochemistry of the Cosmos Hills, Ambler River and Shungnak River Quadrangles, Alaska: Alaska Division of Geological and Geophysical Surveys Geological Report 39, 63 p., 4 sheets, scale 1:63,360.Mayfield, C.F. and Grybeck, D., 1978, Mineral occurrences and resource map of the Ambler river quadrangle, Alaska: U.S. Geological Survey Open-File Report 78-120I, 1 sheet, scale 1:250,000.Reed, I.M., 1931, Report on the placer deposits of the upper Kobuk goldfields: Alaska Territorial Department of Mines Miscellaneous Report 37-1, 33 p.Smith. P.S., 1913, The Noatak-Kobuk region, Alaska: U.S. Geological Survey Bulletin 536, 60 p.",,,,,,,,,B,False,False,23.0,major
10001175,https://mrdata.usgs.gov/mrds/show-mrds.php?dep_id=10001175,A011876,,Dahl Creek Head,67.00843,-156.82845,,United States,Alaska,,N,Asbestos,"Talc-Soapstone, Jade",,Unknown,,,Past Producer,"Chrysotile, Nephrite, Quartz, Talc, Tremolite",,,,,18: Serpentine-hosted asbestos,,,"Asbestos Mountain, Ing-Ink",,"K.R. Leonard, J.M. Schmidt, R.L. Elliott, S.W. Nelson",,Serpentinite,,,,,"Anderson, Eskil, 1945, Asbestos and jade occurrences in the Kobuk River region, Alaska: Alaska Territorial Department of Mines Pamphlet 3-R, 48 p.Anderson, Eskil, 1947, Mineral occurrences other than gold deposits in northwestern Alaska: Alaska Territorial Division of Mines Pamphlet 5-R, 48 p.Fritts, C.E., 1970, Geology and geochemistry of the Cosmos Hills, Ambler River and Shungnak River Quadrangles, Alaska: Alaska Division of Geological and Geophysical Surveys Geological Report 39, 63 p., 4 sheets, scale 1:63,360.Heide, H.E., Wright, W.S., and Rutledge, F.A., 1949, Investigations of the Kobuk River asbestos deposits, Kobuk district, northwest Alaska: U.S. Bureau of Mines Report of Investigations 4414, 25 p.Mayfield, C.F. and Grybeck, D., 1978, Mineral occurrences and resource map of the Ambler river quadrangle, Alaska: U.S. Geological Survey Open-File Report 78-120I, 1 sheet, scale 1:250,000.Reed, I.M., 1931, Report on the placer deposits of the upper Kobuk goldfields: Alaska Territorial Department of Mines Miscellaneous Report 37-1, 57 p",,,,,,,,,B,True,True,46.5,major
10004963,https://mrdata.usgs.gov/mrds/show-mrds.php?dep_id=10004963,AR11158,,Cerro San Antonio,-32.58079,-69.1828,SA,Argentina,Mendoza,,N,Asbestos,,,Unknown,,S,Producer,Serpentine,,,,,,,,,,"Venable, Margaret",,,,,,,"ANGELELLI, V., ET.AL., 1983, LOS YACIMIENTOS MINERALES Y NO METALIFEROS Y ROCAS DE APLICACION DE LA REGION CENTRO CUYO: MINISTERIO DE ECONOMIA, SUBSECRETARIA DE MINERIA, ANALES, VOL. 19,PCIMRI",,,,,,,,,D,True,False,5526.3,major
10004965,https://mrdata.usgs.gov/mrds/show-mrds.php?dep_id=10004965,AR11160,,Uspallata- Villavicencio,-32.63079,-69.24948,SA,Argentina,Mendoza,,N,"Talc-Soapstone, Asbestos",,,Unknown,Replacement,S,Past Producer,Talc,"Actinolite, Calcite, Chlorite, Chrysotile, Graphite",,LENSES,Surface/Underground,20: Ultramafic hosted magnesite,,,,,"Venable, Margaret",,"Phyllite,Schist,Serpentinite",,,N-S Alignment Of Tectonic Elements.,,"ANGELELLI, V., ET.AL., 1983, LOS YACIMIENTOS MINERALES Y NO METALIFEROS Y ROCAS DE APLICACION DE LA REGION CENTRO CUYO: MINISTERIO DE ECONOMIA, SUBSECRETARIA DE MINERIA, ANALES, VOL. 19,P. 254-255, 143-150CIMRIANGELELLI, P. 146-150.",,,,,,,SINCE 1930'S,,B,True,True,5532.5,major
10005569,https://mrdata.usgs.gov/mrds/show-mrds.php?dep_id=10005569,AR16114,,Quebrada Agua Del Gato,-31.43078,-68.16612,SA,Argentina,San Juan,,N,Talc-Soapstone,Asbestos,,Unknown,,S,Producer,"Asbestos, Talc",,,LENSE,,,,,"Don Leon, El Triunfo",,"Venable, Margaret",Crystalline Schists;Serpentinite,Serpentinite,,,"Schistocity N30-48w, Dip 25-40",,"ANGELELLI, V., ET. AL., 1980, LOS YACIMIENTOS MINERALES Y NO METALIFEROS Y ROCAS DE APLICACION DE LA REGION CENTRO CUYO:  MINISTERIO DE ECONOMIA, SUBSECRETARIA DE MINERIA, ANALES, VOL. 19, P. 154-155CIMRIANGELELLI, P. 153.",,,,,,,1953-PRESENT,,C,True,False,5387.4,major
10006136,https://mrdata.usgs.gov/mrds/show-mrds.php?dep_id=10006136,BL20075,,Alto Chapare Mine,-17.081,-65.49945,SA,Bolivia,Cochabamba,,B,Magnesite,,"Talc-Soapstone, Asbestos",Unknown,,S,Past Producer,"Magnesite, Talc","Calcite, Dolomite, Limonite, Quartz",,BLANKET,Unknown,67: Carbonate-hosted magnesite-talc,Metamorphism Of Magnesite-Talc To Asbestos,,"El Limbo, La Cascada, El Puente, Murillo, San Carlos, La Paz, Sal Si Puedes, Magdalena",,"Guerra, Edwin, Long, Keith R.",,"Slate,Quartzite,Siltstone,Sandstone",,,,,"MURILLO, J., AND FLORES, O., 1967, GEOBOL INFORME GE/2-M-2 ARCHIVO MINTEC.TAPIA, OSCAR, 1970, INFORME INTERNO ALTO CHAPARE.GUSTAVSON ASSOC., 1992, COMPENDIUM OF THE ECONOMIC GEOLOGY OF BOLIVIACIMRI",,,,,,1850.0,,,C,False,False,3642.8,major
10006491,https://mrdata.usgs.gov/mrds/show-mrds.php?dep_id=10006491,BL30029,,Unnamed Mine,-17.11989,-65.62806,SA,Bolivia,Cochabamba,,N,Asbestos,,,Unknown,Stockwork,S,Past Producer,Crocidolite,,,,,,Metamorphosed,,,,"Long, Keith R.",Limbo Formation,"Shale,Sandstone",,,,,"AHLFELD, F. AND SCHNEIDER-SCHERBINA, A., 1964, LOS YACIMIENTOS MINERALES Y DE HIDROCARBUROS DE BOLIVIA:  DEPARTAMENTO NACIONAL DE GEOLOGIA BOLETIN 5, P. 317-320CIMRI",,,,,,,1937-,,D,False,True,3648.8,major
10006492,https://mrdata.usgs.gov/mrds/show-mrds.php?dep_id=10006492,BL30030,,Miguilla Mine,-17.09656,-65.54389,SA,Bolivia,Cochabamba,,N,Asbestos,,,Unknown,Stockwork,S,Past Producer,Crocidolite,,,,,,Metamorphosed,,,,"Long, Keith R.",Limbo Formation,"Shale,Sandstone",,,Limbo Fm Shale Thrust Over Ordovician.,,"AHLFELD, F., AND SCHNEIDER-SCHERBINA, A., 1964, LOS YACIMIENTOS MINERALES Y DE HIDROCARBUROS DE BOLIVIA:  DEPARTAMENTO NACIONAL DE GEOLOGIA BOLETIN 5, P. 317-320CIMRI",,,,,,,1937-,,D,False,True,3645.1,major
10006493,https://mrdata.usgs.gov/mrds/show-mrds.php?dep_id=10006493,BL30031,,Silvita Mine,-17.08406,-65.61612,SA,Bolivia,Cochabamba,,N,Asbestos,,,Unknown,Stockwork,S,Past Producer,Crocidolite,,,,,,Metamorphosed,,,,"Long, Keith R.",Limbo Formation,"Shale,Sandstone",,,,,"AHLFELD, F., AND SCHNEIDER-SCHERBINA, A., 1964, LOS YACIMIENTOS MINERALES Y DE HIDROCARBUROS DE BOLIVIA: DEPARTAMENTO NACIONAL DE GEOLOGIA BOLETIN 5, P. 317-320CIMRI",,,,,,,1937-,,D,False,True,3644.3,major
10006494,https://mrdata.usgs.gov/mrds/show-mrds.php?dep_id=10006494,BL30032,,Elena Mine,-17.02267,-65.62278,SA,Bolivia,Cochabamba,,N,Asbestos,,,Unknown,Stockwork,S,Past Producer,Crocidolite,,,,,,Metamorphosed,,,,"Long, Keith R.",Limbo Formation,"Shale,Sandstone",,,,,"AHLFELD, F., AND SCHNEIDER-SCHERBINA, A., 1964, LOS YACIMIENTOS MINERALES Y DE HIDROCARBUROS DE BOLIVIA:  DEPARTAMENTO NACIONAL DE GEOLOGIA BOLETIN 5, P. 317-320CIMRI",,,,,,,1937-,,D,False,True,3636.8,major
10006495,https://mrdata.usgs.gov/mrds/show-mrds.php?dep_id=10006495,BL30033,,Marta Mine,-17.04323,-65.63528,SA,Bolivia,Cochabamba,,N,Asbestos,,,Unknown,Stockwork,S,Past Producer,Crocidolite,,,,,,Metamorphosed,,,,"Long, Keith R.",Limbo Formation,"Shale,Sandstone",,,,,"AHLFELD, F., AND SCHNEIDER-SCHERBINA, A., 1964, LOS YACIMIENTOS MINERALES Y DE HIDROCARBUROS DE BOLIVIA: DEPARTAMENTO NACIONAL DE GEOLOGIA BOLETIN 5, P. 317-320CIMRI",,,,,,,1937-,,D,False,True,3639.5,major
10006496,https://mrdata.usgs.gov/mrds/show-mrds.php?dep_id=10006496,BL30035,,San Francisco Mine,-17.00711,-65.63195,SA,Bolivia,Cochabamba,,N,Asbestos,,,Unknown,Stockwork,S,Past Producer,Crocidolite,,,,,,Metamorphosed,,,,"Long, Keith R.",Limbo Formation,"Shale,Sandstone",,,,,"AHLFELD, F., AND SCHNEIDER-SCHERBINA, A., 1964, LOS YACIMIENTOS MINERALES Y DE HIDROCARBUROS DE BOLIVIA:  DEPARTAMENTO NACIONAL DE GEOLOGIA BOLETIN 5, P. 317-320CIMRI",,,,,,,1937-,,D,False,True,3635.0,major
10006497,https://mrdata.usgs.gov/mrds/show-mrds.php?dep_id=10006497,BL30036,,Filadelfia Mine,-17.00073,-65.63084,SA,Bolivia,Cochabamba,,N,Asbestos,,,Unknown,Stockwork,S,Past Producer,Crocidolite,"Boracite, Chalcopyrite, Danburite, Hematite, Pyrite",,,,,Metamorphosed,,,,"Long, Keith R.",Limbo Formation,"Shale,Evaporite",,,,,"AHLFELD, F., AND SCHNEIDER-SCHERBINA, A., 1964, LOS YACIMIENTOS MINERALES Y DE HIDROCARBUROS DE BOLIVIA: DEPARTAMENTO NACIONAL DE GEOLOGIA BOLETIN 5, PP. 317-320CIMRI",,,,,,,1937-,,D,False,True,3634.2,major
10006863,https://mrdata.usgs.gov/mrds/show-mrds.php?dep_id=10006863,C007624,,French Hill,38.93739,-120.92242,,United States,California,El Dorado,B,Gold,,Asbestos,Unknown,,S,Past Producer,Gold,Quartz,,,Surface/Underground,,,Mechanical And Chemical Weathering Leaving Lag Deposit Of Gold,,,"Mateik, R.; Albers, John P.",,,,,,,"CLARK, W. B., AND CARLSON, D. W., 1956 , MINES AND MINERAL RESOURCES OF EL DORADO CO., CALIF.:  CALIF. JOUR. OF MINES AND GEOL., VOL 52 , NO. 4  , PG 441 , 569 - 570 AND PL 10 .CRAWFORD, J. J., 1894 , EL DORADO COUNTY;  CALIF. MIN. BUR. 12TH REPT. STATE MINERALOGIST, P 110 .LOGAN, C. A., 1938 , MIN. RESOURCES OF EL DORADO CO.:  CALIF. JOUR. OF MINES AND GEOL., VOL. 34 , NO. 3 , PG 261 .",,,,,,,,,C,False,False,5.5,major
10009700,https://mrdata.usgs.gov/mrds/show-mrds.php?dep_id=10009700,D002814,,Buckhorn Mine,34.00008,-110.86459,,United States,Arizona,Gila,N,Asbestos,,,Unknown,,S,Past Producer,Chrysotile,,,,,,,,,,"Hasler, J. William, Orris, Greta J.",Mescal Limestone,Limestone,,Diabase,,,"STEWART, L.A., US BUR MINES I. C. 7706, CHRYSOTILE ASBESTOS DEPOSITS OF ARIZONA.PHILLIPS, K.A., 1987, ARIZONA INDUSTRIAL MINERALS:  ARIZONA DEPARTMENT OF MINES AND MINERAL RESOURCES MINERAL REPORT 4, 185 P.",,,,,,,,,C,True,False,388.4,
10010567,https://mrdata.usgs.gov/mrds/show-mrds.php?dep_id=10010567,D004345,,Tremolite # 1,38.58163,-112.84136,,United States,Utah,Millard,B,Asbestos,,Copper,Unknown,Vein,S,Past Producer,"Chalcopyrite, Malachite, Tremolite",,,TABULAR,Underground,,Marblization,,,Fractures & Proximity To Dike,"Everts, Michael L.",Camb Undiff. Ls,"Diorite,Alluvium",,,"Basin & Range-Western Edge Of Marysvale Volcanic Pile, Local Faults",Cordilleran Hingeline,"EVERTS, M.L., 1979, UT. GEOL. & MINERAL SURVEY:  ON SITE INVESTIGATIONEVERTS, M.L., 1979, GEOLOGIST.",,,,,,,,,B,False,True,349.7,major
10022374,https://mrdata.usgs.gov/mrds/show-mrds.php?dep_id=10022374,DE02567,,Cobb,-41.12263,172.69923,OC,New Zealand,,,N,Asbestos,,,Unknown,,Y,Past Producer,Asbestos,,,,,,,,,,"Jenness, Jane E.",,,,,,,"ATLAS OF MINERAL RESOURCES OF THE ESCAP REGION, VOLUME 4, NEW ZEALAND EXPLANATORY BROCHURE, UNITED NATIONS ECONOMIC AND SOCIAL COMMISSION FOR ASIA AND THE PACIFIC, 1988",,,,,,,,,D,False,False,1459.6,major
10023389,https://mrdata.usgs.gov/mrds/show-mrds.php?dep_id=10023389,I000286,,Continental,45.98496,-71.39166,,Canada,Quebec,,N,Asbestos,,,Unknown,,Y,Past Producer,"Asbestos, Chrysotile",,,,,18: Serpentine-hosted asbestos,Serpentinization,,"Megantic, Par",,"Carbonaro, Marguerite M. (Orris, Greta J.)",,Peridotite,,,,,"CANADA DEPARTMENT OF ENERGY, MINES AND RESOURCES, 1980, CANADIAN MINERAL DEPOSITS NOT BEING MINED IN 1980:  MINERAL POLICY SECTOR INTERNAL REPORT MRI 80/7.  294 P.CANADA DEPARTMENT OF ENERGY, MINES AND RESOURCES, 1984, CANADIAN MINERAL DEPOSITS NOT BEING MINED IN 1985:  CANADA DEPARTMENT OF ENERGY, MINES AND RESOURCES MINERAL BULLETIN 198, 308 P.ORRIS, 1985.",,1886.0,,,,,"1886-1889, 1921-1929",,C,True,False,0.0,major
10023392,https://mrdata.usgs.gov/mrds/show-mrds.php?dep_id=10023392,I000289,,Golden Age,46.2569,-70.81164,,Canada,Quebec,,N,Asbestos,,,Unknown,,Y,Past Producer,"Asbestos, Chrysotile",,,,,18: Serpentine-hosted asbestos,Serpentinization,,,,"Carbonaro, Marguerite M. (Orris, Greta J.)",,Ultramafic Intrusive Rock,,,,,"CANADA DEPARTMENT OF ENERGY, MINES AND RESOURCES, 1980, CANADIAN MINERAL DEPOSITS NOT BEING MINED IN 1980:  MINERAL POLICY SECTOR INTERNAL REPORT MRI 80/7.  294 P",,,,,<,1862.0,,,C,True,False,38.9,major
10023393,https://mrdata.usgs.gov/mrds/show-mrds.php?dep_id=10023393,I000290,,Reeves Mine,48.20556,-82.08287,,Canada,Ontario,,N,Asbestos,,,Unknown,,Y,Past Producer,"Asbestos, Chrysotile",,,,,18: Serpentine-hosted asbestos,Serpentinization,,,,"Carbonaro, Marguerite M. (Orris, Greta J.)",,Dunite,,,,,"CANADA DEPARTMENT OF ENERGY, MINES AND RESOURCES, 1980, CANADIAN MINERAL DEPOSITS NOT BEING MINED IN 1980:  MINERAL POLICY SECTOR INTERNAL REPORT MRI 80/7.  294 P.CANADA DEPARTMENT OF ENERGY, MINES AND RESOURCES, 1984, CANADIAN MINERAL DEPOSITS NOT BEING MINED IN 1985:  CANADA DEPARTMENT OF ENERGY, MINES AND RESOURCES MINERAL BULLETIN 198, 308 P.ONTARIO DEPARTMENT OF MINES IMR 36.",,,,,,,1968-1975,,C,True,False,347.4,major
10023395,https://mrdata.usgs.gov/mrds/show-mrds.php?dep_id=10023395,I000292,,Shimien,29.33219,102.46639,AS,China,Sichuan [Szechwan],,N,Asbestos,,,Unknown,,Y,Producer,"Asbestos, Chrysotile",,,,,18: Serpentine-hosted asbestos,,,,,"Carbonaro, Marguerite M. (Orris, Greta J.)",,,,,,,"WANG, K.P., 1977, MINERAL RESOURCES AND BASIC INDUSTRIES IN THE PEOPLE'S REPUBLIC OF CHINA:  BOULDER, COLORADO, WESTVIEW PRESS, 211 P.ASBESTOS, 1981, V. 62, NO. 7.",,,,,,,,,C,True,False,3744.9,major
10023396,https://mrdata.usgs.gov/mrds/show-mrds.php?dep_id=10023396,I000293,,Windsor,45.95913,-71.32666,,Canada,Quebec,,N,Asbestos,,,Unknown,,Y,Past Producer,"Asbestos, Chrysotile",,,,,18: Serpentine-hosted asbestos,Serpentinization,,Aylmer,,"Carbonaro, Marguerite M. (Orris, Greta J.)",,Dunite,,,,,"CANADA DEPARTMENT OF ENERGY, MINES AND RESOURCES, 1980, CANADIAN MINERAL DEPOSITS NOT BEING MINED IN 1980:  MINERAL POLICY SECTOR INTERNAL REPORT MRI 80/7.  294 P.CANADA DEPARTMENT OF ENERGY, MINES AND RESOURCES, 1984, CANADIAN MINERAL DEPOSITS NOT BEING MINED IN 1985:  CANADA DEPARTMENT OF ENERGY, MINES AND RESOURCES MINERAL BULLETIN 198, 308 P.",,,,,,1914.0,1921-1922,,C,True,False,0.5,major
10023441,https://mrdata.usgs.gov/mrds/show-mrds.php?dep_id=10023441,I000402,,Clinton Creek,64.38311,-140.71934,,Canada,Yukon Territory*,,N,Asbestos,,,Unknown,,Y,Past Producer,Chrysotile,,,,,18: Serpentine-hosted asbestos,,,Bear Creek Zone,,"Orris, Greta J.",,"Serpentinite,Argillite",,,,,"CANADA DEPARTMENT OF ENERGY, MINES AND RESOURCES, 1980, CANADIAN MINERAL DEPOSITS NOT BEING MINED IN 1980:  MINERAL POLICY SECTOR INTERNAL REPORT MRI 80/7. 294 P.ASBESTOS, 1978, V. 60, NO. 5.",,,,,,,,,C,True,False,0.6,major
10023658,https://mrdata.usgs.gov/mrds/show-mrds.php?dep_id=10023658,I001057,,Allamoore Talc District,31.15017,-105.06719,,United States,Texas,Hudspeth,N,Talc-Soapstone,,Asbestos,Unknown,Metamorphic,L,Producer,,"Dolomite, Quartz",,"TABULAR, LENSE",,67: Carbonate-hosted magnesite-talc,Host Rocks Metamorphosed To Talcose Phyllite In Lprot.,Greenschist Grade Metamorphism,"Mines and Prospects Include All Described In Individual Records:, Buck Springs, Milwhite Co., Escondido, Glen Ray Corp., Rossman., Texas Talc Co., Southern Clay Products, Section 18, Southwestern, Lone Star Mining Co.",,"Orris, Greta J., Long, Keith R.",Allamoore Formation; Carrizo Mountain Group,"Limestone,Dolomite",Allamoore Formation,"Chert,Basalt","Mprot-Lprot Strike-Slip And Block Faults, Eastern Margin Of District Is Cut Off By The Ltert-Quat Salt Basin Rift Graben",Passive Continental Margin (Mprot); Rio Grande Intracontinental Rift (Today),"BOURBON, W.B., 1982, THE ORIGIN OF TALC IN THE ALLAMOORE DISTRICT, IN INDUSTRIAL ROCKS AND MINERALS OF THE SOUTHWEST: NEW MEXICO BUREAU OF MINES AND MINERAL RESOURCES CIRCULAR 182, P. 77-84.KING, P.B., AND FLAWN, P.T., 1953, GEOLOGY AND MINERAL DEPOSITS OF PRE-CAMBRIAN ROCKS OF THE VAN HORN AREA, TEXAS: UNIVERSITY OF TEXAS, AUSTIN, BUREAU OF ECONOMIC GEOLOGY PUBLICATION 5301, 218 P.FLAWN, P.T., 1958, TEXAS MINERS BOOST TALC OUTPUT: ENGINEERING AND MINING JOURNAL, V. 159, P. 104-105.CHIDCHESTER, A.H., ENGEL, A.E.J., AND WRIGHT, L.A., 1964, TALC RESOURCES OF THE UNITED STATES: USGS BULLETIN 1167, P. 45-47.HARBEN, P.W., AND BATES, R.L., 1990, TALC, IN INDUSTRIAL MINERALS, GEOLOGY AND WORLD DEPOSITS: LONDON, INDUSTRIAL MINERALS DIVISION, METAL BULLETIN, P. 274-281.KYLE, J.R., AND CLARK, K.F., 1990, GEOLOGY OF THE ALLAMOORE TALC DISTRICT, WEST TEXAS, IN KYLE, J.R., ED., INDUSTRIAL MINERAL RESOURCES OF THE DELEWARE BASIN, TEXAS AND NEW MEXICO: SOCIETY OF ECONOMIC GEOLOGISTS GUIDEBOOK SERIES, V. 8, P. 181-190.CIMRIUSBM MINERALS YEARBOOKS 1958-1988; CHIDCHESTER AND OTHERS (1984)",,1952.0,>,1992.0,,,1952-,,B,False,False,780.1,
10023888,https://mrdata.usgs.gov/mrds/show-mrds.php?dep_id=10023888,I007026,,Sul De Jacui,-21.01415,-46.73233,SA,Brazil,Minas Gerais,,N,Asbestos,,,Unknown,,S,Past Producer,,,,,,,,,,,"Carbonaro, Marguerite M.",C. Campos Gerais,Serpentinite,,,,,"CESAR, P. DE A.B., 1984, PRINCIPAIS DEPOSITOS MINERAIS: CONCEITOS, METODOLOGIA E LISTAGEM (CAPITULO IX), IN SCHOBBENHAUSS, C.D., DE A. CAMPOS, G.R. DERZE, AND H.E. ASMUS, EDS., GEOLOGICO DO BRAZIL, TEXTO EXPLICATIVO DO MAPA GEOLOGICO DO BRAZIL E DA AREA OCEANICA ADJACENTE INCLUINDO DEPOSITOS MINERAIS, DEPARTAMENTO NACIONAL DA PRODUCAO MINERAL, BRASILIA, P. 359-419, ESCALA 1:2,500,000CIMRI",,,,,,,,,D,True,False,4351.6,major
10025778,https://mrdata.usgs.gov/mrds/show-mrds.php?dep_id=10025778,K001722,,Newdale Olivine Deposit,35.91342,-82.18652,,United States,North Carolina,Yancey,B,Olivine,,"Asbestos, Chromium",Unknown,,S,Producer,"Chromite, Olivine",,,,,,Serpentinization,,,,"Fagan, James M.",,Gneiss,,,,,"HUNTER, C.E., 1941, FORSTERITE OLIVINE DEPOSITS OF NORTH CAROLINA AND GEORGIA: NORTH CAROLINA DIV. MINERAL RESOURCES BULL. 41 117 P.LARRABEE, D.M. AND SWEENEY, J.W., 1968, OLIVINE IN MINERAL RESOURCES OF THE APPALACHIAN REGION: U.S. GEOLOGICAL SURVEY PROF. PAPER 580, P. 326-327.BROBST, D.A. 1962, GEOLOGY OF THE SPRUCE PINE DISTRICT AVERY, MITCHELL, AND YANCEY COUNTIES NORTH CAROLINA: U.S. GEOLOGICAL SURVEY BULL. 1122.A. 26P.1941 GEOLMAP TENN. VALLEY AUTHORITY, REPORT1962 GEOLMAP BROBST-MAP-REPORTHUNTER, C.E., 1941, N.C. DIV. MIN. RES. BULL. 41",,,,,,,,,C,False,False,0.0,major
10025783,https://mrdata.usgs.gov/mrds/show-mrds.php?dep_id=10025783,K001729,,Frank Olivine Deposit,36.06787,-82.00456,,United States,North Carolina,Avery,B,"Talc-Soapstone, Asbestos, Vermiculite",,"Chromium, Olivine",Unknown,,S,Past Producer,"Chromite, Olivine, Talc, Vermiculite",,,,,,Serpentinization,,,,"Fagan, James M.",,Gneiss,,Pegmatite,,,"HUNTER, C.E., 1941, FORSTERITE OLIVINE DEPOSITS OF NORTH CAROLINA AND GEORGIA: NORTH CAROLINA DIV. MINERAL RESOURCES BULL. 41. 117 P.LARRABEE, D.M. AND SWEENEY, J.W., 1968, OLIVINE IN MINERAL RESOURCES OF THE APPALACHIAN REGION: U.S. GEOLOGICAL SURVEY PROF. PAPER 580, P. 326-327.BROBST, D.A. 1962, GEOLOGY OF THE SPRUCE PINE DISTRICT AVERY, MITCHELL, AND YANCEY COUNTIES NORTH CAROLINA: U.S. GEOLOGICAL SURVEY BULL. 1122.A. 26P.1941 GEOLMAP TENN. VALLEY AUTHORITY, REPORHUNTER, C.E., 1941, N.C. DIV. MIN. RES. BULL. 41",,,,,,,,,B,False,False,0.1,major
10025906,https://mrdata.usgs.gov/mrds/show-mrds.php?dep_id=10025906,K001883,,Addie Olivine Deposit,35.39871,-83.15849,,United States,North Carolina,Jackson,B,"Olivine, Talc-Soapstone","Chromium, Vermiculite","Nickel, Asbestos, Palladium, Rhodium, Platinum",Unknown,,U,Producer,"Asbestos, Chromite, Olivine, Talc, Vermiculite",Chlorite,,RING STRUCTURE,,16: Podiform chromite (major),Serpentinization,"Magmatic Segregation Of Chromite, Ni, And Pgm.  Alteration Of The Ultramafic Body Formed Talc, Asbestos, And Vermiculite",,Magmatic Crystallization Processes,"Fagan, James M., Peterson, Jocelyn A.",Webster-Addie Dunite Body;Webster-Addie Dunite Body,Dunite,Tallulah Falls Formation;Tallulah Falls Formation;Tallulah Falls Formation,Gneiss,"East Of Brevard Fault Zone, Small Faults",Blue Ridge Province,"LIPIN, 1984HUNTER, C.E., 1941, FORSTERITE OLIVINE DEPOSITS OF NORTH CAROLINA AND GEORGIA:  NORTH CAROLINA DIVISION OF MINERAL RESOURCES BULLETIN 41, P. 80-87.LARRABEE, D.M., AND SWEENEY, J.W., 1968, OLIVINE, IN MINERAL RESOURCES OF THE APPALACHIAN REGION:  U.S. GEOLOGICAL SURVEY PROFESSIONAL PAPER 580, P. 326-327.HUNTER, C.E., AND OTHERS, 1942, CHROMITE DEPOSITS OF NORTH CAROLINA:  NORTH CAROLINA DIVISION OF MINERAL RESOURCES BULLETIN 42, P. 12-14.MURDOCK, T.G., AND HUNTER, C.E., 1946, THE VERMICULITE DEPOSITS OF NORTH CAROLINA:  NORTH CAROLINA DIVISION OF MINERAL RESOURCES BULLETIN 50, P. 22.LIPIN, B.R., 1984, CHROMITE FROM THE BLUE RIDGE PROVINCE OF NORTH CAROLINA:  AMERICAN JOURNAL OF SCIENCE, V. 284, P. 507-529.1941 GEOLMAP TENNESSEE VALLEY AUTHORITY, REPORHUNTER, 1941",,,,,,,,,B,True,False,0.0,major
10025909,https://mrdata.usgs.gov/mrds/show-mrds.php?dep_id=10025909,K001886,,Deposit Number Nine,35.19067,-83.27682,,United States,North Carolina,Macon,B,Vermiculite,Asbestos,"Olivine, Chromium, Platinum, Palladium, Rhodium",Unknown,,S,Past Producer,"Asbestos, Chromite, Olivine, Vermiculite","Chlorite, Talc",,LENS,,16: Podiform chromite (major),Serpentinization Is Sparse,Magmatic Segregation Of Chromite And Pgm,"Higdon Asbestos Mine, Mcguire Or Maguire Vermiculite Property, Deposit #9, Ellijay Chromite Prospect",Magmatic Crystallization Processes,"Peterson, Jocelyn A., Fagan, James M.",Deposit #9 Dunite Body,Dunite,Tallulah Falls Formation;Tallulah Falls Formation,Gneiss,"East Of Brevard Fault Zone, Small Faults",Blue Ridge Province,"LIPIN, 1984HUNTER, C.E., 1941, FORSTERITE OLIVINE DEPOSITS OF NORTH CAROLINA AND GEORGIA:  NORTH CAROLINA DIVISION OF MINERAL RESOURCES BULLETIN 41, P. 100-102LARRABEE, D.M., AND SWEENEY, J.W., 1968, OLIVINE, IN MINERAL RESOURCES OF THE APPALACHIAN REGION:  U.S. GEOLOGICAL SURVEY PROFESSIONAL PAPER 580, P. 326-327.MURDOCK, T.G., AND HUNTER, C.E., 1946, THE VERMICULITE DEPOSITS OF NORTH CAROLINA:  NORTH CAROLINA DIVISION OF MINERAL RESOURCES BULLETIN 50, P. 28-31.CONRAD, S.G., AND OTHERS, 1963, ANTHOPHYLLITE ASBESTOS IN NORTH CAROLINA:  NORTH CAROLINA DIVISION OF MINERAL RESOURCES BULLETIN 77, P. 40-42.LIPIN, B.R., 1984, CHROMITE FROM THE BLUE RIDGE PROVINCE OF NORTH CAROLINA:  AMERICAN JOURNAL OF SCIENCE, V. 284, P. 507-529.HUNTER, C.E., AND MURDOCK, T.G., 1942, CHROMITE DEPOSITS OF NORTH CAROLINA:  NORTH CAROLINA DIVISION OF MINERAL RESOURCES BULLETIN 42, P. 16.1941 GEOLMAP TENNESSEE VALLEY AUTHORITY, REPORHUNTER, 1941; HUNTER AND MURDOCK, 1942",,,,,,,,,B,True,False,0.0,major
10025910,https://mrdata.usgs.gov/mrds/show-mrds.php?dep_id=10025910,K001887,,Norton Dunite Deposit,35.00122,-83.39767,,United States,North Carolina,Macon,B,Olivine,,"Asbestos, Vermiculite",Unknown,,S,Past Producer,"Olivine, Vermiculite",,,,,,Amphibolization And Chloritization,,,,"Fagan, James M.",,,,Pegmatite,,,"HUNTER, C.E., 1941, FORSTERITE OLIVINE DEPOSITS OF NORTH CAROLINA AND GEORGIA: NORTH CAROLINA DIV. MINERAL RESOURCES BULL. 41. 117 P.LARRABEE, D.M. AND SWEENEY, J.W., 1968, OLIVINE IN MINERAL RESOURCES OF THE APPALACHIAN REGION: U.S. GEOLOGICAL SURVEY PROF. PAPER 580, P.326-327CONRAD, S.G. AND OTHERS, 1963, ANTHOPHYLLITE ASBESTOS IN NORTH CAROLINA: NORTH CAROLINA DIV. MINERAL RESOURCES BULL. 77, 61 P.MURDOCK, T.G. AND HUNTER, C.E., 1946, THE VERMICULITE DEPOSITS OF NORTH CAROLINA: NORTH CAROLINA DIV. MINERAL RESOURCES BULL. 50. 44 P.1941 GEOLMAP TENN. VALLEY AUTHORITY, REPORCONRAD, S.G., 1963, N.C. DIV. MIN. RES. BULL. 77HUNTER, C.E., 1941, N.C. DIV. MIN. RES. BULL. 41",,,,,,,,,B,False,False,2.8,major
10025912,https://mrdata.usgs.gov/mrds/show-mrds.php?dep_id=10025912,K001889,,Laurel Creek Olivine Deposit,34.94591,-83.17548,,United States,Georgia,Rabun,B,"Olivine, Vermiculite, Asbestos",,,Unknown,Mafic Intrusive,N,Producer,"Asbestos, Vermiculite, Olivine",,,,,,Serpentinization,,,,"Fagan, James M., Cocker, Mark D., Woodruff, Laurel G.",,Gneiss,,Granite,Biotite Schist And Hornblende Gneiss,,"LARRABEE, D.M. AND SWEENEY, J.W., 1968, OLIVINE IN MINERAL RESOURCES OF THE APPALACHIAN REGION: U.S. GEOLOGICAL SURVEY PROF. PAPER 580, P.326-321941 GEOLMAP TENN. VALLEY AUTHORITY, REPORHunter, C.E., 1941, Forsterite Olivine Deposits Of North Carolina And Georgia: Georgia Geological Survey Bulletin 47, 117 Pages. Hunter, C.E., 1941, Forsterite Olivine Deposits Of North Carolina And Georgia: Georgia Geological Survey Bulletin 47, 117 Pages.Larrabee, D.M. And Sweeney, J.W., 1968, Olivine In Mineral Resources Of The Appalachian Region: U.S. Geological Survey Professional Paper 580, P. 326-327.Larrabee, D.M. And Sweeney, J.W., 1968, Olivine In Mineral Resources Of The Appalachian Region: U.S. Geological Survey Professional Paper 580, P. 326-327.HUNTER, C.E., 1941, N.C. DIV. MIN. RES. BULL. 41",,,,,,,,,C,False,False,0.0,major
10026090,https://mrdata.usgs.gov/mrds/show-mrds.php?dep_id=10026090,K002554,,Walnut Cove Creek Mine,35.1715,-82.92265,,United States,North Carolina,Transylvania,N,Asbestos,,,Unknown,,S,Past Producer,,,,LENS,,,,,,,"Fagan, James M.",,Gneiss,,Pegmatite,,,"CONRAD, S.G., AND OTHERS, 1963, ANTHOPHYLLITE ASBESTOS IN NORTH CAROLINA: NORTH CAROLINA DIV. MINERAL RESOURCES BULL. 77, 61P",,,,,,,,,C,False,False,9.5,major
10026107,https://mrdata.usgs.gov/mrds/show-mrds.php?dep_id=10026107,K002577,,Holden Asbestos Mine,35.1815,-83.11516,,United States,North Carolina,Jackson,N,Asbestos,,,Unknown,,S,Past Producer,Asbestos,,,,,,,,,,"Fagan, James M.",,,,,,,"CONRAD, S.G., AND OTHERS, 1963, ANTHOPHYLLITE ASBESTOS IN NORTH CAROLINA: NORTH CAROLINA DIV. MINERAL RESOURCES BULL. 77, 61P1963 RECON CONRAD, S.G., REPORCONRAD, S.G., 1963, N.C. DIV. MIN. RES. BULL. 77",,,,,,,,,C,False,False,9.4,major
10026087,https://mrdata.usgs.gov/mrds/show-mrds.php?dep_id=10026087,K002550,,C. W. Allen Prospect,35.90203,-82.06928,,United States,North Carolina,Yancey,N,Asbestos,,,Unknown,,S,Past Producer,,,,,,,Serpentinization,,,,"Fagan, James M.",,Gneiss,,,,Folded Blue Ridge,"CONRAD, S.G., AND OTHERS, 1963, ANTHOPHYLLITE ASBESTOS IN NORTH CAROLINA: NORTH CAROLINA DIV. MINERAL RESOURCES BULL. 77, 61PCONRAD, S.G., AND OTHERS, 1963, N.C. DIV. MIN. RES. BULL. 77.",,,,,,,1919,,D,False,False,8.1,major
10026088,https://mrdata.usgs.gov/mrds/show-mrds.php?dep_id=10026088,K002551,,Burelson Asbestos Mine,36.06203,-81.95706,,United States,North Carolina,Avery,N,Asbestos,Talc-Soapstone,,Unknown,,S,Past Producer,Talc,,,OVAL,,,,,,,"Fagan, James M.",,Gneiss,,,,Folded Blue Ridge,"CONRAD, S.G., AND OTHERS, 1963, ANTHOPHYLLITE ASBESTOS IN NORTH CAROLINA: NORTH CAROLINA DIV. MINERAL RESOURCES BULL. 77, 61PCONRAD, S.G., AND OTHERS, 1963, N.C. DIV. MIN. RES. BULL. 77.",,1958.0,,,,,1958-?,,C,False,False,3.6,major
10026089,https://mrdata.usgs.gov/mrds/show-mrds.php?dep_id=10026089,K002553,,Miller Asbestos Mine,35.09567,-83.00515,,United States,North Carolina,Transylvania,N,Asbestos,,,Unknown,,S,Past Producer,,,,LENSE,Surface,,Talc Is An Interstitial Alteration Product,,,,"Fagan, James M.",,Gneiss,,,,,"CONRAD, S.G., AND OTHERS, 1963, ANTHOPHYLLITE ASBESTOS IN NORTH CAROLINA: NORTH CAROLINA DIV. MINERAL RESOURCES BULL. 77, 61PCONRAD, S.G., AND OTHERS, 1963, N.C. DIV. MIN. RES. BULL. 77.CONRAD, S.G. AND OTHERS, 1963, N.C. DIV. MIN. RES. BULL. 77",,,,,,,1955,,B,False,False,0.0,major
10026091,https://mrdata.usgs.gov/mrds/show-mrds.php?dep_id=10026091,K002555,,Kilpatrick Asbestos Mine,35.18844,-82.92098,,United States,North Carolina,Transylvania,N,Asbestos,,,Unknown,,Y,Past Producer,,,,,Surface,,,,,,"Fagan, James M.",,Gneiss,,Pegmatite,,,"CONRAD, S.G., AND OTHERS, 1963, ANTHOPHYLLITE ASBESTOS IN NORTH CAROLINA: NORTH CAROLINA DIV. MINERAL RESOURCES BULL. 77, 61PCONRAD, S. G., AND OTHERS, 1963, N. C. DIV. MIN. RES. BULL. 77",,,,,,,INTERMITTENTLY UNTIL 1962,,C,False,False,11.4,major
10026093,https://mrdata.usgs.gov/mrds/show-mrds.php?dep_id=10026093,K002558,,Newdale Asbestos Mine,35.91592,-82.20013,,United States,North Carolina,Yancey,N,Asbestos,,,Unknown,,S,Producer,,,,OVAL SHAPED/CIRCULAR,,,Amphybolization,,,,"Fagan, James M.",,Schist,,Pegmatite,,Folded Blue Ridge,"CONRAD, S.G., AND OTHERS, 1963, ANTHOPHYLLITE ASBESTOS IN NORTH CAROLINA: NORTH CAROLINA DIV. MINERAL RESOURCES BULL. 77, 61PCONRAD, S.G. AND OTHERS, 1963, N.C. DIV. MIN. RES. BULL. 77",,1960.0,,,,,1960,,C,False,False,1.0,major
10026094,https://mrdata.usgs.gov/mrds/show-mrds.php?dep_id=10026094,K002560,,Blue Rock Asbestos Mine,35.89231,-82.18707,,United States,North Carolina,Yancey,N,Asbestos,,,Unknown,,Y,Past Producer,,,,ELIPTICAL/POD,,,Amphibolization,,,,"Fagan, James M.",,Schist,,Granite,,,"CONRAD, S.G., AND OTHERS, 1963, ANTHOPHYLLITE ASBESTOS IN NORTH CAROLINA: NORTH CAROLINA DIV. MINERAL RESOURCES BULL. 77, 61PCONRAD, S.G. AND OTHERS, 1963, N.C. DIV. MIN. RES. BULL. 77",,1941.0,,,,,1941 INTERMITTENT UNTIL 1963,,C,False,False,2.4,major
10026095,https://mrdata.usgs.gov/mrds/show-mrds.php?dep_id=10026095,K002561,,J. C. Woody Asbestos Mine,35.97787,-82.20957,,United States,North Carolina,Yancey,N,Asbestos,Vermiculite,,Unknown,,S,Past Producer,Vermiculite,,,POD,,,Amphibolization,,,,"Fagan, James M.",,Gneiss,,Pegmatite,,,"CONRAD, S.G., AND OTHERS, 1963, ANTHOPHYLLITE ASBESTOS IN NORTH CAROLINA: NORTH CAROLINA DIV. MINERAL RESOURCES BULL. 77, 61PCONRAD, S.G., AND OTHERS, 1963, N.C. DIV. MIN. RES. BULL. 77.",,,,,,,,,C,False,False,5.9,major
10026096,https://mrdata.usgs.gov/mrds/show-mrds.php?dep_id=10026096,K002563,,Sam Grindstaff Asbestos Mine,35.96537,-82.21652,,United States,North Carolina,Yancey,N,Asbestos,,,Unknown,,S,Past Producer,,,,LENS/POD,Surface,,,,,,"Fagan, James M.",,Gneiss,,Pegmatite,A Small Pegmatite Stringer That Is Offset About One Foot Indicates Some Faulting Along The Contact.,,"CONRAD, S.G., AND OTHERS, 1963, ANTHOPHYLLITE ASBESTOS IN NORTH CAROLINA: NORTH CAROLINA DIV. MINERAL RESOURCES BULL. 77, 61P",,,,,,,,,C,False,False,4.9,major
10026097,https://mrdata.usgs.gov/mrds/show-mrds.php?dep_id=10026097,K002564,,Bad Creek Prospect,35.09928,-83.0182,,United States,North Carolina,Jackson,N,Corundum,,Asbestos,Unknown,,Y,Past Producer,"Asbestos, Corundum",,,LEN,Surface,,,,,,"Fagan, James M.",,Gneiss,,,,Folded Blue Ridge,"CONRAD, S.G., AND OTHERS, 1963, ANTHOPHYLLITE ASBESTOS IN NORTH CAROLINA: NORTH CAROLINA DIV. MINERAL RESOURCES BULL. 77, 61P1963 RECON CONRAD, S. G., REPORCONRAD, S.G., 1963",,1895.0,,,,,,,C,False,False,0.7,major
10026098,https://mrdata.usgs.gov/mrds/show-mrds.php?dep_id=10026098,K002566,,Asbestos Mine,35.11761,-83.01043,,United States,North Carolina,Jackson,N,Asbestos,,,Unknown,,Y,Past Producer,Asbestos,,,,Surface,,,,,,"Fagan, James M.",,,,,,,"CONRAD, S.G., AND OTHERS, 1963, ANTHOPHYLLITE ASBESTOS IN NORTH CAROLINA: NORTH CAROLINA DIV. MINERAL RESOURCES BULL. 77, 61P1963 RECON CONRAD, REPORCONRAD, S.G., 1963 P",,1958.0,,,,,1958-1962,,C,False,False,0.0,major
10026099,https://mrdata.usgs.gov/mrds/show-mrds.php?dep_id=10026099,K002567,,Rattlesnake Mine,35.12872,-83.00543,,United States,North Carolina,Jackson,N,Corundum,,Asbestos,Unknown,,Y,Past Producer,"Asbestos, Corundum",,,LENS,,,,,Rattlesnake Asbestos Prospect,,"Fagan, James M.",,,,,,,"CONRAD, S.G., AND OTHERS, 1963, ANTHOPHYLLITE ASBESTOS IN NORTH CAROLINA: NORTH CAROLINA DIV. MINERAL RESOURCES BULL. 77, 61P1963 RECON CONRAD, S.G., REPORCONRAD, S.G., 1963,",,1895.0,,,,,1880'S,,C,False,False,0.1,major
10026100,https://mrdata.usgs.gov/mrds/show-mrds.php?dep_id=10026100,K002568,,Brockton Mine,35.13289,-83.06405,,United States,North Carolina,Jackson,N,"Corundum, Asbestos",,,Unknown,,Y,Past Producer,"Asbestos, Corundum",,,,,,,,,,"Fagan, James M.",,,,,,Folded Blue Ridge,"CONRAD, S.G., AND OTHERS, 1963, ANTHOPHYLLITE ASBESTOS IN NORTH CAROLINA: NORTH CAROLINA DIV. MINERAL RESOURCES BULL. 77, 61P.1905 RECON PRATT AND LEWIS, 1905, REPT1963 RECON CONRAD, 1963, REPORT",,1885.0,,,,,,,C,False,False,4.2,major
10026101,https://mrdata.usgs.gov/mrds/show-mrds.php?dep_id=10026101,K002569,,Jennings No. 2 Asbestos Mine,35.05178,-83.05487,,United States,North Carolina,Jackson,N,"Corundum, Asbestos",,,Unknown,,Y,Past Producer,"Asbestos, Corundum",,,LENS,,,,,Whitewater Corundum Mine,,"Fagan, James M.",,Schist,,Pegmatite,,,"CONRAD, S.G., AND OTHERS, 1963, ANTHOPHYLLITE ASBESTOS IN NORTH CAROLINA: NORTH CAROLINA DIV. MINERAL RESOURCES BULL. 77, 61P1963 RECON CONRAD, S.G., REPORCONRAD, S.G. 1963",,1950.0,,,,,,,C,False,False,7.0,major
10026102,https://mrdata.usgs.gov/mrds/show-mrds.php?dep_id=10026102,K002571,,Coldsides Mountain Mine,35.03567,-83.07988,,United States,North Carolina,Jackson,N,Asbestos,,,Unknown,,S,Past Producer,Asbestos,,,LENS,Surface,,,,,,"Fagan, James M.",,Gneiss,,Amphibolite,Folded Blue Ridge,,"CONRAD, S.G., AND OTHERS, 1963, ANTHOPHYLLITE ASBESTOS IN NORTH CAROLINA: NORTH CAROLINA DIV. MINERAL RESOURCES BULL. 77, 61P1963 RECON CONRAD, S.G., REPORCONRAD, S.G., 1963",,1955.0,,,,,1955-1956,,C,False,False,10.4,major
10026104,https://mrdata.usgs.gov/mrds/show-mrds.php?dep_id=10026104,K002573,,Bryson Asbestos Mine,35.13511,-83.17182,,United States,North Carolina,Jackson,N,Asbestos,,,Unknown,,Y,Past Producer,Asbestos,,,LENS (),,,,,,,"Fagan, James M.",,Gneiss,,,,,"CONRAD, S.G., AND OTHERS, 1963, ANTHOPHYLLITE ASBESTOS IN NORTH CAROLINA: NORTH CAROLINA DIV. MINERAL RESOURCES BULL. 77, 61P1963 RECON CONRAD, S.G., REPORCONRAD, S.G., 1963, N.C. DIV. MIN. RES. BULL. 77",,,,,,,,,C,False,False,7.6,major
10026105,https://mrdata.usgs.gov/mrds/show-mrds.php?dep_id=10026105,K002574,,Manus Asbestos Mine,35.13344,-83.15432,,United States,North Carolina,Jackson,N,Asbestos,,,Unknown,,Y,Past Producer,Asbestos,,,,,,,,,,"Fagan, James M.",,,,,,,"CONRAD, S.G., AND OTHERS, 1963, ANTHOPHYLLITE ASBESTOS IN NORTH CAROLINA: NORTH CAROLINA DIV. MINERAL RESOURCES BULL. 77, 61P1963 RECON CONRAD, S.G., REPORCONRAD, S.G., 1963, N.C. DIV. MIN. RES. BULL. 77",,,,,,,,,C,False,False,8.4,major
10026106,https://mrdata.usgs.gov/mrds/show-mrds.php?dep_id=10026106,K002576,,Alders Asbestos Mine,35.18594,-83.11238,,United States,North Carolina,Jackson,N,Asbestos,,,Unknown,,Y,Past Producer,Asbestos,,,,,,,,,,"Fagan, James M.",,,,,,,"CONRAD, S.G., AND OTHERS, 1963, ANTHOPHYLLITE ASBESTOS IN NORTH CAROLINA: NORTH CAROLINA DIV. MINERAL RESOURCES BULL. 77, 61P1963 RECON CONRAD, S.G., REPORCONRAD, S.G., 1963, N.C. DIV. MIN. RES. BULL. 77",,1955.0,,,,,,,C,False,False,9.7,major
10026486,https://mrdata.usgs.gov/mrds/show-mrds.php?dep_id=10026486,K005129,,Morgan Hill Chromite Prospect,35.77177,-82.5068,,United States,North Carolina,Buncombe,B,"Chromium, Olivine",,"Nickel, Talc-Soapstone, Asbestos",Unknown,,Y,Past Producer,"Asbestos, Chromite, Garnierite, Olivine, Talc","Chalcedony, Vermiculite",,POD/LENS,Surface/Underground,,,Chromite Is Concentrated Through Residual And Mechanical Concentration (Stream Placers) Weathering For Nickel.,,"Dunite Bodies. Residual Conc. And Stream Placers For Chromite, Weathering Residual For Nickel.","Merschat, Carl E.",Bio Horn Migmatite (Unit 2) Roan Gneiss,Gneiss,,,,Blue Ridge,"HUNTER, C. E., MURDOCK, T. G., AND MACCARTHY, G. R., 1942, CHROMITE DEPOSITS OF NORTH CAROLINA: NORTH CAROLINA DEPARTMENT OF CONSERV. AND DEVEL., DIV. OF MINERAL RESOURCES BULL. 42, 39 P.HUNTER, C. E., 1941, FORSTERITE OLIVINE DEPOSITS OF NORTH CAROLINA AND GEORGIA: NORTH CAROLINA DEPT. OF CONSERV. AND DEVEL., DIV. OF MINERAL RESOURCES, BULL. 41, 117 P.PRATT, J. H. AND LEWIS, J. V., 1905, CORUNDUM AND THE PERIDOTITES OF WESTERN NORTH CAROLINA: RALEIGH, NORTH CAROLINA GEOLOGICAL SURVEY, VOL. 1 464 P.BENTZEN, E. H. III, 1970, CHEMICAL COMPOSITION OF SOME NORTH CAROLINA CHROMITE: ECON. GEOL. V. 65 P. 883-885.5) MERSCHAT, C. E., IN PROGRESS 1976, GEOLOGIC MAP AND MINERAL RESOURCES SUMMARY OF THE MARS HILL QUADRANGLE, NORTH CAROLINA:  NORTH CAROLINA DEPARTMENT OF NAT. & ECON.  RESOURCES, MINERAL RESOURCES SECTION  GM 191-SE AND MRS 191-SE.6) PAWEL, G. W., 1939, NICKEL IN NORTH CAROLINA: THE SO-LONG KNOWN SILICATE ORES OF JACKSON CO. ONCE MORE INVITE ATTENTION: ENG. MINING JOUR. V. 140, NO. 10, P. 35 - 38.7) WORTHINGTON, J. E., 1964, AN EXPLORATION PROGRAM FOR NICKEL IN THE SOUTHEASTERN UNITED STATES: ECON. GEOL. V. 59, P. 97 - 109.8) CARPENTER, R. H. AND HALE, R. C. 1967, NICKELIFEROUS SOILS AND STREAM SEDIMENTS ASSOCIATED WITH PERIDOTITES NEAR DEMOCRAT, NORTH CAROLINA: SOUTHEASTERN GEOL. V. 8, NO. 1, P. 9 - 18.5) MERSCHAT, C. E., IN PROGRESS 1976, GEOLOGIC MAP AND MINERAL RESOURCES SUMMARY OF THE MARS HILL QUADRANGLE; NORTH CAROLINA: NORTH CAROLINA DEPT. NAT. AND ECON. RESOURCES, MINERAL RESOURCES SEC. GM 191-SE AND MRS 191-SE1905 COMPILE PRATT & LEWIS N. C. GEOLOGICAL SURVEY1941 COMPILE HUNTER, N. C. DEPT. CONS. & DEVEL.1942 GEOPHYS HUNTER, ET AL., N. C. DEPT. CONS. & DEVEL.HUNTER, C. E., 1941, FORSTERITE OLIVINE DEPOSITS OF N. CAROLINA & GEORGIA",,,,,,,,,B,False,False,0.2,major
10026850,https://mrdata.usgs.gov/mrds/show-mrds.php?dep_id=10026850,M000506,,Loafer Claim Mine,33.75813,-110.92987,,United States,Arizona,Gila,N,Asbestos,,,Unknown,,S,Past Producer,Chrysotile,,,IRREGULAR,Surface/Underground,,,"The Prospects Are On The East Side Of A Fault, West Of Which Is Diabase.","Poscket Creek, Zimmerman Dome, Old Knighton Property, Asbestos Peak",,"Hall, R. K. (Creasey, S. C.), Orris, Greta J.",Mescal Limestone,Limestone,,Diabase,,,"STEWART, L.A., 1956, CHRYSOTILE-ASBESTOS DEPOSITS IN ARIZONA:  USBM INFORMATION CIRCULAR 7745, P. 36.PHILLIPS, K.A., 1987, ARIZONA INDUSTRIAL MINERALS:  ARIZONA DEPARTMENT OF MINES AND MINERAL RESOURCES MINERAL REPORT 4, 185 P.CIMRI",,,,,,,,,B,True,False,363.6,
10026860,https://mrdata.usgs.gov/mrds/show-mrds.php?dep_id=10026860,M000634,,Roadside Mine,33.81814,-110.48097,,United States,Arizona,Gila,B,Asbestos,"Gold, Silver",,Unknown,Vein,S,Past Producer,Chrysotile,,,LINEAR,Underground,,,The Greatest Concentration Of Fibers Is In The Vicinity Of Minor Thrust Faults.,Prochnow Or Cibecue Workings,,"Hall, R. K. (Creasey, S. C.), Orris, Greta J.",Mescal Limestone,Limestone,,Diabase,,,"MOORE, R.T., 1968, MINERAL DEPOSITS OF THE FORT APACHE INDIAN RESERVATION, ARIZONA:  ABM BULLETIN 177, P. 46.STEWART, L.A., 1955, CHRYSOTILE-ASBESTOS DEPOSITS OF ARIZONA:  USBM INFORMATION CIRCULAR 7706, P. 48.PHILLIPS, K.A., 1987, ARIZONA INDUSTRIAL MINERALS:  ARIZONA DEPARTMENT OF MINES AND MINERAL RESOURCES MINERAL REPORT 4, 185 P.CIMRI",,,,,,,,,C,True,False,406.5,
10026863,https://mrdata.usgs.gov/mrds/show-mrds.php?dep_id=10026863,M000639,,Fourth of July,33.80063,-110.61291,,United States,Arizona,Gila,B,"Asbestos, Iron",,,Unknown,Vein,S,Past Producer,"Chrysotile, Magnetite",,,LINEAR,Unknown,,,,Blue Eyes Group,,"Hall, R. K. (Creasey, S. C.), Orris, Greta J.",Mescal Limestone,Limestone,,Diabase,"The Diabase Has An Undulating, Concordant Contact, Which Is Reflected In The Limestone As Minor Anticlines And Synclines.",,"STEWART, L.A., 1955, CHRYSOTILE-ASBESTOS DEPOSITS OF ARIZONA:  USBM INFORMATION CIRCULAR 7745, P. 34.HARPER, C.M., 1964, RECONNAISSANCE OF IRON RESOURCES IN ARIZONA:  USBM INFORMATION CIRCULAR 8236, P. 34.PHILLIPS, K.A., 1987, ARIZONA INDUSTRIAL MINERALS:  ARIZONA DEPARTMENT OF MINES AND MINERAL RESOURCES MINERAL REPORT 4, 185 P.CIMRI",,,,,,,,,B,True,False,393.9,
10026967,https://mrdata.usgs.gov/mrds/show-mrds.php?dep_id=10026967,M001415,,Abril Mine,31.90846,-109.99177,,United States,Arizona,Cochise,B,"Zinc, Copper, Lead","Molybdenum, Silver, Gold, Tungsten","Wollastonite, Asbestos, Bismuth, Beryllium, Lithium, Cadmium, Gallium",Unknown,,S,Producer,"Chalcopyrite, Ferrimolybdite, Galena, Gold, Molybdenite, Silver, Sphalerite, Wollastonite","Chrysotile, Epidote, Garnet",,IRREGULAR,Unknown,,,,"Dos Hermanos, Herrera",Beneath Bedding Plane Faults And Associated With Fissures,"Gere, W., Gest, Don E., Orris, Greta J.",Naco Group Limestone,Limestone,Stronghold Granite,Rhyolite,"Fault N30 To 45w Brings Quartzite On The Sw Against Limestone On Ne.  Bedding Plane Faults, Ne 25-45, And Minor Ne Fissures",,"USBM FILES.KEITH, S.B., 1973, ARIZONA BUREAU OF MINES BULLETIN 187, P. 68.USGS MR-22, P. 4.ARIZONA DEPT OF MINERAL RESOURCES FILE DATA.PEIRCE, H.W., 1990, ARIZONA GEOLOGICAL SURVEY INDUSTRIAL MINERALS CARD FILE.PHILLIPS, K.A., 1987, ARIZONA INDUSTRIAL MINERALS:  ARIZONA DEPARTMENT OF MINES AND MINERAL RESOURCES MINERAL REPORT 4, 185 P.CIMRIKEITH, 1973, ARIZ. BUR. OF MINES BULL. 187.",,,,1953.0,,,,,B,True,False,367.5,
10027085,https://mrdata.usgs.gov/mrds/show-mrds.php?dep_id=10027085,M001965,,Loey and Lena Mine,33.8584,-110.57013,,United States,Arizona,Gila,N,Asbestos,,,Unknown,Vein,S,Past Producer,Chrysotile,,,LINEAR,Surface/Underground,,,,Lorie and Lena,,"Hall, R. K. (Creasey, S. C.), Orris, Greta J.",Mescal Limestone,Limestone,,Diabase,,,"MOORE, R.T., 1968, MINERAL DEPOSITS OF THE FORT APACHE INDIAN RESERVATION, ARIZONA:  ABM BULLETIN 177, P. 51.STEWART, L.A., 1955, CHRYSOTILE - ASBESTOS DEPOSITS IN ARIZONA:  USBM INFORMATION CIRCULAR 7706, P. 47.WILSON, E.D., 1928, ASBESTOS DEPOSITS OF ARIZONA:  ABM BULLETIN 126, P. 65.PHILLIPS, K.A., 1987, ARIZONA INDUSTRIAL MINERALS:  ARIZONA DEPARTMENT OF MINES AND MINERAL RESOURCES MINERAL REPORT 4, 185 P.CIMRI",,,,,,,,,B,True,False,402.0,
10027089,https://mrdata.usgs.gov/mrds/show-mrds.php?dep_id=10027089,M001975,,Canadian Mine,33.80702,-110.54263,,United States,Arizona,Gila,N,Asbestos,,,Unknown,,S,Past Producer,Chrysotile,,,"LINEAR, TABULAR",Underground,,,Contact Metasomatism,"Asbestos King Claims, Ladder","Contact Zone, Fracturing","Hall, R. K. (Creasey, S. C.), Orris, Greta J.",Mescal Limestone,Limestone,,Diabase,,Basin And Range,"STEWART, L.A., 1955, CHRYSOTILE - ASBESTOS DEPOSITS OF ARIZONA:  USBM INFORMATION CIRCULAR 7706, P.  22.SAWYER, M.B., GURMENDI, A.C., DALEY, M.R., AND HOWELL, S.B., 1992, PRINCIPAL DEPOSITS OF STRATEGIC AND CRITICAL MINERALS IN ARIZONA:  UNITED STATS BUREAU OF MINES SPECIAL PUBLICATION, 334 P.PHILLIPS, K.A., 1987, ARIZONA INDUSTRIAL MINERALS:  ARIZONA DEPARTMENT OF MINES AND MINERAL RESOURCES MINERAL REPORT 4, 185 P.CIMRI",,1920.0,,1953.0,,1916.0,,,B,True,False,400.4,
10027306,https://mrdata.usgs.gov/mrds/show-mrds.php?dep_id=10027306,M002802,,Hance Mine,36.04613,-111.94186,,United States,Arizona,Coconino,N,Asbestos,,,Unknown,,S,Past Producer,,Serpentine,,,,,,,,Mine Is At Upper Contact Of Sill And Limestone,"Jones, Royce (Creasey, S.C.), Orris, Greta J.",Occurs In Bass Limestone,"Limestone,Chert",,Diabase,,,"BREED, W.J. AND ROAT, ED, 1974,  GEOLOGY OF THE GRAND CANYON, P. 172.USGS, 1969 , MINERAL AND WATER RESOURCES OF ARIZONA;  P. 308.PHILLIPS, K.A., 1987, ARIZONA INDUSTRIAL MINERALS:  ARIZONA DEPARTMENT OF MINES AND MINERAL RESOURCES MINERAL REPORT 4, 185 P.CIMRI",,,,,,,,,C,True,False,402.3,major
10027320,https://mrdata.usgs.gov/mrds/show-mrds.php?dep_id=10027320,M002869,,American Ores Mine,33.75951,-110.94348,,United States,Arizona,Gila,N,Asbestos,,,Unknown,,S,Past Producer,Chrysotile,Serpentine,,LENSES,Underground,,,,Asbestos Peak Property,,"Gere, W., Hall, R. K. (Creasey, S. C.), Orris, Greta J.",Mescal Limestone,Limestone,,Diabase,See Comments,,"STEWART, L.A., 1955, CHRYSOTILE-ASBESTOS DEPOSITS OF ARIZONA:  USBM INFORMATION CIRCULAR 7706, P. 64.WILSON, E.D., 1928, ASBESTOS DEPOSITS OF ARIZONA:  ABM BULLETIN 126, P. 66.ECON GEOL, V.L 18, P. 663.PHILLIPS, K.A., 1987, ARIZONA INDUSTRIAL MINERALS:  ARIZONA DEPARTMENT OF MINES AND MINERAL RESOURCES MINERAL REPORT 4, 185 P.CIMRIUSBM INFORMATION CIRCULAR 7706 , P. 65",,,,,,,,,B,True,False,362.5,
10027325,https://mrdata.usgs.gov/mrds/show-mrds.php?dep_id=10027325,M002875,,Pueblo-Lucky Strike Prospect,33.85618,-110.89903,,United States,Arizona,Gila,B,"Iron, Asbestos",,,Unknown,,S,Past Producer,"Chrysotile, Magnetite",,,IRREGULAR,,,,,,"At The Pueblo Mine, Three Beds Containing Massive To Disseminated Magnetite, To As Much As 18 - Feet Thick Locally, Are Seperated By About 10 Feet Of Altered And Serpentinized Limestone And Asbestos","Gere, W., Hall, R. K. (Creasey, S. C.)",Mescal Limestone,Limestone,,Diabase,,,"HARPER, C.M., 1964, RECONNAISANCE OF IRON RESOURCES IN ARIZONA:  USBM INFORMATION CIRCULAR 8236, P. 52.STEWART, L.A., 1955, CHRYSOTILE-ASBESTOS DEPOSITS IN ARIZONA:  USBM INFORMATION CIRCULAR 7706, P. 7.WILSON, E.D., 1928, ASBESTOS DEPOSITS OF ARIZONA:  ABM BULLETIN 126, P. 81.PHILLIPS, K.A., 1987, ARIZONA INDUSTRIAL MINERALS:  ARIZONA DEPARTMENT OF MINES AND MINERAL RESOURCES MINERAL REPORT 4, 185 P.",,,,,,,,,B,True,False,373.8,
10027329,https://mrdata.usgs.gov/mrds/show-mrds.php?dep_id=10027329,M002880,,Sloane Creek Group,34.00035,-110.79487,,United States,Arizona,Gila,N,Asbestos,,,Unknown,,S,Past Producer,Chrysotile,,,LENSES,Surface/Underground,,,,"Kyle Asbestos, Aileen & Cowboy Claims",,"Hall, R. K. (Creasey, S. C.), Orris, Greta J.",Mescal Limestone,Limestone,,Diabase,,,"STEWART, L.A., 1955, CHRYSOTILE - ASBESTOS DEPOSITS OF ARIZONA:  USBM INFORMATION CIRCULAR 7706, P. 82.WILSON, E.D., 1928, ASBESTOS DEPOSITS OF ARIZONA:  ABM BULLETIN 126, P. 73 AND 79.USBM INFORMATION CIRCULAR 7706 , P. 83 .",,,,,,,,,B,True,False,394.3,
10027330,https://mrdata.usgs.gov/mrds/show-mrds.php?dep_id=10027330,M002882,,Triangle Asbestos Co.,34.02229,-110.84903,,United States,Arizona,Gila,N,Asbestos,,,Unknown,Vein,S,Past Producer,Chrysotile,,,LINEAR,Underground,,,,,,"Hall, R. K. (Creasey, S. C.)",,Limestone,,Diabase,,,"WILSON, E.D., ASBESTOS DEPOSITS OF ARIZONA:  ABM BULLETIN 126, P. 78CIMRI",,,,,,,,,C,True,False,391.5,
10027363,https://mrdata.usgs.gov/mrds/show-mrds.php?dep_id=10027363,M002964,,American Fiber Co.,33.95924,-110.79153,,United States,Arizona,Gila,N,Asbestos,,,Unknown,,S,Past Producer,Chrysotile,,,LENSES,Surface/Underground,,,,"Rock House Group, King, Many, Montezuma",,"Gere, W., Hall, R. K. (Creasey, S. C.), Orris, Greta J.",Mescal Limestone,Limestone,,Diabase,"About 1/2 Mile South Of The Camp, A Northwest-Southeast Fault, Whose Down Throw Is On The Northeast And Probably Less Than 100 Feet, Cuts Across The Property",,"STEWART, L.A., 1955, CHRYSOTILE ASBESTOS DEPOSITS OF ARIZONA:  USBM INFORMATION CIRCULAR 7706, P. 86.WILSON, E.D., 1928, ABESTOS DEPOSITS OF ARIZONA:  ABM BULLETIN 126, P. 76.PHILLIPS, K.A., 1987, ARIZONA INDUSTRIAL MINERALS:  ARIZONA DEPARTMENT OF MINES AND MINERAL RESOURCES MINERAL REPORT 4, 185 P.CIMRI",,,,,,,,,B,True,False,391.2,
10027371,https://mrdata.usgs.gov/mrds/show-mrds.php?dep_id=10027371,M002976,,American Asbestos Mine,34.01618,-110.88653,,United States,Arizona,Gila,N,Asbestos,,,Unknown,Vein,M,Past Producer,Chrysotile,,,LINEAR,,,,,"Includes Cherry Creek, Buckhorn, Volsberg, Wilson, Benstago, Smith, No. 1, No. 2, Tony, Wolf Springs, No. 7Wolf Spring, Home","Bedding, Intrusions","Hall, R. K. (Creasey, S. C.), Orris, Greta J.",Mescal Limestone,Limestone,,Diabase,,,"STEWART, L.A., 1955, CHRYSOTILE-ASBESTOS DEPOSITS OF ARIZONA:  USBM INFORMATION CIRCULAR 7706, P. 67.SAWYER, M.B., GURMENDI, A.C., DALEY, M.R., AND HOWELL, S.B., 1992, PRINCIPAL DEPOSITS OF STRATEGIC AND CRITICAL MINERALS IN ARIZONA:  UNITED STATS BUREAU OF MINES SPECIAL PUBLICATION, 334 P.CIMRI",,1921.0,,1954.0,,1916.0,,,B,True,False,387.9,
10027391,https://mrdata.usgs.gov/mrds/show-mrds.php?dep_id=10027391,M003014,,Punto Negro Group,33.82535,-110.55763,,United States,Arizona,Gila,N,Asbestos,,,Unknown,,S,Past Producer,Chrysotile,,,LINEAR,Surface/Underground,,,,,,"Hall, R. K. (Creasey, S. C.), Orris, Greta J.",Mescal Limestone,Limestone,,Diabase,,,"STEWART, L.A., 1955, CHRYSOTILE-ASBESTOS DEPOSITS OF ARIZONA:  USBM INFORMATION CIRCULAR 7706, P. 35.PHILLIPS, K.A., 1987, ARIZONA INDUSTRIAL MINERALS:  ARIZONA DEPARTMENT OF MINES AND MINERAL RESOURCES MINERAL REPORT 4, 185 P.CIMRI",,,,,,,,,B,True,False,400.5,
10027392,https://mrdata.usgs.gov/mrds/show-mrds.php?dep_id=10027392,M003015,,Little Favor Group,33.74119,-110.58402,,United States,Arizona,Gila,N,Asbestos,,,Unknown,Vein,S,Past Producer,Chrysotile,,,LINEAR,Surface/Underground,,,,Cibecue Mining Co.,,"Hall, R. K. (Creasey, S. C.), Orris, Greta J.",Mescal Limestone,Limestone,,Diabase,"The Mescal Limestone Which Lies Between Two Quartzite Formations Has Been Intruded By Several Diabase Sills Of Variable Thickness, Which Sometimes Split And Occasionally Include Isolated Masses Of Limestone.  Because Of The Irregularity Of The Intrusions The Limestone Beds Exhibit Variable Attitudes From Essentially Flat Lying To Dips Of 30 Degrees",,"STEWART, L.A., 1956, CHRYSOTILE-ASBESTOS DEPOSITS OF ARIZONA:  USBM INFORMATION CIRCULAR 7745, P. 16.PHILLIPS, K.A., 1987, ARIZONA INDUSTRIAL MINERALS:  ARIZONA DEPARTMENT OF MINES AND MINERAL RESOURCES MINERAL REPORT 4, 185 P.CIMRIUSBM INFORMATION CIRCULAR 7745, P. 18.",,,,,,,,,B,True,False,391.9,
10027396,https://mrdata.usgs.gov/mrds/show-mrds.php?dep_id=10027396,M003022,,Seventy Two and Monte Christo Claims,33.78841,-110.53486,,United States,Arizona,Gila,N,Asbestos,,,Unknown,Vein,S,Past Producer,Chrysotile,,,LENSES,Surface,,,,,,"Hall, R. K. (Creasey, S. C.)",Mescal Limestone,Limestone,,Diabase,,,"WILSON, E.D., ASBESTOS DEPOSITS OF ARIZONA:  ABM BULLETIN 126, P. 55ABM BULLETIN 126 , P. 55",,,,,,,,,C,True,False,399.7,
10027397,https://mrdata.usgs.gov/mrds/show-mrds.php?dep_id=10027397,M003023,,Apache Mine,33.84535,-110.5743,,United States,Arizona,Gila,N,Asbestos,,,Unknown,Vein,S,Past Producer,Chrysotile,,,LINEAR,Unknown,,,,"Crown Asbestos Mine, Mcintyre Mine",The Ore Zone Is Localized In A Zone Of Moderate Thrust Faulting,"Gere, W., Hall, R. K. (Creasey, S. C.), Orris, Greta J.",Mescal Limestone,Limestone,,Diabase,,,"STEWART, L.A., 1955, CHRYSOTILE-ASBESTOS DEPOSITS OF ARIZONA:  INFORMATION CIRCULAR 7706, P. 36.MOORE, R.T., 1968, MINERAL DEPOSITS OF THE FORT APACHE INDIAN RESERVATION:  ABM BULLETIN 177, P. 49.PHILLIPS, K.A., 1987, ARIZONA INDUSTRIAL MINERALS:  ARIZONA DEPARTMENT OF MINES AND MINERAL RESOURCES MINERAL REPORT 4, 185 P.CIMRI",,,,,,,,,B,True,False,400.6,
10027400,https://mrdata.usgs.gov/mrds/show-mrds.php?dep_id=10027400,M003030,,Ruiz Prospect,33.74619,-110.60819,,United States,Arizona,Gila,N,Asbestos,,,Unknown,Vein,S,Past Producer,Chrysotile,,,LINEAR,Surface/Underground,,,,"Longview, Eagle Nest",,"Hall, R. K. (Creasey, S. C.), Bolm, Karen S.",Mescal Limestone,Limestone,,Diabase,No Diabase Was Observed In The Limestone Section Anywhere Near This Deposit. One Explanation To Account For This Mineralization Would Be The Assumption That A Diabase Sill Originally Overlaid The Crest Of The Ridge But Has Been Eroded Away,,"STEWART, L.A., 1956, CHRYSOTILE-ASBESTOS DEPOSITS OF ARIZONA:  USBM INFORMATION CIRCULAR 7745, P. 23.PHILLIPS, K.A., 1987, ARIZONA INDUSTRIAL MINERALS:  ARIZONA DEPARTMENT OF MINES AND MINERAL RESOURCES MINERAL REPORT 4, 185 P.CIMRI",,,,,,,,,B,True,False,390.2,
10027403,https://mrdata.usgs.gov/mrds/show-mrds.php?dep_id=10027403,M003033,,Dream Girl Mine,33.80119,-110.52375,,United States,Arizona,Gila,N,Asbestos,,,Unknown,Vein,S,Past Producer,Chrysotile,,,DISCONTINOUS,Underground,,,,Soren-Williams,,"Hall, R. K. (Creasey, S. C.), Orris, Greta J.",Mescal Limestone,Limestone,,Diabase,,,"STEWART, L.A., 1956, CHRYSOTILE-ASBESTOS DEPOSITS OF ARIZONA:  USBM INFORMATION CIRCULAR 7745, P. 30.PHILLIPS, K.A., 1987, ARIZONA INDUSTRIAL MINERALS:  ARIZONA DEPARTMENT OF MINES AND MINERAL RESOURCES MINERAL REPORT 4, 185 P.CIMRI",,,,,,,,,C,True,False,401.6,
10027404,https://mrdata.usgs.gov/mrds/show-mrds.php?dep_id=10027404,M003035,,Seneca Prospect,33.76952,-110.51569,,United States,Arizona,Gila,B,Asbestos,,"Tungsten, Iron",Unknown,,S,Past Producer,"Chrysotile, Magnetite, Wollastonite",,,LINEAR,Underground,,,,Accident Group,,"Gere, W., Hall, R. K. (Creasey, S. C.)",,Limestone,,Diabase,,,"BROMFIELD, C. S., SHRIDE, A. F., 1956 , MINERAL RESOURCES OF THE SAN CARLOS INDIAN RESERVATION, ARIZONA:  UNITED STATES GEOLOGICAL SURVEY BULLETIN 1027-N, P. 639 .HARRER, C. M., 1964 , RECONNAISSANCE OF IRON RESOURCES IN ARIZONA:  USBM INFORMATION CIRCULAR 8236 , P. 54 .WILSON, E. D., 1928 , ASBESTOS DEPOSITS OF ARIZONA:  ABM BULLETIN 126 , P. 58 .A.B.M. BULLETIN 126 , P. 58",,,,,,,,,B,True,False,399.9,
10027407,https://mrdata.usgs.gov/mrds/show-mrds.php?dep_id=10027407,M003038,,Cobb & Dunaway Group,33.78064,-110.49847,,United States,Arizona,Gila,B,Asbestos,,Manganese,Unknown,Vein,S,Past Producer,"Chrysotile, Magnetite",,,LINEAR,Underground,,,,,,"Hall, R. K. (Creasey, S. C.)",,Limestone,,Diabase,,,"WILSON, E. D.;  1928 ;  ASBESTOS DEPOSITS OF ARIZONA:  ABM BULLETIN 126 , P. 60",,,,,,,,,C,True,False,402.2,
10027409,https://mrdata.usgs.gov/mrds/show-mrds.php?dep_id=10027409,M003040,,Silk Claims,33.79952,-110.47069,,United States,Arizona,Gila,N,Asbestos,,,Unknown,Vein,S,Past Producer,Chrysotile,,,LINEAR,,,,,,,"Gere, W., Hall, R. K. (Creasey, S. C.), Orris, Greta J.",Mescal Limestone,Limestone,,Diabase,,,"BROMFIELD, C.S., AND SHRIDE, A.F., 1956, MINERAL RESOURCES OF THE SAN CARLOS INDIAN RESERVATION, ARIZONA:  US GEOLOGICAL SURVEY BULLETIN 1027-N, P. 651.PHILLIPS, K.A., 1987, ARIZONA INDUSTRIAL MINERALS:  ARIZONA DEPARTMENT OF MINES AND MINERAL RESOURCES MINERAL REPORT 4, 185 P.CIMRIUSGS BULLETIN 1027-N, P. 651.",,,,,,,,,C,True,False,406.0,
10027412,https://mrdata.usgs.gov/mrds/show-mrds.php?dep_id=10027412,M003044,,Bear Canyon Mine,33.53536,-110.33429,,United States,Arizona,Gila,N,Asbestos,,,Unknown,Vein,S,Past Producer,Chrysotile,,,LINEAR,Underground,,,,,"Most Of The Asbestos Of The Bear Canyon Deposit Occurred In A 30 To 50 Foot Thick Limestone Block, Or ""Sliver"", Overlain And Underlain By Diabase Sills.","Gere, W., Hall, R. K. (Creasey, S. C.), Orris, Greta J.",Mescal Limestone,Limestone,,Diabase,,,"BROMFIELD, C.S., AND SHRIDE, A.F., 1956, MINERAL RESOURCES OF THE SAN CARLOS INDIAN RESERVATION, ARIZONA:  U.S. GEOLOGICAL SURVEY BULLETIN 1027-N, P. 664.STEWART, L.A., 1955, CHRYSOTILE-ASBESTOS DEPOSITS OF ARIZONA:  BUREAU OF MINES INFORMATION CIRCULAR 7706, P. 50.WILSON, E.D., 1928, ASBESTOS DEPOSITS OF ARIZONA:  ARIZONA BUREAU OF MINES BULLETIN 126 , P. 61.PHILLIPS, K.A., 1987, ARIZONA INDUSTRIAL MINERALS:  ARIZONA DEPARTMENT OF MINES AND MINERAL RESOURCES MINERAL REPORT 4, 185 P.CIMRISTEWART, 1955 , B OF M INFORMATION CIRCULAR 7706.",,,,,,,,,B,True,False,399.1,
10027415,https://mrdata.usgs.gov/mrds/show-mrds.php?dep_id=10027415,M003047,,Stansbury Mine,33.80341,-110.37512,,United States,Arizona,Gila,N,Asbestos,,,Unknown,Vein,S,Past Producer,Chrysotile,,,LINEAR,Surface/Underground,,,,"K & M Mine, Reidhead and Greenwade",,"Hall, R. K. (Creasey, S. C.), Orris, Greta J.",Mescal Limestone,Limestone,,Diabase,,,"MOORE, R.T., 1968, MINERAL DEPOSITS OF THE FORT APACHE INDIAN RESERVATION:  ABM BULLETIN 177, P. 49.STEWART, L.A., 1955, CHRYSOTILE-ASBESTOS DEPOSITS OF ARIZONA: USBM INFORMATION CIRCULAR 7706, P. 42.PHILLIPS, K.A., 1987, ARIZONA INDUSTRIAL MINERALS:  ARIZONA DEPARTMENT OF MINES AND MINERAL RESOURCES MINERAL REPORT 4, 185 P.CIMRIABM BULLETIN 177 , P. 49.",,,,,,,,,C,True,False,414.5,
10027440,https://mrdata.usgs.gov/mrds/show-mrds.php?dep_id=10027440,M003093,,Great View Mine,33.79119,-110.50458,,United States,Arizona,Gila,N,Asbestos,,,Unknown,Vein,S,Past Producer,Chrysotile,,,LINEAR,Underground,,,The Best Asbestos Appears To Be Limited To An Elongate Zone 40 To 50 Ft  Wide Trending Ne,,,"Gere, W., Hall, R. K. (Creasey, S. C.), Orris, Greta J.",Mescal Limestone,Limestone,,Diabase,Several Small-Scale Thrusts Of Nortwest Trend And Southwest Dip Are Exposed In The Underground Wrokings.  Movement On These Thrusts Amounts To Only A Few Inches.,,"BROMFIELD, C. S., SHRIDE, A. F., 1956 , MINERAL RESOURCES OF THE SAN CARLOS INDIAN RESERVATION ARIZONA:  US GEOLOGICAL SURVEY BULLETIN 1027-N, P. 658 .PHILLIPS, K.A., 1987, ARIZONA INDUSTRIAL MINERALS:  ARIZONA DEPARTMENT OF MINES AND MINERAL RESOURCES MINERAL REPORT 4, 185 P.CIMRI",,,,,,,,,C,True,False,402.5,
10027447,https://mrdata.usgs.gov/mrds/show-mrds.php?dep_id=10027447,M003111,,Melrose Mines,33.99979,-110.87848,,United States,Arizona,Gila,N,Asbestos,,,Unknown,Vein,S,Past Producer,Chrysotile,,,LENSES,Surface/Underground,,,,Melrose Group,,"Hall, R. K. (Creasey, S. C.), Orris, Greta J.",Mescal Limestone,Limestone,,Diabase,"In Some Areas The Limestone Bedding Has Been Disturbed By Thrust And Bedding-Plane Faulting, With Consequent Fracturing And Shearing",,"STEWART, L.A., 1955, CHRYSOTILE-ASBESTOS DEPOSITS OF ARIZONA:  USBM INFORMATION CIRCULAR 7706, P. 89.PHILLIPS, K.A., 1987, ARIZONA INDUSTRIAL MINERALS:  ARIZONA DEPARTMENT OF MINES AND MINERAL RESOURCES MINERAL REPORT 4, 185 P.CIMRIUSBM INFORMATION CIRCULAR 7706.",,,,,,,1920'2 TO 1940'S,,B,True,False,387.2,
10027450,https://mrdata.usgs.gov/mrds/show-mrds.php?dep_id=10027450,M003118,,White Tail Group,33.81036,-110.50402,,United States,Arizona,Gila,B,Asbestos,,Iron,Unknown,Vein,S,Past Producer,Chrysotile,,Magnetite,LINEAR,Unknown,,,Asbestos Mineralization Is In The Area That Has Been Disturbed By A Thrust Fault And Minor Normal Faulting,Horse Shoe,,"Hall, R. K. (Creasey, S. C.)",,Limestone,,Diabase,,,"STEWART, L. A.;  1955 ;  CHRYSOTILE ASBESTOS DEPOSITS OF ARIZONA:  USBM INFORMATION CIRCULAR 7706 , P. 45 .HARPER, C. M.;  1964 ;  RECONNAISSANE OF IRON RESOURCES IN ARIZONA:  USBM INFORMATION CIRCULAR 8236 , P. 56 .WILSON, E. D.;  1928 ;  ASBESTOS DEPOSITS OF ARIZONA:  ABM BULLETIN 126 , P. 63 .",,,,,,,,,C,True,False,404.0,
10027452,https://mrdata.usgs.gov/mrds/show-mrds.php?dep_id=10027452,M003120,,Double Buttes Prospect,33.61119,-110.7468,,United States,Arizona,Gila,N,Asbestos,,,Unknown,,S,Past Producer,Chrysotile,,,LINEAR,,,,,,,"Hall, R. K. (Creasey, S. C.), Orris, Greta J.",Mescal Limestone,Limestone,,Diabase,,,"STEWART, L.A., 1956, CHRYSOTILE-ASBESTOS DEPOSITS IN ARIZONA:  USBM INFORMATION CIRCULAR 7745, P. 37.PHILLIPS, K.A., 1987, ARIZONA INDUSTRIAL MINERALS:  ARIZONA DEPARTMENT OF MINES AND MINERAL RESOURCES MINERAL REPORT 4, 185 P.CIMRI",,,,,,,,,C,True,False,368.5,
10027453,https://mrdata.usgs.gov/mrds/show-mrds.php?dep_id=10027453,M003122,,Metate No. 1 Prospect,33.85979,-110.90514,,United States,Arizona,Gila,N,Asbestos,,,Unknown,Vein,S,Past Producer,Chrysotile,Serpentine,,LENSES,Surface/Underground,,Serpentinization,,,,"Hasler, J.W., Hall, R.K. (Creasey, S.C.), Orris, Greta J.",Mescal Limestone,Limestone,,Diabase,,,"STEWART, L.A., 1955, CHRYSOTILE-ASBESTOS DEPOSITS OF ARIZONA:  USBM INFORMATION CIRCULAR 7706, P. 98.PHILLIPS, K.A., 1987, ARIZONA INDUSTRIAL MINERALS:  ARIZONA DEPARTMENT OF MINES AND MINERAL RESOURCES MINERAL REPORT 4, 185 P.CIMRI",,,,,,,,,B,True,False,373.6,
10027997,https://mrdata.usgs.gov/mrds/show-mrds.php?dep_id=10027997,M004712,,John D. Hoff Asbestos Co,37.80351,-122.14326,,United States,California,Alameda,N,Asbestos,,,Unknown,,S,Producer,,,,,,,,,,,"Gere, W.",,,,,,,"U.S. BUREAU OF MINES I.C. 7860, P.3,7,11CALIF. JOUR. MINES & GEOL. V. 46, NO.2,APRIL 1950, P.285, 342, PL.58REPORT 25 OF STATE MINERALOGIST, P.430",,,,,,,,,D,False,False,1.9,major
10027893,https://mrdata.usgs.gov/mrds/show-mrds.php?dep_id=10027893,M004367,,Bass Mine,36.25334,-112.38215,,United States,Arizona,Coconino,N,Asbestos,,,Unknown,,S,Past Producer,,,,VEINS ALONG BEDDING,,,,,Asbestos Camp,"Thickest Veins Occur In Limestone, 3 To 15 Ft. Below Diabase Sill","Jones, Royce (Creasey, S.C.), Wells, Tina M. (Orris, Greta J.)",Bass Limestone,Limestone,,Diabase,,,"NOBLE, L.F., 1914, SHINUMO QUADRANGLE:  USGS BULL 549, P. 57 - 60.BREED, W.J., AND ROAT, E. (ED.),  1974, GEOLOGY OF THE GRAND CANYON, P. 174.PEIRCE, H.W., 1990, ARIZONA GEOLOGICAL SURVEY INDUSTRIAL MINERALS CARD FILES.STEWART, L.A., 1955, CHRYSOTILE-ASBESTOS DEPOSITS OF ARIZONA:  U.S. BUREAU OF MINES INFORMATION CIRCULAR 7706, P. 115.PHILLIPS, K.A., 1987, ARIZONA INDUSTRIAL MINERALS:  ARIZONA DEPARTMENT OF MINES AND MINERAL RESOURCES MINERAL REPORT 4, 185 P.CIMRIREF #2",,,,,,,,,B,False,False,366.3,major
10027919,https://mrdata.usgs.gov/mrds/show-mrds.php?dep_id=10027919,M004495,,Big Jim Mine,35.01974,-114.37302,,United States,Arizona,Mohave,B,"Gold, Silver",,"Molybdenum, Lead, Copper, Asbestos",Unknown,,S,Past Producer,"Chalcopyrite, Gold, Wulfenite","Calcite, Gypsum, Quartz",,"LENTICULAR, LONG & NARROW",Underground,,,Faulting And Reopening Of Veins Was Necessary To Form Ore,,Fracturing,"Peterson, Jocelyn A.",,Rhyolite,Oatman Andesite;Gold Road Latite,Latite,"Nnw To Wnw Trending Vein And Fault System In Tert Volcanic Rocks, The Mallory Fault Throws Upper Portion Of Vein Down And To The Sw  Displacing Big Jim-Aztec Ore Shoot To Form The Gray Eagle Ore Shoot",,"GARDNER, 1936, USBM IC 6901LAUSEN, 1931, ABM BULL 131LAUSEN, 1942, PRINCETON UNIV. PRESSABGMT-USBM FILE DATAADMR FILE DATAAIME TRANS, 1928, V. 76, P. 64ABM BULL 131, ABM FILE DATA",,,,,,,,,B,False,False,237.2,
10029293,https://mrdata.usgs.gov/mrds/show-mrds.php?dep_id=10029293,M006741,,Jefferson Lake Vorhees,37.92433,-120.53387,,United States,California,Calaveras,N,Asbestos,,,Unknown,,S,Producer,,,,,,,,,Pacific Asbestos Co.,,"Gere, W.",,,,,,,"CALIF. V. 32, NO. 3, P. 226-7REPT. 21, P.163-4; B. 176, P. 53MINING ENGINEERING, SEPT. 1962, P. 57-60, OCT. 1962, P. 84-89NEVADA MINING ASSOCIATION, 1962, NEWSLETTER NO. 114: NEVADA MINING ASSOCIATION, SEPTEMBER 15, 1962.",,,,,,,,,D,False,False,0.0,major
10030068,https://mrdata.usgs.gov/mrds/show-mrds.php?dep_id=10030068,M007987,,Contraband,38.87518,-120.8138,,United States,California,El Dorado,B,Copper,Asbestos,,Unknown,Vein,S,Past Producer,Copper,,,,,,,,Ford,,"Gere, W., Fraticelli, L. A. (Albers, J.)",,Schist,,,,,"AUBURY, L. E., 1908 , COPPER RESOURCES IN CALIFORNIA BULL. 50 :  CALIF. MIN. BUR., P. 214 - 216CLARK, W. B. AND CARLSON, D. W., 1956 :  MINES AND MINERAL RESOURCES, EL DORADO COUNTY, CA.:  CALIF. JOUR. MINES AND GEOLOGY, VOL. 52 , NO. 4 :  DIV. OF MINES, P. 479 .CLARK & CARLSON, 1956",,,,,,,1904 - 1906,,C,False,False,0.0,major
10032580,https://mrdata.usgs.gov/mrds/show-mrds.php?dep_id=10032580,M014170,,Upper Burnt River,44.56292,-117.9127,,United States,Oregon,Baker,N,Asbestos,,,Unknown,,U,Past Producer,Anthophyllite,Talc,,,,18: Serpentine-hosted asbestos,,,,Shear Zone,"Lee, W., Bradley, Robin (Walker, George W.), Gray, Jerry J., Li, Zhiping (Peters, S.)",,"Gabbro,Greenstone,Schist,Serpentinite",,,,,"MOORE, B. N., 1937, NONMETALLIC MINERAL RESOURCES OF EASTERN OREGON: USGS BULL. 875 , P. 16",,,,,,,,,B,True,True,25.6,major
10036427,https://mrdata.usgs.gov/mrds/show-mrds.php?dep_id=10036427,M025224,,Ellinger Asbestos,42.00539,-122.88891,,United States,Oregon,Jackson,N,Asbestos,,,Unknown,Replacement,N,Past Producer,Chrysotile,,,,,,,,,,"Ferns, Mark L. (Brooks, Howard C.), Gray, Jerry J.",Applegate Group,Serpentinite,,,,,"WOLFE, D.J., 1950, ELLINGER ASBESTOS;  ODGMI UNPUBLISHED FILE REPORT",,,,,,,,,C,True,False,0.0,major
10038769,https://mrdata.usgs.gov/mrds/show-mrds.php?dep_id=10038769,M046210,,Strathy Township,47.08555,-79.83306,,Canada,Ontario,,B,"Nickel, Copper, Gold, Silver, Palladium, Platinum","Chromium, Asbestos",,Unknown,Vein,Y,Past Producer,"Asbestos, Chalcopyrite, Chromite, Pentlandite, Pyrrhotite",,,OVAL SHAPE,,,Peridotite Altered To Serpentine,,,,"Blair, Will N.",,,,,,,"O'NEILL AND GUNNING, 1934, PT DEPOSITS OF CANADA: ECON. GEOL. REPT. NO. 13, P. 71 - 72ONTARIO DEPT. MINES REPT., V. 40, PT. 1, 1931, P. 22",,,,,,,,,C,False,False,196.2,major
10043727,https://mrdata.usgs.gov/mrds/show-mrds.php?dep_id=10043727,M100640,0060190038,James-Corbett Mine,36.30939,-120.56292,,United States,California,Fresno,B,"Chromium, Asbestos",,Iron,Unknown,,S,Past Producer,"Chromite, Uvarovite","Calcite, Magnesite, Magnetite, Talc",,IRREGULAR,Surface/Underground,,Serpentinization,,Corbett-Byles Mine,,"Oster, Karel L. (Albers, John P.)",Franciscan Formation;Ponoche,"Dunite,Serpentinite",,,,,"STINSON, M.C., 1976, MINERAL PROPERTY REPORT, CDMG UNPUBLISHED REPORT.CDMG SR 71, 19 P.USBM MINERAL YEARBOOK, V. 3, 1954, P. 207; 1955, P. 210",,1951.0,,,,,,,B,True,False,0.0,major
10045177,https://mrdata.usgs.gov/mrds/show-mrds.php?dep_id=10045177,M232860,,Star of the West Mine,39.12909,-117.55038,,United States,Nevada,Nye,B,"Gold, Silver, Asbestos",Copper,,Unknown,Vein,S,Past Producer,Gold,"Chalcopyrite, Galena, Pyrite",,,Surface/Underground,,,,,,"Flynn, Patricia Dodd",,Andesite,,,Window In Tertiary Volcanics,,"STEWART, J.H., MCKEE, E.H., AND STAGER, H.K., 1977, GEOLOGY AND MINERAL DEPOSITS OF LANDER COUNTY, NEVADA:  NBMG BULL. 88.YORK, BERNARD, 1936, UNPUBLISHED REPORT ON GOLD PARK MINES, NBMG FILESNASH, A.D., 1930, UNPUBLISHED REPORT ON GOLD PARK MINE, NBMG FILES",,,,,,,,,C,False,False,20.2,major
10046353,https://mrdata.usgs.gov/mrds/show-mrds.php?dep_id=10046353,M241482,,Old Dominion Mine,33.4148,-110.79097,,United States,Arizona,Gila,B,Copper,"Silver, Gold, Lead, Zinc","Asbestos, Aluminum, Kaolin",Unknown,,S,Past Producer,"Actinolite, Alunite, Bornite, Chalcocite, Chalcopyrite, Covellite, Galena, Psilomelane, Sphalerite, Wad","Epidote, Garnet, Halloysite, Kaolinite, Limonite, Quartz, Sericite",,IRREGULAR,Underground,,"In The Central Vein Where Limestone Was Most Completely Replaced By Hypogene Sulfides, And Gangue Minerals, Downward Migration Of Copper Continued As Long As Pyrite Remained In Vein. When All Pyrite Had Been Either Oxidized Or Replaced, Further Oxidation A Lterro The Chalcocite To Copper Carbinates And Oxides In The Oxidation Zone.","Enrichment Was In The Erosional Period Preceding Dacite Ecuption. It Is Auestion Able That Any Appreciable Enrichment Occurred In The Present Erosion Cycle, Except Perhaps Ne Of The Mine.","Old Dominion and United Globe, Globe and Transit","Fault Zones Trending Ne And N-S, Bedding Planes Dipping Gently Ssw","Roth, Frances A. (Gest, Don E.), Carbonaro, Marguerite M., Orris, Greta J.","Troy Quartzite;Naco Limestone, Martin Limestone, Escabrosa Limestone;Mescal Limestone, Dripping Springs Quartzite","Diabase,Quartzite,Limestone",Madera Diorite;Schultze Granite,"Quartz Monzonite,Diorite,Diabase","N And W Of Mine Is A Complex Network Of Ne And N-S Faults In Precambrian Diabase And Lower Paleozoic Sediments, Two Small Parallel Nw Trending Faults, One Intersects With Ne Trending Fault Near A Shaft Tert Dacite Overlies Deposit To Northwest","S Edge Of District, Only Mine Where Inteunions Of Schultze Granite Are Exposed.","ABGMT CLIPPINGS FILES.ABGMT-USBM FILE DATA.ADMR FILE DATA.TENNEY, J.B., HISTORY OF MINING IN ARIZONA, 1927-29, P. 72-82.PETERSON, N.P., 1962, GEOLOGY AND ORE DEPOSITS OF THE GLOBE-MIAMI DISTRICT, ARIZONA, USGS PP 342, P. 98-103.RANSOME, F.L.,1903,  GEOLOGY OF THE GLOBE COPPER DISTRICT, ARIZONA, USGS PP 12, P. 134-152.LAUSEN, CARL, 1923. GEOLOGY OF THE OLD DOMINION MINE. UNIVERSITY OF ARIZONA M.S. THESIS.GALBRAITH, FREDERIC W., 1947, MINERALS OF ARIZONA:  ABM BULLETIN NO. 153, P. 70.PEIRCE, H.W., 1990, ARIZONA GEOLOGICAL SURVEY INDUSTRIAL MINERAL CARD FILES.PHILLIPS, K.A., 1987, ARIZONA INDUSTRIAL MINERALS:  ARIZONA DEPARTMENT OF MINES AND MINERAL RESOURCES MINERAL REPORT 4, 185 P.CIMRI",,1882.0,,1957.0,,1874.0,,,B,False,True,351.3,
10048842,https://mrdata.usgs.gov/mrds/show-mrds.php?dep_id=10048842,MX00010,,Cajon De Onapa,28.7669,-109.10061,,Mexico,Sonora,,N,Asbestos,,,Unknown,,S,Past Producer,,,,,,18: Serpentine-hosted asbestos,,,,,"Staude, John-Mark G. (Page, Norman J.)",,,,,,,"GUILD, PHILIP W., 1981, PRELIMINARY METALLOGENIC MAP OF NORTH AMERICA: LISTING OF DEPOSITS: U.S. GEOLOGICAL SURVEY, GEOLOGICAL SURVEY CIRCULAR 858-B, 72 P.",,,,,,,,,D,False,False,567.7,
10048948,https://mrdata.usgs.gov/mrds/show-mrds.php?dep_id=10048948,MX00134,,Punta Eugenia,27.45025,-114.25074,,Mexico,Baja California Sur,,N,Asbestos,,,Unknown,,S,Past Producer,,,,,,18: Serpentine-hosted asbestos,,,,,"Staude, John-Mark G. (Page, Norman J.), Leonard, Kenneth R.",,,,,,,"GUILD, PHILIP W., 1981, PRELIMINARY METALLOGENIC MAP OF NORTH AMERICA: LISTING OF DEPOSITS: U.S. GEOLOGICAL SURVEY, GEOLOGICAL SURVEY CIRCULAR 858-B, 72 P..SALAS, G.P., 1975, CARTA Y PROVINCIAS METALOGENETICAS DE LA REPUBLICA MEXICANA: CONSEJO DE RECURSOS MINERALES PUBLICACION 21 E, P. 187.",,,,,,,,,D,False,False,687.6,
10053145,https://mrdata.usgs.gov/mrds/show-mrds.php?dep_id=10053145,OR06001,,Quartz-Serpentine Pit,42.4926,-123.0817,,United States,Oregon,Jackson,N,"Quartz, Asbestos",,,Unknown,,Y,Past Producer,,,,,,,,,,,"Gray, Jerry J.",,,,,,,OREGON DEPT. OF GEOLOGY AND MINERAL IND. MINED LAND RECLAMATION FILES,,,,,,,,,D,False,False,5.2,minor
10056422,https://mrdata.usgs.gov/mrds/show-mrds.php?dep_id=10056422,TC00205,,North American Asbestos Co.,33.46119,-111.07792,,United States,Arizona,Pinal,N,,Asbestos,,Unknown,,S,Past Producer,Chrysotile,,,,,,,,,,"Wells, Tina M. (Orris, Greta J.)",Mescal Limestone,Limestone,,,,,"STEWART, L.A., 1955, CHRYSOTILE-ASBESTOS DEPOSITS OF ARIZONA: US BUREAU OF MINES INFORMATION CIRCULAR 7706, P. 113.PEIRCE, H.W., 1990, ARIZONA GEOLOGICAL SURVEY INDUSTRIAL MINERALS CARD FILE.CIMRI",,,,,,,,,C,True,False,329.3,
10056544,https://mrdata.usgs.gov/mrds/show-mrds.php?dep_id=10056544,TC00589,,"Celina Group, Sierra De Las Cortaderas",-32.31413,-69.14947,SA,Argentina,Mendoza,,N,"Talc-Soapstone, Asbestos",,,Unknown,Replacement,S,Past Producer,"Actinolite, Chrysotile, Talc","Antigorite, Calcite, Chlorite",,"LENSES, TABULAR",,20: Ultramafic hosted magnesite,,,"Maria Eugenia, Lucia, La Raspa, Mines: Maria Teresa, Beatriz, Agua Dulce, Serpentina Verde",,"Bolm, Karen S., Venable, Margaret",,Serpentinite,,,,,"DIRECCION NACIONAL DE MINERA Y GEOLOGIA, 1991, REPORT ON THE ARGENTINE MINING SECTOR,  ARGENTINE SELECTED MINING PROJECT: BUENOS AIRESANGELELLI,V., ET. AL., 1980, LOS YACIMIENTOS MINERALES Y NO METALIFEROS Y ROCAS DE APLICACION DE LA REGION CENTRO CUYO:  MINESTERIO DE ECONOMIA, SUBSECRETARIA DE MINERIA, ANALES, VOL. 19, P. 143-150.ANGELELLI, V., 1984, YACIMIENTOS METALIFEROS DE LA REPUBLICA ARGENTINA:  LA PLATA, PROVINCIA DE BUENOS AIRES,  COMISION DE INVESTIGACIONES CIENTIFICAS.HARRINGTON, H. J., 1971, DESCRIPCION GEOLOGICA DE LA HOJA 22C, RAMBLON; BUENOS AIRES, DIR. NAC. DE GEOL. Y MINERIA, BOL. 114, P. 76-77.CIMRIANGELELLI, 1980",,,,,,,,,B,True,True,5495.3,major
10060321,https://mrdata.usgs.gov/mrds/show-mrds.php?dep_id=10060321,TC10365,,Chromo Butte Prospect,33.4498,-110.70319,,United States,Arizona,Gila,N,Asbestos,,,Unknown,,S,Past Producer,Chrysotile,,,,,,,,,,"Wells, Tina M. (Orris, Greta J.)",Mescal Limestone,Limestone,,Diabase,,,"STEWART, L.A., 1955, CHRYSOTILE-ASBESTOS DEPOSITS OF ARIZONA: US BUREAU OF MINES INFORMATION CIRCULAR 7706, P. 106-107.MINERALS AVAILABILITY SYSTEM: ARIZONA ASBESTOS, ARIZONA DEPARTMENT OF MINES AND MINERAL RESOURCES, JUNE 1976.PEIRCE, H.W., 1990, ARIZONA GEOLOGICAL SURVEY INDUSTRIAL MINERALS CARD FILE.PHILLIPS, K.A., 1987, ARIZONA INDUSTRIAL MINERALS:  ARIZONA DEPARTMENT OF MINES AND MINERAL RESOURCES MINERAL REPORT 4, 185 P.CIMRI",,,,,,,,,C,True,False,361.3,
10060322,https://mrdata.usgs.gov/mrds/show-mrds.php?dep_id=10060322,TC10368,,Phillips Mine,33.79175,-110.53402,,United States,Arizona,Gila,N,Asbestos,,,Unknown,,Y,Past Producer,Chrysotile,,,,,,,,Grandview Mine,,"Wells, Tina M. (Orris, Greta J.)",Mescal Limestone,Limestone,,Diabase,,,"STEWART, L.A., 1955, CHRYSOTILE-ASBESTOS DEPOSITS OF ARIZONA: US BUREAU OF MINES INFORMATION CIRCULAR 7706, P. 36.PHILLIPS, K.A., 1987, ARIZONA INDUSTRIAL MINERALS:  ARIZONA DEPARTMENT OF MINES AND MINERAL RESOURCES MINERAL REPORT 4, 185 P.PEIRCE, H.W., 1990, ARIZONA GEOLOGICAL SURVEY INDUSTRIAL MINERALS CARD FILE.CIMRIPHILLIPS, 1987",,,,,,,,,C,True,False,400.0,
10060323,https://mrdata.usgs.gov/mrds/show-mrds.php?dep_id=10060323,TC10369,,Cibecue Mining Co.,33.79786,-110.45901,,United States,Arizona,Gila,N,,Asbestos,,Unknown,,Y,Past Producer,Chrysotile,,,,,,,,Old Prochnow Property,,"Wells, Tina M. (Orris, Greta J.)",Mescal Limestone,Limestone,,,,,"STEWART, L.A., 1955, CHRYSOTILE-ASBESTOS DEPOSITS OF ARIZONA: US BUREAU OF MINES INFORMATION CIRCULAR 7706, PP 48-49.PEIRCE, H.W., 1990, ARIZONA GEOLOGICAL SURVEY INDUSTRIAL MINERALS CARD FILE.CIMRI",,,,,,,,,C,True,False,406.9,
10060324,https://mrdata.usgs.gov/mrds/show-mrds.php?dep_id=10060324,TC10370,,Montezuma Mine,33.94201,-110.80903,,United States,Arizona,Gila,N,,Asbestos,,Unknown,,Y,Past Producer,Chrysotile,,,,,,,,,,"Wells, Tina M. (Orris, Greta J.)",Mescal Limestone,Limestone,,,,,"""MINERAL AVAILABILITY SYSTEM: ARIZONA ASBESTOS,"" ARIZONA DEPT. OF MINES AND MINERAL RESOURCES, JUNE 1976.STEWART, L.A., 1955, CHRYSOTILE-ASBESTOS DEPOSITS OF ARIZONA: US BUREAU OF MINES INFORMATION CIRCULAR 7706, PP 86-89.PEIRCE, H.W., 1990, ARIZONA GEOLOGICAL SURVEY INDUSTRIAL MINERALS CARD FILE.CIMRI",,,,,,,,,C,True,False,388.3,
10060325,https://mrdata.usgs.gov/mrds/show-mrds.php?dep_id=10060325,TC10371,,May Mine,33.94729,-110.79014,,United States,Arizona,Gila,N,Asbestos,,,Unknown,,Y,Past Producer,Chrysotile,,,,,,,,,,"Wells, Tina M. (Orris, Greta J.)",Mescal Limestone,Limestone,,,,,"""MINERALS AVAILABILITY SYSTEM: ARIZONA ASBESTOS,"" ARIZONA DEPT. OF MINES AND MINERAL RESOURCES, JUNE 1976.STEWART, L.A., 1955, CHRYSOTILE-ASBESTOS DEPOSITS OF ARIZONA: US BUREAU OF MINES INFORMATION CIRCULAR 7706, P. 89.PEIRCE, H.W., 1990, ARIZONA GEOLOGICAL SURVEY INDUSTRIAL MINERALS CARD FILE.PHILLIPS, K.A., 1987, ARIZONA INDUSTRIAL MINERALS:  ARIZONA DEPARTMENT OF MINES AND MINERAL RESOURCES MINERAL REPORT 4, 185 P.CIMRI",,1952.0,,1961.0,,,1952-1961,,C,True,False,390.3,
10060326,https://mrdata.usgs.gov/mrds/show-mrds.php?dep_id=10060326,TC10373,,No. 1 Mine,34.02118,-110.83209,,United States,Arizona,Gila,N,Asbestos,,,Unknown,,Y,Past Producer,Chrysotile,,,,,,,,,,"Wells, Tina M. (Orris, Greta J.)",Mescal Limestone,Limestone,,,,,"ARIZONA DEPT. OF MINES AND MINERAL RESOURCES, 1976, MINERALS AVAILABILITY SYSTEM: ARIZONA ASBESTOS, JUNE.STEWART, L.A., 1955, CHRYSOTILE-ASBESTOS DEPOSITS OF ARIZONA: US BUREAU OF MINES INFORMATION CIRCULAR 7706, PP 69-70.PEIRCE, H.W., 1990, ARIZONA GEOLOGICAL SURVEY INDUSTRIAL MINERALS CARD FILE.CIMRI",,,,1951.0,,,,,D,True,False,392.8,
10060327,https://mrdata.usgs.gov/mrds/show-mrds.php?dep_id=10060327,TC10374,,Home Mine,34.02285,-110.83764,,United States,Arizona,Gila,N,Asbestos,,,Unknown,,Y,Past Producer,Chrysotile,,,,,,,,Wilson Claims,,"Wells, Tina M. (Orris, Greta J.)",Mescal Limestone,Limestone,,Diabase,,,"ARIZONA DEPT. OF MINES AND MINERAL RESOURCES, 1976, MINERALS AVAILABILITY SYSTEM: ARIZONA ASBESTOS, JUNE.STEWART, L.A., 1955, CHRYSOTILE-ASBESTOS DEPOSITS OF ARIZONA: US BUREAU OF MINES INFORMATION CIRCULAR 7706, P. 72.PEIRCE, H.W., 1990, ARIZONA GEOLOGICAL SURVEY INDUSTRIAL MINERALS CARD FILE.PHILLIPS, K.A., 1987, ARIZONA INDUSTRIAL MINERALS:  ARIZONA DEPARTMENT OF MINES AND MINERAL RESOURCES MINERAL REPORT 4, 185 P.CIMRI",,,,1952.0,,,,,C,True,False,392.5,
10064432,https://mrdata.usgs.gov/mrds/show-mrds.php?dep_id=10064432,TC38797,,Perris Asbestos Deposit,33.76503,-117.26615,,United States,California,Riverside,N,Asbestos,,,Unknown,,S,Past Producer,,,,VEIN,,,,,,,"Unkefer, Jason",,Granite,,,,,"SAMPSON, R.J., AND TUCKER, W.B., 1945, MINERAL RESOURCES OF RIVERSIDE COUNTY; CALIFORNIA DIVISION OF MINES AND GEOLOGY, VOL. 41, NO. 3, P. 159CIMRI",,,,,,,,,D,False,False,45.1,
10065073,https://mrdata.usgs.gov/mrds/show-mrds.php?dep_id=10065073,TC40081,,Victory Group,33.79674,-110.71513,,United States,Arizona,Gila,N,Asbestos,,,Unknown,,Y,Past Producer,Asbestos,,,,,,,,Bacon Group,,"Orris, Greta J.",Mescal Limestone,Limestone,,Diabase,,,"PHILLIPS, K.A., 1987, ARIZONA INDUSTRIAL MINERALS: ARIZONA DEPARTMENT OF MINES AND MINERAL RESOURCES REPORT 4, 185 PCIMRI",,,,,,,,,C,False,False,384.9,
10065078,https://mrdata.usgs.gov/mrds/show-mrds.php?dep_id=10065078,TC40086,,Locke Property,33.74119,-110.58402,,United States,Arizona,Gila,N,Asbestos,,,Unknown,,S,Past Producer,Chrysotile,,,,,,,,,,"Orris, Greta J.",Mescal Limestone,Limestone,,Diabase,,,"PHILLIPS, K.A., 1987, ARIZONA INDUSTRIAL MINERALS: ARIZONA DEPARTMENT OF MINES AND MINERAL RESOURCES REPORT 4, 185 PCIMRI",,,,,,,,,D,True,False,391.9,
10065087,https://mrdata.usgs.gov/mrds/show-mrds.php?dep_id=10065087,TC40095,,Aileen and Cowboy Claims,33.99285,-110.78403,,United States,Arizona,Gila,N,Asbestos,,,Unknown,,S,Past Producer,Chrysotile,,,,,,,,,,"Orris, Greta J.",Mescal Limestone,Limestone,,Diabase,,,"PHILLIPS, K.A., 1987, ARIZONA INDUSTRIAL MINERALS: ARIZONA DEPARTMENT OF MINES AND MINERAL RESOURCES REPORT 4, 185 PCIMRI",,,,,,,,,D,True,False,394.6,
10065093,https://mrdata.usgs.gov/mrds/show-mrds.php?dep_id=10065093,TC40102,,White Hall,33.93924,-110.76902,,United States,Arizona,Gila,N,Asbestos,,,Unknown,,S,Past Producer,Chrysotile,,,,,,,,,,"Orris, Greta J.",,Limestone,,,,,"PHILLIPS, K.A., 1987, ARIZONA INDUSTRIAL MINERALS: ARIZONA DEPARTMENT OF MINES AND MINERAL RESOURCES REPORT 4, 185 PCIMRI",,,,,,,,,D,True,False,391.5,
10065094,https://mrdata.usgs.gov/mrds/show-mrds.php?dep_id=10065094,TC40103,,Cherry Creek,33.98868,-110.89487,,United States,Arizona,Gila,N,Asbestos,,,Unknown,,S,Past Producer,Chrysotile,,,,,,,,Buckhorn,,"Orris, Greta J.",Mescal Limestone,Limestone,,Diabase,,,"PHILLIPS, K.A., 1987, ARIZONA INDUSTRIAL MINERALS: ARIZONA DEPARTMENT OF MINES AND MINERAL RESOURCES REPORT 4, 185 PCIMRI",,,,,,,,,C,True,False,384.9,
10065253,https://mrdata.usgs.gov/mrds/show-mrds.php?dep_id=10065253,TC40364,,Fiber Queen,34.34223,-118.45869,,United States,California,Los Angeles,N,Asbestos,,,Unknown,Metamorphic,S,Past Producer,Tremolite,,,,,,,,,,"Orris, Greta J.",Placerita,"Metasedimentary Rock,Schist",,Diorite,Reverse Fault (60 N Dip),,"OAKESHOTT, G.B., 1958, GEOLOGY AND MINERAL DEPOSITS OF SAN FERNANDO QUADRANGLE, LOS ANGELES COUNTY, CALIFORNIA:  CALIFORNIA DIVISION OF MINES BULLETIN 172, 147 PCIMRIOAKESHOTT, 1958.",,,,,,,,,C,False,True,18.4,
10069699,https://mrdata.usgs.gov/mrds/show-mrds.php?dep_id=10069699,W007334,,Feng Tien,23.83269,121.47425,AS,Taiwan,,,N,"Talc-Soapstone, Asbestos",,,Unknown,Metamorphic,Y,Past Producer,,,,,,,,,,,Wittekindt,,Peridotite,,,,,,,,,,,,,,E,True,False,4051.2,major
10065978,https://mrdata.usgs.gov/mrds/show-mrds.php?dep_id=10065978,TC41766,,Quebrada Aguacillas,1.53484,-77.03308,SA,Colombia,Narino,,N,Asbestos,,,Unknown,Vein,S,Past Producer,Chrysotile,,,,,18: Serpentine-hosted asbestos,,,,,"Page, Norman J.",,Serpentinite,,,,,"SINGEWALD, Q.D., 1950, MINERAL RESOURCES OF COLOMBIA (OTHER THAN PETROLEUM): U.S. GEOLOGICAL SURVEY BULLETIN 964-B, P. 53-204CIMRI",,,,,,,,,D,True,False,2045.3,major
10066465,https://mrdata.usgs.gov/mrds/show-mrds.php?dep_id=10066465,TC42676,,Empocado,-18.58085,-42.2656,SA,Brazil,Minas Gerais,,N,Asbestos,,,Unknown,Vein,Y,Producer,Asbestos,,,,,,,,Virgolandia,,"Wells, Tina M.",,,,,,,"CESAR, P. DE A.B., 1984, PRINCIPAIS DEPOSITOS MINERAIS: CONCEITOS, METODOLOGIA, E LISTAGEM, CAPITULO IX, IN GEOLOGIA DO BRASIL, EDS., C. SCHOBBENHAUS, D. DE A. CAMPOS, G.R. DERZE, AND H.E. ASMUS: DEPARTAMENTO NACIONAL DA PRODUCAO MINERAL, PP. 359-419CIMRI",,,,,,,,,D,False,False,4216.2,major
10069062,https://mrdata.usgs.gov/mrds/show-mrds.php?dep_id=10069062,W002349,,Morro Dois Irmaos Asbestos,-17.48093,-49.39908,SA,Brazil,Goias,,N,Asbestos,,,Unknown,Vein,Y,Past Producer,Chrysotile,,,,,18: Serpentine-hosted asbestos,Serpentinization,,Pontalina,,"Warfle, Thomas M., Orris, Greta J.",Araxa Group,Serpentinite,,,,,"POMERENE, J.B., 1967, MONTHLY REPORT:  U.S. GEOLOGICAL SURVEY BRAZIL PROJECT, FEBRUARY, 1967.AZEVEDO BRANCO, P.C. DE, 1984, PRINCIPAIS DEPOSITOS MINERAIS: CONCEITOS, METODOLOGIA E LISTAGEM, IN SCHOBBENHAUS, CARLOS, ALMEIDA CAMPOS, DIOGENES DE, DERZE, G.R., AND ASMUS, H.E., COORDS., GEOLOGIA DO BRASIL:  BRASILIA, BRAZIL, DEPARTAMENTO NACIONAL DA PRODUCAO MINERAL,  P. 360-419.CIMRIAZEVEDO BRANCO, 1984.",,,,,,,,,C,True,False,3841.5,major
10069065,https://mrdata.usgs.gov/mrds/show-mrds.php?dep_id=10069065,W002360,,Cana Brava,-13.19775,-48.14907,SA,Brazil,Goias,,N,Asbestos,,,Unknown,,Y,Producer,Chrysotile,,,TABULAR,,18: Serpentine-hosted asbestos,,,,,"Warfle, Thomas M., Orris, Greta J.",Cana Brava Complex,"Gabbro,Ultramafic Intrusive Rock,Serpentinite",,,A Series Of East-West Vertical Faults Cause Minor Displacement Of Ore Zones.,,"WENDEL, C.A., 1969, MONTHLY REPORT:  U.S. GEOLOGICAL SURVEY BRAZIL PROJECT, MAY, 1969.AZEVEDO BRANCO, P.C. DE, 1984, PRINCIPAIS DEPOSITOS MINERAIS: CONCEITOS, METODOLOGIA E LISTAGEM, IN SCHOBBENHAUS, CARLOS, ALMEIDA CAMPOS, DIOGENES DE, DERZE, G.R., AND ASMUS, H.E., COORDS., GEOLOGIA DO BRASIL:  BRASILIA, BRAZIL, DEPARTAMENTO NACIONAL DA PRODUCAO MINERAL,  P. 360-419.HARBEN, PETER, 1984, A PROFILE OF SA MINERACAO DE AMIANTO--BRAZIL'S ASBESTOS PRODUCER:  INDUSTRIAL MINERALS, NO. 198, P. 63-65.ASBESTOS, V. 62, NO. 7;  V. 59, NO. 6.O'DRISCOLL, MIKE, 1989, BRAZIL'S INDUSTRIAL MINERALS--SEEKING SUCCESS AGAINST ALL ODDS:  INDUSTRIAL MINERALS, NO.  266, P. 23-69.CIMRIAZEVEDO BRANCO, 1984; ASBESTOSAZEVEDO BRANCO, 1984.",,1967.0,,,,,,,B,True,False,3354.1,major
10071308,https://mrdata.usgs.gov/mrds/show-mrds.php?dep_id=10071308,W014634,,Karst Asbestos Deposit,45.35602,-111.18333,,United States,Montana,Gallatin,N,Asbestos,,,Unknown,,S,Past Producer,Anthophyllite,,,TABULAR BODY AND LENS-SHAPED BODY,Surface/Underground,,Serpentinization Of Peridotite,,,Shear Zones In Peridotite,"Berg, Richard B. (Krohn, D. H.), Doyle, Brien (Wells, John)",Belt Gneiss And Schist,Peridotite,,,"Northeast Strike Of Metamorphic Rocks, Faults",,"MCMANNIS, W. J. AND CHADWICK, R. A., 1964 , GEOLOGY OF THE GARNET MOUNTAIN QUADRANGLE, GALLATIN COUNTY, MONTANA:  MONT. BUREAU OF MINES AND GEOLOGY BULL. 43 , P. 38 - 42 PERRY, E. S., 1948 , TALC, GRAPHITE, VERMICULITE, AND ASBESTOS IN MONTANA:  MONT. BUREAU OF MINES AND GEOLOGY MEM. 27 , P. 35 - 39 , MARVIN, R., 1952 , DESCRIPTION AND GEOLOGICAL HISTORY OF SELECTED AREAS IN THE VICINITY OF GALLATIN CANYON, GALLATIN COUNTY, MONTANA:  UNPUB. MS THESIS MONTANA TECHPERRY, 1948, P. 39",,,,,,1900.0,,Peter F. Karst,C,True,True,184.9,major
10074723,https://mrdata.usgs.gov/mrds/show-mrds.php?dep_id=10074723,W021070,,Boot Hill Mine,35.13289,-83.00959,,United States,North Carolina,Jackson,N,Asbestos,,,Unknown,,S,Past Producer,,,,,,,,,,,Unknown,,,,,,,"MESA HEALTH AND SAFETY INSPECTION REPORT MAY 15-16,  1972.NC GEOL SURVEY",,,,,,,,,D,False,False,0.7,major
10074913,https://mrdata.usgs.gov/mrds/show-mrds.php?dep_id=10074913,W021319,,Hippy Mine,35.91676,-82.19846,,United States,North Carolina,Yancey,N,Asbestos,,,Unknown,,Y,Producer,,,,,,,,,,,Unknown,,,,,,,"MESA HEALTH AND SAFETY INSPECTION REPORT FEB. 29- MARCH 1, 1972.NC GEOL SURVEYPROPERTY IS OWNED AND OPERATED BY POWHATAN MINING COMPANY, INC. FROM 1975 EMJ DIR-500000 TO 1 MILLION TONS ORE, ORE GRA&E 90PERCENT, EMPLL 5.",,,,,,,,,D,False,False,0.8,major
10076522,https://mrdata.usgs.gov/mrds/show-mrds.php?dep_id=10076522,W023568,,Butler Estate No 1,36.30773,-120.54792,,United States,California,Fresno,B,"Asbestos, Chromium",,,Unknown,,Y,Producer,,,,,,,,,,,Unknown,,,,,,,"CALIF JOUR MINES & GEOL V 54,NO 1,JAN 1958,P 124;REPORT OF STATEMINERALOGIST 55,1959,P 160",,,,,,,,,D,False,False,0.0,major
10077133,https://mrdata.usgs.gov/mrds/show-mrds.php?dep_id=10077133,W024579,,Perris Asbestos Deposit,33.76475,-117.26698,,United States,California,Riverside,N,Asbestos,,,Unknown,,Y,Producer,,,,,,,,,,,Unknown,,,,,,,CALIF JOUR OF MINES & GEOL V 41 # 3 P 159,,,,,,,,,D,False,False,45.2,
10077559,https://mrdata.usgs.gov/mrds/show-mrds.php?dep_id=10077559,W025259,,Stock Asbestos,41.08929,-122.3886,,United States,California,Shasta,N,Asbestos,,,Unknown,,Y,Producer,,,,,,,,,,,Unknown,,,,,,,CALIF JOUR M G V35 NO2 APR 1939 P113ALSO SECS 2 33-T38N-R5W,,,,,,,,,D,False,False,0.0,major
10077565,https://mrdata.usgs.gov/mrds/show-mrds.php?dep_id=10077565,W025266,,Powhatan Mining Co Claim,41.10679,-122.40777,,United States,California,Shasta,N,Asbestos,,,Unknown,,Y,Producer,,,,,,,,,,,Unknown,,,,,,,CALIF M JOUR JULY 1961 P12USGS QUAD DUNSMUIR,,,,,,,,,D,False,False,0.1,major
10080545,https://mrdata.usgs.gov/mrds/show-mrds.php?dep_id=10080545,W031823,,Atlas Asbestos Co. Mine,36.32134,-120.58709,,United States,California,Fresno,N,Asbestos,,,Unknown,,L,Producer,,,,IRREGULAR,,,Oxidation Of Upper 15 To 20 Ft. Of Deposit.,,"Santa Cruz Mine, Hiden Splendor Mine",,"Zigler, Jan L. (Huber, Donald F.)",Franciscan Complex,Serpentinite,Panoche Formation,Sandstone,"Northwest- Trending Coalinga Anticline, New Idria Thrust Fault",California Coast Ranges,"1978, ENGINEERING AND MINING JOURNAL INTERNATIONAL DIRECTORY OF MINING AND MINERAL PROCESSING OPERATIONS. NEW YORK: MCGRAW- HILL MINING INFORMATION SERVICES, P. 168.LINN, R. K., 1968, NEW IDRIA MINING DISTRICT IN ORE DEPOSITS OF THE UNITED STATES, 1933-1967 (THE GRATON- SALES VOLUME). NEW YORK: AM. INST. OF MNG., MET. AND PET. ENG., INC., PP. 1623-1649.",,1962.0,,,,1961.0,,Union Carbide Corp. Recognized Asbestos In The Area In 1958,C,True,False,0.0,major
10080546,https://mrdata.usgs.gov/mrds/show-mrds.php?dep_id=10080546,W031824,,Copperopolis Mine,37.93796,-122.53634,,United States,California,Calaveras,N,Asbestos,,,Unknown,,L,Producer,Chrysotile,Serpentine,,LENSOID,,,Serpentinization,,"Calaveras Asbestos Ltd. Mine, Jefferson Lake, American, California, Pacific, Voorhees",,"Unknown, Orris, Greta J.",,Peridotite,,,,,"ENGINEERING AND MINING JOURNAL, 1978, DIRECTORY OF MINING AND MINERAL PROCESSING OPERATIONS:  NEW YORK, MCGRAW-HILL MINING INFORMATION SERVICES, P. 164.CLARK, W.B., AND LYDON, P.A., 1962, MINES AND MIENRAL RESOURCES OF CALAVERAS COUNTY, CALIFORNIA:  CALIFORNIA DIVISION OF MINES AND GEOLOGY COUNTY REPORT 2, 217 P.",,,,,,,,,D,True,False,2.1,
10080649,https://mrdata.usgs.gov/mrds/show-mrds.php?dep_id=10080649,W031982,,New Idria,36.40105,-120.72877,,United States,California,San Benito,N,Asbestos,,,Unknown,,L,Producer,Chrysotile,,,IRREGULAR,,,"Oxidation Of Upper 15 To 20 Ft. Of Deposit. Much Serpentine Is Recrystallized To Flaky, Matted Chrysotile.",,Santa Rita,,"Zigler, Jan L. (Huber, Donald F.)",Franciscan Sandstone;Panoche Shale And Sandstone,Serpentinite,Franciscan Complex;Panoche Formation,"Shale,Sandstone","Northwest-Trending Coalinga Anticline, New Idria Thrust Fault. Deposit Highly Sheared",California Coast Ranges,"LINN,R.K., 1968, NEW IDRIA MINING DISTRICT -IN- ORE DEPOSITS OF THE UNITED STATES 1933-1967 (GRATEN-SALES VOLUME). NEW YORK: AM. INST OF MNG., MET., AND PET. ENG., INC., PP. 1623-49.RICE,S.J., 1966, CAL. DIV. OF MINES AND GEOL. BULL. 191, PP 86-92.",,,,,,1957.0,,Union Carbide Corporation Discovered Asbestos While Searching For Nickel-Chrome Ores.,B,True,False,0.0,major
10081118,https://mrdata.usgs.gov/mrds/show-mrds.php?dep_id=10081118,W032840,,Havelock,-26.5592,31.49894,AF,Swaziland,,,N,Asbestos,,,Unknown,,L,Producer,Chrysotile,Talc,,,,18: Serpentine-hosted asbestos,,,,,"Orris, Greta J., Gassaway, Judith, S.",,"Schist,Carbonate,Chert",Jamestown Complex,Serpentinite,,,"ENGINEERING AND MINING JOURNAL, 1978.MINING MAGAZINE, 1980.WAR MINERALS REPORT 1976-1977HARBEN AND BATES, 1984, ASBESTOS, IN GEOLOGY OF THE NONMETALLICS:  NEW YORK, METAL BULLETIN INC., P. 324-335.E/MJ 1978",,,,,,,,,C,True,False,7674.9,major
10081445,https://mrdata.usgs.gov/mrds/show-mrds.php?dep_id=10081445,W033482,,Unnamed Occurrence,43.4672,-73.93288,,United States,New York,Warren,N,Asbestos,,,Unknown,Metamorphic,S,Past Producer,Asbestos,,,NODULES AND BANDS,,,,,,,"Nyahay, Richard E. (Kelly, William M.)",,Gneiss,,Serpentinite,,,"NEWLAND, D.H., 1921, THE MINERAL RESOURCES OF THE STATE OF NEW YORK: NEW YORK STATE MUSEUM BULLETIN 223, 224, P. 31, 32LUEDKE, E.M., WRUCKE, C.T., AND GRAHAM, J.A., 1959, MINERAL OCCURRENCES OF NEW YORK STATE WITH SELECTED REFERENCES TO EACH LOCALITY: UNITED STATES GEOLOGICAL SURVEY BULLETIN 1072 F, P. 387MILLER, W.J., 1923, GEOLOGY OF THE LUZEANE QUADRANGLE, NEW YORK STATE MUSEUM BULLETIN 245, 246, P 14, 15, MAP.",,1875.0,,1911.0,,,,,D,False,False,87.7,major
10081525,https://mrdata.usgs.gov/mrds/show-mrds.php?dep_id=10081525,W033595,,Msauli Asbestos,-26.39658,30.08476,AF,South Africa,,,N,Asbestos,,,Unknown,,L,Producer,,,,,,18: Serpentine-hosted asbestos,Closely Folded & Altered.,,,"Gentle Uplift Of Continental Mass, Highly Folded, Fractured And Faulted Locally","Mccarter, Lorna D.",Swaziland System,"Slate,Mafic Volcanic Rock",Jamestown Igneous Complex-Altered Basics And Ultrabasics;Intrusive Granites (Not Otherwise Defined),Mafic Intrusive Rock,"Folds, Faults And Fractures Have Produced Complex Structures, Making Stratigraphic Valuation Difficult. Underlying And Surrounding Intrusive Granites Massive.",Platform,"MINING RESOURCES OF SOUTH CENTRAL AFRICA, POLLITIER, R.A. 1964GENERAL MINING FINANCE CORPORATION ANNUAL REPORTS 1970-1979MSAULI ASBES BEPERK ANNUAL REPORTS 1980-1983MSAULI PUBLICATIONSGENERAL MINING AND FINANCE CORPORATION LIMITED ANNUAL REPORTS - 1970- 1979 AND SUBSEQUENT ESTIMATES",,1948.0,,1983.0,,1880.0,,,B,False,False,7656.8,major
10081800,https://mrdata.usgs.gov/mrds/show-mrds.php?dep_id=10081800,W044161,,Lowell Quarry,44.76669,-72.5262,,United States,Vermont,Orleans,N,Asbestos,,,Unknown,Metamorphic,M,Past Producer,Chrysolite,"Steatite, Antigorite, Serpentine",,"LENTICULAR, TABULAR, PINCH AND SWELL",Surface,,,,"Vermont Asbestos Group Mine, Gallager Mine",,"Fred Beck, Inc., McBean, Alan J. (Ratte, Charles A.), L. G. Woodruff",Hazens Notch Formation;Ottauquechee Formation,"Schist,Amphibolite",,,,,"MORRILL, P. AND CHAFFEE, R., 1964, VERMONT MINES AND MINERAL LOCALITIES:  (MONTSHIRE MUSEUM; HANOVER, NH.), P. 26.CHIDESTER, A.H. BILLINGS, M.P. AND CADY, W.M., 1951, TALC INVESTIGATIONS IN VERMONT, PRELIMINARY REPORT, USGS CIRCULAR 95, PP 14-15.RICHARDSON, C.H., 1910, ASBESTOS IN VERMONT:  VERMONT STATE GEOLOGIST, 7TH REPORT (1909-1910), PP. 324-329.MARSTERS, W.F., 1904, A PRELIMINARY REPORT ON A PORTION OF THE SERPENTINE BELT OF LAMOILLE AND ORLEANS COUNTIES:  VERMONT STATE GEOLOGIST, TH REPORT (1903-1904), PP. 86-102.NO AUTHOR, INFORMATION PAMPHLET DISTRIBUTED BY VERMONT ASBESTOS, UNPUBLISHED, 7 P.Marsters, W.F., 1904, A Preliminary Report On A Portion Of The Serpentine Belt Of Lamoille And Orleans Counties:  4th Report, Vermont State Geologist (1903-1904), 86-104.Marsters, W.F., 1904, A Preliminary Report On A Portion Of The Serpentine Belt Of Lamoille And Orleans Counties:  4th Report, Vermont State Geologist (1903-1904), 86-104.Richardson, C.H., 1910, Asbestos In Vermont:  7th Annual Report, Vermont State Geologist (1909-1910), P. 324-329.Richardson, C.H., 1910, Asbestos In Vermont:  7th Annual Report, Vermont State Geologist (1909-1910), P. 324-329.Chidester, A.H., Billings, M.P., And Cady, W.M., 1951, Talc Investigations In Vermont, Preliminary Report:  U.S. Geological Survey Circular 95; 33 P.Chidester, A.H., Billings, M.P., And Cady, W.M., 1951, Talc Investigations In Vermont, Preliminary Report:  U.S. Geological Survey Circular 95; 33 P.Morrill, P. And Chaffee, R., 1964, Vermont Mines And Mineral Locations:  Montshire Museum, Hanover, New Hampshire, 50 P.Morrill, P. And Chaffee, R., 1964, Vermont Mines And Mineral Locations:  Montshire Museum, Hanover, New Hampshire, 50 P.",,1945.0,,,,1892.0,,Woodsmen,B,True,False,0.0,major
10084811,https://mrdata.usgs.gov/mrds/show-mrds.php?dep_id=10084811,W700022,,Mashaba,-20.0169,30.29136,AF,Zimbabwe,,,N,Asbestos,,,Unknown,,Y,Producer,Chrysotile,,,,,18: Serpentine-hosted asbestos,,,"King Mine, Gaths",,"Orris, Greta J.",,Serpentinite,,,,,"MANOS, ANTHONY, 1978, INDUSTRIAL MINERALS OF RHODESIA:  INDUSTRIAL MINERALS, NO. 126, P. 93-107",,,,,,,,,D,True,False,6870.6,major
10084812,https://mrdata.usgs.gov/mrds/show-mrds.php?dep_id=10084812,W700023,,Shabani,-20.19689,30.01803,AF,Zimbabwe,,,N,Asbestos,,,Unknown,,Y,Producer,Chrysotile,Talc,,,,18: Serpentine-hosted asbestos,"Serpentinization, Talc-Carbonate Alteration",,Shabanie,,"Orris, Greta J.",,Dunite,,,Extensive Shearing Of Rocks,,"MANOS, ANTHONY, 1978, INDUSTRIAL MINERALS OF RHODESIA:  INDUSTRIAL MINERALS, NO. 126, P. 93-107.WINSON, R.W., 1975, ASBESTOS, IN INDUSTRIAL MINERALS AND ROCKS (NONMETALLICS OTHER THAN FUELS):  NEW YORK, AMERICAN INSTITUTE OF MINING, METALLURGICAL AND PETROLEUM ENGINEERS INC., P. 379-425.",,,,,,,,,C,True,False,6893.4,major
10084813,https://mrdata.usgs.gov/mrds/show-mrds.php?dep_id=10084813,W700024,,Belangero,44.99891,7.4187,EU,Italy,,,N,Asbestos,,,Unknown,,Y,Producer,Chrysotile,,,LENSE,,18: Serpentine-hosted asbestos,,,,,"Orris, Greta J., Marcus, Sue",,Serpentinite,,,,,"WATSON, IAN, 1980, THE INDUSTRIAL MINERALS OF ITALY:  INDUSTRIAL MINERALS, NO. 148, P. 17-45.WINSON, R.W., 1975, ASBESTOS, IN INDUSTRIAL MINERALS AND ROCKS (NONMETALLICS OTHER THAN FUELS):  NEW YORK, AMERICAN INSTITUTE OF MINING, METALLURGICAL AND PETROLEUM ENGINEERS INC., P. 379-425.MINING MAGAZINE, BALANGERO: JULY 1987, P. 20-25.MINING MAGAZINE, JULY 1986, P. 20.",,1920.0,,,,,,,C,True,False,0.0,major
10084814,https://mrdata.usgs.gov/mrds/show-mrds.php?dep_id=10084814,W700026,,Pomfret Field,-25.49668,23.31816,AF,South Africa,Eastern Cape,,N,Asbestos,,,Unknown,,Y,Producer,Crocidolite,"Chert, Magnetite, Riebeckite, Stilpnomelane",,TABULAR,,,,,,,"Orris, Greta J.","Transvaal Supergroup, Ghaap Group, Calico Formation",Iron Formation,,Diabase,"Dimoten Syncline, Faults, Folds",,"DRYER, C.J.B., AND ROBINSON, H.A., 1981, OCCURRENCE AND EXPLORATION OF AMPHIBOLE ASBESTOS IN SOUTH AFRICA, IN RIORDAN, P.H., ED., GEOLOGY OF ASBESTOS DEPOSITS:  NEW YORK, SOCIETY OF MINING ENGINEERS OF THE AMERICAN INSTITUTE OF MINING, METALLURGICAL, AND PETROLEUM ENGINEERS INC., P. 25-44",,,,,,,,,C,False,True,7565.1,major
10084815,https://mrdata.usgs.gov/mrds/show-mrds.php?dep_id=10084815,W700027,,Kuruman Field,-27.27994,23.28485,AF,South Africa,Eastern Cape,,N,Asbestos,,,Unknown,,Y,Producer,Crocidolite,"Chert, Magnetite, Riebeckite, Stilpnomelane",,TABULAR,,,,,,,"Orris, Greta J.","Transvaal Supergroup, Ghaap Group, Calico Formation",Iron Formation,,Diabase,"Dimoten Syncline, Faults, Folds",,"DREYER, C.J.B., AND ROBINSON, H.A., 1981, OCCURRENCE AND EXPLORATION OF AMPHIBOLE ASBESTOS IN SOUTH AFRICA, IN RIORDAN, P.H., ED., GEOLOGY OF ASBESTOS DEPOSITS:  NEW YORK, SOCIETY OF MINING ENGINEERS OF THE AMERICAN INSTITUTE OF MINING, METALLURGICAL, AND PETROLEUM ENGINEERS INC., P. 25-44",,,,,,,,,C,False,True,7781.8,major
10084816,https://mrdata.usgs.gov/mrds/show-mrds.php?dep_id=10084816,W700028,,Penge,-24.21335,30.13473,AF,South Africa,,,N,Asbestos,,,Unknown,,Y,Producer,,"Chert, Magnetite, Quartz, Siderite",,TABULAR,,,,,,,"Orris, Greta J.","Transvaal Supergroup, Chuniesport Group",Iron Formation,,Diabase,"Faults, Intense Folding",,"HARBEN, P.W., AND BATES, R.L., 1984, ASBESTOS, IN GEOLOGY OF THE NONMETALLICS:  NEW YORK, METAL BULLETIN INC., P. 324-335.DREYER, C.J.B., AND ROBINSON, H.A., 1981, OCCURRENCE AND EXPLOITATION OF AMPHIBOLE ASBESTOS IN SOUTH AFRICA, IN RIORDAN, P.H., ED., GEOLOGY OF ASBESTOS DEPOSITS:  NEW YORK, SOCIETY OF MINING ENGINEERS OF THE AMERICAN INSTITUTE OF MINING, METALLURGICAL AND PETROLEUM ENGINEERS, P. 25-44.",,,,,,,,,C,False,True,7389.9,major
10084818,https://mrdata.usgs.gov/mrds/show-mrds.php?dep_id=10084818,W700030,,Zidani,40.08214,21.46845,EU,Greece,,,N,Asbestos,,,Unknown,,Y,Past Producer,Chrysotile,,,,,18: Serpentine-hosted asbestos,Serpentinization,,,,"Orris, Greta J.",,Serpentinite,,,,Vourinos Massif,"INDUSTRIAL MINERALS, 1978, GREEK ASBESTOS BREAKS GROUND:  NO. 129, P. 47-49.ASBESTOS, V. 62, NO. 7.INDUSTRIAL MINERALS, 1993, WORLD OF MINERALS- GREECE:  NO. 308, P. 15.INDUSTRIAL MINERALS, 1993.INDUSTRIAL MINERALS, 1978; INDUSTRIAL MINERALS, 1993.",,1982.0,,1993.0,,1936.0,,,B,True,False,16.1,major
10084819,https://mrdata.usgs.gov/mrds/show-mrds.php?dep_id=10084819,W700031,,Woodsreef,-30.39638,151.7319,OC,Australia,New South Wales,,N,Asbestos,,,Unknown,,Y,Producer,Chrysotile,Magnesite,,,,18: Serpentine-hosted asbestos,Serpentinization,,,,"Orris, Greta J.",,"Dunite,Orthopyroxenite,Serpentinite",,,Peel Thrust,Great Serpentinite Belt,"MINING MAGAZINE, 1987, JANUARY, P. 60.ASBESTOS, V. 63, NO. 7ASBESTOS, V. 64, NO. 7BUTT, B.C., 1981, 6. EXPLORATION FORECASTS AND EXPLOITATION REALITIES AT THE WOODSREEF MINE, NEW SOUTH WALES, AUSTRALIA, IN RIORDAN, P.H., ED., GEOLOGY OF ASBESTOS DEPOSITS:  NEW YORK, SOCIETY OF MINING ENGINEERS OF THE AMERICAN INSTITUTE OF MINING, METALLURGICAL, AND PETROLEUM ENGINEERS, INC., P. 63-75.",,,,,,,,,C,True,False,83.2,idonly
10084820,https://mrdata.usgs.gov/mrds/show-mrds.php?dep_id=10084820,W700032,,Cassiar,59.3179,-129.82135,,Canada,British Columbia,,N,Asbestos,,,Unknown,,Y,Producer,Chrysotile,"Antigorite, Brucite, Jade, Magnetite, Talc, Tremolite",,LENTICULAR,,18: Serpentine-hosted asbestos,Serpentinization,,,,"Orris, Greta J.",Sylvester Group,Serpentinite,,,,,"BRITISH COLUMBIA MINISTRY OF ENERGY, MINES AND PETROLEUM RESOURCESHARBEN, P.W., AND BATES, R.L., 1984, ASBESTOS, IN GEOLOGY OF THE NONMETALLICS:  NEW YORK, METAL BULLETIN INC., P. 324-335.CIM BULLETIN, APRIL, 1977.ASBESTOS, 1981, V. 62, NO. 7.ASBESTOS, 1983, V. 64, NO. 7.ESTIMATE OF G. ORRIS (1984), BASED ON PUBLISHED INFORMATION.",,,,,,,,,B,True,True,0.9,major
10085065,https://mrdata.usgs.gov/mrds/show-mrds.php?dep_id=10085065,W700572,,Powhatan Mine,35.55136,-79.38715,,United States,North Carolina,,N,Asbestos,,,Unknown,,Y,Past Producer,,,,,,,,,,,"Beougher, Dee (Spanski, Gregory T.)",,,,,,,"MINING MAGAZINE, JANUARY 1989, P. 44",,,,,,,,,D,False,False,61.4,major
10085066,https://mrdata.usgs.gov/mrds/show-mrds.php?dep_id=10085066,W700574,,Vermont Asbestos Mine,44.08235,-72.65943,,United States,Vermont,,N,Asbestos,,,Unknown,,Y,Producer,,,,,,,,,,,"Beougher, Dee (Spanski, Gregory T.)",,,,,,,"MINING MAGAZINE, JANUARY 1989, P. 44",,,,,,,,,D,False,False,6.1,major
10085064,https://mrdata.usgs.gov/mrds/show-mrds.php?dep_id=10085064,W700571,,Calaveras Mine,37.24086,-119.58772,,United States,California,,N,Asbestos,,,Unknown,,Y,Producer,,,,,,,,,,,"Beougher, Dee (Spanski, Gregory T.)",,,,,,,"MINING MAGAZINE, JANUARY 1989, P. 44",,,,,,,,,D,False,False,28.8,major
10085163,https://mrdata.usgs.gov/mrds/show-mrds.php?dep_id=10085163,W700712,,Woodsreef Mine,-32.16647,147.01159,OC,Australia,New South Wales,,N,Asbestos,,,Unknown,,Y,Past Producer,,,,,,,,,,,"Beougher, Dee (Spanski, Gregory T.)",,,,,,,"MINING MAGAZINE, JANUARY 1989, P. 47",,,,,,,,,D,False,False,20.6,major
10085340,https://mrdata.usgs.gov/mrds/show-mrds.php?dep_id=10085340,W700910,,Asbestos Mine of Northern Greece,39.1614,22.88324,EU,Greece,Kozani,,N,Asbestos,,,Unknown,,Y,Producer,,,,,,,,,,,"Beougher, Dee (Spanski, Gregory T.)",,,,,,,"MINING MAGAZINE, JANUARY 1989, P. 48",,,,,,,,,D,False,False,18.0,major
10085343,https://mrdata.usgs.gov/mrds/show-mrds.php?dep_id=10085343,W700914,,Balangero Mine,42.79465,12.07367,EU,Italy,,,N,Asbestos,,,Unknown,,Y,Producer,,,,,,,,,,,"Beougher, Dee (Spanski, Gregory T.)",,,,,,,"MINING MAGAZINE, JANUARY 1989, P. 48",,,,,,,,,D,False,False,82.1,major
10085651,https://mrdata.usgs.gov/mrds/show-mrds.php?dep_id=10085651,W701273,,Texas & Pacific Rr Number 1 Quarry,31.11878,-105.03163,,United States,Texas,Hudspeth,N,Talc-Soapstone,Asbestos,,Unknown,Metamorphic,M,Producer,Talc,"Chlorite, Dolomite, Quartz",,,,67: Carbonate-hosted magnesite-talc,,,T & P No. 1 Quarry,,"Paidakovich, Matthew E., Long, Keith R.",Allamoore Formation,Phyllite,,Mafic Intrusive Rock,,,"PRICE, J. G., HENRY, C. D., AND STANDEN, A. R., 1983, ANNOTATED BIBLIOGRAPHY OF MINERAL DEPOSITS IN TRANS-PECOS TEXAS: BUREAU OF ECONOMIC GEOLOGY (TEXAS), MINERAL RESOURCE CIRCULAR NO. 73, 108 PCIMRI",,,,,,,,,C,False,False,782.9,
10089823,https://mrdata.usgs.gov/mrds/show-mrds.php?dep_id=10089823,W033684,,Farwell Mine,44.96439,-72.43009,,United States,Vermont,Orleans,B,Chromium,Asbestos,,Unknown,"Metamorphic, Massive Chromite",S,Past Producer,"Asbestos, Chromite",,,"IRREGULAR, PODS AND LENSES",,,,,Crook Brook Mine,,"McBean, Alan J. (Ratte, Charles A.), L. G. Woodruff",Hazens Notch Formation,Serpentinite,,,,,"ADAMS, C.B., 1846, SECOND ANNUAL REPORT ON THE GEOLOGY OF THE STATE OF VERMONT. (CHAUNCEY GOODRICH, BURLINGTON, VERMONT) P. 220.MORRILL, P. AND CHAFFEE, R., 1964, VERMONT MINES AND MINERAL LOCALITIES (DARTMOUTH COLLEGE MUSEUM, HANOVER, NH) P. 24CADY, W.M., ALBEE, A.L. AND CHIDESTER, A.H., 1963, BEDROCK GEOLOGY AND ASBESTOS DEPOSITS OF THE UPPER MISSIQUOI VALLEY AND VICINITY, VERMONT. USGS BULLETIN 112-B.PEARRE, N.C. AND CALKINS J.A., 1957, MINERAL OCCURRENCES AND DEPOSITS IN VERMONT, EXCLUSIVE OF CLAY, SAND AND GRAVEL AND PEAT. USGS MINERAL RESOURCE MAP, MR-5.HITCHCOCK, F. ET AL, 1861, THE GEOLOGY OF VERMONT, VOL. 2. (CLAREMONT MFG. CO., CLAREMONT, N.H.) P. 833-837.MORSE, ELNORA, 1984, PERSONAL COMMUNICATION, JAY TOWN CLERK.ADAMS, C.B., 1947, THIRD ANNUAL REPORT ON THE GEOLOGY OF THE STATE OF VERMONT. (CHAUNCEY GOODRICH, BURLINGTON, VT) P. 27.Adams, C.B., 1847, Third Annual Report On The Geology Of The State Of Vermont:  Chauncey Goodrich, Burlington, Vermont.Adams, C.B., 1847, Third Annual Report On The Geology Of The State Of Vermont:  Chauncey Goodrich, Burlington, Vermont.Morrill, P. And Chaffee, R., 1964, Vermont Mines And Mineral Locations:  Montshire Museum, Hanover, New Hampshire, 50 P.Morrill, P. And Chaffee, R., 1964, Vermont Mines And Mineral Locations:  Montshire Museum, Hanover, New Hampshire, 50 P.Adams, C.B., 1846, Second Annual Report On The Geology Of The State Of Vermont:  Chancey Goodrich, Burlington, Vermont 217 P.Adams, C.B., 1846, Second Annual Report On The Geology Of The State Of Vermont:  Chancey Goodrich, Burlington, Vermont 217 P.Hitchcock, E. (With Sons And Albert Hager), 1861, Report On The Geology Of Vermont; 2 Volumes:  Claremont Mfg. Co., Claremont, New Hampshire, 988 P.Hitchcock, E. (With Sons And Albert Hager), 1861, Report On The Geology Of Vermont; 2 Volumes:  Claremont Mfg. Co., Claremont, New Hampshire, 988 P.Pearre, N.C. And Calkins, J.A., 1957, Mineral Deposits And Occurrences In Vermont, Exclusive Of Clay, Sand And Gravel, And Peat:  U.S. Geological Survey Mineral Investigations Resource Map Mr-5, Scale 1:500,000.Pearre, N.C. And Calkins, J.A., 1957, Mineral Deposits And Occurrences In Vermont, Exclusive Of Clay, Sand And Gravel, And Peat:  U.S. Geological Survey Mineral Investigations Resource Map Mr-5, Scale 1:500,000.Cady, W.M., Albee, A.L., And Chidester, A.H., 1963, Bedrock Geology And Asbestos Deposits Of The Upper Missisquoi Valley And Vicinity:  U.S. Geological Survey Bulletin 1122-B, 78pCady, W.M., Albee, A.L., And Chidester, A.H., 1963, Bedrock Geology And Asbestos Deposits Of The Upper Missisquoi Valley And Vicinity:  U.S. Geological Survey Bulletin 1122-B, 78p",,,,1845.0,,1845.0,,Enos Farwell,B,True,False,0.0,major
10089889,https://mrdata.usgs.gov/mrds/show-mrds.php?dep_id=10089889,W044160,,Eden Quarry,44.7667,-72.54511,,United States,Vermont,Lamoille,N,Asbestos,,,Unknown,Metamorphic,S,Past Producer,Chrysolite,"Steatite, Antigorite, Serpentine",,"LENTICULAR, TABULAR, PINCH AND SWELL",Surface,,,,Belvidere Mine,,"McBean, Alan J. (Ratte, Charles A.), L. G. Woodruff",Hazens Notch Formation,"Schist,Amphibolite",,,,,"CHIDESTER, A.H., BILLINGS, M.P. AND CADY, W.M., 1951, TALC INVESTIGATIONS IN VERMONT, PRELIMINARY REPORT:  USGS CIRCULAR 95, PP. 14-15.MORRILL, P. AND CHAFFEE, R., 1964, VERMONT MINES AND MINERAL LOCALITIES:  (MONTSHIRE MUSEUM; HANOVER, NH), P. 26.RICHARDSON, C.H., 1910, ASBESTOS IN VERMONT:  VERMONT STATE GEOLOGIST, 7TH REPORT (1909-1910), PP 324-329MARSTERS, W.F., 1904, A PRELIMINARY REPORT ON A PORTION OF THE SERPENTINE BELT OF LAMOILLE AND ORLEANS COUNTIES:  VERMONT STATE GEOLOGIST, 4TH REPORT (1903-1904), PP. 86-102.NO AUTHOR, INFORMATION PAMPHLET DISTRIBUTED BY VERMONT ASBESTOS, UNPUBLISHED, 7 P.Marsters, W.F., 1904, A Preliminary Report On A Portion Of The Serpentine Belt Of Lamoille And Orleans Counties:  4th Report, Vermont State Geologist (1903-1904), 86-104.Marsters, W.F., 1904, A Preliminary Report On A Portion Of The Serpentine Belt Of Lamoille And Orleans Counties:  4th Report, Vermont State Geologist (1903-1904), 86-104.Chidester, A.H., Billings, M.P., And Cady, W.M., 1951, Talc Investigations In Vermont, Preliminary Report:  U.S. Geological Survey Circular 95; 33 P.Chidester, A.H., Billings, M.P., And Cady, W.M., 1951, Talc Investigations In Vermont, Preliminary Report:  U.S. Geological Survey Circular 95; 33 P.Morrill, P. And Chaffee, R., 1964, Vermont Mines And Mineral Locations:  Montshire Museum, Hanover, New Hampshire, 50 P.Morrill, P. And Chaffee, R., 1964, Vermont Mines And Mineral Locations:  Montshire Museum, Hanover, New Hampshire, 50 P.Richardson, C.H., 1910, Asbestos In Vermont:  7th Annual Report, Vermont State Geologist (1909-1910), P. 324-329.Richardson, C.H., 1910, Asbestos In Vermont:  7th Annual Report, Vermont State Geologist (1909-1910), P. 324-329.",,1925.0,,1945.0,,1892.0,,Woodsmen,B,True,False,0.0,major
10097752,https://mrdata.usgs.gov/mrds/show-mrds.php?dep_id=10097752,BL30034,,Carolina Mine,-17.03406,-65.64362,SA,Bolivia,Cochabamba,,N,Asbestos,,,Unknown,Stockwork,S,Past Producer,Crocidolite,,,,,,Metamorphosed,,,,"Long, Keith R.",Limbo Formation,"Shale,Sandstone",,,,,"AHLFELD, F., AND SCHNEIDER-SCHERBINA A., 1964, LOS YACIMIENTOS MINERALES Y DE HIDROCARBUROS DE BOLIVIA: DEPARTAMENTO NACIONAL DE GEOLOGIA BOLETIN 5, P. 317-320CIMRI",,,,,,,1937-,,D,False,True,3638.4,major
10097781,https://mrdata.usgs.gov/mrds/show-mrds.php?dep_id=10097781,D002817,,Bore Tree Saddle,33.9834,-110.83403,,United States,Arizona,Gila,N,Asbestos,,,Unknown,,S,Past Producer,,,,,,,,,Ash Creek,,"Hasler, J. William, Orris, Greta J.",Mescal Limestone,Limestone,,,,,"WILSON, E. D., ARIZ BUR MINES BULL 126.USBM I. C. 7706.PHILLIPS, K.A., 1987, ARIZONA INDUSTRIAL MINERALS:  ARIZONA DEPARTMENT OF MINES AND MINERAL RESOURCES MINERAL REPORT 4, 185 P.CIMRI",,,,,,,,,D,False,False,389.6,
10099037,https://mrdata.usgs.gov/mrds/show-mrds.php?dep_id=10099037,OR05461,,Young Claim,42.29621,-123.84283,,United States,Oregon,Curry,B,Chromium,Asbestos,,Unknown,,Y,Past Producer,,,,,,,,,,,"Gray, Jerry J.",,,,,,,U.S. BUREAU OF MINES FILES (WFOC),,,,,,,,,D,False,False,0.0,major
10099392,https://mrdata.usgs.gov/mrds/show-mrds.php?dep_id=10099392,TC10367,,Cliffbestos Group,33.80563,-110.59513,,United States,Arizona,Gila,N,Asbestos,,,Unknown,,Y,Past Producer,Chrysotile,,,,,,,,,,"Orris, Greta J., Wells, Tina M. (Orris, Greta J.)",Mescal Limestone,Limestone,,Diabase,,,"STEWART, L.A., 1956, CHRYSOTILE-ASBESTOS DEPOSITS IN ARIZONA: US BUREAU OF MINES INFORMATION CIRCULAR 7745, P. 13-14.PHILLIPS, K.A., 1987, ARIZONA INDUSTRIAL MINERALS: ARIZONA DEPARTMENT OF MINES AND MINERAL RESOURCES, MINERAL REPORT 4, P. 46.PEIRCE, H.W., 1990, ARIZONA GEOLOGICAL SURVEY INDUSTRIAL MINERALS CARD FILE.PHILLIPS, K.A., 1987, ARIZONA INDUSTRIAL MINERALS:  ARIZONA DEPARTMENT OF MINES AND MINERAL RESOURCES MINERAL REPORT 4, 185 P.CIMRI",,,,,,,,,C,True,False,395.8,
10099393,https://mrdata.usgs.gov/mrds/show-mrds.php?dep_id=10099393,TC10375,,Tony Mine,34.00951,-110.83737,,United States,Arizona,Gila,N,Asbestos,,,Unknown,,S,Past Producer,Chrysotile,,,,,,,,,,"Wells, Tina M. (Orris, Greta J.)",Mescal Limestone,Limestone,,Diabase,,,"STEWART, L.A., 1955, CHRYSOTILE-ASBESTOS DEPOSITS OF ARIZONA: US BUREAU OF MINES INFORMATION CIRCULAR 7706, P. 72.PEIRCE, H.W., 1990, ARIZONA GEOLOGICAL SURVEY INDUSTRIAL MINERALS CARD FILE.PHILLIPS, K.A., 1987, ARIZONA INDUSTRIAL MINERALS:  ARIZONA DEPARTMENT OF MINES AND MINERAL RESOURCES MINERAL REPORT 4, 185 P.CIMRI",,,,,,,,,C,True,False,391.4,
10099517,https://mrdata.usgs.gov/mrds/show-mrds.php?dep_id=10099517,TC40100,,Pierce,33.95868,-110.79181,,United States,Arizona,Gila,N,Asbestos,,,Unknown,,S,Past Producer,Chrysotile,,,,,,,,,,"Orris, Greta J.",,Limestone,,,,,"PHILLIPS, K.A., 1987, ARIZONA INDUSTRIAL MINERALS: ARIZONA DEPARTMENT OF MINES AND MINERAL RESOURCES REPORT 4, 185 PCIMRI",,,,,,,,,D,True,False,391.1,
10099484,https://mrdata.usgs.gov/mrds/show-mrds.php?dep_id=10099484,TC38799,,Dunn Asbestos Deposit,33.6056,-116.48668,,United States,California,Riverside,N,Asbestos,,,Unknown,,Y,Past Producer,,,,PODS,Surface,,,,,,"Unkefer, Jason",,Serpentinite,,,,,"SAMPSON, R.J., AND TUCKER, W.B., 1945, MINERAL RESOURCES OF RIVERSIDE COUNTY; CALIFORNIA DIVISION OF MINES AND GEOLOGY, VOL. 41, NO. 3, P. 158CIMRI",,,,,,,,,C,True,False,51.7,
10100847,https://mrdata.usgs.gov/mrds/show-mrds.php?dep_id=10100847,TC38798,,Percival Asbestos Mine,33.61004,-116.48252,,United States,California,Riverside,N,Asbestos,,,Unknown,,S,Producer,,,,VEINS,Surface/Underground,,,,,,"Unkefer, Jason",,Peridotite,,,,,"SAMPSON, R.J., AND TUCKER, W.B., 1945, MINERAL RESOURCES OF RIVERSIDE COUNTY; CALIFORNIA DIVISION OF MINES AND GEOLOGY, VOL. 41, NO. 3, P. 159CIMRI",,,,,,,,,C,True,False,51.1,
10101429,https://mrdata.usgs.gov/mrds/show-mrds.php?dep_id=10101429,D002820,,"Wolf Spring, Wilson and Cherry Creek",34.00008,-110.83403,,United States,Arizona,Gila,N,Asbestos,,,Unknown,,M,Past Producer,,,,,,,,,,,"Hasler, J. William",Mescal Limestone;,Limestone,,,,,"STEWART L.A., USBM INFORMATION CIRCULAR 7706.WILSON, E.D., ARIZ. BUREAU OF MINES BULL 126.CIMRI",,,,,,,,,C,False,False,390.9,
10102236,https://mrdata.usgs.gov/mrds/show-mrds.php?dep_id=10102236,I010155,,Mavita,-19.49691,33.00133,AF,Mozambique,,,N,Asbestos,,Talc-Soapstone,Unknown,,S,Past Producer,Talc,"Biotite, Tremolite",,,,,"Serpentinization, Silicification",,,,"Orris, Greta J.",,"Schist,Migmatite,Amphibolite,Serpentinite",,Mafic Intrusive Rock,,Arch Greenstone Belt-- Zimbabwean Craton,"CILEK, V.G., 1989, INDUSTRIAL MINERALS OF MOZAMBIQUE:  CZECH GEOLOGICAL OFFICE SPECIAL PUBLICATION, 326 PCILEK, 1989.",,1965.0,,1980.0,,,"1943-1946, 1967-1973, 1978-1980, OTHERS?",,C,True,True,6793.8,idonly
10102339,https://mrdata.usgs.gov/mrds/show-mrds.php?dep_id=10102339,K002552,,Oakland Asbestos Mine,35.11455,-82.98265,,United States,North Carolina,Transylvania,N,Asbestos,,,Unknown,,S,Past Producer,,,,,,,,,,,"Fagan, James M.",,Gneiss,,,,,"CONRAD, S.G., AND OTHERS, 1963, ANTHOPHYLLITE ASBESTOS IN NORTH CAROLINA: NORTH CAROLINA DIV. MINERAL RESOURCES BULL. 77, 61PCONRAD, S.G., AND OTHERS, 1963, N.C. DIV. MIN. RES. BULL. 77.",,,,,,,,,C,False,False,0.0,major
10102340,https://mrdata.usgs.gov/mrds/show-mrds.php?dep_id=10102340,K002557,,Jennings No. 1 Asbestos Mine,35.05317,-83.05154,,United States,North Carolina,Transylvania,N,Asbestos,,,Unknown,,S,Past Producer,,,,,Surface,,,,,,"Fagan, James M.",,,,Pegmatite,,,"CONRAD, S.G., AND OTHERS, 1963, ANTHOPHYLLITE ASBESTOS IN NORTH CAROLINA: NORTH CAROLINA DIV. MINERAL RESOURCES BULL. 77, 61PCONRAD, S.G., AND OTHERS, 1963, N.C. DEPT. MIN. RES. BULL. 77",,1957.0,,,,,1957,,C,False,False,6.7,major
10102341,https://mrdata.usgs.gov/mrds/show-mrds.php?dep_id=10102341,K002565,,Socrates Corundum Mine,35.10067,-83.01376,,United States,North Carolina,Transylvania,N,Corundum,,Asbestos,Unknown,,Y,Past Producer,"Asbestos, Corundum","Chlorite, Tremolite",,,,,,,Socrates Asbestos Prospect,,"Fagan, James M.",,,,,,Folded Blue Ridge,"CONRAD, S.G., AND OTHERS, 1963, ANTHOPHYLLITE ASBESTOS IN NORTH CAROLINA: NORTH CAROLINA DIV. MINERAL RESOURCES BULL. 77, 61P.PRATT, J.H., AND LEWIS, J.V., 1905, CORUNDUM AND THE PERIDOTITES OF WESTERN NORTH CAROLINA: NORTH CAROLINA GEOLOGICAL SURVEY (REPT.) VOL. 1, 440P.1905 RECON PRATT AND LEWIS, REPORT1966 RECON CONRAD, REPORTPRATT AND LEWIS, 1905, P. 44.CONRAD, S.G., 1963, P. 32.",,1895.0,,,,,1880'S,,C,False,True,0.6,major
10102342,https://mrdata.usgs.gov/mrds/show-mrds.php?dep_id=10102342,K002570,,Round Mountain Mine,35.029,-83.03265,,United States,North Carolina,Jackson,N,Asbestos,,,Unknown,,Y,Past Producer,Asbestos,,,,Surface,,,,,,"Fagan, James M.",,Gneiss,,Pegmatite,,,"CONRAD, S.G., AND OTHERS, 1963, ANTHOPHYLLITE ASBESTOS IN NORTH CAROLINA: NORTH CAROLINA DIV. MINERAL RESOURCES BULL. 77, 61P1963 RECON CONRAD, S.G., REPORCONRAD, S.G., 1963",,1956.0,,,,,1956-1957,,C,False,False,8.4,major
10102343,https://mrdata.usgs.gov/mrds/show-mrds.php?dep_id=10102343,K002575,,Henderson Asbestos Mine,35.16622,-83.16516,,United States,North Carolina,Jackson,N,Asbestos,,,Unknown,,S,Past Producer,Asbestos,,,,,,,,,,"Fagan, James M.",,,,,,,"CONRAD, S.G., AND OTHERS, 1963, ANTHOPHYLLITE ASBESTOS IN NORTH CAROLINA: NORTH CAROLINA DIV. MINERAL RESOURCES BULL. 77, 61P1963 RECON CONRAD, S.G., REPORCONRAD, S.G., 1963, N.C. DIV. MIN. RES. BULL. 77",,,,,,,,,C,False,False,5.7,major
10102404,https://mrdata.usgs.gov/mrds/show-mrds.php?dep_id=10102404,M000633,,Enders Mine,33.81314,-110.50958,,United States,Arizona,Gila,N,Asbestos,,,Unknown,Vein,S,Past Producer,Chrysotile,,,LINEAR,Underground,,,,"Horse Shoe No. 1 & 2, Horseshoe, White Tail",,"Hall, R. K. (Creasey, S. C.), Orris, Greta J.",Mescal Limestone,Limestone,,Diabase,,,"MOORE, R.T., 1968, MINERAL DEPOSITS OF THE FORT APACHE INDIAN RESERVATION, ARIZONA:  ABM BULLETIN 177, P. 44.PHILLIPS, K.A., 1987, ARIZONA INDUSTRIAL MINERALS:  ARIZONA DEPARTMENT OF MINES AND MINERAL RESOURCES MINERAL REPORT 4, 185 P.CIMRIABM BULLETIN 177 , P. 44.",,,,,,,,,C,True,False,403.7,
10102436,https://mrdata.usgs.gov/mrds/show-mrds.php?dep_id=10102436,M001966,,Fiber King Mine,33.83507,-110.59541,,United States,Arizona,Gila,N,Asbestos,,,Unknown,Vein,S,Past Producer,Chrysotile,,,LINEAR,Underground,,,,"Salt Ban, Riverside",,"Hall, R. K. (Creasey, S. C.), Orris, Greta J.",Mescal Limestone,Limestone,,Diabase,"In This Area The High, Steep, North Side, Of Salt River Canyon Is Modified By Several Benches And Is Scalloped By Tributary Canyons",,"MOORE, R.T., 1968,  MINERAL DEPOSITS OF THE FORT APACHE INDIAN RESERVATION, ARIZONA:  ABM BULLETIN 172, P. 51.STEWART, L.A., 1956, CHRYSOTILE - ASBESTOS DEPOSITS OF ARIZONA:  USBM INFORMATION CIRCULAR 7745, P. 25.PHILLIPS, K.A., 1987, ARIZONA INDUSTRIAL MINERALS:  ARIZONA DEPARTMENT OF MINES AND MINERAL RESOURCES MINERAL REPORT 4, 185 P.CIMRI",,,,,,,,,B,True,False,398.0,
10102470,https://mrdata.usgs.gov/mrds/show-mrds.php?dep_id=10102470,M002868,,Globe and Miami Group,33.74563,-110.94126,,United States,Arizona,Gila,N,Asbestos,,,Unknown,,S,Past Producer,Chrysotile,,,LENSES,Surface/Underground,,,,,,"Hall, R. K. (Creasey, S. C.)",Mescal Limestone,Limestone,,Diabase,,,"STEWART, L.A., 1955, CHRYSOTILE - ASBESTOS DEPOSITS OF ARIZONA:  USBM INFORMATION CIRCULAR 7706, P. 80.WILSON, E.D., 1928, ASBESTOS DEPOSITS OF ARIZONA:  ABM BULLETIN 126, P. 56.CIMRI",,,,,,,,,C,True,False,361.6,
10102471,https://mrdata.usgs.gov/mrds/show-mrds.php?dep_id=10102471,M002874,,Reynolds Falls Group,33.86146,-110.94292,,United States,Arizona,Gila,N,Asbestos,,,Unknown,,S,Past Producer,Chrysotile,,,LENSES,Unknown,,Lenses Have Been Found Where A Fairly Thick Veinlet Of Entirely Amber-Color Fiber Occurs Along The Top Surface Of The Color-Banded Asbestos Veins.   These Occurrences Strongly Suggest Second-Generation Asbestos Deposition,,Reynolds Creek,,"Hall, R. K. (Creasey, S. C.), Orris, Greta J.",Mescal Limestone,Limestone,,Diabase,"The Structual Control That Influenced The Deposition Of Asbestos At This Extreme Distance From Diabase Has Not Been Definitely Determined, As No Dikes Or Crosscutting Features Are Indicated.  These Are Numerous More-Or-Less Parallel, East-West, Pre-Mineral Fractures Showing Slight Horizontal Movement, Which May Be Related To The Ore Deposition",,"STEWART, L.A., 1955, CHRYSOTILE - ASBESTOS DEPOSITS OF ARIZONA:  USBM INFORMATION CIRCULAR 7706, P. 74.WILSON, E.D., 1928, ASBESTOS DEPOSITS OF ARIZONA:  ABM BULLETIN 126, P. 82.PHILLIPS, K.A., 1987, ARIZONA INDUSTRIAL MINERALS:  ARIZONA DEPARTMENT OF MINES AND MINERAL RESOURCES MINERAL REPORT 4, 185 P.CIMRIUSBM INFORMATION CIRCULAR 7706, P. 78.",,,,,,,,,B,True,False,370.5,
10102482,https://mrdata.usgs.gov/mrds/show-mrds.php?dep_id=10102482,M003012,,Victory and Eldorado Mines,33.72536,-110.5743,,United States,Arizona,Gila,N,Asbestos,,,Unknown,,S,Past Producer,Chrysotile,Serpentine,,LINEAR,Underground,,,,"Western Chemical Co. Mines, El Dorado, Chyrsotile","Asbestos-Bearing Zones Occur In The Bedding Of The Lower Member At Three Constant Intervals.  The Topmost Zone Is Immediately Under The Base Of The Algal Limestone, And Lower Zones Occur At 33 And 39 Feet Stratigraphically Lower In The Section.","Hall, R. K. (Creasey, S. C.), Orris, Greta J.",Mescal Limestone,Limestone,,Diabase,"A Major Normal Fault In The Area Of The Eldorado Mine Strikes N 70 W With An Average Dip Of 65 Deg. S., Displacing The South Portion Approximately 15 Feet Down.",,"STEWART, L.A., 1955, CHRYSOTILE-ASBESTOS DEPOSITS OF ARIZONA:  USBM INFORMATION CIRCULAR 7706, P. 27.WILSON, E.D., 1928, ASBESTOS DEPOSITS OF ARIZONA:  ABM BULLETIN 126, P. 37.""DIRECTORY OF ACTIVE MINES IN ARIZONA,"" ARIZONA DEPARTMENT OF MINES AND MINERAL RESOURCES, JAN. 1982, P. 14.""MINERALS AVAILABILITY SYSTEM: ARIZONA ASBESTOS,"" ARIZONA DEPARTMENT OF MINES AND MINERAL RESOURCES, JUNE 1976.PEIRCE, H.W., 1990, ARIZONA GEOLOGICAL SURVEY INDUSTRIAL MINERALS CARD FILE.PHILLIPS, K.A., 1987, ARIZONA INDUSTRIAL MINERALS:  ARIZONA DEPARTMENT OF MINES AND MINERAL RESOURCES MINERAL REPORT 4, 185 P.CIMRI",,,,,,,,,B,True,False,391.6,
10102483,https://mrdata.usgs.gov/mrds/show-mrds.php?dep_id=10102483,M003021,,Golden Fiber 1 and 2 Claims,33.78425,-110.51208,,United States,Arizona,Gila,N,Asbestos,,,Unknown,,S,Past Producer,Chrysotile,,,LINEAR,Unknown,,,,Old Falls Group,,"Hall, R. K. (Creasey, S. C.)",Mescal Limestone,Limestone,,Diabase,,,"STEWART, L.A., 1955, CHRYSOTILE-ASBESTOS DEPOSITS OF ARIZONA:  USBM INFORMATION CIRCULAR, 7706, P. 61",,,,,,,,,C,True,False,401.3,
10102484,https://mrdata.usgs.gov/mrds/show-mrds.php?dep_id=10102484,M003027,,Regal Group,33.81757,-110.59708,,United States,Arizona,Gila,N,Asbestos,,,Unknown,Vein,S,Past Producer,Chrysotile,,,LINEAR,Underground,,,,Corral Creek,Asbestos-Bearing Serpentine Zones Occur At 3 Horizons In The Lower Mescal Limestone,"Gere, W., Hall, R. K. (Creasey, S. C.), Orris, Greta J.",Mescal Limestone,Limestone,,Diabase,The Predominant Factor In The Concentration Of Asbestos Within The Favorable Beds Has Been The Shattering And Warping Of These Beds By A Belt Of Thrust Faulting That Has A General Course Of 5.25 Deg. E.,,"STEWART, L.A., 1955, CHRYSOTILE-ASBESTOS DEPOSITS OF ARIZONA:  USBM INFORMATION CIRCULAR 7706, P. 19.WILSON, E.D., 1928, ASBESTOS DEPOSITS OF ARIZONA:  ABM BULLETIN 126, P. 48.PHILLIPS, K.A., 1987, ARIZONA INDUSTRIAL MINERALS:  ARIZONA DEPARTMENT OF MINES AND MINERAL RESOURCES MINERAL REPORT 4, 185 P.CIMRI",,,,,,,,,B,True,False,396.6,
10102485,https://mrdata.usgs.gov/mrds/show-mrds.php?dep_id=10102485,M003034,,Pine Top Mine,33.7848,-110.50875,,United States,Arizona,Gila,N,Asbestos,,,Unknown,Vein,S,Past Producer,Chrysotile,,,LINEAR,,,,,,,"Hall, R. K. (Creasey, S. C.), Orris, Greta J., Gere, W.",Mescal Limestone,Limestone,,Diabase,,,"STEWART, L.A., 1955, CHRYSOTILE-ASBESTOS DEPOSITS OF ARIZONA: INFORMATION CIRCULAR 7706, P. 56.PHILLIPS, K.A., 1987, ARIZONA INDUSTRIAL MINERALS:  ARIZONA DEPARTMENT OF MINES AND MINERAL RESOURCES MINERAL REPORT 4, 185 P.CIMRI",,,,,,,,,C,True,False,401.7,
10102486,https://mrdata.usgs.gov/mrds/show-mrds.php?dep_id=10102486,M003041,,Salt River Asbestos,33.79591,-110.49458,,United States,Arizona,Gila,N,Asbestos,,,Unknown,Vein,S,Past Producer,Chrysotile,,,LINEAR,Surface/Underground,,Serpentinization,"The Contact Between The Diabase And The Underlying Limestones Undulates.  Along Three Intervals Of The Rimrock, The Base Of The Sill Is In Contact With Limestones Stratigraphically Lower Than Those Favorable To Asbestos Localization, And In Three Places On The Claims The Base Of The Sill Is Stratigraphically Above The Beds.","Sorenson - Williams, Salt River Group","Asbestos Occurs At Two Or More Horizons In Competent, Medium - To - Thick Bedded Limestone","Gere, W., Hall, R. K. (Creasey, S. C.), Orris, Greta J.",Mescal Limestone,Limestone,,"Diabase,Plutonic Rock","Northwest-Trending Fractures Are Numerous Where The Southern Deposit Is Exposed By Mine Workings.  As A Result Of Water Solution Along The Fractures, And Of Slumping Of The Blocks Bounded By The Fractures, Vertical Openings As Much As 2 Feet Wide Exist Throughout Much Of The Deposit.  As A Result, The Ground Is Very Heavy - The Limestone Above And Below The Ore Zone Caves Readily.",Basin And Range,"BROMFIELD, C.S., AND SHRIDE, A.F., 1956, MINERAL RESOURCES OF THE SAN CARLOS INDIAN RESERVATION, ARIZONA:  U.S. GEOLOGICAL SURVEY BULLETIN 1027-N, P. 661.STEWART, L.A., 1955, CHRYSOTILE-ASBESTOS DEPOSITS OF ARIZONA:  USGS INFORMATION CIRCULAR 7706, P. 53.STEWART, HAURY, 1947, ARIZONA ASBESTOS DEPOSITS, GILA COUNTY, ARIZONA:  U.S. BUREAU OF MINES REPORT OF INVESTIGATION 4100.PHILLIPS, K.A., 1987, ARIZONA INDUSTRIAL MINERALS:  ARIZONA DEPARTMENT OF MINES AND MINERAL RESOURCES MINERAL REPORT 4, 185 P.CIMRI",,,,,,,,,B,True,False,403.7,
10102495,https://mrdata.usgs.gov/mrds/show-mrds.php?dep_id=10102495,M003121,,Apache Claims,33.41147,-110.60625,,United States,Arizona,Gila,N,Asbestos,,,Unknown,Vein,S,Past Producer,Chrysotile,,,LINEAR,,,,,"Metate Asbestos Corp., Shanley Apache Mine",,"Gere, W., Hall, R. K. (Creasey, S. C.), Orris, Greta J.",Mescal Limestone,Limestone,,Diabase,"This Ridge Is Made Up Of Fault Blocks Of The Apache Group Of Sediments, With A Few Short, Very Minor Folds.",,"STEWART, L.A., 1955, CHRYSOTILE-ASBESTOS DEPOSITS OF ARIZONA:  USBM INFORMATION CIRCULAR 7706, P. 100.WILSON, E.D., 1928, ASBESTOS DEPOSITS OF ARIZONA:  ABM BULLETIN 126, P. 62.PHILLIPS, K.A., 1987, ARIZONA INDUSTRIAL MINERALS:  ARIZONA DEPARTMENT OF MINES AND MINERAL RESOURCES MINERAL REPORT 4, 185 P.CIMRI",,,,,,,,,B,True,False,367.3,
10102496,https://mrdata.usgs.gov/mrds/show-mrds.php?dep_id=10102496,M003133,,Emsco Mine,33.78091,-110.52458,,United States,Arizona,Gila,N,Asbestos,,Wollastonite,Unknown,Vein,S,Past Producer,Chrysotile,Wollastonite,,LINEAR,,,,"The Favorable Limestone Beds Were Folded Upward In The Area Now Outlined By The Stope, On Intrusion Of The Underlying Diabase Sill, And Were Folded Downward Adjacent To The Dike, Which Bounds The Sliver Of Mescal Limestone, On The Southeast.  The Resulting Structure Is Dome-Like.  The Area Of Greatest Deformation Is Now Approximately Outlined By A Stope, On The Upper Asbestos Zone.  In This Area, Stresses Imposed By The Doming Were Relieved Along Numerous Small-Scale Thrust And Bedding Faults.  Asbestos Was Concentrated Where Faults Are Most Numerous.","Emsco Property, Accident Claims","The Asbestos Of The Emsco Deposit Is In Two Zones That Are 14 1/2 Feet Apart;  These Zones Are In A Sliver Of Mescal Limestone, 35 To 40 Feet Thick, Overlain And Underlain By Thick Diabase Sills.","Gere, W., Hall, R. K., Creasey, S. C.",Mescal Limestone,Limestone,,Diabase,,,"BROMFIELD, C.S. AND SHRIDE, A.F., 1956, MINERAL RESOURCES OF THE SAN CARLOS RESERVATION, ARIZONA:  US GEOLOGICAL SURVEY BULLETIN 1027-N, P. 653.PHILLIPS, K.A., 1987, ARIZONA INDUSTRIAL MINERALS:  ARIZONA DEPARTMENT OF MINES AND MINERAL RESOURCES MINERAL REPORT 4, 185 P.CIMRI",,,,,,,,,C,True,False,400.0,
10102956,https://mrdata.usgs.gov/mrds/show-mrds.php?dep_id=10102956,M014905,,Ward Mine,44.38068,-118.89717,,United States,Oregon,Grant,B,Chromium,,Asbestos,Unknown,Podiform,S,Past Producer,"Chromite, Chrysotile",,,"MASSIVE BLACK ORE, SPOTTED ORE, AND NODULAR ORE",,,,,"B & J, Olson",,"Lee, W., Bradley, Robin (Walker, George W.), Gray, Jerry J.",Canyon Mountain Complex,"Dunite,Alluvium",,,,Ophiolite,"ALLEN, J. E., 1938 , CHROMITE DEPOSITS IN OREGON:  ODGMI BULL 9 , P. 55OREGON METAL MINES HANDBOOK, 1941 , ODGMI BULL. 14 - B, P. 38WESTGATE, L. G., 1920 , CHROMITE IN THE KLAMATH MOUNTAINS, CALIF. AND ORE:  USGS BULL. 725 - A, P. 48 .1956-1957 PRODUCTION RECORD FROM ODGMI FILES",,,,,,,1916 - 1918,,B,True,False,0.0,major
10105114,https://mrdata.usgs.gov/mrds/show-mrds.php?dep_id=10105114,TC10372,,No. 2 Mine,34.02229,-110.84987,,United States,Arizona,Gila,N,Asbestos,,,Unknown,,S,Past Producer,Chrysotile,,,,,,,,"Number Two, Vosberg Claims",,"Wells, Tina M. (Orris, Greta J.)",Mescal Limestone,Limestone,,Diabase,,,"""MINERALS AVAILABILITY SYSTEM: ARIZONA ASBESTOS,"" ARIZONA DEPT. OF MINES AND MINERAL RESOURCES, JUNE 1976.STEWART, L.A., 1955, CHRYSOTILE-ASBESTOS DEPOSITS OF ARIZONA: US BUREAU OF MINES INFORMATION CIRCULAR 7706, P. 70-71.PEIRCE, H.W., 1990, ARIZONA GEOLOGICAL SURVEY INDUSTRIAL MINERALS CARD FILE.PHILLIPS, K.A., 1987, ARIZONA INDUSTRIAL MINERALS:  ARIZONA DEPARTMENT OF MINES AND MINERAL RESOURCES MINERAL REPORT 4, 185 P.CIMRI",,,,1955.0,,,,,C,True,False,391.4,
10105609,https://mrdata.usgs.gov/mrds/show-mrds.php?dep_id=10105609,W013133,0160490332,Kamiah Asbestos Mine,46.21597,-115.8388,,United States,Idaho,Idaho,N,Asbestos,,,Unknown,,S,Past Producer,Anthophyllite,"Antigorite, Biotite, Chromite, Garnet, Magnetite, Muscovite, Olivine, Picotite, Pyrite, Pyrrhotite, Talc",,LENTICULAR LEDGES,,,Anthophyllite Replaced Dunite,Metamorphism - Emplacement Of Idaho Batholith,Panhandle Asbestos Mine,,"Miller, Pat J., Western Field Operations Center (WFOC)",Belt Supergroup,Gneiss,Idaho Batholith,"Granitic Gneiss,Quartz Monzonite,Granite",,Miogeocline,"Anderson, A. L., 1930, The Geology And Mineral Resources Of The Region About Orofino, Idaho: Idaho Bureau Of Mines And Geol. Pamphlet 34, 63 P.Anderson, A. L., 1932, Genesis Of The Anthophyllite Deposits Near Kamiah, Idaho: Jour. Geology, V. 38, No. 1, P. 68 - 80.Hubbard, C.R., 1955 , A Survey Of The Mineral Resources Of Idaho:  Idaho Bureau Of Mines And Geology Pamphlet 105 , 56 P.Diller, J. S., 1911 , The Types, Modes Of Occurrence, And Important Deposits Of Asbestos In The United States:  USGS Bulletin 470-K, P. 519 - 520 .Minobras, 1975, Idaho Ind Minerals, P 381930 Geolmap Idaho Bureau Of Mines And Geology Pamphlet 341955 Compile Idaho Bureau Of Mines And Geology Pamphlet 105Hubbard, C.R., Idaho Bureau Of Mines And Geology Pamphlet 105",,1908.0,,,,,,,B,False,True,81.1,minor
10106581,https://mrdata.usgs.gov/mrds/show-mrds.php?dep_id=10106581,A010739,,Nyac Area,61.00765,-159.93616,,United States,Alaska,,B,Gold,Mercury,"Asbestos, Graphite",Unknown,,S,Producer,"Cinnabar, Gold",,,,,,,,"Includes: Bear, California, Bonanza Creeks & Tuluksac River",,"Garrison, Michael T. (Elliott, R. L.)",,Gravel,,,,,"USGS B1374, P. 42USGS OFR, P.",,1909.0,,,,1909.0,,,C,False,False,6.1,major
10106681,https://mrdata.usgs.gov/mrds/show-mrds.php?dep_id=10106681,DE00071,,Gaths Mine,-18.99706,29.8732,AF,Zimbabwe,,,N,Asbestos,,,Unknown,,Y,Producer,,,,,,,,,,,"Beougher, Dee (Spanski, Gregory T.)",,,,,,,"MINING MAGAZINE, JANUARY 1989, P. 50",,,,,,,,,D,False,False,6743.9,major
10106683,https://mrdata.usgs.gov/mrds/show-mrds.php?dep_id=10106683,DE00081,,Cyprus Asbestos Mine,35.04475,33.22328,AS,Cyprus,,,N,Asbestos,,,Unknown,,Y,Producer,,,,,,,,,,,"Beougher, Dee (Spanski, Gregory T.)",,,,,,,"MINING MAGAZINE, JANUARY 1989, P. 50",,,,,,,,,D,False,False,21.9,major
10106755,https://mrdata.usgs.gov/mrds/show-mrds.php?dep_id=10106755,I002005,,Pegaso,17.8507,-96.86693,,Mexico,Oaxaca,,B,Asbestos,,"Magnesite, Manganese, Talc-Soapstone",Unknown,Metamorphic,Y,Producer,"Brucite, Chrysotile, Pyrolusite","Aragonite, Calcite, Cordierite, Garnierite, Magnetite, Pectolite, Talc, Tremolite",,,,18: Serpentine-hosted asbestos,,,,,"Orris, Greta J.",Acatlan Formation,"Schist,Serpentinite",,"Diabase,Granite",Nw-Trending Fracturing,Peninsula De Oaxaca,"RAMIREZL., J.C., 1991, GEOLOGY OF THE PEGASO ASBESTOS DEPOSIT, CONCEPCION, PAPALO, SUICATLAN, OAXACA, IN SALAS, G.P., ED., ECONOMIC GEOLOGY, MEXICO:  BOULDER, COLORADO, GEOLOGICAL SOCIETY OF AMERICA, THE GEOLOGY OF NORTH AMERICA, V. P-3, P. 343-347CIMRI",,,,,,,,,B,True,True,2113.3,
10107449,https://mrdata.usgs.gov/mrds/show-mrds.php?dep_id=10107449,W700573,,Santa Rita Mine,37.24086,-119.58772,,United States,California,,N,Asbestos,,,Unknown,,Y,Producer,,,,,,,,,,,"Beougher, Dee (Spanski, Gregory T.)",,,,,,,"MINING MAGAZINE, JANUARY 1989, P. 44",,,,,,,,,D,False,False,28.8,major
10109032,https://mrdata.usgs.gov/mrds/show-mrds.php?dep_id=10109032,M002935,,Rosa Claims,33.8709,-110.9482,,United States,Arizona,Gila,N,Asbestos,,,Unknown,,S,Producer,Chrysotile,,,LINEAR,Underground,,,"As At The No. 2 Adits, The Best Mineralization Was Concentrated Near Small-Scale Thrust Faults",Rosa Group,,"Hall, R. K. (Creasey, S. C.), Orris, Greta J.",Mescal Limestone,Limestone,,Diabase,,,"STEWART, L.A., 1956, CHRYSOTILE-ASBESTOS DEPOSITS IN ARIZONA:  USBM INFORMATION CIRCULAR 7745, P. 33.PHILLIPS, K.A., 1987, ARIZONA INDUSTRIAL MINERALS:  ARIZONA DEPARTMENT OF MINES AND MINERAL RESOURCES MINERAL REPORT 4, 185 P.CIMRI",,,,,,,,,B,True,False,370.8,
10109324,https://mrdata.usgs.gov/mrds/show-mrds.php?dep_id=10109324,M013748,,L.E.J. Asbestos,42.36788,-123.41587,,United States,Oregon,Josephine,N,Asbestos,,,Unknown,Metamorphic,Y,Producer,Tremolite,,,,,,,,,,"Lee, W, Ferns, Mark L. (Brooks, Howard C.), Gray, Jerry J.",,Peridotite,,,,,"ORE BIN, VOL. 27, NO. 3, P. 52RAMP, L. AND PETERSON, N.V., 1979, GEOLOGY AND MINERAL RESOURCES OF JOSEPHINE COUNTY, OREGON; ODGMI BULL. 100, 45P",,,,,,,,,C,True,True,0.1,major
10109355,https://mrdata.usgs.gov/mrds/show-mrds.php?dep_id=10109355,M014865,,Mount Vernon Deposit,44.44346,-119.05884,,United States,Oregon,Grant,N,Asbestos,,,Unknown,,S,Producer,Chrysotile,,,CROSS FIBER AND SLIP FIBER,,,,,"Oregon Asbestos, Coast Asbestos Co.",,"Lee, W., Bradley, Robin (Walker, George W.), Gray, Jerry J.",,Serpentinite,,,,,"WAGNER, N. S., (OCTOBER) 1963 , COAST ASBESTOS CO. OPERATIONS GRANT COUNTY, OREGON:  ODGMI, THE ORE BIN, VOL. 25 , NO. 10 , P. 171 .BRIGHT, J. T., AND RAMP, L., (MARCH) 1965 , OREGON'S ASBESTOS POTENTIAL:  ODGMI, THE ORE BIN, VOL. 27 , NO. 3 , P. 53 .OREGON METAL MINES HANDBOOK, 1941, ODGMI BULL. 14-B, P. 39",,,,,,,ACTIVE IN 1962,,C,True,False,0.0,major
10109647,https://mrdata.usgs.gov/mrds/show-mrds.php?dep_id=10109647,M060195,,Little Mile Creek Asbestos Deposit,44.75797,-111.42527,,United States,Montana,Madison,N,Asbestos,,,Unknown,Metamorphic,Y,Producer,Chrysotile,"Antigorite, Aragonite",,BANDED,Surface/Underground,,,,,Contact Between Metacarbonate Rocks And Gabbro.,"Puffett, Willard P., Doyle, Brien (Wells, John)","Cherry Creek Series-Marble, Schist","Marble,Schist",Gabbro,Gabbro,"N. 25 Deg E., Shearing Has Been Responsible For Formation Of Asbestos Fiber",Complex-Compound Syncline Or Synclinorium,"PERRY, E.S., 1948, TALC, GRAPHITE, VERMICULITE, AND ASBESTOS IN MONTANA: MONTANA BUREAU OF MINES AND GEOL. MEM. 27, P. 39-4MONTANA BUREAU OF MINES MEM. 27, P. 40",,1925.0,,,,1890.0,,Israel A. Hutchens,B,True,False,187.5,major
10109695,https://mrdata.usgs.gov/mrds/show-mrds.php?dep_id=10109695,M061406,,Liberty Asbestos,42.74426,-123.11726,,United States,Oregon,Jackson,N,Asbestos,,,Unknown,Replacement,S,Producer,Tremolite,,,,,,,,"Living Water, Winsenberg Property",,"Johnson, Maureen G., Smith, Roscoe M. And Ferns, Mark L. (Brooks, Howard C.), Gray, Jerry J.",,Metavolcanic Rock,,,,,"OREGON METAL MINES HANDBOOK, 1943, ODGMI BULL 14-C, VOL 2, SEC 2, P 85PAGE, N S AND OTHERS, 1977, PRELIMINARY RECONNAISSANCE GEOLOGIC MAP OF THE WIMER QUADRANGLE;  USGS GEOL MAP MF-848",,,,,,,,,C,False,True,0.0,major
10109750,https://mrdata.usgs.gov/mrds/show-mrds.php?dep_id=10109750,M061914,,Raspberry Creek,42.61315,-123.04698,,United States,Oregon,Jackson,N,Asbestos,,,Unknown,,S,Producer,Tremolite,,,,,,,,,Contact Between Serpentine And Metavolcanics,"Smith, Roscoe M., Ferns, Mark L. (Brooks, Howard C.), Gray, Jerry J.",,Serpentinite,,,,,"MINERAL AND WATER RESOURCES OF OREGON, 1969, ODGMI BULL. 64, P.191BRIGHT, J.H. AND RAMP, L., 1965, OREGON'S ASBESTOS POTENTIAL; THE ORE BIN; VOL. 27, NO. 3, P.52PAGE, N.J. AND OTHERS, 1977, PRELIMINARY RECONNAISSANCE GEOLOGIC MAP OF THE WIMER QUADRANGLE, OREGON; USGS GEOL. MAP MF-848U.S. GEOLOGICAL SURVEY MISC. FIELD STUDIES MAP MF-848, 1977.",,,,,,,,,C,True,True,6.9,major
10110645,https://mrdata.usgs.gov/mrds/show-mrds.php?dep_id=10110645,W023566,,Todd Industries,36.32689,-120.59876,,United States,California,Fresno,N,Asbestos,,,Unknown,,Y,Producer,,,,,,,,,,,Unknown,,,,,,,"MINING WORLD OCT 1961,P 38;SURVEY & DIR NO APR 1962,P 83,E & MJ OCT1961,P 155;MINING ENG FEB 1963,P  79",,,,,,,,,D,False,False,0.0,major
10110838,https://mrdata.usgs.gov/mrds/show-mrds.php?dep_id=10110838,W024365,,Morgan Deposits,39.18406,-120.79853,,United States,California,Placer,N,Asbestos,,,Unknown,,Y,Producer,,,,,,,,,,,Unknown,,,,,,,"USBM 1C 7860,P 23;USGS FOLIO 66;  15TH REPT ST MIN P 321;DOM BULL176,P 54;BULL 173;P 297;BULL 136,P43",,,,,,,,,D,False,False,0.0,major
10110852,https://mrdata.usgs.gov/mrds/show-mrds.php?dep_id=10110852,W024395,,Gary Mine,39.09906,-120.85297,,United States,California,Placer,N,Asbestos,,,Unknown,,Y,Producer,,,,,,,,,,,Unknown,,,,,,,"DOM SR-67,P 48,PLS 1,3;GEOL MAP OFCA,CHICO",,,,,,,,,D,False,False,6.0,major
10110936,https://mrdata.usgs.gov/mrds/show-mrds.php?dep_id=10110936,W024705,,Union Carbide Nuclear,36.33884,-120.61515,,United States,California,San Benito,N,Asbestos,,,Unknown,,Y,Producer,,,,,,,,,,,Unknown,,,,,,,"MINING ENG. V. 14, NO. 9, 1962, P. 58-62; V. 15, NO. 2, 1963, P. 79DOM MIN. INF. SVCE. V. 16, NO. 2, 1963, P. 5; MNG. CONG. JOUR. V.49, NO. 2, 1963, P. 142; RGWAYLAND PERSONAL VISIT APRIL 1963; METALMNG. & PROC. MAY 1964, P. 62; NEV. BUREAU OF MINES REPT. 13, PT. B, P. 2 5-8",,,,,,,,,D,False,False,0.0,major
10111230,https://mrdata.usgs.gov/mrds/show-mrds.php?dep_id=10111230,W025965,,Premier Asbestos,37.96158,-120.45322,,United States,California,Tuolumne,N,Asbestos,,,Unknown,,Y,Producer,,,,,,,,,,,Unknown,,,,,,,US BUR OF MNS IC 7860 P49 CALIF JOUR MINES&GEOL V51 NO4 OCT 1955DOM BULL 176 P52 CLAIM ADJOINS THE RAWHIDE MINE ON THE W PROPERTYCOMPRISES THREE QUARTER SECTIONSALSO IN SEC 9,,,,,,,,,D,False,False,0.6,major
10111282,https://mrdata.usgs.gov/mrds/show-mrds.php?dep_id=10111282,W700025,,Danielskuil,-28.11325,23.33486,AF,South Africa,Eastern Cape,,N,Asbestos,,,Unknown,,Y,Producer,Crocidolite,"Chert, Magnetite, Riebeckite, Stilpnomelane",,TABULAR,,,,,,,"Orris, Greta J.","Transvaal Supergroup, Ghaap Group, Calico Formation",Iron Formation,,Diabase,"Dimoten Syncline, Faults, Folds",,"HARBEN, P.W., AND BATES, R.L., 1984, ASBESTOS, IN GEOLOGY OF THE NONMETALLICS:  NEW YORK, METAL BULLETIN INC., P. 324-335",,,,,,,,,C,False,True,7882.4,major
10111283,https://mrdata.usgs.gov/mrds/show-mrds.php?dep_id=10111283,W700033,,Asbestos Hill,62.00021,-72.99924,,Canada,Quebec,,N,Asbestos,,,Unknown,,Y,Producer,Chrysotile,Talc,,,,18: Serpentine-hosted asbestos,Serpentinization,,Amiante Hill,,"Orris, Greta J.",,Dunite,,,,,"STEWART, R.V., 1981, GEOLOGY AND EVALUATION OF THE ASBESTOS HILL ORE BODY, IN RIORDAN, P.H., ED., GEOLOGY OF ASBESTOS DEPOSITS:  NEW YORK, SOCIETY OF MINING ENGINEERS OF THE AMERICAN INSTITUTE OF MINING, METALLURGICAL, AND PETROLEUM ENGINEERS INC., P. 53-62.HARBEN, P.W., AND BATES, R.L., 1984, ASBESTOS, IN GEOLOGY OF THE NONMETALLICS:  NEW YORK, METAL BULLETIN INC., P. 324-335.TIPHANE, MARCEL, 1973, ASBESTOS IN QUEBEC:  QUEBEC DEPARTMENT OF NATURAL RESOURCES SPECIAL PAPER 14, P. 61-63.""ASBESTOS IN QUEBEC"", 1973ASBESTOS, 1980, V. 63, NO. 1.ASBESTOS, 1981, V. 64, NO. 2.""ASBESTOS IN QUEBEC""; ASBESTOS, 1980; ASBESTOS, 1981.MINIMUM ESTIMATE OF ORRIS (1984).",,,,,,1957.0,,,B,True,False,0.0,minor
10112381,https://mrdata.usgs.gov/mrds/show-mrds.php?dep_id=10112381,M003030,0040070595,Ruiz Prospects,33.74588,-110.60929,,United States,Arizona,Gila,N,Asbestos,,,Surface-Underground,,,Past Producer,,,,,,,,,"Longview, Eagle Nest",,ADMR,,,,,,,USGS CHRYSOTILE QUADSTEWART L A CHRYSOTILE-ASBESTOS DEPOSITS OF AZ SUPPLEMENTUSBM 1C 7745 1956 P 23,,,,,,,,,D,False,False,390.1,
10112472,https://mrdata.usgs.gov/mrds/show-mrds.php?dep_id=10112472,D002979,0040070497,Metate Asbestos Corp Claims,33.41198,-110.60629,,United States,Arizona,Gila,N,Asbestos,,,Underground,,,Past Producer,,,,,,,,,"Apache Mine Property, Apache Claims M S 3996",,ADMR,,,,,,,USGS DOURINE CANYON QUADADMR METATE MINE AND MILL FILESTEWART L A CHRSOTILE-ASBESTOS DEPOSITS OF AZ USBM 1C 77061955 P 100BROMFIELD C S AND A SHRIDE MINERAL RESOURCES OF THE SANCARLOS INDIAN RESERVATION USGS BULL 1027-N 1956 P 673ADMR APACHE MINE FILEBLM MINING DISTRICT SHEET 182,,,,,,,,,D,False,False,367.3,
10112585,https://mrdata.usgs.gov/mrds/show-mrds.php?dep_id=10112585,,0040070695,Wonder and Silk Claims,33.80008,-110.47149,,United States,Arizona,Gila,N,Asbestos,,,Underground,,,Past Producer,,,,,,,,,Big Four Asbestos,,ADMR,,,,,,,STEWART L A CHRYSOTILE-ASBESTOS DEPOSITS OF AZ USBM 1C 77061955 P 63BROMFIELD C S AND A F SHRIDE MINERAL RESOURCES OF THE SANCARLOS INDIAN RESERVATION USGS BULL 1027-N 1956 P 650-652ADMR BIG 4 ASBESTOS MINE FILE,,,,,,,,,D,False,False,406.0,
10112707,https://mrdata.usgs.gov/mrds/show-mrds.php?dep_id=10112707,,0040070662,Town Mill,33.37149,-110.74569,,United States,Arizona,Gila,N,Asbestos,,,Processing Plant,,,Past Producer,,,,,,,,,,,ADMR,,,,,,,ADMR TOWN MILL FILEAZBM BULL 180 MINERAL AND WATER RESOURCES IN AZ 1969 P 307,,,,,,,,,D,False,False,352.5,
10112798,https://mrdata.usgs.gov/mrds/show-mrds.php?dep_id=10112798,TC10375,0040070660,Tony Mine,34.01317,-110.8351,,United States,Arizona,Gila,N,Asbestos,,,Surface-Underground,,,Past Producer,,,,,,,,,"Arizona Asbestos Inc Claims, Tony Property",,ADMR,,,,,,,USGS YOUNG QUADSTEWART L A CHRYSOTILE-ASBESTOS DEPOSITS OF AZ USBM 1C 77061955 P 72ADMR TONY MINE FILEADMR AZ ASBESTOS INC FILE,,,,,,,,,D,False,False,391.9,
10112902,https://mrdata.usgs.gov/mrds/show-mrds.php?dep_id=10112902,M001966,0040070078,Fiber King,33.83837,-110.59209,,United States,Arizona,Gila,N,,,Asbestos,Underground,,,Past Producer,,,,,,,,,,,Arizona Department Of Mineral Resources,,,,,,,STEWART 1956 CHRYS ASB DEPOSITS OF AZ USBM IC 7745 P 25-28.,,,,,,,,,D,False,False,398.6,
10112916,https://mrdata.usgs.gov/mrds/show-mrds.php?dep_id=10112916,,0040070444,K and M Property,33.80338,-110.38348,,United States,Arizona,Gila,N,Asbestos,,,Underground,,,Past Producer,,,,,,,,,"Stansbury Property, Mineral Survey 3849, Reidhead and Greenwade",,ADMR,,,,,,,"USGS CARRIZO SE QUADMOORE R T MINERAL DEPOSITS OF THE FORT APACHE INDIAN RESER-VATION 1967 P 50STEWART,L A CHRYSOTILE-ASBESTOS DEPOSITS OF AZ USBM 1C 77061955 P 42ADMR ""U"" FILE",,,,,,,,,D,False,False,413.8,
10115247,https://mrdata.usgs.gov/mrds/show-mrds.php?dep_id=10115247,,0060190385,Santa Cruz Pit,36.22775,-120.53768,,United States,California,Fresno,N,Asbestos,,,Surface,,,Producer,,,,,,,,,,,Western Field Operations Center (WFOC),,,,,,,"REF MESA REPORT NOV. 22, 77",,,,,,,,,D,False,False,8.0,major
10115617,https://mrdata.usgs.gov/mrds/show-mrds.php?dep_id=10115617,,0060650141,Charleboix Asbestos,33.61644,-116.48195,,United States,California,Riverside,N,Asbestos,,,Unknown,,,Past Producer,,,,,,,,,Percival Asbestos Mine,,"Ridenour, James",,,,,,,"CALIF. DIV. MINES REPORT, V. 25, 1929, P. 499.CALIF. JOUR. MINES AND GEOL., V. 41, 1945, P. 158-159.CALIF. DIV. MINES AND GEOL. OPEN-FILE REPORT 77-14, 1977,P. 66-68.MINERAL LOCATION ALSO IN NE1/4 OF SEC 32.",,,,,,,,,D,False,False,50.7,
10115990,https://mrdata.usgs.gov/mrds/show-mrds.php?dep_id=10115990,W024579,0060650483,Perris Asbestos Deposit,33.76473,-117.26697,,United States,California,Riverside,N,Asbestos,,,Surface,,,Past Producer,,,,,,,,,,,"Ridenour, James",,,,,,,"CALIF. JOUR. MINES AND GEOL., V. 41, 1945, P. 159.",,,,,,,,,D,False,False,45.2,
10116114,https://mrdata.usgs.gov/mrds/show-mrds.php?dep_id=10116114,,0060650961,Catherine C. Mine,33.70644,-116.70975,,United States,California,Riverside,N,Asbestos,,,Underground,,,Past Producer,,,,,,,,,Catherine C Mine,,"Ridenour, James",,,,,,,"U.S. BUREAU OF MINES MINERALS YEARBOOK, 1955, V. III., P. 225.",,,,,,,,,D,False,False,43.2,
10134565,https://mrdata.usgs.gov/mrds/show-mrds.php?dep_id=10134565,,7910050073,Whitebank,-27.41331,23.30152,AF,South Africa,,,N,Asbestos,,,Underground,,,Producer,,,,,,,,,,,Unknown,,,,,,,,,,,,,,,,E,False,False,7797.9,major
10118222,https://mrdata.usgs.gov/mrds/show-mrds.php?dep_id=10118222,,1220500003,Asbestos Hill Mine,61.8102,-73.95931,,Canada,Quebec,,N,,,Asbestos,Surface,,,Producer,,,,,Surface,,,,Ungava Mine,,"Porter, Kenneth E.",,,,,,,"WESTERN MINER, ASBESTOS HILL; OCT., 1974, P.23-29.FOSTER, W. HARRY, THE ASBESTOS HILL-NORDENHAM STORY,INTRODUCTION; CIM BULL., NOV.,1976, P. 43-45.LUCIANI, S.A., HISTORY OF DEVELOPMENT AND ORGANIZATION OFSUPPORT SERVICES FOR THE ASBESTOS HILL MINE; CIM BULL,NOV., 1976, P.26-48.THURNER, F.S., ENGINEERING AND CONSTRUCTION OF PLANT ANDWHARF FACILITIES; CIM BULL, NOV., 1976, P.49-61.DEMERS, GUY, THE MAINTENANCE DEPARTMENT; CIM BULL, NOV.,1976, P.81-84.TREPANIER, M.L., ENGINEERING & TECHNICAL SERVICESDEPARTMENT; CIM BULL., NOV., 1976, P.85-91.NORTHERN MINER, UNGAVA MINE-SHIPS ASBESTOS CONCENTRATE TOWEST GERMANY, APRIL 20, 1978, P.B6.STEWART, R.V., GEOLOGY AND EVALATION OF THE ASBESTOS HILLOREBODY; AIME PREPRINT NO.78-H-69, 11P.STEWART, RALPH V., GEOLOGY OF THE ASBESTOS HILL AREA;CIM BULL, NOV., 1976, P.62-69.SAUNDERS, C. GORDON, THE UNGRADED-FIBRE MILL; CIM BULL.,NOV., 1976, P.76-80.GRAESER, W.R.A., THE NORDENHAM FINISHING MILL; CIM BULL.,NOV., 1976, P.92-98.SAUNDERS, C. GORDON, ASBESTOS CORPORATION LIMITED-ASBESTOSHILL MILL; D.E. PICKETT, ED., IN MILLING PRACTICE INCANADA, CIM SPECIAL VOLUME 16, 1978, P.358-361.CANADIAN MINES HANDBOOK 1979-80, NORTHERN MINER PRESS LTD.,1979, P.30,31.ROUSSIN, ROMEO, THE OPEN-PIT MINE AT ASBESTOS HILL;CIM BULL, NOV., 1976, P.70-74.",,,,,,,,,C,False,False,0.0,minor
10121487,https://mrdata.usgs.gov/mrds/show-mrds.php?dep_id=10121487,,0240050152,Bok Mine,39.31893,-76.78437,,United States,Maryland,Baltimore,N,Asbestos,,,Surface,,,Past Producer,,,,,,,,,,,Eastern Field Operations Center (EFOC),,,,,,,"PEARRE, N L & HEYL, A V, 1960, USGS BULL 1082-K, P. 804.DEPOSITS IN SERPENTINE ROCKS OF THE PIEDMONT UPLAND,MD.PA.ANU.S.GEOL.SURVEY BULL.1082-K,PG.804AND PLATE 40.PEARRE, NANCY C, 1961, USGS MIN INV RES MAP MR-12.",,,,,,,,,D,False,False,0.0,minor
10126573,https://mrdata.usgs.gov/mrds/show-mrds.php?dep_id=10126573,K002551,0370110011,Burelson Asbestos Mine,36.06199,-81.95704,,United States,North Carolina,Avery,N,Asbestos,,Talc-Soapstone,Unknown,,,Past Producer,,,,,,,,,,,Eastern Field Operations Center (EFOC),,,,,,,"REF: CRIB RECORD NO. K002551.BRYANT, BRUCE, 1962, USGS BULL 1121-D, PLATE 1.",,,,,,,,,D,False,False,3.6,major
10127199,https://mrdata.usgs.gov/mrds/show-mrds.php?dep_id=10127199,K002553,0371750007,Miller Asbestos Mine,35.09571,-83.00517,,United States,North Carolina,Transylvania,N,Asbestos,,,Unknown,,,Past Producer,,,,,,,,,,,Eastern Field Operations Center (EFOC),,,,,,,REF: CRIB RECORD NO. K002553.,,,,,,,,,D,False,False,0.0,major
10127250,https://mrdata.usgs.gov/mrds/show-mrds.php?dep_id=10127250,K002552,0371750008,Oakland Asbestos Mine,35.11451,-82.98267,,United States,North Carolina,Transylvania,N,Asbestos,,,Unknown,,,Past Producer,,,,,,,,,,,Eastern Field Operations Center (EFOC),,,,,,,REF: CRIB RECORD NO. K002552.,,,,,,,,,D,False,False,0.0,major
10127276,https://mrdata.usgs.gov/mrds/show-mrds.php?dep_id=10127276,K002561,0371990019,J. C. Woody Asbestos Mine,35.97789,-82.20955,,United States,North Carolina,Yancey,N,Asbestos,,Boron-Borates,Unknown,,,Past Producer,,,,,,,,,,,Eastern Field Operations Center (EFOC),,,,,,,REF: CRIB RECORD NO. K002561.,,,,,,,,,D,False,False,5.9,major
10130007,https://mrdata.usgs.gov/mrds/show-mrds.php?dep_id=10130007,,0490270179,Tremolite No 1,38.58166,-112.8414,,United States,Utah,Millard,N,Asbestos,,,Underground,,,Past Producer,,,,,,,,,,,Utah Geological And Mineral Survey,,,,,,,UGMS ECON FILES 1979 CRIB 1-PINNACLE PASS-3,,,,,,,,,D,False,False,349.7,major
10130845,https://mrdata.usgs.gov/mrds/show-mrds.php?dep_id=10130845,W023027,0500150007,Asbestos Mine,44.76497,-72.54779,,United States,Vermont,Lamoille,B,"Asbestos, Chromium, Nickel",,,Surface,,,Past Producer,,,,,,,,,"Eden Quarry of Vt Asbestos Mines, Eastern Magnesia Talc Company",,Eastern Field Operations Center (EFOC),,,,,,,,,,,,,,,,E,False,False,0.0,major
10132996,https://mrdata.usgs.gov/mrds/show-mrds.php?dep_id=10132996,,1220500016,Bell Asbestos Mine,46.08746,-71.61615,,Canada,Quebec,,N,,,Asbestos,Underground,,,Producer,,,,,Underground,,,,Bell Mine,,"Porter, Kenneth E.",,,,,,,"FISH, RICHARD, UNIQUE HOISTING AND TAILING SYSTEMS KEEP BELLCOMPETITIVE AND DUST-FREE; CANADIAN MINING JOURNAL,NOV., 1977, P.15-20.NORTHERN MINER, MODERNIZATION PROGRAM TO RAISE PRODUCTION BYBELL ASBESTOS; APRIL 20, 1978, P.B9, B16.RIORDON, P.H., THE STRUCTURAL ENVIRONMENT OF THE THETFORD-BLACK LAKE ASBESTOS DEPOSIT, STRUCTURAL GEOLOGY OFCANADIAN ORE DEPOSITS, VOL. II, 1957,",,,,,,,,,D,False,False,10.5,major
10133801,https://mrdata.usgs.gov/mrds/show-mrds.php?dep_id=10133801,,5070600008,Bandan,33.99869,56.00105,AS,Iran,Khorasan,,N,Asbestos,,,Unknown,,,Producer,,,,,,,,,,,"Wilburn, David R.",,,,,,,INT. MINING.  AUG. 1988.  PP. 95-96.,,,,,,,,,D,False,False,209.0,idonly
10133905,https://mrdata.usgs.gov/mrds/show-mrds.php?dep_id=10133905,,3510170004,Cana Brava Asbestos Deposit,-14.49771,-49.14909,SA,Brazil,Goias,,N,,,Asbestos,Surface,,,Producer,,,,,Surface,,,,"Canabrava Asbestos Deposit, Uruacu Asbestos Deposit",,Unknown,,,,,,,"MIN.MAG.,SEPT.1976,1126 MINES ACCOUNTING FOR 90% OF PROD.,V.9,P.238.U.S.BU MINES MINERALS YEARBOOK-1971-VOL.III-BRAZIL CHAP.-",,,,,,,,,D,False,False,3481.1,major
10134123,https://mrdata.usgs.gov/mrds/show-mrds.php?dep_id=10134123,,4520000359,Kiyembay,51.01466,59.91794,EU,Russia,,,N,Asbestos,,,Unknown,,,Producer,,,,,,,,,,,"Buckingham, David A.",,,,,,,"SHABAD, T., BASIC INDUSTRIAL RESOURCES OF THE U.S.S.R.,COLUMBIA UNIV. PRESS, NEW YORK, 1969, PP.  222, 229.",,,,,,,,,D,False,False,75.0,major
10134797,https://mrdata.usgs.gov/mrds/show-mrds.php?dep_id=10134797,,7910200165,Senekal,-25.5466,31.4681,AF,South Africa,,,N,Asbestos,,,Underground,,,Past Producer,,,,,,,,,,,"Boyle, Ed",,,,,,,"S.A.DEPT.OF MINES.LIST OF OPERATING CONCERNS IN THE REP.OFSOUTH AFRICA,AS RECORDED BY THE GOVT.MINING ENGINEER ONTHE 1ST JANUARY,1976.GOVT.MINING ENGINEER.BOX 1132.JOHANNESBURG.P.27.MINERALS BUREAU,S.A.DEPT.OF MINES.MINERALS MARKETING INFORM-ATION.NON-METALLIC MINES IN S.AFRICA.PRELIM.REPORT NO.10.BRAAMFONTEIN.JAN.1977.P.11.MANOS,A.INDUSTRIAL MINERALS OF S.AFRICA.REPRINT FROM NOV.1977.ISSUE OF INDUSTRIAL MINERALS.METAL BULL.LTD.SURREY,ENGLAND.30 PP.",,,,,,,,,C,False,False,7551.7,major
10134820,https://mrdata.usgs.gov/mrds/show-mrds.php?dep_id=10134820,,7910050050,Bute,-26.11336,23.1682,AF,South Africa,,,N,Asbestos,,,Underground,,,Producer,,,,,,,,,,,"Boyle, Ed",,,,,,,"S.A.DEPT.OF MINES.LIST OF OPERATING CONCERNS IN THE REP.OFSOUTH AFRICA,AS RECORDED BY THE GOVT.MINING ENGINEER ONTHE 1ST JAN.1976.GOVT.MINING ENGINEER.BOX 1132.JOHANNESBURG.P.27.MANOS,A.INDUSTRIAL MINERALS OF S.AFRICA.REPRINT FROM NOV.1977 ISSUE OF INDUSTRIAL MINERALS.METAL BULL.LTD.SURREY,ENGLAND.30PP.",,,,,,,,,D,False,False,7640.4,major
10135237,https://mrdata.usgs.gov/mrds/show-mrds.php?dep_id=10135237,,7910200185,Amianthus Mine,-25.6299,30.75141,AF,South Africa,,,N,Asbestos,,,Underground,,,Producer,,,"Chrysotile, Serpentine",,Underground,,,,,,"Hite, Alan G.",,,,,,,,,1921.0,,,,1921.0,,,E,False,False,7562.4,major
10135272,https://mrdata.usgs.gov/mrds/show-mrds.php?dep_id=10135272,,7960300020,Temeraire,-20.0386,30.52356,AF,Zimbabwe,,,N,Asbestos,,,Underground,,,Producer,,,,,,,,,,,"Boyle, Ed",,,,,,,"DMA SERIES 1501.SHEET SF 36-1.SCALE 1:250,000.MINING MAGAZINE.ANNUAL REVIEW.JUNE 1975,P.423.",,,,,,,,,D,False,False,6873.1,major
10136513,https://mrdata.usgs.gov/mrds/show-mrds.php?dep_id=10136513,M003012,0040070075,Victory,33.73898,-110.56569,,United States,Arizona,Gila,N,,,Asbestos,Underground,,,Past Producer,,,"Chrysotile, Serpentine",,Underground,,,,Johns-Manville,,Arizona Department Of Mineral Resources,,,,,,,STEWART 1955 CHRYS ASB DEP OF AZ USBM IC 7706 P 27-29.,,1916.0,,,,1913.0,,,C,False,False,393.4,
10136580,https://mrdata.usgs.gov/mrds/show-mrds.php?dep_id=10136580,M003122,0040070496,Metate No. 1,33.86257,-110.9035,,United States,Arizona,Gila,N,Asbestos,,,Underground,,,Past Producer,,,,,,,,,,,ADMR,,,,,,,STEWART L A CHRYSOTILE-ASBESTOS DEPOSITS OF AZ USBM 1C 77061955 P 98,,,,,,,,,D,False,False,373.9,
10136630,https://mrdata.usgs.gov/mrds/show-mrds.php?dep_id=10136630,TC10365,0040070099,Chromo Butte Prospect,33.44978,-110.70349,,United States,Arizona,Gila,N,,,Asbestos,Underground,,,Past Producer,,,,,,,,,Chrome Butte Prospect,,Arizona Department Of Mineral Resources,,,,,,,BROMFIELD SHRIDE 1956 MIN RES SANCARLOS IND RES AZ USGS BULLSTEWART 1955 CHRYS-ASB DEP OF AZ USBM IC 7706 P 106 107.,,,,,,,,,D,False,False,361.2,
10136720,https://mrdata.usgs.gov/mrds/show-mrds.php?dep_id=10136720,M003033,0040070298,Dream Girl Prospect,33.80288,-110.52009,,United States,Arizona,Gila,N,Asbestos,,,Underground,,,Past Producer,,,,,,,,,Long and Wright Group,,ADMR,,,,,,,"STEWART L A CHRYSOTILE-ASBESTOS DEPOSITS OF AZ USBM 1C 77451955 P 30ADMR ""U"" FILE",,,,,,,,,D,False,False,402.0,
10136876,https://mrdata.usgs.gov/mrds/show-mrds.php?dep_id=10136876,,0040070151,Asbestos Claims,33.26539,-110.76459,,United States,Arizona,Gila,N,Asbestos,,,Underground,,,Past Producer,,,,,,,,,,,ADMR,,,,,,,USGS PINAL PEAK QUADWILSON E D ASBESTOS DEPOSITS OF AZ AZBM BULL 126 1928 P 85,,,,,,,,,D,False,False,344.4,
10137006,https://mrdata.usgs.gov/mrds/show-mrds.php?dep_id=10137006,M003034,0040070083,Pine Top,33.78398,-110.51039,,United States,Arizona,Gila,N,,,Asbestos,Underground,,,Past Producer,,,"Chrysotile, Serpentine",,Underground,,,,Lucky Seven,,Arizona Department Of Mineral Resources,,,,,,,STEWART 1955 CHRYS ASB DEPOSITS OF AZ USBM IC 7706 P 56-59.BROMFIELD&SHRIDE 1956 MIN RES SANCARLOS IND RES GS BUL 1027N,,1942.0,,,,1941.0,,,C,False,False,401.5,
10137117,https://mrdata.usgs.gov/mrds/show-mrds.php?dep_id=10137117,TC10374,0040070091,Home Mine,34.02117,-110.8329,,United States,Arizona,Gila,N,,,Asbestos,Underground,,,Past Producer,,,,,,,,,,,Arizona Department Of Mineral Resources,,,,,,,STEWART 1955 CHRYS ASB DEP OF AZ USBM IC 7706 P 72.,,,,,,,,,D,False,False,392.8,
10138489,https://mrdata.usgs.gov/mrds/show-mrds.php?dep_id=10138489,,0060091792,Copperopolis Quarry,37.93601,-120.5499,,United States,California,Calaveras,N,Asbestos,,,Surface,,,Producer,,,,,,,,,,,Western Field Operations Center (WFOC),,,,,,,"MINES & MINERAL PRODUCERS ACTIVE IN CA. DURING 1980; California Division of Mines & Geology SPECIAL PUBLICATION 58, 1981.",,,,,,,,,D,False,False,0.0,major
10138579,https://mrdata.usgs.gov/mrds/show-mrds.php?dep_id=10138579,,0060099002,Calaveras Asbestos Ltd Mill,37.931,-120.549,,United States,California,Calaveras,N,Asbestos,,,Processing Plant,,,Producer,,,,,,,,,,,Western Field Operations Center (WFOC),,,,,,,"MESA ID # 04-01061.MILL EMPLOYMENT 101.MESA LOCATION INACCURATE, BASED ON NEAREST COMMUNITY",,,,,,,,,D,False,False,0.0,major
10138664,https://mrdata.usgs.gov/mrds/show-mrds.php?dep_id=10138664,M006413,0060091723,Calaveras Asbestos,37.93771,-120.5468,,United States,California,Calaveras,N,Asbestos,,"Water, Free",Surface,,,Past Producer,,,Asbestos,,Surface,,,,"American Asbestos, Asbestos Products Co., Jefferson Lake Asbestos",,Mcmahan,,,,,,,"ARGALL,GEORGE O. 1962, ASBESTOS AWAKENS MOTHER LODE AT THEJEFFERSON LAKE MINE AND MILL: MINING WORLD;SEPT. 1962 P22-27CALIFORNIA DIVISION OF MINES,1972,CALIFORNIA GEOLOGY,ASBESTOS:VOL. 25 NO.10, P.220CALIFORNIA DIVISION OF MINES, MINERAL COMMODITIES OFCALIFORNIA. ASBESTOS: BULL. 176, PP 49-58CLARK,WILLIAM B. 1962, MINES AND MINERAL RESOURCES OFCALAVERAS COUNTY, CALIFORNIA: CALIF. DIV. MINES COUNTY RE-PORT 2, P 20-21CLIFTON,R.A. MINERAL COMMODITY SUMMARIES 1981: U.S. BUREAUCLIFTON,RA, 1980, ASBESTOS CHAPTER: US BUMINES BULL. 671CLIFTON, R.A. 1980, ASBESTOS CHAPTER: US BUMINES MINERALSYEARBOOK, VOL. I, METALS AND MINERALSHUTTL,JOHN, 1962, JEFFERSON LAKE, CALIFORNIA'S PREMIER AS-BESTOS PRODUCER: E AND M.J. VOL. 163 NO. 10HARBER,PETER, 1980, WHATS NEW AFTER ASBESTOS, NATIONAL WORK-SHOP ON SUBSTITUTES FOR ASBESTOS, SPONSORED BY ENVIRONMENTALPROTECTION AGENCY AND CPSC: INDUSTRIAL MINERALS, SEPT. 1980KELLEY,F.R., 1975, PACIFIC ASBESTOS CORPORATION EXAMINATIONREPORT: CALIF. DIV. MINES FILE DATAKEY; WALLACE W., USE OF MINERAL FILLERS, GRANULES, AND ROOF-ING ROCK IN CALIFORNIA ASPHALT-CONSUMING INDUSTRIES: USBMIC 8300LINN,ROBERT K., 1968, NEW IDRIA MINING DISTRICT: AIME OREDEPOSITS OF THE UNITED STATES, PART 2, CHAPTER 78, PP 1624THRU 1649MESSEL, MICHAEL J., 1947, EXAMINATION AND VALUATION OFCHRYSOTILE ASBESTOS DEPOSITS OCCURRING IN MASSIVE SERPENTINEAIME VOL. 173, PP 79-93RICE, S.J., 1966, MINERAL RESOURCES OF CALIF: CALIF. DIV.MINES BULL. 191, PP 86-93PACIFIC GAS AND ELECTRIC COMPANY, 1962, MOTHER LODEASBESTOS: P.G. AND E. PROGRESS REPORT, VOL. NO. 39, NO. 12U.S. BUREAU OPF MINES, 1962-1980, MINERAL INDUSTRIES OFCALIFORNIA: VOL. II, AREA REPORTS, DOMESTICWEIBELT,F.J. AND M.CLAIR SMITH, 1959, A RECONNAISSANCE OFASBESTOS DEPOSITS IN THE SERPENTINE BELT OF NORTHERNCALFIRONIA: U.S. BUREAU OF MINES IC 7860RICE,SALEM J., 1963, CALIFORNIA ASBESTOS INDUSTRY: CALIF.DIV. OF MINES AND GEOL., MINERAL INFORMATION SERVICE, VOL.16, NO. 9",,1904.0,,,,1904.0,,,B,False,False,0.0,major
10140183,https://mrdata.usgs.gov/mrds/show-mrds.php?dep_id=10140183,M100149,0060690145,Santa Rita,36.33885,-120.61518,,United States,California,San Benito,N,Asbestos,,"Water, Free",Surface,,,Producer,,,Asbestos,,Surface,,,,"Santa Rita Asbestos, Union Carbide Nuclear, Joe 7-5 Mine, Joe 5 Pit",,Mcmahan,,,,,,,"MATTHEWS,ROBERT Z.,1961,GEOLOGY OF THE BUTLER ESTATE CHROM-ITE MINE,SOUTHWESTERN FRESNO COUNTY,CALIFORNIA,CA.DIV.MINESAND GEOLOGY SPECIAL REPORT 71CALIFORNIA DIVISION OF MINES AND GEOLOGY,1964,ASBESTOS PLANTOPENS,MINERAL INFORMATION SERVICE BULL.P251CLIFTON, R.A.,U.S.BUMINES,WASH.D.C.,1981,TELEPHONE COMMUNI-CATIONKELLEY,F.R.,1974,JOE 5-7 MINE(UNION CARBIDE CORP.)MINERALREPORT,UNPUBLISHED,CALIF.DIV.MINES AND GEOLOGYMATSTEN,R.O.,1981,UNION CARBIDE CORP.PERSONAL COMMUNICATIONMERRITT,PAUL C.,1962,CALIFORNIA ASBESTOS GOES TO MARKET,SOCIETY OF MINING ENGINEERS, SEPTEMBER;PP 57 THRU 62MUMPTON,F.A. AND C.S.THOMPSON,1975,MINERALOGY AND ORIGIN OFTHE COALINGA ASBESTOS,CLAYS AND CLAY MINERALS,VOL.23 PP57RICE,SALEM J.,1963,CALIFORNIA ASBESTOS INDUSTRY, CALIFORNIADIV.MINES AND GEOLOGY,MINERALS SERVICE VOL.16,NO.9UNION CARBIDE CORP.,1979,MINING AT UNION CARBIDE,A STATUSU.S.BUREAU OF MINES,1974,ASBESTOS,BUMINES MINERALS YEARBOOK,VOL.I,METALS AND MINERALSU.S.BUREAU OF LAND MANAGEMENT,1981,UNION CARBIDE CORP.CLAIMMAPSECKEL,EDWIN B.AND W.B.MYERS,1946,QUICKSILVER DEPOSITS OF THENEW IDRIA DISTRICT,SAN BENITO AND FRESNO COUNTIES CALIFORNIACALIFORNIA DIVISION OF MINES,JOURNAL OF MINES AND GEOLOGY,VOL. 42, NO.2",,1963.0,,,,1957.0,,,B,False,False,0.0,major
10146351,https://mrdata.usgs.gov/mrds/show-mrds.php?dep_id=10146351,,0250150045,Pelham Quarry,42.36278,-72.43281,,United States,Massachusetts,Hampshire,N,Asbestos,,Emery,Surface,,,Past Producer,,,,,,,,,,,Eastern Field Operations Center (EFOC),,,,,,,"PEARRE, NANCY C, 1956, USGS MIN INV RES MAP MR 4.NOT ON 1980 OR 1981 MSHA LISTSNOT ON RCF OR CMS LISTS 10/81",,,,,,,,,D,False,False,1.4,major
10151743,https://mrdata.usgs.gov/mrds/show-mrds.php?dep_id=10151743,K001887,0371130028,Norton Dunite Deposit,35.00121,-83.39769,,United States,North Carolina,Macon,B,Silica,,"Asbestos, Magnesite, Vermiculite",Unknown,,,Past Producer,,,,,,,,,,,Eastern Field Operations Center (EFOC),,,,,,,REF: CRIB RECORD NO. K001887.,,,,,,,,,D,False,False,2.8,major
10152387,https://mrdata.usgs.gov/mrds/show-mrds.php?dep_id=10152387,M014865,0410230119,Mount Vernon Deposit,44.44425,-119.06046,,United States,Oregon,Grant,N,Asbestos,,,Surface,,,Past Producer,,,,,,,,,"Mount Vernon, Oregon Asbestos, Coast Asbestos Co.",,Western Field Operations Center (WFOC),,,,,,,"OR. DEPT. GEOL. AND MIN. INDUST. BULLETIN 14-B, 1941, P. 39.THE ORE BIN, V. 25, NO. 10, OCT. 1963, P. 171.THE ORE BIN, V. 27, NO. 3, MAR. 1965, P. 53.",,,,,,,,,D,False,False,0.0,major
10154753,https://mrdata.usgs.gov/mrds/show-mrds.php?dep_id=10154753,,0500190015,Belvidere Mt. Quarry,44.76687,-72.53589,,United States,Vermont,Orleans,N,Asbestos,,,Surface,,,Past Producer,,,,,,,,,Vermont Asbestos Mines,,Eastern Field Operations Center (EFOC),,,,,,,,,,,,,,,,E,False,False,0.0,major
10155609,https://mrdata.usgs.gov/mrds/show-mrds.php?dep_id=10155609,,0530470528,Twisp,48.24063,-120.25808,,United States,Washington,Okanogan,N,Asbestos,,,Surface,,,Producer,,,,,,,,,,,Western Field Operations Center (WFOC),,,,,,,WASH ST BULL NO37 NONMETALLICS PAGE 8OLD REPORT MENTIONS ASBESTOS 14 MI SW OF TWISP,,,,,,,,,D,False,False,46.9,
10156080,https://mrdata.usgs.gov/mrds/show-mrds.php?dep_id=10156080,,0530570026,Burlington,48.48451,-122.32095,,United States,Washington,Skagit,N,Asbestos,,,Surface,,,Past Producer,,,,,,,,,,,Western Field Operations Center (WFOC),,,,,,,,,,,,,,,,E,False,False,0.2,minor
10156111,https://mrdata.usgs.gov/mrds/show-mrds.php?dep_id=10156111,M056002,0530190063,California,48.60295,-118.58173,,United States,Washington,Ferry,B,Gold,,"Silver, Asbestos",Underground,,,Past Producer,,,,,,,,,Apollo,,Western Field Operations Center (WFOC),,,,,,,BULLETIN NO37 METALLIC MINERALS PAGE 119,,,,,,,,,D,False,False,9.0,
10157255,https://mrdata.usgs.gov/mrds/show-mrds.php?dep_id=10157255,,0560250269,Casper Mtn Asbestos Deposits,43.34825,-106.34035,,United States,Wyoming,Natrona,N,Asbestos,,,Surface-Underground,,,Past Producer,,,,,,,,,,,South Dakota School of Mines,,,,,,,"ALSO LOCATED IN SEC 17,T39N,R79WWYO GEO SURVEY BULL 50,APRIL,1966",,,,,,,,,D,False,False,531.8,major
10158188,https://mrdata.usgs.gov/mrds/show-mrds.php?dep_id=10158188,,4590000200,Chilisay,50.28347,-57.16608,AS,Kazakhstan,,,N,Asbestos,,,Surface,,,Producer,,,,,,,,,Chili Say,,"Buckingham, David A.",,,,,,,,,,,,,,,,E,False,False,68.2,major
10158582,https://mrdata.usgs.gov/mrds/show-mrds.php?dep_id=10158582,W033595,7910200162,African Chrysotilediepgezet,-25.99657,31.08471,AF,South Africa,,,N,Asbestos,,,Surface-Underground,,,Producer,,,,,Surface,,,,Msauli Mine,,"Boyle, Ed",,,,,,,"DMA SERIES 1501.SHEET SG 36-9.SCALE 1:250,000.LIST OF OPERATING MINING CONCERNS IN THE REPUBLIC OF SOUTHAFRICA AS OF 1ST JANUARY,1976.GOVT.MINING ENGINEER.BOX1132.JOHANNESBURG,S.A.COAL,GOLD AND BASE MINERALS OF SOUTHERN AFRICA.MODERN MILLFOR MSAULI.OCT.1968.PP.21-32.ENG.&MINING JOURNAL.1973-74 INTL.DIRECTORY OF MINING ANDMINERAL PROCESSING OPERATIONS.MCGRAW HILL,N.Y.,P.237.MINERALS BUREAU,S.A.DEPT.OF MINES.NON-METALLIC MINES IN SOUTAFRICA.MINERALS MARKETING INFORMATION.PRELIM.REPORT NO.10,JAN.1977,BRAMFONTEIN,P.9.",,,,,,,,,C,False,False,7606.7,major
10158860,https://mrdata.usgs.gov/mrds/show-mrds.php?dep_id=10158860,,7960200028,Shabanie,-20.29688,30.13466,AF,Zimbabwe,,,N,Asbestos,,,Underground,,,Producer,,,,,,,,,Shabani,,"Boyle, Ed",,,,,,,"DMA SERIES 1501.SHEET SF 36-1.SCALE 1:250,000.MINING MAGAZINE.ANNUAL REVIEW.JUNE 1975,P.423.",,,,,,,,,D,False,False,6905.6,major
10158930,https://mrdata.usgs.gov/mrds/show-mrds.php?dep_id=10158930,M049256,7910050070,Klipfontien,-27.99657,23.50152,AF,South Africa,,,N,Asbestos,,,Underground,,,Producer,,,,,,,,,,,Unknown,,,,,,,,,,,,,,,,E,False,False,7868.3,major
10159102,https://mrdata.usgs.gov/mrds/show-mrds.php?dep_id=10159102,,7960300022,Boss,-20.12189,30.49306,AF,Zimbabwe,,,N,Asbestos,,,Surface,,,Producer,,,,,,,,,,,"Boyle, Ed",,,,,,,"DMA SERIES 1501.SHEET SF36-1.SCALE 1:250,000.MINING MAGAZINE.ANNUAL REVIEW.JUNE 1975.P.423.",,,,,,,,,D,False,False,6883.5,major
10159777,https://mrdata.usgs.gov/mrds/show-mrds.php?dep_id=10159777,,1220100032,Cassiar Asbestos Mine,59.33314,-129.81861,,Canada,British Columbia,,N,,,Asbestos,Surface-Underground,,,Producer,,,,,Surface,,,,,,"Porter, Kenneth E.",,,,,,,"EVANS, DAVID, AMBITIOUS DUST CONTROL PROGRAM MAKES CASSIARA BETTER PLACE TO WORK; CANADIAN MINING JOURNAL,NOV., 1977, P.24-29.CASSIAR ASBESTOS CORP. LTD. STAFF, THE CASSIAR STORY,CIM BULL., APR., 1978,ROBERTS, RICHARD J., IMPROVEMENTS AT CASSIAR'S B.C.OPERATION SHOW GOOD RESULTS, THE NORTHERN MINER, AUG. 11,1977, P.1,2.WESTERN MINER, ASBESTOS IN WESTERN CANADA AT CASSIAR B.C.,NOV., 1978, P.18.BOTTOMLEY, PAMELA, FUTURE LOOKS BRIGHT FOR CASSIAR ASBESTOS;NORTHERN MINER, AUG. 23, 1979, P.1,15.",,,,,,,,,C,False,False,0.0,major
10159811,https://mrdata.usgs.gov/mrds/show-mrds.php?dep_id=10159811,,7960200029,Kudu,-20.29689,28.96808,AF,Zimbabwe,,,N,Asbestos,,,Surface,,,Producer,,,,,,,,,,,"Boyle, Ed",,,,,,,"DMA SERIES 1301.SHEET SF-35.MINING MAGAZINE.MINING ACTIVITY IN THE WESTERN WORLD.MARCH1978,P.235.",,,,,,,,,D,False,False,6908.1,major
10160994,https://mrdata.usgs.gov/mrds/show-mrds.php?dep_id=10160994,M003023,0040070072,Apache Mine,33.84537,-110.57429,,United States,Arizona,Gila,N,,,Asbestos,Underground,,,Past Producer,,,,,,,,,Crown Asbestos,,Arizona Department Of Mineral Resources,,,,,,,STEWART 1955 CHRYS ASB DEPOSITS OF AZ USBM IC 7706 P 36-40.,,,,,,,,,D,False,False,400.6,
10161199,https://mrdata.usgs.gov/mrds/show-mrds.php?dep_id=10161199,,0040050247,"Claims No1-15,Ms&Pat No2192",36.28831,-111.96185,,United States,Arizona,Coconino,N,Asbestos,,,Surface-Underground,,,Past Producer,,,,,,,,,Hance,,ADMR,,,,,,,"CLAIMS EXTEND TO SECS.21&22,T31N,R4EBLM MINING DIST. SHEET #103STEWART,L., USBM I.C.7706,P115-118SHRIDE,A., AZ.B.M.BULL 180,P305",,,,,,,,,D,False,False,391.8,major
10161337,https://mrdata.usgs.gov/mrds/show-mrds.php?dep_id=10161337,D002814,0040070090,Buckhorn,34.00117,-110.8599,,United States,Arizona,Gila,N,,,Asbestos,Underground,,,Past Producer,,,"Chrysotile, Serpentine",,Underground,,,,,,Arizona Department Of Mineral Resources,,,,,,,STEWART 1955 CHRYS ASB DEP OF AZ USBM IC 7706 P 67-73.ROMSLO & EMERICK 1957 JOINT REPORT DMEA 4844 P 7-8.,,1927.0,,,,1920.0,,,C,False,False,388.9,
10161390,https://mrdata.usgs.gov/mrds/show-mrds.php?dep_id=10161390,,0040070475,Lucky Strike,33.85837,-110.8993,,United States,Arizona,Gila,N,Asbestos,,,Underground,,,Past Producer,,,,,,,,,"Kyle Asbestos Mines, Sloan Creek Group, Kennedy Group",,ADMR,,,,,,,"USGS MCFADDEN PEAK QUADADMR LUCKY STRIKE MINE FILESTEWART L A CHRYSOTILE-ASBESTOS DEPOSITS OF AZ USBM 1C 77061955 P 79WILSON E D ASBESTOS DEPOSITS OF AZ AZBM BULL 126 1928 P 79USBM WAR MINERALS REPORT 373 1945ADMR ASBESTOS MINES OF AZ FILEADMR ""U"" FILE",,,,,,,,,C,False,False,374.0,
10161441,https://mrdata.usgs.gov/mrds/show-mrds.php?dep_id=10161441,M003111,0040070493,Melrose Group,33.98897,-110.8957,,United States,Arizona,Gila,N,Asbestos,,,Underground,,,Past Producer,,,,,,,,,,,ADMR,,,,,,,USGS MCFADDEN PEAK QUADADMR MELROSE GROUP FILESTEWART L A CHRYSOTILE-ASBESTOS DEPOSITS OF AZ USBM 1C 77061955 P 89-98,,,,,,,,,D,False,False,384.8,
10161508,https://mrdata.usgs.gov/mrds/show-mrds.php?dep_id=10161508,,0040070292,Dixon Group,33.44178,-110.88129,,United States,Arizona,Gila,B,"Copper, Asbestos",,,Underground,,,Past Producer,,,,,,,,,,,ADMR,,,,,,,ADMR FILESWEED W H COPPER HANDBOOK VOL 11 1912 P 392 SEE GLOBE AZ ANDEL PASO COPPERBEJNAR W GEOLOGY OF THE RUIN BASIN AREA THESIS U OF AZ 1950P 99,,,,,,,,,D,False,False,345.2,
10161519,https://mrdata.usgs.gov/mrds/show-mrds.php?dep_id=10161519,M002976,0040070704,American,34.01617,-110.8865,,United States,Arizona,Gila,N,Asbestos,,,Surface-Underground,,,Past Producer,,,,,,,,,"Cherry Creek, No. 1, No. 2, Tony, Wolf Springs, Smith, Home, No. 7, BuckhornWolf Spring, Vosberg, Benstago, Wilson",,Intermountain Field Operations Center (IFOC),,,,,,,,,1921.0,,,,1916.0,,,E,False,False,387.9,
10162236,https://mrdata.usgs.gov/mrds/show-mrds.php?dep_id=10162236,TC00201,0040211010,Ray Southern Group,33.16069,-110.97099,,United States,Arizona,Pinal,B,"Lead, Silver, Asbestos, Gold",Molybdenum,,Underground,,,Past Producer,,,,,,,,,"Bobtail, Colorado",,ADMR,,,,,,,"USGSADMR RAY SOUTHERN GROUP FILEADMR FILES-ADOT HIWAY MAP 1949 P 3ADMR U FILESSTEWART,L A CHRYSOTILE-ASBESTOS DEPOSITS OF AZ IC 7706 1955P 119WEED,W THE MINES HANDBOOK 1918 P 520",,,,,,,,,C,False,False,320.2,
10164475,https://mrdata.usgs.gov/mrds/show-mrds.php?dep_id=10164475,,0060690108,San Benito Asbestos Co.,36.36914,-120.75709,,United States,California,San Benito,N,Asbestos,,,Surface,,,Past Producer,,,,,,,,,,,"Ridenour, James",,,,,,,"CALIF. STATE MINING BUR. REPORT 22, 1926, P. 223-224.",,,,,,,,,D,False,False,0.0,
10183527,https://mrdata.usgs.gov/mrds/show-mrds.php?dep_id=10183527,,6020150015,Woodsreef,-29.99639,151.99858,OC,Australia,New South Wales,,N,,,Asbestos,Surface,,,Past Producer,,,,,,,,,,,Johnson,,,,,,,"MINING MAGAZINE,SEP.1976,P240",,,,,,,,,D,False,False,115.6,idonly
10168474,https://mrdata.usgs.gov/mrds/show-mrds.php?dep_id=10168474,,0132410012,Nicholson Mine,34.93931,-83.17568,,United States,Georgia,Rabun,N,Asbestos,,,Underground,,,Past Producer,,,,,,,,,Pig Pen Mountain Locality,,Eastern Field Operations Center (EFOC),,,,,,,"MLA FIELD WORK, JULY 1981.",,,,,,,,,D,False,False,0.3,major
10175985,https://mrdata.usgs.gov/mrds/show-mrds.php?dep_id=10175985,K002557,0371750004,Jennings No. 1 Asbestos Mine,35.05321,-83.05157,,United States,North Carolina,Transylvania,N,Asbestos,,,Unknown,,,Past Producer,,,,,,,,,,,Eastern Field Operations Center (EFOC),,,,,,,REF: CRIB RECORD NO. K002557.,,,,,,,,,D,False,False,6.7,major
10176275,https://mrdata.usgs.gov/mrds/show-mrds.php?dep_id=10176275,,0370990011,Holden Asbestos Mine,35.18151,-83.11518,,United States,North Carolina,Jackson,N,Asbestos,,,Unknown,,,Past Producer,,,,,,,,,,,Eastern Field Operations Center (EFOC),,,,,,,REF: CRIB RECORD NO. K002577.,,,,,,,,,D,False,False,9.4,major
10176442,https://mrdata.usgs.gov/mrds/show-mrds.php?dep_id=10176442,K002573,0370990015,Bryson Asbestos Mine,35.13511,-83.17178,,United States,North Carolina,Jackson,N,Asbestos,,,Unknown,,,Past Producer,,,,,,,,,,,Eastern Field Operations Center (EFOC),,,,,,,REF: CRIB RECORD NO. K002573.,,,,,,,,,D,False,False,7.6,major
10176520,https://mrdata.usgs.gov/mrds/show-mrds.php?dep_id=10176520,K002572,0370990016,Harris Prospect,35.21231,-82.97817,,United States,North Carolina,Jackson,N,Asbestos,,,Unknown,,,Past Producer,,,,,,,,,,,Eastern Field Operations Center (EFOC),,,,,,,REF: CRIB RECORD NO. K002572.,,,,,,,,,D,False,False,10.8,major
10181698,https://mrdata.usgs.gov/mrds/show-mrds.php?dep_id=10181698,,1220500034,National Mine,46.13326,-71.25223,,Canada,Quebec,,N,,,Asbestos,Surface,,,Producer,,,,,Surface,,,,,,"Porter, Kenneth E.",,,,,,,"MINING MAGAZINE, CANADIAN ASBESTOS MINE EXPANSION PLANNED;APRIL, 1974, P.CANADIAN MINES HANDBOOK 1979-80, NORTHERN MINER PRESS LTD.P.160.FISH, RICHARD, NATIONAL'S DUST CONTROL PROGRAM; CANADIANMINING JOURNAL, NOV., 1977, P.42.",,,,,,,,,D,False,False,0.0,major
10182705,https://mrdata.usgs.gov/mrds/show-mrds.php?dep_id=10182705,,4910200001,Amiandos,34.92808,32.91822,AS,Cyprus,Limassol,,N,Asbestos,,,Surface,,,Producer,,,,,,,,,,,Unknown,,,,,,,,,,,,,,,,E,False,False,0.0,major
10183472,https://mrdata.usgs.gov/mrds/show-mrds.php?dep_id=10183472,,7910050045,Danielskuil,-28.17578,23.50153,AF,South Africa,,,N,Asbestos,,,Underground,,,Past Producer,,,,,,,,,,,"Boyle, Ed",,,,,,,"DMA SERIES 1301.SHEET SH-34.SCALE 1:1,000,000MANOS,A.INDUSTRIAL MINERALS OF SOUTH AFRICA.REPRINT FROMNOV.1977 ISSUE OF INDUSTRIAL MINERALS,METAL BULL.LTD.,SURREY,ENG.30PP.E/MJ.1978 INT.DIRECTORY OF MINING AND MINERAL PROCESSINGOPERATIONS.MCGRAW HILL,N.Y.,1978.338&57.MINERALS BUREAU,S.A.DEPT.OF MINES.MINERALS MARKETING INFORM-ATION,NON-METALLIC MINES IN SOUTH AFRICA.PRELIM.REPORTNO.10.,BRAAMFONTEIN,JAM.1977.P.19.",,1963.0,,,,1961.0,,,C,False,False,7889.9,major
10184073,https://mrdata.usgs.gov/mrds/show-mrds.php?dep_id=10184073,W025266,0060890273,Powhatan Mining Co Claim,41.10675,-122.4078,,United States,California,Shasta,N,Asbestos,,,Surface,,,Past Producer,,,,,,,,,,,Western Field Operations Center (WFOC),,,,,,,CALIF M JOUR JULY 1961 P12USGS QUAD DUNSMUIR,,,,,,,,,D,False,False,0.1,major
10184580,https://mrdata.usgs.gov/mrds/show-mrds.php?dep_id=10184580,A000007,0020280018,Shungnak River,67.03703,-157.23676,,United States,Alaska,,B,Gold,,"Semiprecious Gemstone, Silver, Asbestos, Copper",Placer,,,Past Producer,,,,,,,,,"Three-Thirteen Assn., Northwest Alaska Mines, Kobuk Alaska Mines, Brown, Harry, Neversweet Assn., Gold Bank Assn., Clark Assn., Jim Assn., Wien Claim, Twins Assn., Bismark Creek",,Mjn-Mirl,,,,,,,"B379b                p. 59B442a                p. 46B480n                pp. 296-298B536                 pp. 131-132B592d                p. 72B642c                p. 71B692b                p. 42B722a                p. 23B815                 pp. 321-322B824a                p. 49B844A                pp. 51-52B857A                p. 48B864A                pp. 53-54B868A                pp. 55-56B880A                p. 58B897A                p. 68B910A                p. 73B917A                p. 71B926A                p. 67B933A                p. 64TDM5R                pp. 15-16, 23GR37                 p. 26GR39                 pp. 54-55MF454OF508                p. 35B1374                pp. 59-60ALASKA KARDEX 028-012",,,,,,,,,C,False,False,23.5,major
10184685,https://mrdata.usgs.gov/mrds/show-mrds.php?dep_id=10184685,A000015,0020280003,Jade Mountain,67.20782,-158.0702,,United States,Alaska,,N,Semiprecious Gemstone,,Asbestos,Surface,,,Past Producer,,,,,,,,,"Joiner, E. B., Nana Regional Corp., Disaster Claim, Nona Regional Corp., Boulder Discovery, Jade Discovery, Cabin Cr. Discovery, Jade Cr. Discovery, Jade Cr. Disc. Above, Jade Gulch Disc. Below, Robbins, James S., Baker, V. G., Clements, Ernest, Baker, Francis, Cabin Cr. Disc. Assn., West Fork Creek, West Fork Below Disc., West Fork Above Disc., Abbott, F., Onion Millsite, Stewarts Jewel Jade MineJade Gulch Disc., West Fork Disc. Assn., J-3, Seven Year Lode, Jade Empress Placer, Jade Queen Placer, Jade Cr. East Fork, Cabin Cr. Below Disc., Jade Creek, Jade Queen Lode, Jade Empress Lode",,Dwb,,,,,,,"WAR MINERALS REPORT229IC7379               p. 82TDM5R                p. 16RI4414               pp. 13-14GR37                 p. 29GR39                 p. 60MF454OF508                pp. 33-34B1374                pp. 57-58AMR 81-82BUNDTZEN, T.K., R.C. SWAINBANK, A.H. CLOUGH, M.W. HENNING,AND E.W. HANSEN.  ALASKA'S MINERAL INDUSTRY 1993.  AK DIV.GEOL. AND GEOPHYS. SURV. SPEC. REP. 48, 1994, PP. 25-26.ALASKA KARDEX 028-003ALASKA KARDEX 028-004ALASKA KARDEX 028-006ALASKA KARDEX 028-040ALASKA KARDEX 028-052",,,,,,,,,B,False,False,0.0,major
10185453,https://mrdata.usgs.gov/mrds/show-mrds.php?dep_id=10185453,,0040070085,Regal,33.81757,-110.59539,,United States,Arizona,Gila,N,,,Asbestos,Underground,,,Past Producer,,,"Chrysotile, Serpentine",,,,,,,,Arizona Department Of Mineral Resources,,,,,,,"STEWART 1955 CHRYS ASB DEP OF AZ USBM IC 7706 P 19-22STEWART 1961 METHODS & COST REGAL MINE USBM IC 7986 53 PWILSON E D 1928 ASB DEP OF AZ AZ BUR MINES BULL 126 P 48-55.DMEA 3707,1955.",,1918.0,,,,1916.0,,,C,False,False,396.7,
10185519,https://mrdata.usgs.gov/mrds/show-mrds.php?dep_id=10185519,D002480,0040070098,"Rock House Group, North End",33.97227,-110.791,,United States,Arizona,Gila,N,,,Asbestos,Underground,,,Past Producer,,,,,,,,,,,Arizona Department Of Mineral Resources,,,,,,,STEWART 1955 CHRYS ASB DEP OF AZ USBM IC 7706 P 86-89.,,,,,,,,,D,False,False,392.3,
10185572,https://mrdata.usgs.gov/mrds/show-mrds.php?dep_id=10185572,M002976,0040070521,Number Two-Vosberg Claims,34.02177,-110.8493,,United States,Arizona,Gila,N,Asbestos,,,Underground,,,Past Producer,,,,,,,,,Walnut Group,,ADMR,,,,,,,USGS YOUNG QUADSTEWART L A CHRYSOTILE-ASBESTOS DEPOSITS OF AZ USBM 1C 77061955 P 70USAEC URANIUM OCCURANCES IN WILSON CREEK AREA RME-2005 REV1954,,,,,,,,,D,False,False,391.5,
10185573,https://mrdata.usgs.gov/mrds/show-mrds.php?dep_id=10185573,,0040070092,Blue Jay Group,34.00397,-110.7982,,United States,Arizona,Gila,N,,,Asbestos,Underground,,,Past Producer,,,,,,,,,"American Beauty, Turkey Track",,Arizona Department Of Mineral Resources,,,,,,,STEWART 1955 CHRYS-ASB DEP OF AZ USBM IC 7706 P82-84.STEWART-HAURY 1947 AZ ASB DEP USBM RI 4100 P 23-25.,,,,,,,,,C,False,False,394.3,
10185659,https://mrdata.usgs.gov/mrds/show-mrds.php?dep_id=10185659,M003093,0040070081,Great View,33.79118,-110.50489,,United States,Arizona,Gila,N,,,Asbestos,Underground,,,Past Producer,,,,,,,,,,,Arizona Department Of Mineral Resources,,,,,,,STEWART 1955 CHRYS ASB DEPOSITS OF AZ USBM IC 7706 P 62-63.BROMFIELD&SHRIDE.1956 MIN RES SANCARLOS IND RES GS BULL 1027,,,,,,,,,D,False,False,402.5,
10185677,https://mrdata.usgs.gov/mrds/show-mrds.php?dep_id=10185677,TC10371,0040070094,May Mine,33.93727,-110.7979,,United States,Arizona,Gila,N,,,Asbestos,Underground,,,Past Producer,,,,,,,,,,,Arizona Department Of Mineral Resources,,,,,,,STEWART 1955 CHRYS ASB DEP OF AZ USBM IC 7706 P86-89.,,,,,,,,,D,False,False,388.9,
10185727,https://mrdata.usgs.gov/mrds/show-mrds.php?dep_id=10185727,TC10372,0040070096,No. 2 Mine,34.02007,-110.8382,,United States,Arizona,Gila,N,,,Asbestos,Surface-Underground,,,Past Producer,,,,,,,,,,,Arizona Department Of Mineral Resources,,,,,,,STEWART 1955 CHRYS ASB DEP OF AZ USBM IC 7706 P 67-70.,,,,,,,,,D,False,False,392.2,
10185760,https://mrdata.usgs.gov/mrds/show-mrds.php?dep_id=10185760,M002871,0040070418,Independent Group,33.94007,-111.15631,,United States,Arizona,Gila,N,Asbestos,Semiprecious Gemstone,,Unknown,,,Past Producer,,,,,,,,,Conway Prospect,,ADMR,,,,,,,"USGS PICTURE MOUNTAIN QUADADMR INDEPENDENT GROUP FILESTEWART L A CRYSOTILE-ASBESTOS DEPOSITS OF AZ USBM 1C 77061955 P 99ADMR ""U"" FILE",,,,,,,,,D,False,False,358.9,
10185806,https://mrdata.usgs.gov/mrds/show-mrds.php?dep_id=10185806,M003044,0040070171,Bear Canyon Property,33.53538,-110.33398,,United States,Arizona,Gila,N,Asbestos,,,Underground,,,Past Producer,,,,,,,,,"Blue Mule Claims, Apache Asbestos",,ADMR,,,,,,,USGS SONTAG CREEK QUADSTEWART L A CHRYSOTILE-ASBESTOS DEPOSITS OF AZ USBM 1C 77061955 P 50ADMR METATE ASBESTOS MILL FILEWILSON E D ASBESTOS DEPOSITS OF AZ AZBM BULL 126 1928 P 61,,,,,,,,,D,False,False,399.1,
10186056,https://mrdata.usgs.gov/mrds/show-mrds.php?dep_id=10186056,M003019,0040070131,Alamo Prospects,33.76678,-110.57709,,United States,Arizona,Gila,N,Asbestos,,,Underground,,,Past Producer,,,,,,,,,"Poor Mining Co, Alamo Asbestos",,ADMR,,,,,,,"STEWART L A CHRVSOTILE-ASBESTOS DEPOSITS OF AZ SUPPLEMENTUSBM IC 7745 1956 P 22ADMR ""U"" FILE ASB 48 AND HSB 51",,,,,,,,,D,False,False,394.4,
10187000,https://mrdata.usgs.gov/mrds/show-mrds.php?dep_id=10187000,,0060099007,Santa Cruz Mill,36.31775,-120.58378,,United States,California,Calaveras,N,Asbestos,,,Unknown,,,Producer,,,,,,,,,,,"Ridenour, James",,,,,,,"JOHN RAPP, CALIF. DIV. MINES AND GEOL., PERSONAL COMMUN.,1991.",,,,,,,,,D,False,False,0.0,major
10187152,https://mrdata.usgs.gov/mrds/show-mrds.php?dep_id=10187152,,0060091702,Pacific Asbestos Pit,37.96571,-120.65041,,United States,California,Calaveras,N,Asbestos,,,Surface,,,Producer,,,,,,,,,,,Western Field Operations Center (WFOC),,,,,,,MESA MINE REFERENCE 11ST ID # 0402547.MINE EMPLOYMENT 1975 WAS 38.METRIC TONNES PER YEAR ESTIMATED  36288 TO 45360.MINING ENG 1974 ANNUAL REVIEW P70.,,,,,,,,,D,False,False,4.9,major
10187254,https://mrdata.usgs.gov/mrds/show-mrds.php?dep_id=10187254,,0060091732,Calaveras Asbestos Mill,37.98021,-120.63961,,United States,California,Calaveras,N,Asbestos,,,Processing Plant,,,Producer,,,,,,,,,,,Western Field Operations Center (WFOC),,,,,,,ALONG BRYNES FERRY RD 6 MI FROM   COPPEROPOLIS,,,,,,,,,D,False,False,2.6,major
10187510,https://mrdata.usgs.gov/mrds/show-mrds.php?dep_id=10187510,,0060091698,Pacific Asbestos Mill,37.98321,-120.64491,,United States,California,Calaveras,N,Asbestos,,,Processing Plant,,,Producer,,,,,,,,,,,Western Field Operations Center (WFOC),,,,,,,MESA MINE REFERENCE LIST ID # 0401061MILL EMPLOYMENT 101                1976US BUREAU OF MINES YR BOOK MINERALIND OF CALIF 1972P 14 & 29,,,,,,,,,D,False,False,2.8,major
10187696,https://mrdata.usgs.gov/mrds/show-mrds.php?dep_id=10187696,,0060190028,Atlas Asbestos Company,36.31775,-120.58378,,United States,California,Fresno,N,Asbestos,,,Surface,,,Producer,,,,,,,,,"Santa Cruz Mill, Hidden Splendor",,"Ridenour, James",,,,,,,"E & MJ OCT 1961,P 155;FEB 1962 P  18;MINING  WORLD,FEB 1962,MARCH 1962 P 48;BUR & CAT APR 1962P 81,83;SEPT 1962 P 68;MINFEB 1962 P 21,52;FEB 1963,P 79;   GEOL JOURNAL FEB 1962,P 15WORLD CAT SUR DIV 1963 P DM-8CALIF. DIV. MINES AND GEOL. ACTIVE MINES DATABASE (1991).",,,,,,,,,D,False,False,0.0,major
10188447,https://mrdata.usgs.gov/mrds/show-mrds.php?dep_id=10188447,,0060550183,Monticello Asbestos Mine,38.47709,-122.19275,,United States,California,Napa,N,Asbestos,,,Underground,,,Past Producer,,,,,,,,,,,Western Field Operations Center (WFOC),,,,,,,,,,,,,,,,E,False,False,2.1,major
10188758,https://mrdata.usgs.gov/mrds/show-mrds.php?dep_id=10188758,W024365,0060610267,Morgan Deposits,39.18409,-120.79853,,United States,California,Placer,N,Asbestos,,,Underground,,,Past Producer,,,,,,,,,,,Western Field Operations Center (WFOC),,,,,,,"USBM 1C 7860,P 23;USGS FOLIO 66;  15TH REPT ST MIN P 321;DOM176,P 54;BULL 173;P 297;BULL 136,P43",,,,,,,,,D,False,False,0.0,major
10191653,https://mrdata.usgs.gov/mrds/show-mrds.php?dep_id=10191653,,0132410011,Hicks Asbestos Mine,34.96681,-83.15818,,United States,Georgia,Rabun,N,Asbestos,,,Surface-Underground,,,Past Producer,,,,,,,,,,,Eastern Field Operations Center (EFOC),,,,,,,"HOPKINS,O. GSG BULL.NO.29,1914,PG.144",,,,,,,,,D,False,False,0.5,major
10199809,https://mrdata.usgs.gov/mrds/show-mrds.php?dep_id=10199809,,0361130020,Carlton W. Blank Property Deposit,43.52918,-73.89535,,United States,New York,Warren,N,Asbestos,,,Surface,,,Past Producer,,,,,,,,,,,Eastern Field Operations Center (EFOC),,,,,,,"REF: WAR MINERALS REPORT-REGIONAL FILE NO.E-2077,SEPT.,1951.",,,,,,,,,D,False,False,87.4,major
10200255,https://mrdata.usgs.gov/mrds/show-mrds.php?dep_id=10200255,K002563,0371990017,Sam Grindstaff Asbestos Mine,35.96539,-82.21655,,United States,North Carolina,Yancey,N,Asbestos,,,Unknown,,,Past Producer,,,,,,,,,,,Eastern Field Operations Center (EFOC),,,,,,,REF: CRIB RECORD NO. K002563.,,,,,,,,,D,False,False,4.9,major
10200855,https://mrdata.usgs.gov/mrds/show-mrds.php?dep_id=10200855,M014348,0410010131,"Buttercup Mines, Inc.",44.52706,-117.70932,,United States,Oregon,Baker,B,Gold,,"Quartz, Asbestos",Surface-Underground,,,Past Producer,,,,,,,,,Buttercup Mines,,"Ridenour, James",,,,,,,"OR. DEPT. GEOL. AND MIN. INDUST. BULLETIN 14-A, 1939, P. 98-99.",,,,,,,,,D,False,False,12.4,major
10204374,https://mrdata.usgs.gov/mrds/show-mrds.php?dep_id=10204374,,0530570032,Lyman,48.50401,-122.01404,,United States,Washington,Skagit,N,Asbestos,,,Surface,,,Past Producer,,,,,,,,,,,Western Field Operations Center (WFOC),,,,,,,,,,,,,,,,E,False,False,5.8,minor
10205948,https://mrdata.usgs.gov/mrds/show-mrds.php?dep_id=10205948,,1220500029,King-Beaver Mine,46.08326,-71.59945,,Canada,Quebec,,N,,,Asbestos,Surface-Underground,,,Past Producer,,,,,"Surface, Underground",,,,"Beaver No.1, Lac Jeannine Mine, Bell, Johnson, Bennett-Martin",,"Porter, Kenneth E.",,,,,,,"REF-CAN MINES HDBK,1975-1976,P246REF-THE FINANCIAL POST SURVEY OF MINES,1975,P65, 1976,P.63.REF-WORLD MINES REGISTER 1976-1977, P.72.REF-RIORDON,P.H., THE STRUCTURAL ENVIRONMENT OF THE THETFORDLAKE ASBESTOS DEPOSITS, 1REF-SURFACE MINING PRACTICE IN CANADA, 1972, MINES BRANCH INCIRC. 292, 109P.REF-E/MJ INTERNATIONAL DIRECTORY OF MINING, 1975, P.195.",,,,,,,,,B,False,False,9.4,major
10206328,https://mrdata.usgs.gov/mrds/show-mrds.php?dep_id=10206328,,1220400093,Midlothian,47.88329,-80.99976,,Canada,Ontario,,N,Asbestos,,,Surface,,,Past Producer,,,,,,,,,Lloyd Lake,,"Porter, Kenneth E.",,,,,,,"P.280.ANNIS, R.C.,D.A. CRANSTONE AND M. VALLEE, A SURVEY OF KNOWNCANADIAN MINES HANDBOOK 1979-80, NORTHERN MINER PRESS LTD.,ENERGY,MINES AND RESOURCES CANADA,MINERALS, MR 181, 1978P.A-25.NORTHERN MINER, UNITED ASBESTOS RETAINS MIDLOTHIAN MINE;JUNE 28, 1979, P.22.MINING MAGAZINE, CANADIAN ASBESTOS MINE FORCED TO CLOSE;MAY, 1977, P.334.",,,,,,,,,D,False,False,289.9,major
10206334,https://mrdata.usgs.gov/mrds/show-mrds.php?dep_id=10206334,,0560131104,Rock Creek,42.54464,-108.74742,,United States,Wyoming,Fremont,N,Asbestos,,,Unknown,,,Past Producer,,,,,,,,,,,South Dakota School of Mines,,,,,,,CHRYSOTILE LENSES IN SERPENTINEONE OF SEVERAL LOCATIONS WITH SAME NAMEWYO GEOL SURV OPEN FILES,,,,,,,,,D,False,False,436.4,major
10207228,https://mrdata.usgs.gov/mrds/show-mrds.php?dep_id=10207228,,3510430012,Morro Da Mina,-24.6974,-48.149,SA,Brazil,Sao Paulo,,B,"Iron, Calcium",,"Uranium, Magnesite, Aluminum, Phosphorus-Phosphates, Asbestos, Barium-Barite",Surface,,,Producer,,,"Barite, Calcite, Dolomite, Forsterite, Magnetite, Phlogopite, Pyrite, Pyrochlore, Serpentine",,Surface,,,,Jacupiranga,,"Fantel, Richard J.",,,,,,,"BRITISH SULPHUR, WORLD SURVEY OF PHOSPHATE DEPOSITS, 4THEDITION, LONDON, 1980DERBY, O A, MAGNETITE ORE DISTRICT OF JACUPIRANGA ANDIPANEMA, SAO PAULO, BRAZIL:  AM JOUR SCI, 3RD SER VOL XLI,1891, P 308-311LEONARDIS, O, CARBONATITOS COM APATITA E PIROCHLORO: BRAZIL,D N P M AVULSO NO 80, RIO, 1956, 30PMC NEIL, M, BRAZIL'S URANIUM/THORIUM DEPOSITS; GEOLOGY,RESERVES, POTENTIAL, MILLER FREEMAN, SAN FRANCISCO, 1978MELCHER, GERALDO, THE CARBONATITES OF JACUPIRANGA, SAO PAULOBRAZIL:  IN CARBONATITES, TUTTLE & GITTENS, ED 1966,P 169-181MC NEIL, M, BRAZIL'S URANIUM/THORIUM DEPOSITS, MILLERJACUPIRANGA SAO PAULO (BRAZIL):  DIV GEOL NOTAS PRELIMNO 84, RIO, 1954, 20PSERRANA, S A DE MINERACAO, O CARBONATITO APATITICO DEJACUPIRANGA SUA OCCORRENCIA EXTRACAO E EVOLUCAO NOBENEFICIAMENTO INTEGRACAO INDUSTRIAL, SAO PAULO, 1975WORLD MINING, HOW SERRANA MINES AND FLOATS 5.0 PERCENT P205ORE, JUNE 1977, P 42-44BUSNARDO, C.A.; DUN, IAN J.; MENEZES, LUIS A.D.; CHAMMA, M.;AND NEVES DE OLIVERRO, R.; ""NEW STRATEGIES FOR CLASSI--FICATION YIELD BIG GAINS AT BRAZIL'S SERRANA PHOSPHATE"",E & MJ, APRIL 1984, PP. 70-74.INDUSTRIAL MINERALS, NOVEMBER 1989, PP. 58-61.",,1943.0,,,,1940.0,,,B,False,False,4761.0,major
10207769,https://mrdata.usgs.gov/mrds/show-mrds.php?dep_id=10207769,W033595,7910200135,Msauli Mine,-25.89659,31.08471,AF,South Africa,,,N,Asbestos,,,Underground,,,Producer,,,,,,,,,Barberton ?,,Unknown,,,,,,,,,,,,,,,,E,False,False,7594.6,major
10207879,https://mrdata.usgs.gov/mrds/show-mrds.php?dep_id=10207879,,7910050048,Kurumancape Blue Operations,-27.5466,23.31822,AF,South Africa,,,N,Asbestos,,,Underground,,,Producer,,,,,,,,,,,"Boyle, Ed",,,,,,,"DMA SERIES 1501.SHEET SG 34-16.SCALE 1:250,000.LIST OF OPERATING MINING CONCERNS IN THE REPUBLIC OF SOUTHAFRICA AS OF 1ST JANUARY,1976.GOVT.MINING ENGINEER.BOX1132 JOHANNESBURG,S.A.MINERAL BUREAU,S.A.DEPT.OF MINES.MINERALS MARKETING INFORM-ATION,NON-METALLIC MINES IN SOUTH AFRICA.PRELIM.REPORTNO.10,JAN.1977,BRAAMFONTEIN,PP.18-19.MANOS,A.INDUSTRIAL MINERALS OF SOUTH AFRICA.REPRINT FROMNOV.1977 ISSUE OF INDUSTRIAL MINERALS,METAL BULL.LTD.SURREY ENG.30 PP.",,,,,,,,,C,False,False,7814.0,major
10209470,https://mrdata.usgs.gov/mrds/show-mrds.php?dep_id=10209470,M003133,0040070077,Emsco,33.78118,-110.52539,,United States,Arizona,Gila,N,,,Asbestos,Underground,,,Past Producer,,,,,,,,,Accident,,Arizona Department Of Mineral Resources,,,,,,,STEWART 1955 CHRYS ASB DEPOSITS OF AZ USBM IC 7706 P 59-61.BROMFIELD&SHRIDE 1956 MIN RES SANCARLOS IND RES GS BUL 1027N,,,,,,,,,C,False,False,400.0,
10209618,https://mrdata.usgs.gov/mrds/show-mrds.php?dep_id=10209618,M001964,0040070140,Apache Extension,33.84537,-110.56879,,United States,Arizona,Gila,N,Asbestos,Semiprecious Gemstone,,Surface-Underground,,,Past Producer,,,,,,,,,,,ADMR,,,,,,,MOORE R T MINERAL DEPOSITS OF THE FT APACHE INDIAN RESEVA-TION AZBM BULL 177 1968 P 50STEWART L A CHRYSOTILE-ASBESTOS DEPOSITS OF AZ USBM 1C 77061955 P 40,,,,,,,,,D,False,False,401.1,
10209661,https://mrdata.usgs.gov/mrds/show-mrds.php?dep_id=10209661,,0040070082,Locke Mine,33.73508,-110.59489,,United States,Arizona,Gila,N,,,Asbestos,Underground,,,Past Producer,,,,,,,,,,,Arizona Department Of Mineral Resources,,,,,,,STEWART 1956 CHRYS ASB DEPOSITS OF AZ USBM IC 7745 P 16-19.,,,,,,,,,D,False,False,390.6,
10209698,https://mrdata.usgs.gov/mrds/show-mrds.php?dep_id=10209698,,0040070088,Asbestos Peak,33.76087,-110.9457,,United States,Arizona,Gila,N,,,Asbestos,Surface-Underground,,,Past Producer,,,"Chrysotile, Serpentine",,Underground,,,,American Ore Mine,,Arizona Department Of Mineral Resources,,,,,,,STEWART 1955 CHRYS ASB DEP OF AZ USBM IC 7706 P 64-67.,,1917.0,,,,1915.0,,,C,False,False,362.4,
10209749,https://mrdata.usgs.gov/mrds/show-mrds.php?dep_id=10209749,,0040070679,Victory Group,33.82927,-110.62009,,United States,Arizona,Gila,N,Asbestos,,,Underground,,,Past Producer,,,,,,,,,Bacon Group,,ADMR,,,,,,,"ADMR ""U"" FILE",,,,,,,,,D,False,False,395.5,
10212556,https://mrdata.usgs.gov/mrds/show-mrds.php?dep_id=10212556,,0060690169,Joe 5 Pit,36.34775,-120.60818,,United States,California,San Benito,N,Asbestos,,,Surface,,,Producer,,,,,,,,,,,Western Field Operations Center (WFOC),,,,,,,MESA INDEX,,,,,,,,,D,False,False,0.0,major
10212721,https://mrdata.usgs.gov/mrds/show-mrds.php?dep_id=10212721,,0060610424,Noon Day Mine,39.11349,-120.85543,,United States,California,Placer,N,Asbestos,,,Unknown,,,Past Producer,,,,,,,,,,,Western Field Operations Center (WFOC),,,,,,,"USBM 1C 7860,P 23-24;MIN YB V 3,  1953,P 217;1955,P 223;1956CJMG V 51,NO 4,1955,P 322,349;DOM BULL 142,P 90,148",,,,,,,,,D,False,False,5.3,major
10215754,https://mrdata.usgs.gov/mrds/show-mrds.php?dep_id=10215754,,0132410017,Chattooga River Prospect,34.91731,-83.18488,,United States,Georgia,Rabun,N,Asbestos,,,Surface,,,Past Producer,,,,,,,,,Nicholson Estate/Nicholson Heirs,,Eastern Field Operations Center (EFOC),,,,,,,HOPKINS OB 1914 GA GEOL SUR BULL 29TEAGUE KH 1956 GA MINERAL NEWSLETTER VOL 9 NO 1PRODUCED 20 TONS SLIP-FIBER IN 1955--POWHATAN MINING CO,,,,,,,,,D,False,False,0.1,major
10218395,https://mrdata.usgs.gov/mrds/show-mrds.php?dep_id=10218395,,0250030053,Hinsdale Pit,42.45108,-73.14393,,United States,Massachusetts,Berkshire,N,Asbestos,,,Unknown,,,Producer,,,,,,,,,Hinsdale Mine,,Eastern Field Operations Center (EFOC),,,,,,,PEARRE NC 1956 US GEOL SUR MAP MR 4,,,,,,,,,D,False,False,13.1,major
10223704,https://mrdata.usgs.gov/mrds/show-mrds.php?dep_id=10223704,K002566,0370990022,Asbestos Mine,35.11761,-83.01047,,United States,North Carolina,Jackson,N,Asbestos,,,Unknown,,,Past Producer,,,,,,,,,,,Eastern Field Operations Center (EFOC),,,,,,,"REF: CRIB RECORD NO. K002566.MURDOCK, THOMAS G & HUNTER, CHARLES E, 1946, NC DEPT OF CONS& DEVEL BULL 50, PP. 37-39.",,,,,,,,,D,False,False,0.0,major
10223832,https://mrdata.usgs.gov/mrds/show-mrds.php?dep_id=10223832,,0370990166,Sapphire Mine,35.00012,-82.99986,,United States,North Carolina,Jackson,N,Corundum,,"Asbestos, Vermiculite",Surface,,,Past Producer,,,,,,,,,,,Eastern Field Operations Center (EFOC),,,,,,,"MURDOCK, THOMAS G & HUNTER, CHARLES E, 1946, NC DEPT OF CONS& DEVEL BULL 50, PP. 37-39.",,,,,,,,,D,False,False,10.9,major
10228212,https://mrdata.usgs.gov/mrds/show-mrds.php?dep_id=10228212,,0500190006,Asbestos Mine,44.76187,-72.52389,,United States,Vermont,Orleans,N,Asbestos,,,Surface,,,Past Producer,,,,,,,,,C Quarry of Vt. Asbestos Mines,,Eastern Field Operations Center (EFOC),,,,,,,,,,,,,,,,E,False,False,0.0,major
10229989,https://mrdata.usgs.gov/mrds/show-mrds.php?dep_id=10229989,,0560131045,Fire King Deposit,42.54164,-108.74402,,United States,Wyoming,Fremont,N,Asbestos,,,Underground,,,Past Producer,,,,,,,,,,,South Dakota School of Mines,,,,,,,MILL WAS BUILT IN 1919PRE-CAMBRIAN SERPENTINE BODYWYO GEOL SURV BULL 50 1966 P8,,,,,,,,,D,False,False,436.8,major
10230083,https://mrdata.usgs.gov/mrds/show-mrds.php?dep_id=10230083,,1220500008,Jeffrey Mine,45.76666,-72.03276,,Canada,Quebec,,N,Asbestos,,,Surface-Underground,,,Producer,,,,,Surface,,,,,,"Porter, Kenneth E.",,,,,,,"ENGINEERING AND MINING JOURNAL, JOHNS-MANVILLE, SEPT.1969,P.FISH, RICHARD, CANADIAN JOHNS-MANVILLE BEGINNING $77 MILLIONINVESTMENT PROGRAM; CANADIAN MINING JOURNAL, NOV., 1977.P.8-12.LI, TA M.,  DRAMATIC MODERNIZATION PROGRAM IMPROVES OVERALLPRODUCTION AT JEFFREY MINE; ENG. AND MIN. JOUR., OCT.,1973, P.75-82.NORTHERN MINER, MANY MINING CHANGES AT JOHNS-MANVILLE'SJEFFFREY OPERATION; APRIL 20, 1978, P.B3.NORTHERN MINER, JOHNS-MANVILLE'S FIRST MILL CONSTRUCTED IN1898, APRIL 20, 1978, P.B4.EVANS, R.G., OPERATIONAL PARAMETERS, DESIGN CONCEPTS ANDPRE-INSTALLATION TESTING FOR A NEW ASBESTOS PROCESSINGCOMPLEX AT THE JEFFREY MINE; CIM BULL., JULY, 1975.P.105-110.CANADIAN JOHNS-MANVILLE STAFFF, CANADIAN JOHNS-MANVILLECOMPANY LIMITED; D.E. PICKETT, ED., IN MILLING PRACTICEIN CANADA, CIM SPECIAL VOLUME 16, 1978, P.361-366.GRESHAM, RALPH B. AND ROGER D. MOREY, ELECTRIC-DRIVE TRUCKSAT CANADIAN JOHNS-MANVILLE'S JEFFREY MINE; CIM BULL.,FEB., 1974, P.47-50.MAMEN, CHRIS, GEOTECHNICAL STUDY INDESPENSABLE FORECONOMICAL SLOPE STABILITY; CANADIAN MINING JOURNAL,NOV., 1973, P.44-48.MIKKELBORG, ERIC, MINE EXPANDS-TOWN MOVES; CANADIAN MININGJOURNAL, AUG., 1973, P.48,49.",,,,,,,,,D,False,False,0.6,major
10230199,https://mrdata.usgs.gov/mrds/show-mrds.php?dep_id=10230199,,1220250005,Baiverteadvocate Mine,49.98316,-56.18215,,Canada,Newfoundland,,N,Asbestos,,,Surface,,,Past Producer,,,,,Surface,,,,Advocate Mine,,"Porter, Kenneth E.",,,,,,,"CANADIAN MINES HANDBOOK 1979-80, NORTHERN MINER PRESS LTD.,1979, P.19.",,,,,,,,,C,False,False,2.9,major
10231527,https://mrdata.usgs.gov/mrds/show-mrds.php?dep_id=10231527,W028037,7910050047,Kurumangriqualand Expl.Operations,-27.82989,23.50152,AF,South Africa,,,N,Asbestos,,,Underground,,,Producer,,,,,,,,,,,"Boyle, Ed",,,,,,,"DMA SERIES 1501.SHEET SG 34-16.SCALE 1:250,000.LIST OF OPERATING MINING CONCERNS IN THE REPUBLIC OF SOUTHAFRICA AS OF 1ST JANUARY,1976.GOVT.MINING ENGINEER.BOX1132.JOHANNESBURG,S.A.MINERALS BUREAU,S.A.DEPT.OF MINES.MINERALS MARKETING INFORM-ATION,NON-METALLIC MINES IN SOUTH AFRICA.PRELIMINARYREPORT NO.10.JAN.1977.BRAAMFONTEIN.P.17.MANOS.A.INDUSTRIAL MINERALS OF SOUTH AFRICA.REPRINT FORMNOV.1977 ISSUE OF INDUSTRTIAL MINERALS,METAL BULL.LTD.,SURREY,ENGLAND,30 PP.E/MJ.1978 INTL.DIRECTORY OF MINING AND MINERAL PROCESSINGOPERATIONS.MCGRAW HILL,N.Y.,1978,P.339.DREYER,C.J.B.ROBINSON,H.A.THE OCCURENCE AND EXPLOITATION OFAMPHIBOLE ASBESTOS IN S.AFRICA.PAPER PRESENTED AT 1978AIME ANNUAL MEETING,DENVER COLO.FEB.28-MAR.2,1978.PRE-PRINT 78-H-64.SOC.OF MINING ENGINEERS.LITTLETON,COLO.",,,,,,,,,C,False,False,7848.1,major
10231632,https://mrdata.usgs.gov/mrds/show-mrds.php?dep_id=10231632,,7960300019,Gath's,-20.0302,30.53466,AF,Zimbabwe,,,N,Asbestos,,,Surface-Underground,,,Producer,,,"Chrysotile, Forsterite, Magnesite, Magnetite, Serpentine, Talc",,"Surface, Underground",,,,"Gath's Mine, Gath's X Opencast Mine, Gath's Section Underground Mine",,"Hite, Alan G.",,,,,,,"DMA SERIES 1501.SHEET SF36-1.SCALE 1:250,000.MINING MAGAZINE.ANNUAL REVIEW.JUNE 1975,P.423.",,1916.0,,,,1904.0,,,B,False,False,6872.0,major
10232205,https://mrdata.usgs.gov/mrds/show-mrds.php?dep_id=10232205,,7910050039,Koegaswesterberg,-29.31325,22.36825,AF,South Africa,,,N,Asbestos,,,Underground,,,Producer,,,,,,,,,,,"Boyle, Ed",,,,,,,"COAL,GOLD&BASE MINERALS OF SOUTHERN AFRICA.UNUSUAL MININGMETHOD AT KOEGAS.APRIL,1967.PP.35-43.WORLD MINING.BLUE ASBESTOS MINING AT KOEGAS IN CAPE PROVINCE,SOUTH AFRICA.DREYER,C.J.B.ROBINSON,H.A.THE OCCURENCE AND EXPLOITATION OFAMPHIBOLE ASBESTOS IN SOUTH AFRICA.PAPER PRESENTED AT1978 AIME ANNUAL MEETING,DENVER,COLO.FEB.28-MAR.2,1978.PREPRINT #78-H-64.SOCIETY OF MINING ENGINEERS.LITTLETON,MANOS,A.INDUSTRIAL MINERALS OF SOUTH AFRICA.REPRINT FROMNOV.1977 ISSUE OF INDUSTRIAL MINERALS.METAL BULL.LTD.SURREY,ENGLAND.30PP.MINERALS BUREAU.S.A.DEPT.OF MINES.MINERALS MARKETING INFORM-ATION,NON-METALLIC MINES IN SOUTH AFRICA.PRELIM.REPORTNO.10.BRAAMFONTEIN.JAN.1977.P.20.E/MJ.1978 INTL.DIRECTORY OF MINING AND MINERAL PROCESSINGOPERATIONS.MCGRAW HILL.N.Y.1978.P.337.DMA SERIES 1501.SHEET SH 34-7.SCALE 1:250,000.",,,,,,,,,C,False,False,8027.9,major
10232237,https://mrdata.usgs.gov/mrds/show-mrds.php?dep_id=10232237,W700026,7910050046,Pomfret,-25.82997,23.53479,AF,South Africa,,,N,Asbestos,,,Underground,,,Producer,,,,,,,,,,,"Boyle, Ed",,,,,,,"OPERATIONAL NAVIGATION CHART.Q-4.SCALE 1:1,000,000.DREYER,C.J.B.,ROBINSON,H.A.THE OCCURENCE AND EXPLOITATION OFAMPHIBOLE ASBESTOS IN SOUTH AFRICA.PRESENTED AT 1978 AIMEANNUAL MEETING.FEB.28-MARCH 2,1978.PREPRINT #78-H-64.PP.7,18.MANOS,A.INDUSTRIAL MINERALS OF SOUTH AFRICA.REPRINT FROMNOV.1977 ISSUE OF INDUSTRIAL MINERALS.METAL BULL.LTD.SURREY,ENGLAND.30PP.E/MJ.1978 INTL.DIRECT.OF MINING AND MINERAL PROCESSINGOPERATIONS.MCGRAW HILL.N.Y.P.337.MINING MAGAZINE.MINING ACTIVITY IN THE WESTERN WORLD.MARCH1978.P.235.MINERALS BUREAU,S.A.DEPT.OF MINES.MINERALS MARKETING INFORM-ATION,NON-METALLIC MINES IN S.AFRICA.PRELIM.REPORT NO.10.BRAAMFONTEIN.P.20.",,,,,,,,,C,False,False,7605.7,major
10232477,https://mrdata.usgs.gov/mrds/show-mrds.php?dep_id=10232477,,0371990245,Blue Rock Mine,35.90649,-82.18565,,United States,North Carolina,Yancey,N,Asbestos,,,Surface,,,Past Producer,,,,,,,,,,,Eastern Field Operations Center (EFOC),,,,,,,"MSHA INSP-1978.MSHA LIST 07/26/78 STATUS=ACTIVEMSHA LIST 11/23/79, STATUS= CKISED AS IF 11/23/79",,,,,,,,,D,False,False,0.7,major
10233721,https://mrdata.usgs.gov/mrds/show-mrds.php?dep_id=10233721,,0040070239,Chrysotile Property,33.73338,-110.56539,,United States,Arizona,Gila,N,Asbestos,,,Underground,,,Producer,,,,,,,,,"Old John-Manville Property, Western Chemical Co, Victory Deposit",,ADMR,,,,,,,"USGS CHRYSOTILE QUADBLM MINING DISTRICT SHEETS 185,186 AND 184STEWART L A CHRYSOTILE-ASBESTOS DEPOSITS OF AZ USBM 1C 77061955 P 27",,,,,,,,,D,False,False,393.0,
10233885,https://mrdata.usgs.gov/mrds/show-mrds.php?dep_id=10233885,,0040070093,Last Chance-Cowboy Group,33.99837,-110.8229,,United States,Arizona,Gila,N,,,Asbestos,Underground,,,Past Producer,,,,,,,,,Aileen,,Arizona Department Of Mineral Resources,,,,,,,STEWART 1955 CHRYS-ASB DEP OF AZ USBM IC 7706 P 82-84STEWART-HAURY 1947 AZ ASB DEP USBM RI 4100 P 23-25,,,,,,,,,C,False,False,391.7,
10233966,https://mrdata.usgs.gov/mrds/show-mrds.php?dep_id=10233966,M003027,0040070578,Regal Group,33.81947,-110.59509,,United States,Arizona,Gila,N,Asbestos,,,Underground,,,Past Producer,,,,,,,,,"Walnut Creek Group, Navajo Workings, Patented Claims M S 4479, Old Regal, New Regal",,ADMR,,,,,,,"USBM 1C 7706 LOCATES THE MINE IN SEC 36 T6N R16E P 19USGS BLUE HOUSE MTN QUADSTEWART L A MINING METHODS AND COSTS, REGAL ASBESTOS MINEUSBM 1C 7986 1961WILSON E D ASBESTOS DEPOSITS OF AZ AZBM BULL 126 1928 P 48ADMR REGAL MINE AND MILL FILETENNEY J B MINERAL INDUSTRIES OF AZ AZBM BULL 125 1928 P 101BLM MINING DISTRICT SHEET 181USAEC PRELIM RECONN REPORT 172-480 P 128,88",,,,,,,,,C,False,False,396.9,
10234017,https://mrdata.usgs.gov/mrds/show-mrds.php?dep_id=10234017,,0040070688,White Hill,33.93337,-110.75899,,United States,Arizona,Gila,N,Asbestos,,,Surface-Underground,,,Past Producer,,,,,,,,,,,ADMR,,,,,,,ELEVATORSKI E A AZ INDUSTRIAL MINERALS 1978 P 25 ADMP PUBLI-CATION,,,,,,,,,D,False,False,391.8,
10234074,https://mrdata.usgs.gov/mrds/show-mrds.php?dep_id=10234074,A012431,0020650014,Crooked Creek,63.10757,-154.85294,,United States,Alaska,,B,Gold,,Asbestos,Placer,,,Past Producer,,,,,,,,,,,Neb,,,,,,,B622c                p. 67B783e                p. 139ALASKA KARDEX 065-014,,,,,,,,,D,False,False,84.6,major
10234078,https://mrdata.usgs.gov/mrds/show-mrds.php?dep_id=10234078,M002954,0040070328,Friday Claim,33.73537,-110.9388,,United States,Arizona,Gila,N,Asbestos,,,Surface-Underground,,,Past Producer,,,,,,,,,"Clark Property, Globe Group, Miami Group",,ADMR,,,,,,,"USGS ROCKINGSTRAW MTN QUADWILSON E D ASBESTOS DEPOSITS OF AZ AZBM BULL 126 1928 P 83ADMR ""U"" FILEELEVATORSKI E A AZ INDUSTRIAL MINERALS 1978 P 26 ADMRPUBLICATION",,,,,,,,,C,False,False,361.1,
10234185,https://mrdata.usgs.gov/mrds/show-mrds.php?dep_id=10234185,,0040070076,Donato,33.72478,-110.57429,,United States,Arizona,Gila,N,,,Asbestos,Surface-Underground,,,Past Producer,,,,,,,,,Triple Star,,Arizona Department Of Mineral Resources,,,,,,,STEWART 1955 CHRYS ASB DEPOSITS OF AZ USBM IC 7706 P 32-34.,,,,,,,,,D,False,False,391.6,
10234207,https://mrdata.usgs.gov/mrds/show-mrds.php?dep_id=10234207,M000639,0040070079,Fourth of July,33.80037,-110.61289,,United States,Arizona,Gila,N,,,Asbestos,Surface-Underground,,,Past Producer,,,,,,,,,,,Arizona Department Of Mineral Resources,,,,,,,STEWART 1955 CHRYS ASB DEPOSITS OF AZ USBM IC 7706 P 34-35.,,,,,,,,,D,False,False,393.9,
10234625,https://mrdata.usgs.gov/mrds/show-mrds.php?dep_id=10234625,,0040210735,Mystery Mountain Group,33.42788,-111.0824,,United States,Arizona,Pinal,N,Asbestos,,,Surface-Underground,,,Past Producer,,,,,,,,,"Kennedy Mines Property, Kennedy Ranch",,ADMR,,,,,,,"USGS HAUNTED CANYON QUADADMR V FILESTEWART,L A CHRYSOTILE-ASBESTOS DEPOSITS OF AZ 1C 7706 1955P 110ELEVATORSKI,E A AZ INDUSTRIAL MINERALS 1980 P 53",,,,,,,,,D,False,False,326.7,
10234751,https://mrdata.usgs.gov/mrds/show-mrds.php?dep_id=10234751,,0040210867,Vesta Property,33.25899,-111.071,,United States,Arizona,Pinal,N,Asbestos,,,Surface-Underground,,,Past Producer,,,,,,,,,,,ADMR,,,,,,,"USGS SUPERIOR QUADADMR VESTA MINE FILEELEVATORSKI,E A AZ INDUSTRIAL MINERALS 1980 P 53",,,,,,,,,D,False,False,317.1,
10235271,https://mrdata.usgs.gov/mrds/show-mrds.php?dep_id=10235271,,0060091735,Calaveras Asbestos Pit,37.91771,-120.5935,,United States,California,Calaveras,N,Asbestos,,,Surface,,,Producer,,,,,,,,,,,Western Field Operations Center (WFOC),,,,,,,"REF MESA REPORT OCT. 12, 77",,,,,,,,,D,False,False,3.3,major
10235366,https://mrdata.usgs.gov/mrds/show-mrds.php?dep_id=10235366,M006235,0060090743,American Asbestos,37.9382,-120.5465,,United States,California,Calaveras,N,Asbestos,,,Surface-Underground,,,Past Producer,,,,,,,,,Voorhees,,Western Field Operations Center (WFOC),,,,,,,CATER 48:41,,,,,,,,,D,False,False,0.0,major
10235909,https://mrdata.usgs.gov/mrds/show-mrds.php?dep_id=10235909,,0060190026,Christie,36.33105,-120.54408,,United States,California,Fresno,N,Asbestos,,,Surface,,,Past Producer,,,Asbestos,,Surface,,,,"Coalinga Asbestos, Christie Asbestos",,"Sweeney, Thomas M.",,,,,,,"BRIGHT, J.H., 1966, THE CALIFORNIA ASBESTOS INDUSTRY: NEVADABUREAU OF MINES REPORT 13, PP. 5-10.CLIFTON, R.A., 1980, MINERAL FACTS AND PROBLEMS (ASBESTOS):U. S. DEPARTMENT OF THE INTERIOR, BUREAU OF MINES BULL.671, 17PP.--------, 1974, ASBESTOS: U. S. DEPARTMENT OF THE INTERIOR;BUREAU OF MINES, MINERALS YEARBOOK, PP. 179-181.DAVIS, F. F., 1963, HIGHLIGHTS IN CALIFORNIA MINING, 1962:CALIFORNIA, DIVISION OF MINES AND GEOLOGY VOLUME 16,NO. 2, PP. 5.HAY, H. M., 1981, PERSONAL COMMUNICATION: JOHNS-MANVILLESALES CORPORATION CALIFORNIA, DIVISION OF MINES ANDGEOLOGY VOLUME 16, NO. 2, PP. 5.HURLBURT, C. H., 1971, DANA'S MANUAL OF MINERALOGY: NEWYORK, JOHN WILEY AND SONS, 579 P.KELLY, F. R., 1975, MINERAL PROPERTY REPORT: DEPARTMENT OFCONSERVATION, DIVISION OF MINES AND GEOLOGY, COALINGAASBESTOS CO. MINE AND MILL, 8 PP.KERNS, W. H., 1974, THE MINERAL INDUSTRY OF CALIFORNIA:U. S. DEPARTMENT OF THE INTERIOR; BUREAU OF MINES,MINERALS YEARBOOK, PP. 123.LAZURE, C. M., 1926, REPORT OF THE STATE MINERALOGIST,ASBESTOS: TWENTY SECOND REPORT OF THE STATE MINERAL-OGIST, PP. 222-227.LINN, R. K., 1968, ORE DEPOSITS OF THE UNITED STATES, NEWIDRIA MINING DISTRICT: THE AMERICAN INSTITUTE OFMINING, METALLURGICAL, AND PETROLEUM ENGINEERS INC.,VOLUME II, PP. 1647-1648.MAY, T. C., AND LEWIS, R. W., 1970, ASBESTOS: U. S. BUREAUOF MINES BULL. 650, PP. 851-863.MERRITT, P. C., 1962, CALIFORNIA ASBESTOS GOES TO MARKET:MINING ENGINEERING MAG, SEPTEMBER, PP. 57-59.MUNRO, R. C., AND REIM, K. M., 1962, COALINGA-NEWCOMER TOTHE ASBESTOS INDUSTRY: MINING ENGINEERING MAG.,SEPTEMBER, PP. 58-62.RICE, S. J., 1966, MINERAL RESOURCES OF CALIFORNIA:CALIFORNIA DIVISION OF MINES AND GEOLOGY, BULL. 191,PP. 91-92.--------, 1963, CALIFORNIA ASBESTOS INDUSTRY: STATE OFNO. 9, PP. 1-3.U. S. BUREAU OF MINES AND U. S. GEOLOGICAL SURVEY, 1980,PRINCIPLES OF A RESOURCE/RESERVE CLASSIFICATION FORMINERALS: U. S. GEOLOGICAL SURVEY CIRCULAR 831, 5 PP.WRIGHT, L. A., 1963, INDUSTRIAL MINERALS ROLE IN 1962:MINING ENGINEERING MAG., FEBRUARY, PP. 79-80.",,1962.0,,,,1905.0,,,B,False,False,0.0,major
10236653,https://mrdata.usgs.gov/mrds/show-mrds.php?dep_id=10236653,M,0060190435,Coalinga Asbestos,36.31525,-120.53958,,United States,California,Fresno,N,Asbestos,,,Surface,,,Past Producer,,,,,,,,,,,"Ridenour, James",,,,,,,"SOUTHERN PACIFIC CO., 1964, MINERALS FOR INDUSTRY, VOL. III-SOUTHERN CALIFORNIA, P. 21.",,,,,,,,,D,False,False,0.0,major
10237094,https://mrdata.usgs.gov/mrds/show-mrds.php?dep_id=10237094,W024705,0060690136,Union Carbide,36.36355,-120.63409,,United States,California,San Benito,N,Asbestos,,,Surface,,,Producer,,,,,,,,,,,Western Field Operations Center (WFOC),,,,,,,BLM MINERAL REPORT IN OUR TOWNSHIP FILE; UNION CARBIDE HAVEIN SEC. 15 ALSO,,,,,,,,,D,False,False,0.0,major
10237199,https://mrdata.usgs.gov/mrds/show-mrds.php?dep_id=10237199,W024395,0060610436,Gary Mine,39.09909,-120.85293,,United States,California,Placer,N,Asbestos,,,Surface,,,Past Producer,,,,,,,,,,,Western Field Operations Center (WFOC),,,,,,,"DOM SR-67,P 48,PLS 1,3;GEOL MAP OFCA,CHICO",,,,,,,,,D,False,False,6.0,major
10240535,https://mrdata.usgs.gov/mrds/show-mrds.php?dep_id=10240535,,1220500020,Carey-Canadian Mine,46.25306,-71.02942,,Canada,Quebec,,N,,,Asbestos,Surface,,,Producer,,,,,Surface,,,,,,"Porter, Kenneth E.",,,,,,,"WESTERN MINER, AIR-CONTROL PROGRAM AT CAREY-CANADIAN MINES;NOV. 1978, P.26.NORTHERN MINER, OPEN PIT ASBESTOS OPERATION HIGHLY MECHAN-IZED, EFFICIENT; APRIL 20, 1978, P.B12.NORTHERN MINER, CAREY-CANADIAN ACHIEVES MANY ENVIRONMENTALIMPROVEMENTS; APRIL 20, 1978, P.B11, B15.SCHABAS, WILLIAM CAREY CANADIAN'S SUCCESS HINGES ONINNOVATIVE NEW EQUIPMENT; CANADIAN MINING JOURNAL,NOV., 1977, P.32-34.",,,,,,,,,D,False,False,21.8,major
10243326,https://mrdata.usgs.gov/mrds/show-mrds.php?dep_id=10243326,,0240250043,Neikirk Mine,39.69692,-76.38155,,United States,Maryland,Harford,N,Asbestos,,,Surface,,,Past Producer,,,,,,,,,,,Eastern Field Operations Center (EFOC),,,,,,,"PEARRE, N C & HEYL, A V, 1960, USGS BULL 1082-K, P. 804.DEPOSITS IN SERPENTINE ROCKS OF THE PIEDMONT UPLAND,MD.PA.,A:U.S.GEOL.SURVEY BULL.1082-K,PG.804,AND PLATE 41.PEARRE, NANCY C, 1961, USGS MIN INV RES MAP MR-12.",,,,,,,,,D,False,False,2.4,major
10243434,https://mrdata.usgs.gov/mrds/show-mrds.php?dep_id=10243434,,0240250042,Jenkins Mine,39.69922,-76.37655,,United States,Maryland,Harford,N,Asbestos,,,Surface,,,Past Producer,,,,,,,,,Todd Mine,,Eastern Field Operations Center (EFOC),,,,,,,"PEARRE, N C & HEYL, A V, 1960, USGS BULL 1082-K, P. 804.DEPOSITS IN SERPENTINE ROCKS OF THE PIEDMONT UPLAND,MD.PA.,A:U.S.GEOL.SURVEY BULL.1082-K,PG.804.AND PLATE 41.PEARRE, NANCY C, 1961, USGS MIN INV RES MAP MR-12.",,,,,,,,,D,False,False,2.2,major
10245970,https://mrdata.usgs.gov/mrds/show-mrds.php?dep_id=10245970,M060195,0300570028,Little Mile Creek,44.75521,-111.42503,,United States,Montana,Madison,N,Asbestos,,,Surface,,,Past Producer,,,,,,,,,Cliff Lake,,"Winters, Dick",,,,,,,U.S. BUREAU OF MINES FILES (WFOC).,,,,,,,,,D,False,False,187.6,major
10248653,https://mrdata.usgs.gov/mrds/show-mrds.php?dep_id=10248653,K002575,0370990013,Henderson Asbestos Mine,35.16621,-83.16518,,United States,North Carolina,Jackson,N,Asbestos,,,Unknown,,,Past Producer,,,,,,,,,,,Eastern Field Operations Center (EFOC),,,,,,,REF: CRIB RECORD NO. K002575.,,,,,,,,,D,False,False,5.7,major
10248728,https://mrdata.usgs.gov/mrds/show-mrds.php?dep_id=10248728,W021070,0370990005,Boot Hill Mine,35.13291,-83.00957,,United States,North Carolina,Jackson,N,Asbestos,,,Surface,,,Past Producer,,,,,,,,,Powhaton Mining Company,,Eastern Field Operations Center (EFOC),,,,,,,"MESA HEALTH AND SAFETY INSPECTION REPORT MAY 15-16,  1972.NC GEOL SURVEY",,,,,,,,,D,False,False,0.7,major
10248736,https://mrdata.usgs.gov/mrds/show-mrds.php?dep_id=10248736,K002554,0371750006,Walnut Cove Creek Mine,35.17151,-82.92267,,United States,North Carolina,Transylvania,N,Asbestos,,,Unknown,,,Past Producer,,,,,,,,,,,Eastern Field Operations Center (EFOC),,,,,,,REF: CRIB RECORD NO. K002554.,,,,,,,,,D,False,False,9.5,major
10248812,https://mrdata.usgs.gov/mrds/show-mrds.php?dep_id=10248812,K002558,0371990021,Newdale Asbestos Mine,35.91589,-82.20015,,United States,North Carolina,Yancey,N,Asbestos,,,Unknown,,,Past Producer,,,,,,,,,,,Eastern Field Operations Center (EFOC),,,,,,,REF: CRIB RECORD NO. K002558.,,,,,,,,,D,False,False,1.0,major
10248832,https://mrdata.usgs.gov/mrds/show-mrds.php?dep_id=10248832,K002574,0370990014,Manus Asbestos Mine,35.13341,-83.15428,,United States,North Carolina,Jackson,N,Asbestos,,,Unknown,,,Past Producer,,,,,,,,,,,Eastern Field Operations Center (EFOC),,,,,,,REF: CRIB RECORD NO. K002574.,,,,,,,,,D,False,False,8.4,major
10255255,https://mrdata.usgs.gov/mrds/show-mrds.php?dep_id=10255255,,4590000364,Dzhetygara,52.19793,61.21793,AS,Kazakhstan,,,N,Asbestos,,,Surface,,,Producer,,,,,,,,,"Dzhetygara Complex, Kustanay Oblast",,"Buckingham, David A.",,,,,,,"SHABAD, T., BASIC INDUSTRIAL RESOURCES OF THE U.S.S.R.,COLUMBIA UNIVERSITY PRESS, NEW YORK, 1969, PP. 222, 296.",,1965.0,,,,,,,D,False,False,18.5,major
10255762,https://mrdata.usgs.gov/mrds/show-mrds.php?dep_id=10255762,,4910000002,Cyprus Asbestos Mine,34.92808,32.91822,AS,Cyprus,,,N,,,Asbestos,Surface,,,Producer,,,,,,,,,,,Unknown,,,,,,,"1975 E/MJ INTERNATIONAL DIRECTORY OF MINING, P 219.MINING MAGAZINE, SEPT 1976, V 133, NO 9, P 245.",,,,,,,,,D,False,False,0.0,major
10256005,https://mrdata.usgs.gov/mrds/show-mrds.php?dep_id=10256005,,7910200172,Strathmore 214 Jualthorpe Mine,-25.5258,31.4639,AF,South Africa,,,B,Magnesite,Asbestos,Talc-Soapstone,Surface,,,Producer,,,,,,,,,,,"Wilburn, David R.",,,,,,,"COETZEE,C.B.,ED. THE MINERAL RESOURCES OF THE REPUBLIC OFSOUTH AFRICA, HANDBOOK NO.7, 5TH ED., GEOL.SURV.OF S.A.,PRETORIA,1976, PP.263,387, 427.MANOS,A., INDUSTRIAL MINERALS OF SOUTH AFRICA, REPRINT OFARTICLE IN NOV.1977 ISSUE OF INDUSTRIAL MINERALS, METALBULLETIN, LTD., SURREY, ENGLAND, 1978, P.21.DMA SERIES 1501 MAP, SHEET SG 36-5, SCALE 1:250,000.",,,,,,,,,D,False,False,7549.2,major
10256283,https://mrdata.usgs.gov/mrds/show-mrds.php?dep_id=10256283,,7910050049,Emmarentia,-28.02988,23.46822,AF,South Africa,,,N,Asbestos,,,Underground,,,Producer,,,,,,,,,,,"Boyle, Ed",,,,,,,"MINERALS BUREAU.S.A.DEPT.OF MINES.MINERALS MARKETING INFORM-ATION,NON-METALLIC MINES IN S.AFRICA.BRAAMFONTEIN.JAN.1977.30PP.",,,,,,,,,D,False,False,7872.3,major
10256602,https://mrdata.usgs.gov/mrds/show-mrds.php?dep_id=10256602,,4750270002,Balangero San Vittore,45.05889,7.66203,EU,Italy,Piemonte,,N,,,Asbestos,Surface,,,Producer,,,,,,,,,Balangero,,"Ewu, Chiang",,,,,,,"INDUSTRIAL MINERALS, ASBESTOS- PRODUCTION LOSSES PROLONG THESHORTAGE, V. 93, JUNE 1975, P. 39.MINING MAGAZINE, MINING ACTIVITY IN THE WESTERN WORLD,JANUARY 1979, P. 57.ARGALL, JR., GEORGE O., WORLD MINES REGISTER 1976-1977,MILLER FREEMAN PUBLICATIONS, INC., V. 31, 1976, P. 102.",,,,,,,,,C,False,False,18.3,major
10258120,https://mrdata.usgs.gov/mrds/show-mrds.php?dep_id=10258120,,0040070113,Jaquays Mill,33.38538,-110.75629,,United States,Arizona,Gila,N,Asbestos,,,Processing Plant,,,Producer,,,,,,,,,,,Intermountain Field Operations Center (IFOC),,,,,,,OP:JAQUAYS MINING CORP. 1978,,,,,,,,,D,False,False,352.5,
10258199,https://mrdata.usgs.gov/mrds/show-mrds.php?dep_id=10258199,M002875,0040070557,Pueblo,33.85367,-110.9013,,United States,Arizona,Gila,B,Asbestos,"Iron, Semiprecious Gemstone",,Underground,,,Past Producer,,,,,,,,,,,ADMR,,,,,,,USGS MCFADDEN PEAK QUADADMR PUEBLO MINE FILEHARRER C M RECONNAISSANCE OF IRON RESOURCES IN AZ USBM 1C8236 1964 PSTEWART L A     CHRYSOTILE ASBESTOS DEPOSITS OF AZ USBM 1C7706 1955 P 79ADMR ASBESTOS MINES OF AZ FILE,,,,,,,,,D,False,False,373.4,
10258341,https://mrdata.usgs.gov/mrds/show-mrds.php?dep_id=10258341,TC10373,0040070095,No. 1 Mine,34.02287,-110.8382,,United States,Arizona,Gila,N,,,Asbestos,Underground,,,Past Producer,,,,,,,,,,,Arizona Department Of Mineral Resources,,,,,,,STEWART 1955 CHRYS ASB DEP OF AZ USBM IC 7706 P 69-71,,,,,,,,,D,False,False,392.5,
10258463,https://mrdata.usgs.gov/mrds/show-mrds.php?dep_id=10258463,D002817,0040070089,Bore Tree Saddle,33.97787,-110.9301,,United States,Arizona,Gila,N,,,Asbestos,Underground,,,Past Producer,,,,,,,,,,,Arizona Department Of Mineral Resources,,,,,,,STEWART 1955 CHRYS ASB DEP OF AZ USBM IC 7706 P 98-99.,,,,,,,,,D,False,False,381.0,
10258598,https://mrdata.usgs.gov/mrds/show-mrds.php?dep_id=10258598,TC10366,0040070111,El Dorado Mine,33.74178,-110.55709,,United States,Arizona,Gila,N,Asbestos,,,Underground,,,Past Producer,,,"Calcite, Chert, Chrysotile, Magnetite, Serpentine, Wollastonite",,Underground,,,,"H.W. Johns-Manville Co., Arizona Asbestos Association, Western Chemical Co., Chrysotile Mines, Eldorado Mine, Ash Creek Deposits",,"Sawyer, Michael B.",,,,,,,"JURWITZ, L.R., AND KANGIESER, P.C., 1959, THE CLIMATE OFARIZONA, IN CLIMATES OF THE STATES, VOL. II - WESTERNSTATES: NAT'L. OCEANIC AND ATMOSPHERIC ADMIN., P. 503-521.JOSEPH, P.E., 1915-16, ASBESTOS:  AZ. STATE BUREAU OF MINES BULL.NO. 8, P. 3-8.DILLER, J.S., 1920, ASBESTOS, IN MINERAL RESOURCES OF THEUNITED STATES 1917:  U.S. GEOLOGICAL SURVEY, P. 197-200.ALLEN, M.A., AND BUTLER, G.M., 1921, ASBESTOS:  AZ. BUR.MINES BULL. NO. 113, P. 18-19.DILLER, J.S., 1922, ASBESTOS, IN MINERAL RESOURCES OF THEUNITED STATES 1919:  U.S. GEOLOGICAL SURVEY, P. 299, 302.MELHASE, J., 1925, ASBESTOS DEPOSITS OF ARIZONA:  MININGJOURNAL-PRESS, VOL. 120, NO. 21, P. 805-810.TRISCHKA, C., 1927, ASBESTOS AND THE ARIZONA INDUSTRY:ENG. AND MIN. JOUR., VOL. 124, NO. 9, P. 337-340.WILSON, E.D., 1928, ASBESTOS DEPOSITS OF ARIZONA:  AZ. BUR.MINES BULL. NO. 126, P. 28-49.BOWLES, O., 1937, ASBESTOS:  U.S. BUREAU OF MINES BULL. 403,P. 20-21, 59-60.WILSON, E.D., 1944, ARIZONA NONMETALLICS, A SUMMARY OF PASTPRODUCTION AND PRESENT OPERATIONS:  AZ. BUREAU OF MINES BULL.NO. 152, P. 8-10.STEWART, L.A., AND HAURY, P.S., 1947, ARIZONA ASBESTOSDEPOSITS, GILA COUNTY, ARIZ.:  U.S. BUREAU OF MINES R.I. 4100,P. 4-16.WILSON, E.D., AND ROSEVEARE, G.H., 1949, ARIZONA NONMETAL-LICS, A SUMMARY OF PAST PRODUCTION AND PRESENT OPERATIONS:AZ. BUREAU OF MINES BULL. NO. 155, P. 8-10.U.S. BUREAU OF MINES, 1952, 1950 MATERIALS SURVEY, ASBES-TOS:  COMPILED FOR NAT'L. SECURITY RESOURCES BOARD,P. II-1 - II-3, V-1 - V-3.ARIZONA DEPARTMENT OF MINERAL RESOURCES, 1953, DIRECTORY,ARIZONA NON-METALLIC PROPERTIES 1953:  COMPILED BY AZ.DEPT. MIN. RES., P. 2.STEWART, L.A., 1955, CHRYSOTILE-ASBESTOS DEPOSITS OFARIZONA:  U.S. BUREAU OF MINES I.C. 7706, P. 1-33.JAQUAYS, D.W., AND GERHARDT, A.W., 1957, HOW LOW-IRONCHRYSOTILE ASBESTOS IS MINED AND MILLED IN CENTRALARIZONA:  MINING WORLD, VOL. 19, NO. 8, P. 54-58.AUTHOR UNKNOWN, 1960, ARIZONA ASBESTOS INDUSTRY IS GROWINGSTEADILY AROUND GLOBE:  MINING WORLD, SEPT. 1960, P. 44-45.STEWART, L.A., 1961, MINING METHODS AND COSTS, REGALASBESTOS MINE JAQUAYS MINING CORP., GILA COUNTY, ARIZ.:U.S. BUREAU OF MINES I.C. 7986, P. 42-53.SHRIDE, A.F., 1969, ASBESTOS, IN MINERAL AND WATER RESOUR-CES OF ARIZONA:  AZ. BUREAU OF MINES BULL. 180, P. 303-311.ARIZONA DEPARTMENT OF MINERAL RESOURCES, 1972, 1973, 1974,1976, AND 1978, DIRECTORY OF ACTIVE MINES IN ARIZONA,P. 8, 6, 10, 12, 10-11 RESPECTIVELY.LI, T.M., 1975, ENVIRONMENTAL COMPLIANCE ASSURES FUTUREPRODUCTION AT JAQUAYS ASBESTOS OPERATION:  MINING ENGIN-EERING, MARCH 1975, P. 40-45.BLAKE, R.L., 1975, APPRAISAL REPORT ON JAQUAYS MININGCORPORATION ASBESTOS MILL, GLOBE, ARIZONA:  UNPUBLISHEDPROPRIETARY REPORT SUPPLIED BY D.W. JAQUAYS, 6 P.WINSON, R.W., 1975, ASBESTOS, IN INDUSTRIAL MINERALS ANDROCKS (NONMETALLICS OTHER THAN FUELS):  A.I.M.E., P. 379-425.KRAL, V.E., 1976, ARIZONA ASBESTOS: UNPUBLISHED MATERIALFROM U.S. BUREAU OF MINES MINERALS AVAILABILITY SYSTEM REPORT,PREPARED UNDER GRANT NO. GO254012.JAQUAYS MINING CORPORATION, 1980, UNPUBLISHED PROPRIETARYINFORMATION ON PAST PRODUCTION, LABOR COSTS, AND SALESFOR SEVERAL PROPERTIES OWNED BY JAQUAYS, 4 P.JAQUAYS MINING CORPORATION, 1981A, HIGHLIGHTS OF JAQUAYSMINING CORPORATION:  UNPUBLISHED REPORT, 8 P.JAQUAYS MINING CORPORATION, 1981B, ADDITIONAL INFORMATIONREGARDING JAQUAYS MINING CORPORATION: UNPUBLISHEDREPORT, 7 P.JAQUAYS MINING CORPORATION, DATE UNKNOWN, AN APPROXIMATEANALYSIS OF ARIZONA WHITE ASBESTOS FIBRE:  UNPUBLISHEDREPORT, 1 P.SAWYER, M.B., 1982, UNPUBLISHED PROPRIETARY FIELD NOTESREGARDING JAQUAYS MINING CORP., APRIL 1982.",,1918.0,,,,1912.0,,,A,False,False,394.3,
10258645,https://mrdata.usgs.gov/mrds/show-mrds.php?dep_id=10258645,,0040070296,Double Buttes,33.94177,-110.75489,,United States,Arizona,Gila,N,Asbestos,,,Surface-Underground,,,Past Producer,,,,,,,,,,,ADMR,,,,,,,ELEVATORSKI E A AZ INDUSTRIAL MINERALS 1978 P 25 ADMRPUBLICATION,,,,,,,,,D,False,False,392.9,
10258825,https://mrdata.usgs.gov/mrds/show-mrds.php?dep_id=10258825,TC00202,0040210309,El Marmol Claims,33.33508,-111.2279,,United States,Arizona,Pinal,B,"Marble, Dimension","Asbestos, Copper, Lead, Silver",,Surface,,,Past Producer,,,,,,,,,Superstition Secret Stone Co Claim,,ADMR,,,,,,,"USGS PICKETPOST MTN QUADADMR EL MARMOL MINE FILEMINERAL AND WATER RESOURCES OF AZ ABM BULL 180 1969 P 390STEWART,L A CHRYSOTILE-ASBESTOS DEPOSITS OF AZ USBM 1C 77451956 P 41ELEVATORSKI,E A AZ INDUSTRIAL MINERALS 1980 P 53",,,,,,,,,C,False,False,308.0,
10260553,https://mrdata.usgs.gov/mrds/show-mrds.php?dep_id=10260553,W023568,0060190030,Butler Estate No 1,36.30775,-120.54788,,United States,California,Fresno,B,Asbestos,,Chromium,Surface,,,Past Producer,,,,,,,,,,,Western Field Operations Center (WFOC),,,,,,,"CALIF JOUR MINES & GEOL V 54,NO 1,JAN 1958,P 124;REPORT OF SMINERALOGIST 55,1959,P 160",,,,,,,,,D,False,False,0.0,major
10260770,https://mrdata.usgs.gov/mrds/show-mrds.php?dep_id=10260770,W023566,0060190018,Todd Industries,36.32685,-120.59878,,United States,California,Fresno,N,Asbestos,,,Surface,,,Past Producer,,,,,,,,,,,Western Field Operations Center (WFOC),,,,,,,"MINING WORLD OCT 1961,P 38;SURVEY & DIR NO APR 1962,P 83,E &1961,P 155;MINING ENG FEB 1963,P  79",,,,,,,,,D,False,False,0.0,major
10262231,https://mrdata.usgs.gov/mrds/show-mrds.php?dep_id=10262231,W025259,0060890255,Stock Asbestos,41.08925,-122.3886,,United States,California,Shasta,N,Asbestos,,,Surface,,,Past Producer,,,,,,,,,,,Western Field Operations Center (WFOC),,,,,,,CALIF JOUR M G V35 NO2 APR 1939 P113ALSO SECS 2 33-T38N-R5W,,,,,,,,,D,False,False,0.0,major
10265221,https://mrdata.usgs.gov/mrds/show-mrds.php?dep_id=10265221,,0132410018,Reid Mine,34.95541,-83.16928,,United States,Georgia,Rabun,N,Asbestos,,,Surface,,,Past Producer,,,,,,,,,,,Eastern Field Operations Center (EFOC),,,,,,,TEAGUE KH 1956 GA MINERAL NEWSLETTER VOL 9 NO 1,,,,,,,,,D,False,False,1.3,major
10272292,https://mrdata.usgs.gov/mrds/show-mrds.php?dep_id=10272292,K002571,0370990017,Coldsides Mountain Mine,35.03571,-83.07988,,United States,North Carolina,Jackson,N,Asbestos,,,Unknown,,,Past Producer,,,,,,,,,,,Eastern Field Operations Center (EFOC),,,,,,,REF: CRIB RECORD NO. K002571.,,,,,,,,,D,False,False,10.4,major
10272814,https://mrdata.usgs.gov/mrds/show-mrds.php?dep_id=10272814,K002567,0370990021,Rattlesnake Corundum Mine,35.12571,-83.00767,,United States,North Carolina,Jackson,N,Corundum,,Asbestos,Unknown,,,Past Producer,,,,,,,,,,,Eastern Field Operations Center (EFOC),,,,,,,"REF: CRIB RECORD NO. K002567.MURDOCK, THOMAS G & HUNTER, CHARLES E, 1946, NC DEPT OF CONS& DEVEL BULL 50, PP. 37-39.",,,,,,,,,D,False,False,0.1,major
10272942,https://mrdata.usgs.gov/mrds/show-mrds.php?dep_id=10272942,K002564,0370990023,Bad Creek Mine,35.09931,-83.01817,,United States,North Carolina,Jackson,N,Corundum,,"Asbestos, Vermiculite",Surface,,,Past Producer,,,,,,,,,,,Eastern Field Operations Center (EFOC),,,,,,,"REF: CRIB RECORD NO. K002564.MURDOCK, THOMAS G & HUNTER, CHARLES, 1946, NC DEPT OF CONS& DEVEL BULL 50, PP. 37-39.",,,,,,,,,D,False,False,0.7,major
10273123,https://mrdata.usgs.gov/mrds/show-mrds.php?dep_id=10273123,,0371990250,Bakersville Mine,36.01509,-82.15815,,United States,North Carolina,Yancey,N,Asbestos,,,Surface,,,Past Producer,,,,,,,,,,,Eastern Field Operations Center (EFOC),,,,,,,"1979 E/MJ INTERNATIONAL DIRECTORY OF MININGTRIED TO CONTACT BY PHONE USING PHONE NUMBER GIVEN IN E&MJ;HOWEVER IT IS NOW A PRIVATE RESIDENCE NUMBER.  NOPHONE NUMBER AVAILABLE FROM INFORMATION, TOWN OFFICE ORTOWN SUPERVISOR FOR THIS MINE.NOT ON MSHA 1981 LISTING, THEREFORE PAST PRODUCER.LETTER FROM HERB BABITZKE.",,,,,,,,,D,False,False,10.1,major
10273295,https://mrdata.usgs.gov/mrds/show-mrds.php?dep_id=10273295,W021319,0371990016,Hippy Mine,35.91679,-82.19845,,United States,North Carolina,Yancey,N,Asbestos,,,Surface,,,Past Producer,,,,,,,,,Hippey Mine,,Eastern Field Operations Center (EFOC),,,,,,,"MESA HEALTH AND SAFETY INSPECTION REPORT FEB. 29- MARCH 1, 1MSHA LIST 07/26/78 STATUS=ACTIVEPROPERTY IS OWNED AND OPERATED BY POWHATAN MINING COMPANY, IFROM 1975 EMJ DIR-500000 TO 1 MILLION TONS ORE, ORE GRA&E 90PERCENT, EMPLL 5.MSHA LIST 11/23/79, STATUS=CKISED AS IF 11.23.79RCF LIST 10-81",,,,,,,,,D,False,False,0.8,major
10273486,https://mrdata.usgs.gov/mrds/show-mrds.php?dep_id=10273486,,0371999003,Newdale Plant,35.90039,-82.17705,,United States,North Carolina,Yancey,N,Asbestos,,,Processing Plant,,,Past Producer,,,,,,,,,,,Eastern Field Operations Center (EFOC),,,,,,,MSHA INSP-1978.NOT ON 80 OR 81 MSHA LISTS,,,,,,,,,D,False,False,1.4,major
10274294,https://mrdata.usgs.gov/mrds/show-mrds.php?dep_id=10274294,M061914,0410290303,Raspberry Creek,42.61312,-123.04695,,United States,Oregon,Jackson,N,Asbestos,,,Surface,,,Past Producer,,,,,,,,,,,Western Field Operations Center (WFOC),,,,,,,"THE ORE BIN, 1965, V. 27, NO. 3, P. 52.OR. DEPT. GEOL. AND MIN. INDUST. BULLETIN 64, 1969, P. 191.U.S. GEOLOGICAL SURVEY MISC. FIELD STUDIES MAP MF-848, 1977.",,,,,,,,,D,False,False,6.9,major
10276504,https://mrdata.usgs.gov/mrds/show-mrds.php?dep_id=10276504,,0510630043,Barton Mine,36.88367,-80.22978,,United States,Virginia,Floyd,N,Asbestos,,,Surface,,,Past Producer,,,,,,,,,,,Eastern Field Operations Center (EFOC),,,,,,,,,,,,,,,,E,False,False,0.0,major
10279110,https://mrdata.usgs.gov/mrds/show-mrds.php?dep_id=10279110,,1220600004,Clinton Creek Mine,64.34478,-140.66957,,Canada,Yukon Territory*,,N,,,Asbestos,Surface,,,Past Producer,,,Serpentine,,Surface,,,,"Porcupine Pit , Creek Pit, Snowsh, Oe Deposit and Bear Creek Zone",,"Porter, Kenneth E.",,,,,,,"NORTHERN MINER, CLINTON CREEK MINE CLOSES TO SOUND OFAUCTION GAVEL; OCT. 19, 1978, P.A21.WESTERN MINER, CASSIAR ASBESTOS, MINING-MILLING AT HIGHERRATES; AUGUST, 1974, P.20,21.CASSIAR ASBESTOS CORP. LTD. STAFF, THE CLINTON CREEK MINE;IN MINERAL INDUSTRIES IN WESTERN CANADA, THE TENTHCOMMONWEALTH MINING AND METALLURGICAL CONGRESS, SEPT.2-281974, SECTION V, ARTICAL B, P.1-16.",,1967.0,,,,1957.0,,,C,False,False,0.4,major
10280398,https://mrdata.usgs.gov/mrds/show-mrds.php?dep_id=10280398,,7910200163,Bridgewaterzoutpansberg,-22.90505,29.61809,AF,South Africa,,,N,Asbestos,,,Surface-Underground,,,Producer,,,,,,,,,,,"Boyle, Ed",,,,,,,"DMA SERIES 1501.SHEET SF 35-12.SCALE 1:250,000.LIST OF OPERATING MINING CONCERNS IN THE REPUBLIC OF SOUTHAFRICA AS OF 1ST JANUARY,1976.GOVT.MINING ENGINEER.BOX1132.JOHANNESBURG,S.A.MINERALS BUREAU,S.A.DEPT.OF MINES.MINERALS MARKETING INFORM-ATION,NON-METALLIC MINES IN SOUTH AFRICA.PRELIM.REPORTNO.10,BRAAMFONTEIN,JAN.1977.P.28.E/MJ.1978 INT.DIR.OF MINING&MIN.PROCESSING OPERATIONS.MCGRAWHILL,N.Y.,1978.P.336.",,,,,,,,,D,False,False,7229.9,major
10280436,https://mrdata.usgs.gov/mrds/show-mrds.php?dep_id=10280436,,7910050071,Riries,-27.32991,23.16822,AF,South Africa,,,N,Asbestos,,,Underground,,,Past Producer,,,,,,,,,,,Unknown,,,,,,,,,,,,,,,,E,False,False,7788.0,major
10280438,https://mrdata.usgs.gov/mrds/show-mrds.php?dep_id=10280438,,0370990165,Socrates Corundum Mine,35.10261,-83.01567,,United States,North Carolina,Jackson,N,Corundum,,"Asbestos, Vermiculite",Surface,,,Past Producer,,,,,,,,,,,Eastern Field Operations Center (EFOC),,,,,,,"REF: CRIB RECORD NO. KOO2565.MURDOCK, THOMAS G & HUNTER, CHARLES E, 1946, NC DEPT OF CONS& DEVEL BULL 50, PP. 37-39.",,,,,,,,,D,False,False,0.9,major
10280448,https://mrdata.usgs.gov/mrds/show-mrds.php?dep_id=10280448,,7290000029,Hafafit,24.83309,34.50165,AF,Egypt,,,N,,,"Feldspar, Asbestos",Surface,,,Producer,,,,,,,,,,,Unknown,,,,,,,"MINERAL MAP OF EGYPT. EGYPTIAN GEOLOGICAL SURVEY AND MININGAUTHORITY. 1979, 44 PP.F. HABASHI AND F.A. BASSYOUNI. MINERAL RESOURCES OF THE ARABCOUNTRIES. CHEMECON PUB. (QUEBEC). 1982, PP. 18-27.",,,,,,,,,D,False,False,1212.3,major
10280523,https://mrdata.usgs.gov/mrds/show-mrds.php?dep_id=10280523,,7910200164,Stella,-25.52991,30.83471,AF,South Africa,,,N,Asbestos,,,Unknown,,,Producer,,,,,,,,,,,"Boyle, Ed",,,,,,,"ENGINEERING AND MINING.JOURNAL 1978 INTL.DIRECTORY OF MININGAND MINERAL PROCESSING OPERATIONS.MCGRAW HILL.N.Y.1978.PP.27,336.ENG. AND MINING JOURNAL.1976 SURVEY OF MINE AND PLANTEXPANSION.JAN.1976.P.MINERALS BUREAU,S.A.DEPT.OF MINES.MINERALS MARKETING INFORM-ATION.NON-METALLIC MINES IN SOUTH AFRICA.PRELIM.REPORTNO.10,BRAAMFONTEIN,JAN.1977,P.11.MANOS,A.INDUSTRIAL MINERALS OF SOUTH AFRICA.REPRINT FROMNOV.1977 ISSUE OF INDUSTRIAL MINERALS,METAL BULL.LTD.,SURREY,ENGLAND.30 PP.DMA SERIES 1501. SHEET SG 35-8. SCALE 1:250,000.LIST OF OPERATING MINING CONCERNS IN THE REPUBLIC OF SOUTHAFRICA AS OF 1ST JANUARY, 1976. GOVT. MINING ENGINEER.BOX 1132, JOHANNESBURG, S.A.",,,,,,,,,C,False,False,7550.1,major
10280585,https://mrdata.usgs.gov/mrds/show-mrds.php?dep_id=10280585,,7960300021,King,-20.08019,30.53466,AF,Zimbabwe,,,N,Asbestos,,,Underground,,,Producer,,,,,,,,,,,"Boyle, Ed",,,,,,,"DMA SERIES 1501.SHEET SF 36-1.SCALE 1:250,000.MINING MAGAZINE.APR.11,1972.MINING MAGAZINE.ANNUAL REVIEW.JUNE 1975,P.423.",,,,,,,,,D,False,False,6878.2,major
10280889,https://mrdata.usgs.gov/mrds/show-mrds.php?dep_id=10280889,,7910050072,Elcor,-27.19662,23.08482,AF,South Africa,,,N,Asbestos,,,Underground,,,Producer,,,,,,,,,,,Unknown,,,,,,,,,,,,,,,,E,False,False,7771.9,major
10282408,https://mrdata.usgs.gov/mrds/show-mrds.php?dep_id=10282408,,0040070543,Phillips Property,33.78758,-110.53539,,United States,Arizona,Gila,N,Asbestos,,,Underground,,,Past Producer,,,,,,,,,"Grandview Claims, Ladder, Crosthwaite-Steward Group, Golden Fiber Claims",,ADMR,,,,,,,"USGS BLUE HOUSE MTN QUADSTEWART L A CHRYSOTILE-ASBESTOS DEPOSITS OF AZ USBM 1C 77061955 P 57 SEE PINE TOP GROUP, GOLDEN FIBER CLAIMSADMR PHILLIPS ASBESTOS FILESTEWART L A AND P HAURY AZ ASBESTOS, GILA CTY USBM R1 41001947 P 18-USBM WAR MINERALS REPORT 368 1945ADMR ""U"" FILE",,,,,,,,,D,False,False,399.6,
10282425,https://mrdata.usgs.gov/mrds/show-mrds.php?dep_id=10282425,M003013,0040070664,Triple Star Mining Co Property,33.72508,-110.57349,,United States,Arizona,Gila,N,Asbestos,,,Surface-Underground,,,Past Producer,,,,,,,,,Donato,,ADMR,,,,,,,USGS CHRYSOTILE QUADSTEWART L A CHRYSOTILE-ASBESTOS DEPOSITS OF AZ USBM 1C 77061955 P 32MINERALS AVAILABILITY SYSTEM AZ ASBESTOS GRANT GO254012 ADMRCONTRACT,,,,,,,,,D,False,False,391.7,
10282501,https://mrdata.usgs.gov/mrds/show-mrds.php?dep_id=10282501,M002880,0040070625,Sloan Creek Group,34.00427,-110.7965,,United States,Arizona,Gila,N,Asbestos,,,Underground,,,Past Producer,,,,,,,,,"Blue Jay, Turkey Track, Mitt, American Beauty",,Admr,,,,,,,USGS YOUNG QUADADMR ASBESTOS MINES OF AZ FILEADMR SLOAN CREEK GROUP FILESTEWART L A CHRYSOTILE-ASBESTOS DEPOSITS OF AZ USBM 1C 77061955 P 82,,,,,,,,,D,False,False,394.4,
10282667,https://mrdata.usgs.gov/mrds/show-mrds.php?dep_id=10282667,M006633,0040070314,Enders Property,33.80288,-110.50899,,United States,Arizona,Gila,B,Asbestos,Iron,,Underground,,,Past Producer,,,,,,,,,"White Tail Group, Horse Shoe Group, M S 1921",,ADMR,,,,,,,USGS BLUE HOUSE MTN QUADSTEWART L A CHRYSOTILE-ASBESTOS DEPOSITS OF AZ USBM 1C 77061955 P 45-47STEWART L A AND P HAURY AZ ASBESTOS DEPOSITS GILA CTY USBMR1 4100 1947 P 21MOORE R T MINERAL DEPOSITS OF THE FORT APACHE INDIAN RESER-VATION AZBM BULL 177 1968 P 44-46HARRER C M RECONNAISSANCE OF IRON RESOURCES IN AZ USBM 1C8236 1964 P 56USBM WAR MINERALS REPORT 372,,,,,,,,,D,False,False,403.0,
10282888,https://mrdata.usgs.gov/mrds/show-mrds.php?dep_id=10282888,,0040070080,Phillips Mine,33.78478,-110.53179,,United States,Arizona,Gila,N,,,Asbestos,Underground,,,Past Producer,,,,,,,,,Grand View,,Arizona Department Of Mineral Resources,,,,,,,STEWART&HAURY 1947 AZ ASB DEPOSITS USBM RI 4100 P 18-20.USBM ASBESTOS PROJECT 2302 1943 DETAILED IN RI 4100,,,,,,,,,D,False,False,399.7,
10283035,https://mrdata.usgs.gov/mrds/show-mrds.php?dep_id=10283035,M001975,0040070073,Canadian  Mine,33.80588,-110.54209,,United States,Arizona,Gila,N,Asbestos,,,Underground,,,Past Producer,,,"Calcite, Chert, Chrysotile, Magnetite, Serpentine, Wollastonite",,Underground,,,,Asbestos King,,"Sawyer, Michael B.",,,,,,,"JURWITZ, L.R., AND KANGIESER, P.C., 1959, THE CLIMATE OFARIZONA, IN CLIMATES OF THE STATES, VOL. II - WESTERNSTATES: NAT'L. OCEANIC AND ATMOSPHERIC ADMIN., P. 503-521.JOSEPH, P.E., 1915-16, ASBESTOS:  AZ. STATE BUREAU OF MINES BULL.NO. 8, P. 3-8.DILLER, J.S., 1920, ASBESTOS, IN MINERAL RESOURCES OF THEUNITED STATES 1917:  U.S. GEOLOGICAL SURVEY, P. 197-200.ALLEN, M.A., AND BUTLER, G.M., 1921, ASBESTOS:  AZ. BUR.MINES BULL. NO. 113, P. 18-19.DILLER, J.S., 1922, ASBESTOS, IN MINERAL RESOURCES OF THEUNITED STATES 1919:  U.S. GEOLOGICAL SURVEY, P. 299, 302.MELHASE, J., 1925, ASBESTOS DEPOSITS OF ARIZONA:  MININGJOURNAL-PRESS, VOL. 120, NO. 21, P. 805-810.TRISCHKA, C., 1927, ASBESTOS AND THE ARIZONA INDUSTRY:ENG. AND MIN. JOUR., VOL. 124, NO. 9, P. 337-340.WILSON, E.D., 1928, ASBESTOS DEPOSITS OF ARIZONA:  AZ. BUR.MINES BULL. NO. 126, P. 28-49.BOWLES, O., 1937, ASBESTOS:  U.S. BUREAU OF MINES BULL. 403,P. 20-21, 59-60.WILSON, E.D., 1944, ARIZONA NONMETALLICS, A SUMMARY OF PASTPRODUCTION AND PRESENT OPERATIONS:  AZ. BUREAU OF MINES BULL.NO. 152, P. 8-10.STEWART, L.A., AND HAURY, P.S., 1947, ARIZONA ASBESTOSDEPOSITS, GILA COUNTY, ARIZ.:  U.S. BUREAU OF MINES R.I. 4100,P. 4-16.WILSON, E.D., AND ROSEVEARE, G.H., 1949, ARIZONA NONMETAL-LICS, A SUMMARY OF PAST PRODUCTION AND PRESENT OPERATIONS:AZ. BUREAU OF MINES BULL. NO. 155, P. 8-10.U.S. BUREAU OF MINES, 1952, 1950 MATERIALS SURVEY, ASBES-TOS:  COMPILED FOR NAT'L. SECURITY RESOURCES BOARD,P. II-1 - II-3, V-1 - V-3.ARIZONA DEPARTMENT OF MINERAL RESOURCES, 1953, DIRECTORY,ARIZONA NON-METALLIC PROPERTIES 1953:  COMPILED BY AZ.DEPT. MIN. RES., P. 2.STEWART, L.A., 1955, CHRYSOTILE-ASBESTOS DEPOSITS OFARIZONA:  U.S. BUREAU OF MINES I.C. 7706, P. 1-33.JAQUAYS, D.W., AND GERHARDT, A.W., 1957, HOW LOW-IRONCHRYSOTILE ASBESTOS IS MINED AND MILLED IN CENTRALARIZONA:  MINING WORLD, VOL. 19, NO. 8, P. 54-58.AUTHOR UNKNOWN, 1960, ARIZONA ASBESTOS INDUSTRY IS GROWINGSTEADILY AROUND GLOBE:  MINING WORLD, SEPT. 1960, P. 44-45.STEWART, L.A., 1961, MINING METHODS AND COSTS, REGALASBESTOS MINE JAQUAYS MINING CORP., GILA COUNTY, ARIZ.:U.S. BUREAU OF MINES I.C. 7986, P. 42-53.SHRIDE, A.F., 1969, ASBESTOS, IN MINERAL AND WATER RESOUR-CES OF ARIZONA:  AZ. BUREAU OF MINES BULL. 180, P. 303-311.ARIZONA DEPARTMENT OF MINERAL RESOURCES, 1972, 1973, 1974,1976, AND 1978, DIRECTORY OF ACTIVE MINES IN ARIZONA,P. 8, 6, 10, 12, 10-11 RESPECTIVELY.LI, T.M., 1975, ENVIRONMENTAL COMPLIANCE ASSURES FUTUREPRODUCTION AT JAQUAYS ASBESTOS OPERATION:  MINING ENGIN-EERING, MARCH 1975, P. 40-45.BLAKE, R.L., 1975, APPRAISAL REPORT ON JAQUAYS MININGCORPORATION ASBESTOS MILL, GLOBE, ARIZONA:  UNPUBLISHEDPROPRIETARY REPORT SUPPLIED BY D.W. JAQUAYS, 6 P.WINSON, R.W., 1975, ASBESTOS, IN INDUSTRIAL MINERALS ANDROCKS (NONMETALLICS OTHER THAN FUELS):  A.I.M.E., P. 379-425.KRAL, V.E., 1976, ARIZONA ASBESTOS: UNPUBLISHED MATERIALFROM U.S. BUREAU OF MINES MINERALS AVAILABILITY SYSTEM REPORT,PREPARED UNDER GRANT NO. GO254012.JAQUAYS MINING CORPORATION, 1980, UNPUBLISHED PROPRIETARYINFORMATION ON PAST PRODUCTION, LABOR COSTS, AND SALESFOR SEVERAL PROPERTIES OWNED BY JAQUAYS, 4 P.JAQUAYS MINING CORPORATION, 1981A, HIGHLIGHTS OF JAQUAYSMINING CORPORATION:  UNPUBLISHED REPORT, 8 P.JAQUAYS MINING CORPORATION, 1981B, ADDITIONAL INFORMATIONREGARDING JAQUAYS MINING CORPORATION: UNPUBLISHEDREPORT, 7 P.JAQUAYS MINING CORPORATION, DATE UNKNOWN, AN APPROXIMATEANALYSIS OF ARIZONA WHITE ASBESTOS FIBRE:  UNPUBLISHEDREPORT, 1 P.SAWYER, M.B., 1982, UNPUBLISHED PROPRIETARY FIELD NOTESREGARDING JAQUAYS MINING CORP., APRIL 1982.SHRIDE, A.F., 1952, UNPUB. REPT. ON GEOLOGY OF CANADIANMINE:  DMEA 2338, 7 P.STEWART, L.A., 1952A, UNPUB. ENG. REPT. ON CANADIAN MINE:DMEA 2338, 19 P. PLUS MAP.STEWART, L.A., 1952B, UNPUB. REPT. OF EXAMINATION OFCANADIAN MINE:  DMEA 2338, 4 P.AGETON, R.W., 1954, UNPUB. FINAL ENG. REPT. ON CANADIANMINE:  DMEA 2338, 7 P. PLUS MAP.JAQUAYS, D.W., 1954, UNPUB. REPT. ON ASBESTOS KING (CANAD-IAN) MINE:  DMEA 2338, 4 P.SHRIDE, A.F., 1954, UNPUB. COMPLETION GEOLOGY REPT. ONCANADIAN MINE:  DMEA 2338, 8 P. PLUS MAP.",,1920.0,,,,1916.0,,,B,False,False,400.4,
10283115,https://mrdata.usgs.gov/mrds/show-mrds.php?dep_id=10283115,M002874,0040070097,Reynolds Falls,33.83567,-110.9199,,United States,Arizona,Gila,N,,,Asbestos,Underground,,,Past Producer,,,"Chrysotile, Serpentine",,Underground,,,,,,Arizona Department Of Mineral Resources,,,,,,,STEWART 1955 CHRYS ASB DEP OF AZ USBM IC7706 P 74-78.STEWART & HAURY 1947 AZ ASBESTOS DEP USBM RI 4100 P 25-26.,,1924.0,,,,1917.0,,,C,False,False,370.4,
10283126,https://mrdata.usgs.gov/mrds/show-mrds.php?dep_id=10283126,D003268,0040070631,Sorsen Asbestos,33.79338,-110.49429,,United States,Arizona,Gila,N,Asbestos,,,Underground,,,Past Producer,,,,,,,,,"Salt River, Sorsen-Williams Claims",,ADMR,,,,,,,USGS BECKERS BUTTE QUADADMR SOREN ASBESTOS CORP FILESTEWART L A CHRYSOTILE-ASBESTOS DEPOSITS OF AZ USBM 1C 77061955 P 53BROMFIELD C S AND A SHRIDE MINERAL RESOURCES OF THE SANCARLOS INDIAN RESERVATION USGS 1027-N 1956 P 661-663,,,,,,,,,D,False,False,403.5,
10283142,https://mrdata.usgs.gov/mrds/show-mrds.php?dep_id=10283142,,0040070582,Reynolds Falls,33.84507,-110.9279,,United States,Arizona,Gila,N,Asbestos,Semiprecious Gemstone,,Underground,,,Past Producer,,,,,,,,,"Buffalo Group, Imperial Property",,ADMR,,,,,,,"USGS MCFADDEN PEAK QUADADMR REYNOLDS FALLS ASBESTOS MINE FILESTEWART L A AND HAURY AZ ASBESTOS DEPOSITS GILA CTY USBM R14100 1947 P 25WILSON E D ASBESTOS DEPOSITS OF AZ AZBM BULL 126 1928 P 82USBM WAR MINERALS REPORT 371 1945ADMR ASBESTOS MINES OF AZ FILEADMR ""U"" FILE",,,,,,,,,C,False,False,370.5,
10284749,https://mrdata.usgs.gov/mrds/show-mrds.php?dep_id=10284749,,0060370449,Fiber Queen,34.34311,-118.4523,,United States,California,Los Angeles,N,Asbestos,,,Underground,,,Past Producer,,,,,,,,,,,"Ridenour, James",,,,,,,"CALIF. JOUR. MINES AND GEOL., V. 50, 1954, NO. 104, P. 650.",,,,,,,,,D,False,False,18.2,
10288635,https://mrdata.usgs.gov/mrds/show-mrds.php?dep_id=10288635,W070008,7910200136,Penge,-24.37997,30.2847,AF,South Africa,,,N,Asbestos,,,Underground,,,Producer,,,,,,,,,,,"Boyle, Ed",,,,,,,"COAL,GOLD&BASE MINERALS OF SOUTH AFRICA.PENGE INCREASESAMOSITE OUTPUT.OCT.1966.P.19-29.DMA SERIES 1501.SHEET SG36-1.SCALE 1:250,000.DREYER,C.J.B.,ROBINSON,H.A.1978.THE OCCURENCE AND EXPLOIT-ATION OF AMPHIBOLE ASBESTOS IN S.AFRICA.PAPER PRESENTEDAT 1978 AIME MEETING FEB.28-MAR.2,1978.PREPRINT #78-H-64",,,,,,,,,D,False,False,7410.1,major
10289416,https://mrdata.usgs.gov/mrds/show-mrds.php?dep_id=10289416,,0090050032,Asbestos Mine,41.84279,-72.98173,,United States,Connecticut,Litchfield,N,Asbestos,,,Surface,,,Past Producer,,,,,,,,,,,Eastern Field Operations Center (EFOC),,,,,,,"SMITH,CHARLES,MAP OF MINES & QUARRIES OF CONN,JUNE, 1972.FOR ATTACHMENT SEE 09-001-00013.",,,,,,,,,D,False,False,0.4,major
10291501,https://mrdata.usgs.gov/mrds/show-mrds.php?dep_id=10291501,,0260639002,Pigeon Plant,43.83,-83.27047,,United States,Michigan,Huron,N,Asbestos,,,Processing Plant,,,Producer,,,,,,,,,"Schaaf,Norman",,Eastern Field Operations Center (EFOC),,,,,,,"REF:76 DIR MI MFG,ADDRESS PIGEON MI,EMP NOT LISTED.",,,,,,,,,D,False,False,436.0,minor
10296638,https://mrdata.usgs.gov/mrds/show-mrds.php?dep_id=10296638,K002570,0370990018,Round Mountain Mine,35.02901,-83.03267,,United States,North Carolina,Jackson,N,Asbestos,,,Unknown,,,Past Producer,,,,,,,,,,,Eastern Field Operations Center (EFOC),,,,,,,REF: CRIB RECORD NO. K002570.,,,,,,,,,D,False,False,8.4,major
10296772,https://mrdata.usgs.gov/mrds/show-mrds.php?dep_id=10296772,K002576,0370990012,Alders Asbestos Mine,35.18591,-83.11238,,United States,North Carolina,Jackson,N,Asbestos,,,Unknown,,,Past Producer,,,,,,,,,,,Eastern Field Operations Center (EFOC),,,,,,,REF: CRIB RECORD NO. K002576.,,,,,,,,,D,False,False,9.7,major
10297886,https://mrdata.usgs.gov/mrds/show-mrds.php?dep_id=10297886,K002560,0371990020,Blue Rock Asbestos Mine,35.89229,-82.18705,,United States,North Carolina,Yancey,N,Asbestos,,,Unknown,,,Past Producer,,,,,,,,,,,Eastern Field Operations Center (EFOC),,,,,,,REF: CRIB RECORD NO. K002560.,,,,,,,,,D,False,False,2.4,major
10298103,https://mrdata.usgs.gov/mrds/show-mrds.php?dep_id=10298103,K002555,0371750005,Kilpatrick Asbestos Mine,35.18841,-82.92097,,United States,North Carolina,Transylvania,N,Asbestos,,,Unknown,,,Past Producer,,,,,,,,,,,Eastern Field Operations Center (EFOC),,,,,,,REF: CRIB RECORD NO. K002555.,,,,,,,,,D,False,False,11.4,major
10298867,https://mrdata.usgs.gov/mrds/show-mrds.php?dep_id=10298867,M013748,0410330442,L. E. J. Asbestos Mine,42.36792,-123.41585,,United States,Oregon,Josephine,N,Asbestos,,,Surface,,,Past Producer,,,,,,,,,L E J Asbestos Mine,,Western Field Operations Center (WFOC),,,,,,,"THE ORE BIN, 1965, V. 27, NO. 3, P. 52.",,,,,,,,,D,False,False,0.1,major
10299038,https://mrdata.usgs.gov/mrds/show-mrds.php?dep_id=10299038,,0420710062,Cedar Hill Quarry,39.72812,-76.13654,,United States,Pennsylvania,Lancaster,N,Asbestos,,,Surface,,,Past Producer,,,,,,,,,,,Eastern Field Operations Center (EFOC),,,,,,,"PEARRE, NANCY C. AND ALLEN V. HEYL JR.  USGS BULL. 1082-K,U.S. DEPT. OF INTERIOR, 1960, P. 773 & PLATE 41.CHROMIUM MINERALS AT STATE LINE CHROMITE DISTRICT, THEMINERALOGICAL RECORD, MAY-JUNE 1981, P. 149.",,,,,,,,,D,False,False,0.0,major
10300925,https://mrdata.usgs.gov/mrds/show-mrds.php?dep_id=10300925,W023041,0500190001,Lowell Mine and Mill,44.76667,-72.52449,,United States,Vermont,Orleans,N,Asbestos,,,Surface,,,Past Producer,,,"Asbestos, Brucite, Chlorite, Chromite, Magnetite, Olivine, Pyroxene, Serpentine",,Surface,,,,"Lowell Mine, Vermont Asbestos Mine",,Carey,,,,,,,"U.S. BUREAU OF MINES. COMPILATION OF PROPRIETARY, INDIVIDUALCOMPANY, PRODUCTION STATISTICS (FOR THE YEARS 1982THROUGH 1986).",,1900.0,,,,1892.0,,,B,False,False,0.0,major
10303163,https://mrdata.usgs.gov/mrds/show-mrds.php?dep_id=10303163,,1220500017,Black Lake Mine,46.01666,-71.38274,,Canada,Quebec,,N,,,Asbestos,Surface,,,Producer,,,,,Surface,,,,,,"Porter, Kenneth E.",,,,,,,"FISH, RICHARD, GRAPHS SHOW LAKE ASBESTOS AT 2 FIBERS PER CC;CANADIAN MINING JOURNAL, NOV., 1977, P.40-44.NORTHERN MINER, LAKE ASBESTOS MAINTAINING PRODUCTION LEVELS;APRIL 20, 1978, P.B7, B11.CANADIAN MINES HANDBOOK 1979-80, NORTHERN MINER PRESS LTD.,P.160LAUZIER, JEAN-CLAUDE, LAKE ASBESTOS OF QUEBEC LTD.; D.E.PICKETT, ED., IN MILLING PRACTICE IN CANADA, CIM SPECIALVOLUME 16, 1978, P.366-370.",,,,,,,,,C,False,False,0.0,major
10303760,https://mrdata.usgs.gov/mrds/show-mrds.php?dep_id=10303760,,5070500026,Gujar,31.53213,56.501,AS,Iran,Kerman,,N,Asbestos,,,Unknown,,,Past Producer,,,,,,,,,,,"Wilburn, David R.",,,,,,,"G.N. CURZON.  PERSIA AND THE PERSIAN QUESTION.  V. 2,PP. 225, 411, 511-522.",,,,,,,,,D,False,False,374.3,idonly
10304039,https://mrdata.usgs.gov/mrds/show-mrds.php?dep_id=10304039,MX25040,2010530101,Ca-On Del Novillo Di,23.71935,-99.27673,,Mexico,Tamaulipas,,N,Asbestos,,Talc-Soapstone,Surface-Underground,,,Past Producer,,,,,,,,,,,"Kraemer, Sandra R.",,,,,,,,,,,,,,,,E,False,False,1485.3,
10304190,https://mrdata.usgs.gov/mrds/show-mrds.php?dep_id=10304190,,4840100002,Zidani,40.29879,21.78508,EU,Greece,,,N,Asbestos,,,Surface,,,Producer,,,,,,,,,Hellenic Development,,"Ewu, Chiang",,,,,,,"MINING JOURNAL, INDUSTRY IN ACTION, V. 289, NO. 7417,OCTOBER 14, 1977, P. 316.MINING MAGAZINE, MINING ACTIVITY-1968, V. 121, NO. 3,SEPTEMBER 1969, P. 259.ENGINEERING AND MINING JOURNAL, 1978 SURVEY OF MINE ANDPLANT EXPANSION, V. 179, NO. 1, JANUARY 1978, P. 79.INDUSTRIAL MINERALS, ASBESTOS- PRODUCTION LOSSES PROLONG THESHORTAGE, V. 93, JUNE 1975, P. 39.U.S. BUREAU OF MINES STAFF, MINERALS YEARBOOK 1973, P. 178.NIGHTINGALE, WM. G., MINING INTERNATIONAL YEAR BOOK 1978,THE FINANCIAL TIMES LIMITED, 1978, P. 291, 292.ENGINEERING AND MINING JOURNAL INTERNATIONAL DIRECTORY OFMINING AND MINERAL PROCESSING OPERATIONS, MCGRAW-HILL,1978, P. 294.MINING MAGAZINE, MINING ACTIVITY IN THE FREE WORLD, V. 119,NO. 3, SEPTEMBER 1968, P. 231.",,,,,,,,,C,False,False,12.7,major
10304513,https://mrdata.usgs.gov/mrds/show-mrds.php?dep_id=10304513,,0040050037,Bass Asbestos,36.30831,-112.37766,,United States,Arizona,Coconino,N,Asbestos,,,Unknown,,,Past Producer,,,,,,,,,,,ADMR,,,,,,,"ADMR ""U""FILEWILSON,E.,AZ.B.M BULL #126,P87STEWART,L., USBM IC 7706,P114SHRIDE,A., AZ.B.M.BULL#180,P306",,,,,,,,,D,False,False,364.3,major
10304819,https://mrdata.usgs.gov/mrds/show-mrds.php?dep_id=10304819,,7910050051,Wandrag Asbestos,-27.37991,23.28482,AF,South Africa,,,N,Asbestos,,,Underground,,,Producer,,,,,,,,,,,"Boyle, Ed",,,,,,,"S.A.DEPT.OF MINES.LIST OF OPERATING CONCERNS IN THE REP.OFSOUTH AFRICA,AS RECORDED BY THE GOVT.MINING ENGINEER ONTHE 1ST JANUARY,1976.GOVT.MINING ENGINEER.BOX 1132.JOHANNESBURG.P.27.MINERALS BUREAU,S.A.DEPT.OF MINES.MINERALS MARKETING INFORM-ATION,NON-METALLIC MINES IN SOUTH AFRICA.PRELIM.REPORTNO.10.BRAAMFONTEIN.JAN.1977.P.11.MANOS,A.INDUSTRIAL MINERALS OF S.AFRICA.REPRINT FROM NOV.1977.ISSUE OF INDUSTRIAL MINERALS.METAL BULL.LTD.SURREY,ENGLAND.30 PP.",,,,,,,,,C,False,False,7793.9,major
10304855,https://mrdata.usgs.gov/mrds/show-mrds.php?dep_id=10304855,,7950000008,Havelock,-25.92989,31.13471,AF,Swaziland,,,N,Asbestos,,,Underground,,,Producer,,,,,,,,,,,"Boyle, Ed",,,,,,,"DMA SERIES 1501.SHEET SG 36-5.SCALE 1:250,000DEKUN,N.1965.THE MINERAL RESOURCES OF AFRICA.ELSEVIER PUBL.CO.1965.P.435.COAL,GOLD AND BASE MINERALS OF SOUTHERN AFRICA.NEW LOADERSAND STOPERS AT HAVELOCK.JUNE,1967.PP.31-33.ENG.AND MINING JOURNAL.1978 INTL.DIRECTORY OF MINING ANDMINERAL PROCESSING OPERATIONS.MCGRAW HILL,N.Y.,1978,PP.76,349.",,,,,,,,,C,False,False,7598.6,major
10308999,https://mrdata.usgs.gov/mrds/show-mrds.php?dep_id=10308999,A015603,,California Creek,66.95664,-156.62853,,United States,Alaska,,M,Gold,"Asbestos, Jade",,Unknown,,,Past Producer,Gold,,,,,119: Placer Au-PGE,,,,,"Williams, Anita",,,,,,,"Cathcart, S.H., 1920, Mining in northwestern Alaska: U.S. Geological Survey Bulletin 712, p. 185-198.Martin, G.C., 1920, The Alaska mining industry in 1918: U.S. Geological Survey Bulletin 712-A, p. 1-52.Brooks, A.H. and Capps, S.R., 1924, Mineral industry in Alaska, 1922: U.S. Geological Survey Bulletin 755, p. 1-56.Brooks, A.H., 1925, Alaska's mineral resources and production, 1923: U.S. Geological Survey Bulletin 773, p. 3-52.Smith, P.S., 1929, Mineral industry of Alaska in 1926: U.S. Geological Survey Bulletin 797, p. 1-50.Smith, P.S., 1930, Mineral industry of Alaska in 1927: U.S. Geological Survey Bulletin 810-A, p. 1-64.Smith, P.S., 1930, Mineral industry of Alaska in 1928: U.S. Geological Survey Bulletin 813, p. 1-72.Smith, P.S., and Mertie, J.B., Jr., 1930, Geology and mineral resources of northwestern Alaska: U.S. Geological Survey Bulletin 815, 315 p.Smith, P.S., 1932, Mineral industry of Alaska in 1929, in Smith, P.S., and others Mineral resources of Alaska, report on progress of investigations in 1929: U.S. Geological Survey Bulletin 824-A, p. 1-81.Smith, P.S., 1933, Mineral industry of Alaska in 1930: U.S. Geological Survey Bulletin 836, p. 1-83.Smith, P.S., 1933, Mineral industry in Alaska in 1931: U.S. Geological Survey Bulletin 844-A, p. 1-82.Smith, P.S., 1937, Mineral industry in Alaska in 1935: U.S. Geological Survey Bulletin 880-A, p. 1-95.Smith, P.S., 1938, Mineral industry of Alaska in 1936: U.S. Geological Survey Bulletin 897-A, p. 1-107.Anderson, Eskil, 1945, Asbestos and jade occurrences in the Kobuk River region, Alaska: Alaska Territorial Department of Mines Pamphlet 3-R, 48 p.Anderson, Eskil, 1947, Mineral occurrences other than gold deposits in northwestern Alaska: Alaska Territorial Division of Mines Pamphlet 5-R, 48 p.Fritts, C.E., 1969, Geology and geochemistry in the southeastern part of the Cosmos Hills, Shungnak D-2 quadrangle, Alaska: Alaska Division of Geological and Geophysical Surveys Geological Report 37, 35 p., 2 sheets, scale 1:48,000.Fritts, C.E., 1970, Geology and geochemistry of the Cosmos Hills, Ambler River and Shungnak River Quadrangles, Alaska: Alaska Division of Geological and Geophysical Surveys Geological Report 39, 63 p., 4 sheets, scale 1:63,360.Cobb, E.H., 1972, Metallic mineral resources of the Shungnak quadrangle, Alaska: USGS Miscellaneous Field Studies Map MF-448, 1 sheet, scale 1:250,000.Cobb, E.H., 1973, Placer deposits of Alaska: U.S. Geological Survey Bulletin 1374, 213 p.Cobb, E.H., 1975, Summary of references to mineral occurrences (other than mineral fuels and construction materials) in five quadrangles in west central Alaska (Hughes, Kotzebue, Melozitna, Selawik and Shungnak): U.S. Geological Survey Open-File Report 75-627, 58 p.Cobb, E.H., 1977, Placer deposit map of central Alaska: U.S. Geological Survey Open-File Report 77-168B, 64 p., 1 map, scale 1:1,000,000.Grybeck, D.J., 1977, Known mineral deposits of the Brooks Range, Alaska: US Geological Survey Open-File Report 77-166C, 41 p., 1 sheet, scale 1:1,000,000.Mayfield, C.F. and Grybeck, D., 1978, Mineral occurrences and resource map of the Ambler river quadrangle, Alaska: U.S. Geological Survey Open-File Report 78-120I, 1 sheet, scale 1:250,000.Smith, P.S., 1933, Mineral industry of Alaska in 1930: U.S. Geological Survey Bulletin 836-A, p. 1-83.Smith, P.S., 1933, Mineral industry of Alaska in 1931: U.S. Geological Survey Bulletin 844-A, p. 1-81.Smith, P.S., 1934, Mineral industry of Alaska in 1932: U.S. Geological Survey Bulletin 857-A, p. 1-91.Smith, P.S., 1934, Mineral industry of Alaska in 1933: U.S. Geological Survey Bulletin 864-A, p. 1-94.Smith, P.S., 1942, Mineral industry of Alaska in 1940: U.S. Geological Survey Bulletin 933-A, p. 1-102.Cobb, E.H., 1975, Summary of references to mineral occurrences (other than mineral fuels and construction materials) in five quadrangles in west central Alaska (Hughes, Kotzebue, Melozitna, Selawik, Shungnak): U.S. Geological Survey Open-File Report 75-627, 58 p.Moffit, F.H., 1927, Mineral industry in Alaska in 1925: U.S. Geological Survey Bulletin 792-A, p. 1-39.Reed, I.M., 1931, Report on the placer deposits of the upper Kobuk goldfields: Alaska Territorial Department of Mines Miscellaneous Report 37-1, 57 p.Smith, P.S., 1930, Mineral industry of Alaska in 1928: U.S. Geological Survey Bulletin 813-A, p. 1-72.",,,,,,,,,B,False,False,54.9,major
10400391,https://mrdata.usgs.gov/mrds/show-mrds.php?dep_id=10400391,,,Seminoe District,42.18,-107.0,,United States,Wyoming,Carbon,B,Gold,Copper,Asbestos,Surface-Underground,,,Past Producer,,,,,,273: Low-sulfide Au-quartz vein,,,"Seminoe Mountains area (asbestos occurrence), Deserted Treasure No. 2 Mine, Apex Mine, King Mine, Junk Creek Prospects, Charlie's Glory Hole, Sunday Morning Prospect, Sunday Morning Mine",,"Wilson, Anna B.",,,,,,,"Hausel, 1994, Economic geology of the Seminoe Mountains Mining District, Carbon County, Wyoming:  Wyoming State Geological Survey RI-50, 31 p., 2 plates.Hausel, 1997, Copper, lead, zinc, molybdenum, and associated metal deposits of Wyoming:  Wyoming State Geological Survey Bull. 70, p. 150-153.Hausel, 1989, The geology of Wyoming's precious metal lode and placer deposits:  Geological Survey of Wyoming Bull. 68, p. 148-150.Bishop, 1964, Retrogressive metamorphism in the Seminoe Mountains, Carbon County, Wyoming:  Univ. of Wyoming M.S. thesis, 49 p., 2 plates.EM&J, v. 62, Aug. 8, 1896, p. 135.Hausel, 1980, Gold districts of Wyoming:  Geological Survey of Wyoming RI-23, 71 p., 1 pl.Klein, 1980, The geology and geochemistry of the sulfide depoists of the Seminoe district, Carbon County, Wyoming:  Colo. School of Mines PhD dissertation, p. 232 pl. 1 (approx. scale 1:13,333).",,,,,,,,,C,False,False,534.5,major
10400453,https://mrdata.usgs.gov/mrds/show-mrds.php?dep_id=10400453,,,McIlroy property,36.53643,-117.91703,,United States,California,Inyo,,"Asbestos, Talc-Soapstone",,,Underground,,,Past Producer,Tremolite,,,veins,Underground,,,,,,"Van Gosen, Bradley S.",,Carbonate,,,,,"Bowles, Oliver, 1955, The asbestos industry:  U.S. Bureau of MInes Bulletin 552, p. 25.Norman, L.A., and Stewart, R.M., 1951, Mines and mineral resources of Inyo County:  California Journal of Mines and Geology, v. 47, no. 1, p. 98, 203.Chidester, A.H., and Shride, A.F., 1962, Asbestos in the United States--Exclusive of Alaska and Hawaii:  U.S. Geological Survey Mineral Investigations Resource Map MR-17, scale 1:3,168,000, includes 11 p. pamphlet.",,,,,,,"1940, 1941",,C,False,True,100.9,major
60000177,https://mrdata.usgs.gov/mrds/show-mrds.php?dep_id=60000177,BL30037,,Chapare District,-17.08097,-65.66615,SA,Bolivia,Cochabamba,,B,"Magnesium Compounds, Asbestos, Talc-Soapstone",,,Unknown,STOCKWORK,S,Past Producer,,,,,,,METAMORPHOSED,,Alto Chapare,,,,,,,,,"AHLFELD, F., AND SCHNEIDER-SCHERBINA A., 1964, LOS YACIMIENTOS MINERALES Y DE HIDROCARBUROS DE BOLIVIA:  DEPARTAMENTO NACIONAL DE GEOLOGIA BOLETIN 5, P. 317-320.GUSTAVSON ASSOC., 1992, COMPENDIUM OF THE ECONOMIC GEOLOGY OF BOLIVIA.GEOBOL, 1967, ESTUDIO GEOLOGICO DE YACIMIENTOS DE MAGNESITA:  GEOBOL INFORME GE-G1/553.GEOBOL, N.D., YACIMIENTOS DE TALCO:  GEOBOL INFORME GE-GI/262.",,,,,,,,,D,False,False,3644.4,major
60000372,https://mrdata.usgs.gov/mrds/show-mrds.php?dep_id=60000372,D010630,,Decatur Ne District,37.41782,-106.4625,,United States,Colorado,Rio Grande,B,"Gold, Lead, Silver, Copper",,"Aluminum, Asbestos, Zinc",Unknown,VEIN,S,Producer,,,,,,,"ALTERATION HAS NOT BEEN DESCRIBED BUT INCLUDES SOME HYDROTHERMAL ALTERATION ASSOCIATED WITH INTRUSION OF JASPER STOCK AND SMALL MONZONITE STOCK (LIPMAN, 1974). ZONED SOLFATARIC ALTERATION (PROPYLITIC, ARGILLIC, QUARTZ-ALUNITE) CHARACTERISTIC OF SUMMIT AND DECATUR W (STUNNER) DISTRICTS PRESENT NEAR MARBLE MTN AT NW END OF STOCK.",,Jasper District,"POST-SUMMITVILLE-COLLAPSE FRACTURES AND CORNWALL CALDERA RING FAULT, POSSIBLY OLDER FRACTURES RELATED TO POST-PLATORO-COLLAPSE CORNWALL BLOCK RESURGENCE, AND POST-COLLAPSE CALDERA-MARGIN INTRUSION OF JASPER STOCK AND SMALL MONZONITE STOCK ON CORNWALL FAULT.",,,,,,"PLATORO CALDERA, SUMMITVILLE CALDERA, CORNWALL FAULT, CALIFORNIA GULCH FAULT, CORNWALL BLOCK, JASPER STOCK, SAN JUAN VOLCANIC FIELD",,"PATTON, H.B., 1917, GEOLOGY AND ORE DEPOSITS OF THE PLATORO-SUMMITVILLE MINING DISTRICT, COLORADO: CGS BULL. 13.LIPMAN, P.W., 1974, GEOLOGIC MAP OF THE PLATORO CALDERA AREA, SOUTHESATERN SAN JUAN MOUNTAINS, SOUTHWESTERN COLORADO: USGS MAP I-828.LIPMAN, P.W., 1974, GEOLOGIC MAP OF THE PLATORO CALDERA AREA, SOUTHEASTERN SAN JUAN MOUNTAINS, SOUTHWESTERN COLORADO: USGS MAP I-828.LIPMAN, P.W., 1975, EVOLUTION OF THE PLATORO CALDERA COMPLEX AND RELATED VOLCANIC ROCKS, SOUTHESTERN SAN JUAN MOUNTAINS, COLORADO: USGS PROF. PAPER 852.STEVEN, T.A., AND LIPMAN, P.W., 1976 CALDERAS OF THE SAN JUAN VOLCANIC FIELD, SOUTHWESTERN COLORADO: USGS PROF. PAPER 958.BIRD, W.H., 1972, MINERAL DEPOSITS OF THE SOUTHERN PORTION OF THE PLATORO CALDERA COMPLEX, SOUTHEAST SAN JUAN MOUNTAINS, COLORADO: MTN. GEOLOGIST, V. 9, NO. 4, P. 379-387.WOOLF, J.H., 1914, GEOLOGY OF THE JASPER DISTRICT, COLORADO: COLORADO SCHOOL OF MINES THESIS T-467.LIPMAN, P.W., AND STEVEN, T.A., 1970, RECONNAISSANCE GEOLOGY AND ECONOMIC SIGNIFICANCE OF THE PLATORO CALDERA, SOUTHEASTERN SAN JUAN MOUNTAINS, COLORADO: USGS PROF. PAPER 700-C, P. C19-C29.RATTE, J.C., 1968, ALUNITE, IN MINERAL AND WATER RESOURCES OF COLORADO: US GPO, P. 155-157.SANFORD, SAMUEL, AND STONE, R.W., 1914, USEFUL MINERALS OF THE UNITED STATES: USGS BULL. 585, P. 39.",>,1870.0,,1939.0,,1874.0,,Andrew Johnson And Alva Adams,D,False,False,829.0,major
60001073,https://mrdata.usgs.gov/mrds/show-mrds.php?dep_id=60001073,MX25040,,Canon Del Novillo District,23.71935,-99.27673,,Mexico,Tamaulipas,,N,"Talc-Soapstone, Asbestos",,,Unknown,,Y,Past Producer,,,,,,18: Serpentine-hosted asbestos,"SERPENTINIZATION OF INTRUSIVE, VARIABLE IN INTENSITY",,,,,,,,,,,"SALAS, G.P., 1970, EVALUACION GEOLOGICO - MINERA DEL DISTRITO ASBESTIFERO DEL CANON DEL NOVILLO, C. VICTORIA, TAMAULIPAS:  CONSEJO DE RECURSOS NATURALES NO RENOVABLES BOLETIN 71, 20 P.",,1909.0,,,,1909.0,,,D,False,False,1485.3,
